물질명,유형,원소수,평균원자질량,평균가전자수,밀도,열전도도,전자비열계수,Tc
CeSiU2Sr,화합물,4,15.46,5.2,2.6,46.05,11.97,15.32
GeIn3,수소화물,2,27.61,2.6,5.0,21.65,1.27,153.03
BiRuSnF,고온,4,52.15,1.6,3.85,12.27,5.73,144.22
MoCs,화합물,2,67.56,1.6,2.28,24.51,9.69,1.32
H3TbRh,합금,3,97.37,4.6,13.78,138.11,11.53,2.96
Mo2NaEu,합금,3,51.2,4.2,13.77,141.94,6.93,2.03
Ge,원소,1,38.29,4.0,18.27,253.58,2.47,4.06
VIn3TaDy3Ca2Pb,고온,6,137.17,2.5,7.74,1.49,1.5,85.35
Mn2Ga3O,화합물,3,104.71,5.2,5.68,21.94,6.15,25.15
PtPd4Gd2Ge2,화합물,4,88.47,5.1,2.18,40.17,14.62,4.86
Ga,원소,1,236.55,5.0,8.37,380.29,4.82,7.26
BeLi3,수소화물,2,16.04,3.0,3.01,58.39,10.12,186.98
SNdK2HoTl2Cs,고온,6,62.49,4.8,8.93,8.12,10.82,153.62
OY,합금,2,48.45,2.1,11.06,81.85,3.92,14.5
O3Nb3,합금,2,83.61,2.4,12.48,48.3,4.06,5.97
Ta3Cs3,합금,2,23.76,2.1,7.07,43.57,11.99,0.91
NSm2F3,화합물,3,133.46,1.7,2.42,13.67,11.29,0.0
K4Th2Si3,화합물,3,128.91,6.0,9.01,15.31,13.75,13.94
Be3Sm2OsNa,화합물,4,95.78,5.2,8.32,34.26,11.94,4.05
Te4ErO2Fe,화합물,4,136.0,3.2,2.8,25.91,5.55,28.62
Dy2Mg2H2,화합물,3,127.81,4.7,8.3,48.35,3.76,24.04
Mn2Er,합금,2,137.18,3.9,11.13,146.71,9.43,1.46
Pb4As2,화합물,2,24.14,2.5,8.87,34.15,0.61,4.84
Ag3As3Pb,화합물,3,140.08,4.2,2.58,4.38,3.61,6.39
VCu2,화합물,2,66.31,4.3,7.04,34.95,11.12,16.54
TbBeMoSbMg3Ga,고온,6,85.7,3.6,7.29,5.01,8.35,155.01
Mn3Pr2,합금,2,149.92,5.0,14.6,100.27,12.24,11.9
Cd2Co2,화합물,2,22.75,2.3,12.39,12.02,7.43,12.91
Yb4Rh2LuNa,화합물,4,50.84,4.9,2.06,18.58,1.16,27.68
Cu,원소,1,199.32,2.0,18.12,119.68,6.44,0.0
Sr2HgAs2Th3,화합물,4,97.38,3.8,5.62,4.83,5.75,7.77
Ni3Co2Ge2,합금,3,126.48,4.6,10.56,15.48,4.71,10.09
Lu2,원소,1,128.73,3.0,6.45,243.62,2.23,7.26
PbLaTb3Th3ErY,고온,6,54.12,1.6,8.81,8.3,6.07,140.8
La4As2,수소화물,2,45.2,5.6,6.84,65.42,9.06,199.8
Eu3TaK3As2Rb3H4,고온,6,125.15,2.9,6.72,7.65,9.44,158.5
Lu4Mn3,화합물,2,100.2,2.0,1.7,34.81,14.16,4.76
Tb2Ga,합금,2,92.78,5.7,3.03,149.69,7.11,5.11
PtLi,화합물,2,50.6,1.6,10.15,36.78,8.99,18.35
CdTbTm2Be2,화합물,4,23.43,4.1,10.53,3.32,5.75,38.68
Yb3AuCo,합금,3,28.94,3.1,6.55,50.96,13.31,1.69
GaZrSrIr3,화합물,4,45.59,3.9,11.76,14.09,13.49,16.26
In,원소,1,9.37,4.0,14.62,9.53,7.41,2.45
LaSi2Al4Rh4Te2Hg2,고온,6,85.44,2.5,6.64,3.53,13.14,93.32
Mg2Eu2,합금,2,103.49,4.5,7.79,36.18,13.22,7.93
Sc3Co3Tb2,화합물,3,67.55,2.7,7.05,10.5,6.57,8.51
Te3Hf3F3,화합물,3,64.03,1.6,6.48,22.55,1.54,16.55
FeB2In2V,화합물,4,47.32,4.1,10.28,28.7,5.64,10.92
TaRh3,화합물,2,106.11,2.6,11.62,43.03,6.68,12.3
Sc2Bi2Cd3,합금,3,66.44,2.6,3.03,88.95,3.68,11.65
AgN,수소화물,2,4.13,4.5,6.99,30.32,4.05,172.88
Ga2IrO4Ba2,고온,4,57.36,2.7,5.7,5.79,7.22,49.79
S2P2Hg4As3V,고온,5,109.44,2.0,4.18,5.26,9.44,164.11
Rh3Pr3SiThTa3,고온,5,138.83,1.6,5.46,14.88,0.42,97.8
PMgCsRe,화합물,4,22.92,4.2,9.3,46.86,11.3,9.48
N2Sr2Hf4Mo2TlV2,고온,6,41.12,3.9,5.57,3.32,5.05,71.1
TaCu,합금,2,128.65,2.4,6.75,50.97,6.35,7.42
Ni2Te,합금,2,159.88,5.1,14.2,72.47,13.9,9.85
Nb,원소,1,94.02,2.0,17.42,253.52,2.4,2.07
N3Zn,화합물,2,37.85,2.3,8.4,10.86,2.66,12.63
Li2Y4C2Cs,화합물,4,148.4,5.9,13.33,6.82,2.8,4.76
NRhIr3,합금,3,100.23,3.0,3.57,13.1,9.03,3.79
Mo3Ta2Sc3Sm2Be2,고온,5,73.21,4.3,8.97,10.92,14.29,151.62
PdSeP,화합물,3,154.78,4.2,1.99,13.33,7.42,9.97
WHg2Sc,화합물,3,50.94,5.0,9.83,15.18,11.36,12.82
NdAg3Ti,화합물,3,77.66,4.5,11.08,39.55,4.34,7.72
In3BiNb,합금,3,71.54,1.5,3.96,67.77,6.92,12.6
As2Ir2PrPt,고온,4,68.73,3.2,4.54,6.78,10.05,117.05
Tb3,원소,1,230.29,5.0,11.44,267.22,8.54,6.37
Be3U2B4,수소화물,3,11.37,5.7,6.21,37.34,1.14,279.41
BeHgIrBiFTh3,고온,6,84.51,3.3,3.01,10.87,14.05,75.78
IrCu3,합금,2,23.0,3.5,12.56,138.37,9.55,13.7
Sc2,원소,1,85.0,3.0,13.64,363.18,3.92,0.0
Th2NaAs4TlAu4Cd3,고온,6,71.06,5.2,7.25,2.81,11.08,117.1
Li2Gd4Te3Nd,화합물,4,63.65,4.8,9.45,37.49,14.15,34.97
Pr3Sn2Ir3,화합물,3,89.77,5.7,9.75,35.95,5.5,20.23
Sc2Ta2Ti4OTb2,고온,5,121.45,4.2,7.38,3.22,5.01,108.96
In3,원소,1,153.41,5.0,20.08,382.08,2.25,10.5
RbPr2,화합물,2,125.59,3.1,9.17,17.72,6.57,4.47
CuHo,합금,2,61.53,2.1,4.8,42.98,5.51,0.0
MgAsRe2Ta3,고온,4,43.78,4.5,3.14,10.12,9.09,44.47
TbSbNi3,화합물,3,131.8,3.7,8.75,15.96,7.64,1.78
CCuK,화합물,3,69.27,5.1,3.77,22.42,13.5,20.41
Mg2,원소,1,90.07,4.0,14.01,39.07,6.75,4.54
FCs2Ni,화합물,3,63.83,5.4,5.51,42.82,13.56,7.65
NdLu3PtOs2,화합물,4,72.42,5.9,9.46,32.24,2.2,11.33
Sb2Bi2Ho2K,화합물,4,145.35,4.2,4.41,12.48,5.18,12.27
LiCo3RuW,화합물,4,111.31,5.6,2.74,36.11,4.7,13.23
BePt2CdAl3,고온,4,108.13,3.4,3.96,13.43,9.24,77.24
KFeGa4,화합물,3,109.84,3.9,3.17,42.66,12.44,9.33
MoNi2,합금,2,67.47,3.5,12.37,19.09,13.92,3.86
Re2Cs2,화합물,2,49.08,2.4,11.61,14.66,5.4,8.82
Ca2UPd2Eu3Cd,고온,5,82.17,5.5,4.5,2.98,0.95,44.01
AsIrNa2,화합물,3,112.07,5.2,2.61,17.14,4.61,17.26
RbNd3LuPd4Hf,고온,5,69.3,2.5,4.19,12.06,13.1,116.9
FeCo3Dy3Li,화합물,4,149.98,5.9,12.29,1.6,10.69,6.15
Hf4Sc2,화합물,2,131.19,4.9,12.48,46.46,4.82,18.23
Al4CCo2,화합물,3,34.03,1.5,8.59,36.6,12.09,14.61
F3,원소,1,216.54,3.0,14.27,26.41,2.01,2.46
BiNa,합금,2,55.91,4.3,4.9,47.1,12.34,3.35
O4,원소,1,215.32,3.0,7.69,85.76,7.33,0.0
Bi2Zn2Te3,화합물,3,115.6,4.2,6.23,48.62,5.69,7.45
Nb2Ta2Cu4Y3,화합물,4,36.25,3.5,6.55,43.35,13.99,1.41
PrEr3SrS2,화합물,4,94.63,2.7,13.03,26.54,4.02,2.62
AsFe2ZnCu2SnAg,고온,6,80.29,4.7,6.21,8.69,7.82,46.83
N4PHf2,합금,3,93.47,5.2,8.63,54.03,8.18,4.89
NbGaB,화합물,3,137.67,2.5,11.2,12.87,13.99,9.13
IrMg2Se2USc4,고온,5,89.76,2.5,5.71,11.13,6.19,151.35
Mo3Ti3Cu,합금,3,139.08,4.7,6.04,142.04,2.99,5.17
Rh3,원소,1,40.35,2.0,17.28,243.18,4.5,0.0
W4NiU2,화합물,3,108.2,3.9,13.61,38.1,4.68,9.59
CrY3,합금,2,37.51,2.1,8.65,137.68,9.42,4.36
S2AgNbRu4Cu3,고온,5,72.9,4.3,3.05,10.96,5.77,71.34
Be3B2Ho2SbAl3Au,고온,6,124.83,2.2,3.53,5.84,3.16,83.04
Ba4H2Fe4,화합물,3,147.09,5.2,5.11,7.65,12.2,21.96
Rh3HgBePb3O3Na,고온,6,92.85,3.1,6.24,1.02,14.57,72.02
Ge2Te2Nd2SmCaPb3,고온,6,39.18,3.4,5.18,5.93,6.66,131.5
N2Be,합금,2,146.94,2.9,6.03,8.05,12.49,18.2
MgZnRu3Dy2Gd2,고온,5,73.3,3.4,8.24,6.04,12.41,151.87
Er2Ir3Tb,화합물,3,21.87,2.1,5.29,33.78,3.6,3.98
CrHfAuC2,고온,4,116.49,1.7,5.97,5.03,8.27,60.9
GdN2O2PtZn2Sm2,고온,6,137.94,1.6,3.11,11.76,9.63,112.68
Zn3GaBa,화합물,3,147.78,1.5,8.76,29.4,7.03,0.93
NSm2Cu,합금,3,25.58,5.2,4.09,61.5,4.64,5.58
Pd2Sc2,합금,2,39.38,3.9,12.5,48.27,4.15,2.28
DySnCdBa2,화합물,4,122.46,4.7,8.39,18.81,6.07,39.06
La3HPt4Mg2Eu,고온,5,58.59,4.1,5.78,8.35,12.51,153.29
Mo3F2RePtV2,고온,5,50.8,4.8,4.32,1.74,10.67,156.03
Rh,원소,1,52.11,3.0,17.78,335.74,2.33,4.67
Ir4KLu,화합물,3,51.09,1.8,13.27,40.11,3.83,0.74
GeNa2Mo,화합물,3,124.51,2.3,2.37,10.61,8.94,9.34
Mg4H3Li4,합금,3,23.98,4.3,11.37,24.02,2.28,5.97
Pb3Th4,합금,2,46.6,2.1,5.63,37.51,13.51,7.05
HMg2,화합물,2,104.6,3.3,5.41,25.08,7.72,13.28
Pt4Ta3Lu3Rb2,고온,4,52.04,2.6,3.1,7.52,2.99,131.37
Bi3Er3Ag3Gd2,화합물,4,34.1,2.7,10.15,24.08,10.94,21.52
CdCrErSb,화합물,4,41.12,5.5,8.82,8.52,7.54,18.18
SbMg,화합물,2,28.59,5.9,11.31,27.44,12.67,7.94
W2Yb4,화합물,2,35.69,2.5,4.96,17.98,11.63,3.87
Ho4Cs2Ta2,수소화물,3,53.73,2.9,4.15,73.75,13.2,213.98
Tb4Cr,수소화물,2,35.91,3.4,2.66,72.05,11.74,149.11
BaLa,합금,2,79.32,2.7,13.18,16.24,4.65,7.88
Ca3Ag,화합물,2,12.31,4.2,12.75,15.77,1.87,8.02
PtVSi3Zr3,화합물,4,124.53,4.3,4.43,12.56,7.19,6.91
InCa3Pt2,화합물,3,153.58,4.8,9.37,47.24,12.04,13.41
Ni2,원소,1,132.21,2.0,8.24,317.38,6.01,0.0
Nd2Pr4,화합물,2,55.74,3.1,2.74,33.98,1.96,12.77
Nb2K4Yb,화합물,3,96.09,1.6,7.54,5.02,3.0,3.68
Zr3,원소,1,148.92,3.0,9.38,119.75,0.83,0.0
GaRb3B,합금,3,66.5,2.4,8.08,147.56,2.76,5.95
Cs3AlK4Tm3Th2Ag,고온,6,86.91,5.1,7.28,13.63,3.08,59.53
Sb4Ta4,합금,2,125.09,3.5,9.11,100.18,14.57,7.97
SbZn,합금,2,116.36,2.4,3.61,144.05,11.12,13.15
Ta4SeHg,화합물,3,91.54,1.8,2.17,7.64,9.14,13.73
Ni3V4,수소화물,2,17.42,3.2,4.6,9.65,11.64,246.49
Co4Sn,합금,2,101.74,3.2,12.99,129.87,13.13,15.42
Y2GaPd,화합물,3,97.06,3.9,2.04,5.85,2.71,4.12
Ho2Pr2Sr3GaNiCu,고온,6,69.72,2.5,7.74,13.49,10.18,107.02
Cd4Ge2,합금,2,105.77,3.0,6.02,58.51,12.38,5.11
Bi2Ce,화합물,2,65.7,3.6,10.99,26.58,0.21,19.79
CaSm3,화합물,2,125.95,2.8,11.42,43.33,2.24,0.55
ReFe3,화합물,2,143.7,4.6,13.24,33.21,12.67,9.1
Te2Ba3,화합물,2,137.65,4.1,5.53,14.32,0.67,8.59
Bi2Ti3,화합물,2,65.43,5.7,6.59,44.13,12.56,10.47
Mo4Ir4,합금,2,149.48,2.6,5.85,10.48,9.3,4.27
NNb2CrAs,고온,4,56.6,4.0,8.69,10.64,11.37,145.27
FMg2,화합물,2,112.55,4.7,1.74,19.65,12.63,6.53
YEu2Cs,합금,3,141.85,3.7,13.18,73.94,7.74,6.6
Sc,원소,1,57.59,2.0,14.36,270.42,2.52,7.53
Rh2F,화합물,2,23.42,3.4,8.76,40.3,12.25,5.93
B2FeAs,화합물,3,23.05,2.5,11.57,34.74,13.91,0.92
As,원소,1,146.46,5.0,21.33,378.58,2.95,7.26
VBe,화합물,2,20.15,3.6,11.09,7.38,14.49,8.04
PCr,합금,2,61.07,5.3,8.61,55.39,4.32,1.96
Eu2Ge4Mo3,화합물,3,118.04,5.1,2.74,39.4,9.92,8.99
Hg4Li4,합금,2,152.7,4.5,12.15,129.37,7.08,6.42
TiMn,화합물,2,71.92,2.5,12.2,15.26,1.9,3.25
VGeRb,화합물,3,68.74,5.6,2.2,18.46,5.02,13.16
Mn2InSi2PdW,고온,5,79.11,1.8,7.71,14.29,5.89,130.71
Rb2Sm2Yb,합금,3,55.67,3.1,3.77,129.56,7.98,9.24
S2Ho2Sm2La4,화합물,4,76.92,3.6,12.96,43.26,14.17,8.99
P2Sm2,합금,2,58.83,3.7,3.91,112.65,8.06,1.02
CrTh2NOsY2,고온,5,104.58,6.0,8.64,3.56,0.16,141.59
As3F2CuTeMg2Be,고온,6,48.05,4.8,4.57,10.98,11.03,44.23
Ga2Re,합금,2,114.65,5.0,14.02,131.43,10.81,13.05
AuCuFAs2,화합물,4,37.39,3.8,12.99,33.15,5.21,47.06
Te2NiSbV,고온,4,34.01,3.3,4.63,12.21,0.15,113.4
Dy2As,화합물,2,130.91,5.9,9.09,36.12,2.47,9.66
Sm4Pr,화합물,2,145.62,1.6,9.05,49.83,6.74,4.09
DyRe4,합금,2,129.04,4.2,7.38,105.59,7.97,2.36
Cr3Zr2Sb,합금,3,26.04,2.2,6.87,34.5,13.11,4.05
Ta2Ce2YSrCr2,고온,5,119.51,2.5,6.13,2.72,6.05,42.53
HSr2SiK,고온,4,66.84,5.6,5.2,12.47,14.53,106.72
La2Na3,화합물,2,95.04,5.9,6.14,21.77,8.16,8.53
Th3CuLu3Fe4,화합물,4,61.32,5.8,6.52,20.73,0.68,4.37
IrU2ZrRh2,화합물,4,28.0,1.8,1.77,7.58,4.81,0.0
MoLaLu2,화합물,3,154.08,5.4,13.64,10.71,1.18,7.13
Bi2GeN3Cd,고온,4,41.72,4.6,4.26,12.45,5.81,138.73
N2Nd2V2Pt3,고온,4,133.27,2.4,3.53,2.9,6.65,121.35
BeK3Hf2Sb2RePr,고온,6,130.6,2.0,8.85,6.84,3.92,39.01
C4Mn4,화합물,2,68.61,1.8,6.57,29.77,0.77,20.58
BN,합금,2,136.39,5.7,4.48,119.01,13.02,0.92
UTmN4,합금,3,98.05,1.6,13.62,17.47,6.15,5.66
Na3AlBaOs3Ni4Se,고온,6,49.11,3.6,8.99,6.98,1.13,118.92
CrHo4,화합물,2,27.27,4.7,10.14,27.46,3.29,29.79
Mn2,원소,1,40.5,3.0,5.35,74.52,2.68,0.0
CoMo2,합금,2,174.41,3.9,8.53,44.7,1.4,24.5
S4Rb,화합물,2,68.06,4.8,2.86,24.79,8.67,14.61
Nd4,원소,1,33.71,4.0,10.83,314.15,5.43,0.93
Ni2BeCr,합금,3,41.48,5.3,15.79,90.06,13.76,14.02
Cr3Pd4Na4,화합물,3,121.06,3.9,6.4,6.44,8.05,11.41
Y4Pd2Ba2,화합물,3,103.45,3.8,9.24,42.19,3.4,4.31
HoAuTh,화합물,3,88.65,5.6,12.84,32.55,12.22,7.99
Ti2Re2,합금,2,135.33,2.0,8.87,52.33,9.12,9.35
S3TeHo3,화합물,3,149.73,4.9,9.89,43.47,13.53,10.99
OsV3,합금,2,67.98,6.0,5.72,7.97,11.58,0.79
K2EuLi2,화합물,3,128.63,4.2,9.91,35.49,10.3,7.33
KGaGeB2Nd2Sm3,고온,6,73.37,5.1,4.29,10.46,6.06,102.94
Th3Dy4Sn3,화합물,3,95.04,3.6,6.79,38.52,11.2,7.17
BeZn4ErTaLa3Hf4,고온,6,117.93,3.1,6.7,8.58,12.99,139.47
Ge4Ti3,화합물,2,93.36,4.8,7.04,13.84,10.72,14.67
Lu3Zn3K2,화합물,3,37.34,3.0,8.48,47.56,2.73,10.71
NiVEu2,합금,3,113.06,4.8,13.3,92.9,5.04,23.2
AsPrP4,화합물,3,136.14,1.7,3.93,26.15,9.17,0.95
P3U,합금,2,116.0,2.0,8.74,144.39,14.35,3.18
Ta2W2Nb2,합금,3,27.95,5.1,3.6,29.83,2.31,3.37
CrHf3,수소화물,2,33.64,3.5,1.78,32.22,8.86,217.35
N4HBa,화합물,3,80.98,2.8,8.78,22.86,10.22,22.88
GdOsCr2Ca2,고온,4,61.55,4.4,4.44,3.54,11.34,143.42
GdTbCdYb,화합물,4,77.32,3.7,13.55,43.3,12.5,4.4
Si2Ti3Mn2SbB4,고온,5,55.71,5.8,5.88,1.52,14.47,78.02
Sm2YEu2,화합물,3,48.5,5.3,11.71,31.66,2.84,4.5
SiMg,화합물,2,32.13,6.0,12.34,8.31,1.47,5.15
Er3Tb,화합물,2,34.01,4.5,1.87,33.74,4.19,9.09
As2Os4P3,합금,3,157.34,4.8,8.29,35.75,8.01,3.57
BiNb2,화합물,2,129.3,5.6,10.98,32.56,6.24,8.19
InCo2Se3,화합물,3,12.96,5.8,2.03,2.64,4.82,15.76
Tm3,원소,1,150.49,5.0,5.54,93.26,6.61,8.65
B4Na,화합물,2,14.21,5.9,6.6,11.91,11.19,12.48
Li2Cs3Rh,합금,3,112.17,3.2,15.77,127.87,8.19,0.49
NbF3AlSi,고온,4,117.66,5.4,8.48,4.04,10.92,151.48
Cs3Ho2,수소화물,2,14.26,2.3,6.8,40.2,11.28,192.97
NZr3Pb2Sn2,고온,4,70.67,4.9,6.54,11.57,5.73,99.16
RuYN3Mo,화합물,4,115.11,2.3,7.53,28.32,13.16,10.09
Te,원소,1,143.05,5.0,4.48,298.86,3.92,6.87
W3Zn4GdDy3Mo2,고온,5,30.48,5.3,6.59,10.92,7.17,85.93
Li3ZnF3,화합물,3,84.58,2.9,3.54,18.49,5.35,2.98
MnSc3,수소화물,2,27.07,5.1,5.77,33.74,9.37,202.61
Tm4Os2Rh,수소화물,3,29.67,4.4,1.29,12.73,12.44,143.97
Lu3CrCu3La2MgBe,고온,6,43.75,2.8,7.73,6.16,8.49,79.69
ErAg2Zr2,화합물,3,132.33,3.8,8.67,47.97,2.04,9.57
Rb3PTi2Cr2,화합물,4,75.69,1.9,11.98,9.64,8.19,14.02
La2FeGe2Na3,고온,4,101.87,5.9,3.29,9.5,3.8,138.84
OEr,화합물,2,33.89,4.8,4.29,41.02,13.32,7.22
Lu3S4,합금,2,50.92,3.9,14.48,14.63,1.6,7.29
Ho3U2,화합물,2,84.2,5.4,1.65,44.11,8.99,11.21
Mo2SiTm3HoAg4,고온,5,100.01,4.3,5.69,5.63,3.53,92.02
BaW3Pt,화합물,3,21.36,2.9,4.93,37.33,5.86,26.14
Si2Pr3Rb2,화합물,3,66.91,5.0,5.45,40.28,1.05,10.67
WH2,합금,2,131.56,4.8,13.87,123.5,12.48,3.27
Ca3PbFe4,화합물,3,50.37,2.1,10.58,2.99,11.83,19.99
SbAu4,수소화물,2,38.6,2.6,6.13,5.57,3.19,121.29
Rb2Co,합금,2,102.87,4.5,11.17,66.1,9.92,2.1
YbSbSr4Lu2,화합물,4,128.26,5.5,6.55,21.72,12.32,21.38
Hf3Cd2S2Pt2In2,고온,5,137.43,3.1,4.12,14.13,13.98,131.67
SbBe2Ir2CrGd2In4,고온,6,69.5,1.9,4.49,8.72,9.21,142.96
CaGePb3Au,화합물,4,88.92,2.2,3.85,49.83,3.39,21.32
Re2Cr2,화합물,2,96.66,3.5,4.86,48.3,6.64,13.21
Ag2Y,화합물,2,155.13,2.3,2.8,40.54,1.91,3.06
BLu3Ti3Na,화합물,4,100.91,4.1,5.36,42.38,4.04,6.76
Gd4NCBa3Nb2Co,고온,6,86.74,3.0,8.23,12.25,5.56,151.56
SeCoN2Ru2,고온,4,99.89,1.7,4.58,5.38,4.89,93.39
Pd4Ba3Gd4Mg2C2,고온,5,39.51,2.8,7.53,2.47,3.44,66.45
BCs4Ho2Th3,고온,4,98.92,3.6,7.54,10.24,4.43,169.53
FS,화합물,2,126.04,2.5,8.68,3.83,9.42,2.86
NaHfTh,화합물,3,73.54,2.8,13.49,32.62,8.33,1.92
Si3Tb2SnIn3Os3,고온,5,32.56,5.1,6.09,1.34,4.54,160.8
Se2Bi2,화합물,2,82.14,4.2,3.47,43.92,8.38,5.86
F3SiRh,화합물,3,70.15,3.6,3.72,13.18,1.46,7.05
LuOs3PrCe2W3,고온,5,129.41,2.7,6.45,10.98,1.45,96.34
Th4Eu4Hf2Pd2Cs,고온,5,128.22,1.6,7.98,14.78,14.05,38.56
Zr2HoTe,화합물,3,31.18,2.3,7.1,27.99,8.5,12.21
Bi2SeHgMn3,화합물,4,36.71,2.0,11.98,19.5,7.36,11.77
TaIr3Sc3,합금,3,165.53,2.8,5.36,146.85,13.97,11.78
Nb3As4V2,화합물,3,60.3,1.5,12.53,38.57,10.8,5.89
Tl,원소,1,88.17,4.0,3.95,85.32,0.62,5.17
P2La2,화합물,2,48.8,3.5,13.59,9.62,9.0,3.68
SmSc3H,화합물,3,77.34,3.8,7.85,29.9,11.97,34.29
GeHfFe4,화합물,3,134.44,4.6,2.34,9.55,7.16,21.97
Tl3NiK,화합물,3,57.0,3.0,6.86,4.43,0.85,4.98
Sc,원소,1,107.8,2.0,17.49,231.0,9.0,1.92
P4,원소,1,79.4,4.0,1.7,139.4,4.32,0.51
Ni3NaTh2Se4Te2Zn,고온,6,39.94,3.7,3.96,6.96,11.07,85.85
Si2TaPt,화합물,3,101.55,3.2,3.24,5.37,0.37,10.81
Mg3V2,합금,2,37.06,5.9,13.18,131.3,1.31,12.54
SeB2As4,화합물,3,44.21,5.3,9.46,14.09,1.21,6.34
U2Na3Dy2AgCdRh4,고온,6,51.82,4.4,5.21,12.54,7.67,154.95
N4AsSi4,합금,3,145.83,1.5,13.6,82.13,8.14,1.42
Mg3V4,화합물,2,73.03,4.8,13.37,35.46,7.51,21.17
Na3Ho,합금,2,152.92,3.9,10.55,101.78,7.06,3.7
Ba3,원소,1,217.0,3.0,3.09,51.62,5.14,2.2
RbNd3,화합물,2,133.6,2.2,8.7,18.62,10.41,6.5
Pd2C2Sm2,화합물,3,102.95,6.0,6.82,7.41,10.47,21.2
Hg2OTaTl,화합물,4,58.01,2.5,11.12,6.8,5.6,5.65
La3Bi2Al2,화합물,3,126.39,3.5,3.38,40.89,6.9,13.11
Ta4Fe3C2,수소화물,3,59.57,5.7,3.78,52.27,4.62,108.53
CdEu3Ni4,화합물,3,31.44,2.0,9.23,21.9,11.13,6.13
BiS2,화합물,2,33.85,5.2,12.25,49.12,6.52,20.08
Zn2Os3K2Eu,고온,4,83.06,2.9,5.67,2.4,7.32,61.27
V2Si2Cd,합금,3,121.31,5.9,6.97,90.64,3.22,7.08
TaCu3K3,화합물,3,145.25,5.3,13.61,10.52,6.13,29.0
Hf,원소,1,31.36,4.0,9.53,311.8,3.05,4.88
Rh3,원소,1,141.72,4.0,18.67,86.56,1.54,4.14
Yb2Al3,수소화물,2,57.94,5.0,6.4,34.99,11.82,198.79
Sr3N2Se3In,고온,4,39.95,5.6,7.72,10.77,11.92,96.05
ScRbBeEu2,화합물,4,70.76,4.5,6.54,49.0,0.2,6.6
PtLu2WLa3,화합물,4,28.01,5.1,13.68,32.27,7.33,7.65
H2Ge3Rh2,합금,3,99.46,2.2,15.96,105.93,10.09,2.12
Mo2PrDy,합금,3,85.29,1.9,7.35,132.02,8.0,2.04
PtSn2,합금,2,107.56,5.6,4.64,17.39,14.76,7.09
TaTl2ThZr2,화합물,4,22.79,2.9,13.71,48.11,11.36,5.54
Rb4Hg4Cu,화합물,3,90.94,3.1,2.3,7.55,7.15,28.31
Cd2Mo2Zn2,화합물,3,73.47,3.7,6.27,33.57,12.0,6.17
OsNiFe,합금,3,126.96,3.6,10.71,43.98,10.14,3.02
V3W3,수소화물,2,49.22,3.5,5.53,20.08,8.0,120.03
Ni2HoPr3Pb3WSm,고온,6,95.94,3.6,4.87,10.58,2.72,70.69
Ba2Au2,화합물,2,142.69,3.0,11.57,47.56,8.52,8.54
CrGa2GdSr,화합물,4,74.34,5.0,10.92,47.99,7.44,10.91
HoO3,화합물,2,74.33,5.6,8.23,31.93,10.83,11.84
Pd2CrNi,합금,3,164.82,3.7,5.5,91.71,13.78,1.79
MnCs2Fe,화합물,3,56.28,3.3,10.46,11.18,4.17,5.2
Dy3CaAlYb2AuRu,고온,6,86.57,5.4,3.4,11.64,6.5,145.08
Cs3,원소,1,84.28,4.0,18.06,21.57,7.83,2.24
H2SMn3,합금,3,36.25,1.7,6.75,75.37,10.32,0.0
Fe,원소,1,183.8,4.0,12.31,233.36,2.91,2.15
La3,원소,1,12.48,3.0,17.7,370.46,4.76,8.72
Si2Al3ThSe4HfSr3,고온,6,73.64,3.6,3.76,4.15,3.47,60.01
EuBe3F,화합물,3,49.64,2.3,3.45,6.26,7.18,7.17
B2RhYbTa4,화합물,4,108.67,5.7,8.61,14.72,3.1,11.47
CaLaCe3,합금,3,63.69,5.6,7.6,63.31,2.48,6.81
Nd3Yb3Fe2La,화합물,4,58.91,3.8,4.84,30.78,10.67,7.94
Ru2Zn2,화합물,2,115.61,2.6,4.04,13.79,14.18,5.69
Ta2PdV2,합금,3,69.36,4.0,14.47,42.6,9.16,12.68
Be2Co2Nd,화합물,3,80.01,5.3,4.61,40.23,4.29,5.58
AgS2Na4Cr3,화합물,4,129.84,1.9,10.37,39.92,10.75,19.22
TmNd2La,화합물,3,118.93,5.7,10.12,33.02,11.18,10.02
SeZr2Cd,화합물,3,117.17,5.7,11.67,21.22,3.73,23.03
Pb2,원소,1,112.92,3.0,14.34,388.25,1.54,5.59
HO,화합물,2,42.92,5.3,13.46,36.82,11.86,18.17
LuNbSm,화합물,3,148.16,2.7,11.68,45.07,6.72,0.56
Sm2Tb3,화합물,2,63.09,5.8,11.32,27.09,5.76,0.0
Se4Cd4CaCo2,고온,4,129.82,5.1,8.75,10.63,0.94,52.42
SnZn4Au2K3,화합물,4,107.3,4.3,8.44,40.59,5.89,14.9
Ge3K,합금,2,88.76,2.4,9.01,111.02,6.09,14.97
Fe3,원소,1,14.08,4.0,9.55,399.65,1.5,2.27
Pr4UGd3,화합물,3,24.2,2.2,3.35,16.06,12.95,5.95
Ti,원소,1,214.93,5.0,16.41,208.81,5.43,4.23
Os3MoAl,화합물,3,108.16,1.9,3.51,13.58,1.12,9.15
Mn4P3S2Gd,고온,4,110.72,2.8,8.89,7.95,9.97,57.14
Au2K2PrCa2,화합물,4,97.48,2.2,2.15,8.33,11.96,5.64
Ru2Ni2Sr3Mg,화합물,4,37.95,3.8,8.47,28.81,4.6,3.6
ORh4Os2,화합물,3,101.47,4.5,7.59,41.81,8.99,10.46
H4F3,화합물,2,117.94,2.3,8.23,31.12,6.79,6.79
Ru2MoSm3,화합물,3,137.59,4.4,3.39,24.85,13.72,17.07
PtZn2Sr4ErLu,고온,5,130.84,4.3,7.5,4.61,2.15,136.37
Cr2NbLi2Os,화합물,4,20.85,1.7,2.1,7.1,13.31,29.26
Sr4Pr,수소화물,2,54.92,4.5,3.28,64.86,5.5,181.99
Ca3H2Rb4Co2Sr2,고온,5,133.93,2.9,6.38,6.97,3.31,147.74
Cd3BiBe3,합금,3,134.78,1.6,4.13,44.33,11.39,0.0
As2,원소,1,57.0,5.0,4.25,201.8,8.19,6.8
Sn3Rb3,합금,2,130.97,3.1,4.69,6.44,6.22,10.12
Ti,원소,1,55.7,3.0,4.04,20.55,9.41,1.71
SeBi,합금,2,25.57,4.0,12.3,143.55,6.57,7.88
ZnBiBe,화합물,3,56.62,2.4,9.71,34.83,11.13,8.93
Mg2,원소,1,208.21,4.0,21.24,384.82,5.28,0.0
Sr4SbAg2,화합물,3,52.87,4.9,5.03,16.21,2.49,14.78
La4SeCuCe2,고온,4,97.51,4.5,5.67,13.96,10.97,95.58
Sc3,원소,1,140.67,5.0,6.4,5.84,8.14,0.0
Y2V4IrLu2,고온,4,138.94,2.4,3.53,8.63,13.53,149.62
Pr3Hg,화합물,2,50.83,4.4,3.77,5.7,11.79,10.0
Nb2Te4,합금,2,76.56,4.4,9.69,131.15,1.42,0.0
Nb2Ce3Eu,화합물,3,119.27,2.4,10.94,29.7,0.86,8.15
LaBi2,화합물,2,133.31,4.6,7.51,33.39,13.02,21.09
Tm3Eu2C3F3Mg,고온,5,137.24,5.2,7.14,1.24,6.39,113.33
Eu2Yb4Rh4FeYCs2,고온,6,79.49,2.9,5.46,12.79,5.79,142.79
Sc2S2OsCu3Ba2Tb3,고온,6,114.25,5.7,7.2,1.16,10.54,67.67
TeGa4Eu2Ni2,화합물,4,62.88,5.7,4.69,43.86,5.8,9.72
Nd2Te4,합금,2,28.2,5.0,12.63,99.27,8.59,1.87
Rh2PbMgBa2Be2Ag3,고온,6,72.43,3.5,5.98,1.4,3.38,38.19
P4SbY3SnB2Ca3,고온,6,119.38,4.4,3.35,5.74,1.62,153.55
W3Ca3,수소화물,2,4.39,4.6,5.3,60.78,0.99,169.79
SiNi3,화합물,2,32.41,1.8,7.04,38.94,2.1,22.14
SbNb2U4,화합물,3,138.59,3.1,8.34,27.81,0.28,3.64
Cs2S2ThLu2Pt2K2,고온,6,107.71,2.4,3.24,1.49,5.09,159.44
WTiH3,화합물,3,72.57,3.6,1.82,10.58,14.55,9.55
RhCsSVZrPd,고온,6,57.19,5.1,3.0,2.0,0.62,68.91
SmVNU,고온,4,66.78,2.3,8.0,9.28,8.15,86.16
Nb2W3,화합물,2,11.53,1.9,2.74,21.05,9.28,2.43
Pd2ErSrTm2Be2Si2,고온,6,95.11,6.0,5.24,11.47,8.94,76.99
W2Se2IrLiUDy2,고온,6,104.54,5.4,4.09,11.63,12.14,108.05
O2Y2In3,합금,3,159.2,3.9,6.52,6.76,1.17,2.08
Sc3NdHg2Ru2Ta2B,고온,6,65.92,4.0,4.71,2.08,2.38,117.17
Ce3Sr2Re,화합물,3,30.5,4.6,12.29,27.57,3.49,3.03
BiIr4Se2O2Na2C2,고온,6,65.22,2.8,3.68,10.34,3.75,116.49
Rb3MoFeAl3,화합물,4,46.5,4.4,3.38,24.64,5.04,4.08
Ir2Mg3Sn2S3TlSb,고온,6,89.98,5.2,4.77,5.99,4.41,153.52
V4Y4,화합물,2,131.71,3.7,2.03,33.51,0.98,16.08
Sc3,원소,1,146.98,4.0,2.91,314.52,5.85,6.72
TbIrSbRu,고온,4,107.29,3.0,8.59,5.98,14.91,129.62
U3Bi3Na,합금,3,127.38,5.7,2.19,120.98,14.08,10.41
V3Hg2,화합물,2,126.7,3.1,6.31,44.28,12.72,8.55
H3Te4,수소화물,2,34.59,4.1,1.43,6.73,10.8,263.37
In3Rb2,수소화물,2,6.43,3.6,5.72,13.11,9.7,240.78
S2La3Ni,화합물,3,137.3,1.6,3.69,17.25,10.92,6.11
Ce4NTbEr2,화합물,4,110.1,1.7,12.56,30.87,5.74,7.67
MgFe3Ca,화합물,3,157.33,5.9,3.65,43.48,4.79,17.52
Cs2EuH3Se3,화합물,4,156.5,4.6,10.33,22.78,12.24,7.66
Sc3GaBeTa,화합물,4,137.56,5.2,12.38,13.38,0.43,20.8
AsLiZn2Ta4,화합물,4,107.71,5.1,12.61,23.82,6.19,3.9
GeV4NO,고온,4,118.37,1.6,4.72,14.34,4.88,134.57
Dy2Sm3Rh2Fe3,고온,4,139.52,2.6,5.3,1.8,4.05,80.13
Co2Si2W2Sr2Cr,고온,5,116.78,4.7,8.76,1.69,5.83,112.72
Yb3Cu3,합금,2,27.96,5.2,9.61,119.06,0.66,7.98
TlO2GeAl3,화합물,4,153.23,5.0,3.49,28.25,10.38,17.02
Tm,원소,1,156.61,4.0,1.02,68.87,9.97,13.55
SRh,화합물,2,25.28,4.7,10.51,31.87,10.31,19.34
Rh2Cd3AsO,화합물,4,11.26,3.5,3.45,21.39,7.63,9.07
In3S4Eu2Ce,고온,4,65.04,5.6,4.72,10.17,3.46,123.57
Th2GdSn4Zr4,화합물,4,142.57,4.3,10.13,46.21,10.11,13.5
Pr2Eu,합금,2,109.57,3.0,2.02,29.0,4.62,2.98
NiW2,합금,2,105.62,2.0,5.42,88.34,4.52,2.3
Sr3Ni4ErCs2ThK,고온,6,72.48,4.3,7.6,7.62,8.75,52.26
Na3Re3,화합물,2,37.95,4.6,10.58,30.39,0.41,0.0
Th2Gd2,합금,2,128.16,5.6,9.74,47.68,4.54,9.28
RbSrYb3,합금,3,50.67,3.1,4.76,96.21,5.11,8.44
Li3Bi4F3Ho,화합물,4,84.09,4.6,4.47,35.18,7.21,18.44
Co2,원소,1,134.04,5.0,9.46,397.93,1.02,5.28
Pd2Mo2K3Sm3Tl3,고온,5,79.45,2.0,7.96,14.48,0.51,90.45
Al2RbBi,화합물,3,71.29,2.1,5.85,23.41,12.69,2.27
Sb3Bi2Zr3,합금,3,33.0,3.3,15.34,142.21,12.31,0.0
Cr4Ni2,합금,2,21.93,5.3,13.94,30.36,14.46,4.86
MgPt3Ti3,수소화물,3,55.83,2.4,6.75,60.97,7.11,242.47
Ni3Dy4Ru3,화합물,3,108.99,3.0,6.81,42.1,4.8,2.8
K4Ge2Mo2,화합물,3,22.07,5.3,11.99,14.87,1.25,6.42
ZnTm3Bi4Sr2Pd2Nb3,고온,6,79.83,4.9,3.64,11.23,10.26,81.37
Zn2F4SrAl3Sb,고온,5,78.91,5.1,4.22,2.66,5.0,132.64
Cd2Sc4O,수소화물,3,56.42,5.7,5.91,57.92,2.27,217.62
Er3Lu4STa2Pt2,고온,5,35.81,4.0,4.56,9.02,14.4,110.62
Mg3CoOs,화합물,3,101.06,3.1,3.3,15.24,2.0,1.41
Sm2W2Au,합금,3,23.13,3.6,2.78,126.48,5.08,4.32
Rh3B4C3N2W2,고온,5,133.59,5.8,8.68,11.01,11.19,41.24
RhPt3,화합물,2,138.81,2.9,5.71,46.3,14.71,7.5
WHgK,화합물,3,118.22,4.8,3.46,1.84,10.63,8.73
V4Sb2HoCoSc,고온,5,74.52,3.8,5.52,4.92,0.59,106.29
Nd2Tl,합금,2,31.45,2.3,6.02,112.78,8.81,9.54
Ge4Sc4Fe,화합물,3,134.58,5.1,4.2,31.94,13.52,15.8
Mo3,원소,1,133.19,2.0,8.89,7.22,5.1,1.38
SrAu,화합물,2,40.14,5.4,8.37,36.99,6.35,6.41
Tl,원소,1,30.26,5.0,17.38,40.66,1.91,5.21
Sc2Na3,합금,2,22.04,5.2,3.87,35.39,11.14,6.05
AlLaRu,합금,3,94.91,3.0,9.54,25.87,3.03,0.71
W4U2V4,화합물,3,107.29,2.5,6.52,16.84,10.51,11.3
Hf3U2Y3Na2Mo2Cu3,고온,6,93.36,1.9,6.88,8.41,1.92,104.65
Ta3Na,화합물,2,91.53,3.7,1.92,23.59,13.76,11.89
OLa3,수소화물,2,51.09,3.1,6.19,77.02,14.17,101.9
W3CePr4,화합물,3,67.72,4.3,7.78,0.98,9.01,8.34
As2Cu2Ga,화합물,3,87.56,1.6,8.5,3.05,14.6,29.34
Te2Ca4AgHg,고온,4,30.05,3.1,5.63,2.8,5.07,43.44
IrBa2Cu,합금,3,168.3,3.0,12.96,133.21,2.56,5.75
Zn4Ru3,수소화물,2,29.92,5.4,5.96,68.32,3.31,181.94
Sc,원소,1,15.74,1.0,9.71,326.14,6.94,0.0
Eu2Sc,수소화물,2,28.33,1.6,3.87,44.69,12.03,137.45
Bi2,원소,1,142.13,4.0,13.15,68.51,3.6,3.66
K2Pr3As2Pd,고온,4,135.39,2.3,7.76,2.16,4.2,158.55
DyGe,화합물,2,95.14,4.6,1.93,5.74,12.95,27.61
Ge2Hg,수소화물,2,39.3,3.4,6.91,17.4,11.84,224.77
Eu2,원소,1,80.39,4.0,4.14,14.4,1.42,11.49
NdNiSbCr2,화합물,4,98.19,2.7,11.06,43.42,0.4,5.95
Pd3Sn,수소화물,2,57.69,1.7,2.32,24.42,5.04,250.43
PtTa2ReMo,화합물,4,136.76,2.6,8.08,12.29,8.04,22.56
La2Dy3Pd,화합물,3,76.03,1.5,6.23,3.49,5.89,0.56
Ta2RbFe,화합물,3,123.01,4.0,3.04,6.54,3.21,14.98
STm2HoN,화합물,4,74.07,5.6,4.36,33.68,6.65,5.01
NaRh2Ga2,화합물,3,153.63,1.5,5.72,16.29,2.23,11.65
B4Al2W3,화합물,3,34.0,4.8,2.61,47.09,6.95,6.18
HfMn3Nd3U,고온,4,112.94,3.6,5.97,4.65,10.88,105.02
Zr,원소,1,102.86,3.0,12.8,392.41,5.27,2.35
PBaTm2In3,화합물,4,33.91,4.9,10.53,43.88,6.26,2.44
Si2Sr3Ga3,수소화물,3,38.0,3.1,1.37,24.03,11.19,255.75
As2Ni2SZr4Y2Hf2,고온,6,32.15,3.3,8.32,9.09,4.46,62.49
ErReBe2As2,화합물,4,154.0,4.0,4.34,11.88,11.8,14.47
N2B2Zr2,화합물,3,10.15,2.7,5.77,5.89,0.56,31.38
Zn2Tb,합금,2,86.81,2.7,2.01,135.38,4.97,0.0
U3In2Li,합금,3,42.77,3.2,4.96,120.97,12.19,4.89
Zr3Yb,화합물,2,82.77,2.1,13.64,13.57,9.56,13.72
Ho3Tb,화합물,2,93.32,3.3,13.9,48.43,4.3,2.05
YYb4Bi,화합물,3,91.05,5.0,2.22,30.47,8.33,5.43
Co2,원소,1,160.59,5.0,2.41,299.13,2.05,9.44
ZrGa,수소화물,2,7.42,5.5,4.31,53.42,14.05,264.51
N3SrRh2,수소화물,3,34.79,4.0,2.85,26.49,4.61,131.31
Sr2Ba2C,화합물,3,70.33,4.7,2.94,25.76,2.88,11.13
TeRe3,화합물,2,118.4,3.6,8.44,18.43,3.14,4.93
Li2ThRe2Sb2,화합물,4,87.8,5.4,3.95,31.58,2.38,7.42
La2Mg3Os4Hf,고온,4,37.59,4.1,5.15,2.82,13.55,49.34
Tb3CdYb2,화합물,3,67.49,4.8,7.26,5.78,9.4,6.28
HgTb2,합금,2,155.11,5.2,6.86,75.44,12.37,4.6
Si3CeCs3Y2Nd,고온,5,78.33,3.3,7.19,12.08,7.67,73.3
TaFeTbHoMo2,고온,5,123.71,5.4,6.03,14.35,1.43,79.33
Fe3Tb3AuTm3,고온,4,33.02,3.9,5.34,12.88,7.88,106.84
Ge2FeAs2,화합물,3,36.67,2.8,10.73,38.99,8.59,14.93
Hg3Nb2,화합물,2,152.71,3.1,13.97,41.37,6.8,27.85
FeU3,화합물,2,157.34,5.3,6.85,41.7,8.65,2.21
Sr3Sb4Rb3PbPr2,고온,5,73.79,3.2,5.59,8.53,10.9,125.0
B3N3Sm4Cd3SeCu2,고온,6,94.01,3.8,7.71,12.67,6.38,39.65
Pb2,원소,1,101.23,3.0,12.44,201.79,8.15,5.5
N2,원소,1,24.24,2.0,10.71,328.33,6.34,0.0
BCd,화합물,2,139.8,4.1,10.52,21.95,14.8,5.99
BOsZrAu2K,고온,5,95.46,3.0,6.02,3.63,14.48,59.22
Cs3Zn3Sc3,수소화물,3,45.45,5.6,2.98,75.06,10.7,214.26
SiBNa,합금,3,30.22,2.6,3.54,76.83,2.77,9.4
Bi2TmRb,화합물,3,98.83,5.9,12.09,12.31,11.12,7.39
PC4Gd2Lu,화합물,4,124.32,5.1,8.05,49.84,9.69,16.61
V2WN,수소화물,3,38.75,5.3,2.78,27.4,8.02,279.7
RbDy3S2Mg3GdLi,고온,6,98.44,4.4,5.42,6.33,6.53,142.31
TbCuYTa2,고온,4,42.33,5.9,4.93,2.73,3.31,152.01
Ca3Pr2La3,화합물,3,89.39,2.9,4.95,47.74,4.51,3.25
Zn3Ru3Cd2,화합물,3,124.78,2.6,6.97,6.41,10.95,4.79
Sn3SiNi,합금,3,146.81,5.4,11.75,18.98,6.02,8.82
Th2,원소,1,103.94,3.0,6.84,344.92,6.39,1.3
NThBa3ZnY,고온,5,31.05,4.5,4.34,8.43,0.69,103.92
Mn2MoOSi,고온,4,57.46,3.7,6.41,5.87,11.71,148.0
Fe2Mo2,수소화물,2,2.79,3.4,7.45,55.53,3.66,252.33
Nd2Sr2,수소화물,2,53.25,1.6,4.58,9.72,1.93,269.46
Ir2Sc2,화합물,2,119.68,4.7,10.05,46.47,9.02,6.8
BaCCsBeFeW2,고온,6,38.31,6.0,3.21,9.55,13.28,37.16
MnAu2K3AsEr4Ca2,고온,6,40.15,4.8,3.03,11.1,5.9,56.87
Ce2Sn2GdN3Mo2Tm3,고온,6,133.34,2.7,8.84,9.53,5.31,69.35
K2Tl2,합금,2,69.31,3.3,8.5,134.03,6.08,2.71
Si4Y3LiO2,화합물,4,64.06,4.0,9.41,48.13,9.9,9.21
Nb2Rb4,합금,2,74.94,4.1,10.69,72.67,13.69,1.66
La3Bi,수소화물,2,34.4,3.2,1.4,74.94,9.87,187.16
VIn2,화합물,2,45.57,3.4,12.48,39.38,14.31,3.89
Zr4Yb3,합금,2,51.34,4.5,14.53,31.09,4.25,1.46
In3MgGa2,화합물,3,98.79,2.4,5.15,9.23,9.74,9.76
Tb2Ag3,화합물,2,114.97,5.8,10.21,24.27,12.37,11.6
Mn2Be3CrNi2,화합물,4,153.3,2.5,13.73,28.58,0.41,2.49
Bi2Dy2,합금,2,165.98,5.0,2.49,114.02,1.85,3.8
CoSm2Cd,화합물,3,98.74,3.6,7.6,12.1,3.03,11.61
ZnCa,화합물,2,72.15,2.9,2.64,49.96,9.07,6.43
Te3Re3Rb3Ge2Sc4,고온,5,137.85,4.2,3.03,10.73,10.93,81.04
Mo3Pr2CsNi2,화합물,4,120.34,3.5,3.59,5.0,6.35,22.69
F2Nb3Ta2RbZr3,고온,5,134.44,4.1,5.36,1.81,7.83,74.95
Ti2La,화합물,2,67.67,1.8,5.69,38.13,2.68,6.82
P4Sm2,화합물,2,30.29,2.5,11.14,26.77,12.3,7.58
LaAs2AgGe2,고온,4,130.97,5.5,6.68,13.76,1.46,124.98
CoEu4Hg2,화합물,3,149.74,1.7,8.51,47.33,4.43,2.57
Os3As2F2,합금,3,86.02,3.3,4.49,96.53,3.37,7.1
N3,원소,1,48.11,1.0,19.15,216.6,3.85,0.81
P2HHg3PdCd4Ir2,고온,6,126.36,3.4,4.12,13.93,8.9,74.35
SnRh3Hg2Se,화합물,4,48.58,2.4,2.66,29.54,14.95,10.72
Y2Al2Yb2Pt2,화합물,4,49.09,3.2,8.0,40.79,13.65,4.58
Ag2Ba,합금,2,108.86,1.7,13.52,10.45,11.09,11.03
Si2C2,합금,2,71.14,2.9,7.65,56.72,10.4,1.81
W,원소,1,6.92,5.0,15.23,280.29,6.42,1.65
Ho2SmCe2,화합물,3,31.08,4.7,10.96,0.57,4.77,7.43
RhMn3Ba2,화합물,3,144.89,5.1,6.81,30.17,4.07,8.17
RbCaTl3,화합물,3,96.12,4.3,5.89,49.37,5.06,10.94
Sc2Be3Rh,화합물,3,42.93,3.5,7.91,20.08,9.97,9.42
Ho3Mo2Sb2Co2Zn3Tb3,고온,6,139.88,1.9,8.96,9.43,4.46,153.78
F2Li3,화합물,2,47.05,2.8,12.1,0.68,1.86,7.89
Ru4Y2,화합물,2,112.46,2.3,6.32,46.96,11.48,9.59
Os2Lu2NbTb2Hf2,고온,5,133.05,5.5,4.24,12.9,8.61,53.92
Ag2TlGe2P,화합물,4,34.58,5.9,10.38,26.96,0.22,11.37
Re2Sn2OsCo3,화합물,4,92.69,3.4,10.05,30.7,1.51,8.03
Eu3Sr2PrO2Tb3,고온,5,80.63,2.3,7.22,6.94,3.54,104.08
Al2H4Tm2Mg2V,고온,5,37.67,1.9,5.62,13.81,10.93,76.97
Th3K,합금,2,37.07,3.7,3.59,68.98,4.01,3.26
Y4Hg2Ho2Ta2,고온,4,51.15,2.1,3.34,1.15,4.55,69.46
Dy2Sc3Mo,화합물,3,106.75,1.6,9.16,46.06,5.82,8.01
BAu,합금,2,160.32,5.7,10.0,58.47,3.39,4.97
RbIr2,화합물,2,92.74,3.5,4.39,16.77,11.24,5.35
Au2N,수소화물,2,51.87,4.6,5.74,52.3,8.24,179.11
BGe3Ta,화합물,3,48.16,5.3,5.99,43.19,1.98,16.76
MoNiSn3Ir,화합물,4,141.77,2.8,9.8,7.01,12.19,9.55
H3KIn3Al3,화합물,4,144.05,3.5,10.52,24.46,8.94,10.05
IrZr,합금,2,150.26,1.8,2.24,99.2,12.31,1.93
Sb2,원소,1,92.48,5.0,5.57,234.81,0.81,2.88
Li3Sc3,합금,2,82.61,2.1,9.54,27.64,3.43,1.66
Te2Na2,합금,2,45.06,1.7,10.94,24.91,9.94,0.0
Ge4Ce2Os,합금,3,176.1,4.0,15.31,118.96,8.85,4.27
S4Ti,합금,2,162.17,4.7,13.96,103.47,8.24,6.16
K2Dy2Ir2,화합물,3,106.93,2.3,7.72,42.74,2.68,10.51
Sn2HoMg,합금,3,171.36,3.4,2.25,148.57,14.0,5.4
Pb2HfNd2Li,화합물,4,135.0,4.6,7.07,10.48,13.05,9.04
MgAuAlSmPW,고온,6,118.11,3.9,5.16,10.27,0.7,70.58
Mo2Ge3,화합물,2,150.55,4.9,10.97,46.8,1.93,2.27
YRh2Nd,화합물,3,133.11,3.0,3.01,20.56,4.33,17.17
Mo3U2Ge2,합금,3,70.05,2.9,3.86,116.12,0.55,2.99
Pb4SiHo2,합금,3,69.65,5.2,2.44,116.72,13.25,5.29
Sm2,원소,1,9.12,5.0,11.63,18.35,9.38,0.0
Bi4Pt2Cd3,합금,3,149.41,2.3,4.81,122.18,7.81,1.42
Ho4Rh2,합금,2,62.13,1.8,8.97,131.42,1.61,3.18
H2Ge2C3,합금,3,55.08,5.6,10.48,90.07,5.12,10.09
BiMg2,합금,2,96.05,5.1,4.06,140.09,12.01,2.5
Pb3Ho2,합금,2,157.31,1.7,6.05,51.17,8.11,7.59
BIr2,화합물,2,112.33,5.4,10.09,7.47,3.74,32.67
BaMn,합금,2,154.81,5.5,15.97,139.32,9.31,34.76
FSc,화합물,2,81.96,5.2,12.2,22.73,4.17,14.03
ZnU3Ho,화합물,3,14.75,4.7,13.65,33.69,6.6,3.13
Os3Ca4Rh3,화합물,3,106.19,4.2,12.26,41.49,9.49,6.75
Cr,원소,1,181.4,5.0,15.13,34.63,5.27,4.39
Te2N4LiV,고온,4,81.37,3.7,4.52,10.84,3.3,43.08
CrIn2,화합물,2,61.56,5.7,12.6,49.57,13.93,7.96
Dy3Ce4Au,합금,3,132.06,4.7,5.25,135.89,13.53,0.0
PtGeTl2Zr4,고온,4,106.69,5.3,8.42,12.78,7.79,40.0
F2DyTbCaS,고온,5,115.91,2.5,7.3,1.88,7.88,125.2
Ni2,원소,1,36.89,4.0,10.31,179.04,7.35,0.27
Th2Y2,합금,2,47.67,3.9,11.76,22.45,1.14,5.51
Ru2Dy2YBe2Te4,고온,5,45.43,1.9,8.74,9.4,9.94,45.28
O3Ir2CuPr2,고온,4,81.81,1.9,8.47,3.95,6.77,73.2
Te2S2Re2,합금,3,97.82,2.0,10.01,27.5,10.94,4.58
USb,합금,2,50.63,2.3,11.61,65.54,5.2,8.77
Na2V4As,화합물,3,17.14,3.4,10.62,40.14,9.52,9.97
B3Pr3Mn3Ir,화합물,4,60.31,5.0,5.44,37.47,2.62,7.71
Hf2Gd2Te3Ga,화합물,4,24.4,5.4,8.57,42.9,4.61,18.46
VYb,화합물,2,119.88,5.6,10.11,33.16,11.41,11.27
S2Re4NaSm3,화합물,4,138.36,1.9,9.36,33.24,4.36,7.06
BeCu3Mn2Si3Y,고온,5,63.85,4.6,8.48,8.69,8.0,87.37
Sn2,원소,1,187.9,2.0,3.92,233.39,2.38,3.47
C2Se2O2,합금,3,92.09,3.8,6.17,76.03,11.25,4.98
Zr3Al2Sr2,화합물,3,87.4,4.3,7.79,16.17,14.17,9.0
MgVZrCa4,고온,4,34.46,3.6,3.49,9.4,3.85,91.89
ScNa3Hg,화합물,3,33.26,2.8,5.93,31.89,10.38,7.75
Ti3TaRh,화합물,3,129.65,2.0,8.8,43.78,10.95,4.01
AuH,합금,2,69.47,3.2,8.05,34.3,5.75,8.41
AsKMo2,화합물,3,43.07,5.6,12.67,40.24,1.86,11.65
ReAu3,화합물,2,37.92,2.0,4.95,9.42,14.93,7.09
Zr3K,합금,2,34.8,2.9,4.01,29.92,6.29,2.52
As2Mn,합금,2,97.72,4.2,9.92,22.04,10.09,6.26
Cs2Ag2Au2P,화합물,4,143.34,3.7,5.16,29.64,9.85,6.59
Ca,원소,1,117.25,1.0,17.53,378.39,3.84,4.3
Si2PtV4,화합물,3,45.43,5.7,10.39,23.62,10.05,30.95
TeMgMn4,합금,3,75.47,4.6,5.93,99.69,4.86,4.84
SnGa2Zr2,화합물,3,22.94,2.0,8.38,9.53,14.19,5.47
P2Sm,합금,2,41.81,2.4,8.67,139.26,6.73,14.9
Co3HDy2Ho,고온,4,129.65,2.6,6.58,14.43,8.63,100.82
Rh4Co2In3,화합물,3,107.53,5.6,6.41,49.54,6.7,15.28
Tb2IrLaZn3,화합물,4,122.8,5.5,11.89,43.53,6.54,6.55
NdBa2DyCrSr2,고온,5,30.27,4.5,4.06,10.13,4.51,149.76
AlTb,화합물,2,86.43,5.4,6.54,17.08,10.12,13.99
AgV,합금,2,165.94,5.6,10.74,63.06,1.57,10.7
CaMn3,화합물,2,115.37,4.7,1.88,34.2,9.9,17.62
Hg3CdIr2,화합물,3,51.24,3.8,8.41,20.72,14.08,6.18
KCr2LuBi2Ba2,고온,5,105.93,3.9,3.06,10.03,9.84,65.52
Nb3Sb,화합물,2,90.81,2.5,9.13,28.82,14.05,1.48
SRe3Yb,합금,3,64.85,2.2,4.71,87.03,9.28,7.4
K3AsLu4,화합물,3,11.03,4.2,7.52,26.9,11.33,6.69
S3La3TmK3,화합물,4,124.0,4.0,5.53,9.71,14.91,12.45
Hf2Ga2,화합물,2,100.46,3.3,12.78,47.86,12.29,3.87
Ho3Rb2,화합물,2,121.22,2.3,8.12,1.97,6.58,26.18
U3ZrHf,화합물,3,118.02,4.2,12.64,36.34,1.83,30.28
Sn3Hg3,수소화물,2,31.8,5.7,2.4,22.06,14.96,149.84
La3F2Sr2Lu,화합물,4,132.61,3.8,9.43,28.86,1.21,8.36
Dy2Ho,합금,2,178.63,3.6,11.91,134.96,13.47,16.94
Pb2LaBi4,합금,3,143.69,2.4,12.3,101.8,3.52,2.72
Sn2Hf3,합금,2,29.98,3.6,4.61,28.32,11.3,6.57
Th2Ce,합금,2,179.67,2.6,15.37,43.64,11.35,6.28
Ba4In4Al,합금,3,43.97,5.5,3.88,115.33,6.79,2.31
LaCr3Te,합금,3,125.3,4.0,12.22,53.26,6.38,11.37
YAsP2,화합물,3,22.39,3.3,1.99,16.02,14.72,2.48
YbGdCa,합금,3,106.98,5.9,11.82,86.43,13.13,9.1
Cd2Pd3H2KSm,고온,5,79.44,5.9,3.52,13.73,7.3,146.75
Tl2Cd2,합금,2,68.37,5.7,3.51,99.24,10.17,3.28
Dy2TeScNa,화합물,4,22.3,4.8,2.42,33.74,10.83,15.98
AgGe2Bi2La2,화합물,4,44.23,2.3,8.03,17.26,0.42,19.15
Cs3Sb,수소화물,2,7.73,5.9,4.09,30.64,12.79,271.16
Eu3Rh3Bi3,합금,3,55.99,2.6,2.12,145.08,6.97,2.9
N4RbOGe,화합물,4,97.91,1.7,10.37,6.95,0.52,9.59
Ba2Zr2,수소화물,2,56.99,5.6,1.54,51.36,7.3,138.76
Hf4UFe2Os,고온,4,91.25,3.9,4.56,8.78,10.63,37.17
ZrMn2Pd3As2Fe,고온,5,65.94,2.7,8.2,14.0,2.66,153.91
TiCs2K,합금,3,70.36,5.4,8.79,31.41,1.51,3.21
Li2In2,합금,2,35.59,1.9,3.32,84.35,2.13,3.02
YbTb2IrTe2,화합물,4,151.49,4.9,5.91,7.83,13.78,3.56
AsMo3Tl3V4Dy3,고온,5,51.05,2.7,8.8,3.08,14.38,40.86
Rh3Pd3As3,화합물,3,91.46,2.7,4.04,5.97,9.36,4.57
As4V3,화합물,2,119.81,4.8,6.69,13.02,9.95,17.48
TeY,합금,2,21.82,4.2,10.11,7.83,10.46,0.0
SmTbYbTe3B2,고온,5,100.59,2.3,4.41,1.63,5.6,32.01
Cd3Li2In4,합금,3,28.09,5.9,13.39,147.44,4.25,10.11
RuZr3,화합물,2,53.98,3.0,13.05,26.0,2.67,17.12
Th2C3,화합물,2,33.95,3.8,3.06,37.87,4.5,4.22
CrNd3C4,화합물,3,98.89,1.8,1.93,32.22,3.16,17.49
Na4Al3Ga,합금,3,117.91,5.4,11.75,132.4,9.67,6.91
Ga2VAs2,합금,3,127.94,4.2,11.51,60.84,4.81,10.04
V3Li4,화합물,2,116.05,5.6,12.83,24.02,13.3,22.15
Ce3LiC3,화합물,3,155.17,1.9,2.63,17.58,4.71,11.47
La3OsGa,화합물,3,89.03,3.7,7.13,46.21,12.53,5.83
UO3,합금,2,50.33,5.6,11.18,61.56,7.3,11.47
B4O3Gd2S4,화합물,4,136.25,4.0,3.58,10.14,12.36,10.35
S3Cs3,화합물,2,82.61,2.2,4.43,49.68,3.94,2.15
Sm,원소,1,212.87,2.0,12.21,141.46,2.52,0.0
Cd3YEu3Ce3,화합물,4,117.72,4.2,10.07,7.81,13.06,9.94
UGe,합금,2,175.51,3.8,7.67,130.8,14.87,8.22
Co3,원소,1,216.19,3.0,20.44,327.07,6.92,0.0
CrLi4,수소화물,2,53.97,2.9,3.18,61.6,2.43,179.46
Be3F4,화합물,2,126.34,6.0,1.58,4.68,3.87,16.39
Hg2SnErOsRe2Fe,고온,6,68.46,5.8,4.54,8.97,3.33,52.97
TmDy2Ta3,합금,3,90.11,3.9,15.74,33.25,3.71,6.18
YbEuSc,화합물,3,63.71,2.0,5.6,23.38,8.1,12.2
ErDyCo2PdTeS,고온,6,135.0,4.5,5.37,4.75,2.38,153.25
U3WGa2Cd2,화합물,4,30.57,5.0,5.05,39.74,11.86,9.49
Au2NaCa2,화합물,3,107.51,3.3,7.29,30.7,6.95,10.32
Mn2K,화합물,2,122.51,3.2,13.61,10.79,12.01,23.12
Dy3Os2,화합물,2,71.62,1.6,4.08,30.92,2.67,2.01
CeS3Hf2K2Os2,고온,5,85.18,5.4,3.26,14.41,7.7,59.67
CFe2ReS4La,고온,5,54.5,2.8,7.88,10.93,1.26,127.27
W3Li,수소화물,2,5.24,5.4,7.04,46.57,2.48,118.37
Re2Sn,합금,2,175.09,5.7,7.13,71.79,11.92,4.31
HfC2CsAu3LaFe,고온,6,125.24,3.4,8.94,6.79,12.9,98.67
Ru2CaUTlN3Tm2,고온,6,95.23,2.4,7.42,7.09,3.92,52.2
YN4,합금,2,138.78,3.8,15.7,145.55,7.32,7.73
Rh,원소,1,216.6,5.0,9.5,371.45,7.8,5.89
Te3Sr2S2Sm2F2,고온,5,34.7,2.0,5.72,6.06,0.78,132.0
W2TmSm3Gd,화합물,4,141.59,4.5,6.78,9.83,11.11,16.02
Au2Pb2Ru3Hg3,고온,4,82.58,5.6,6.22,7.44,2.11,150.24
Tl2Se3Sm3,합금,3,178.21,5.1,14.35,69.92,0.54,7.6
Tl2Os3Ag4Er2Th,고온,5,118.13,5.6,5.03,4.48,9.7,89.82
P3Au4,합금,2,45.46,3.7,9.05,111.39,9.3,1.16
Bi2Ho,합금,2,32.13,4.5,7.02,88.64,7.74,10.23
RbTe,합금,2,151.78,3.8,3.41,126.47,9.15,4.58
Hg2Ru2Th2N2NdH2,고온,6,32.08,2.0,8.52,10.9,11.42,52.0
Fe3Tm2U,화합물,3,116.0,3.5,11.13,39.69,12.88,13.25
Mn3Ag4,화합물,2,110.73,2.5,8.27,32.3,8.17,9.68
Ag3Li3Cs3W,화합물,4,104.4,4.7,13.38,17.4,14.89,16.86
Ho2LaO4Eu2,고온,4,121.09,3.6,5.43,3.82,9.41,162.97
CaLu3EuFe,화합물,4,143.51,2.5,5.23,17.98,6.72,0.5
KTlTaMgEr2Pr3,고온,6,133.75,3.1,8.58,6.28,7.87,34.84
Pd2Zn4,화합물,2,117.69,4.3,2.41,49.13,6.85,21.95
Te3Lu3Th4Tl2,화합물,4,71.54,4.1,4.73,25.17,0.81,3.02
YTmHo2,화합물,3,79.28,1.6,13.31,20.39,3.96,7.41
Tl4Th3S,화합물,3,75.31,2.6,6.87,14.39,6.63,5.51
Rh2MnEr3Bi3Pb,고온,5,106.18,5.3,7.25,11.46,2.56,160.49
Cd4HgMg3,화합물,3,148.25,5.0,10.72,14.43,4.46,35.5
HoTi2Zr,합금,3,29.83,3.5,9.54,21.58,8.25,8.47
RuCu2LiMoReLu4,고온,6,139.66,2.2,3.37,12.01,14.24,150.3
SNiN,화합물,3,49.96,5.9,5.4,34.18,12.91,11.44
Mo2La3P2,화합물,3,54.92,5.1,6.88,21.96,13.62,5.1
Ti4LaRbTm3,고온,4,135.97,4.3,8.31,4.05,8.05,138.14
Nb4CoNi3,화합물,3,29.83,3.0,13.41,39.13,9.34,4.9
Bi3Sn2,합금,2,68.87,4.5,8.36,86.65,4.92,5.6
Eu2La3PtP,고온,4,119.07,3.7,7.58,9.81,1.95,116.86
Te3Lu2Cu,화합물,3,153.16,3.7,6.22,2.7,9.18,11.18
S2Gd2,화합물,2,133.8,4.3,2.65,3.39,5.92,6.74
In4Si4,합금,2,93.81,4.2,3.32,52.52,13.16,6.61
As4SiBi2Ce,고온,4,86.03,3.9,5.67,13.35,13.86,58.95
Al3Eu4PtAu2,화합물,4,39.44,4.0,8.61,2.91,4.17,7.77
NiMoAg3,화합물,3,79.84,6.0,6.03,23.91,14.2,6.69
CrPtNb4Pd4U2,고온,5,62.76,5.3,5.24,8.37,13.07,151.65
Cd2Rh2K2Y3HCs,고온,6,34.94,5.2,6.01,12.35,5.67,104.13
P2Ba2Er3,합금,3,95.87,2.0,12.88,133.63,13.94,1.7
ReRbF2B,화합물,4,41.08,5.9,5.27,41.79,14.06,7.26
Cr2Sc4,합금,2,154.82,5.0,10.84,132.58,10.35,2.96
RbTbCsC2LaRu,고온,6,43.74,3.6,8.56,7.87,4.79,113.67
Nd3,원소,1,159.35,3.0,18.02,8.95,5.02,3.56
Ru4Ti2Th4Pd3,화합물,4,60.22,3.6,12.23,10.63,3.34,8.41
As3H2Yb3F2,고온,4,79.23,1.9,5.93,12.76,5.86,39.91
FeLuSmSe,고온,4,55.46,3.5,4.14,2.78,5.52,155.54
RhCo2Nb2Al,화합물,4,20.95,3.7,3.28,42.29,6.47,5.12
PbSr3Ir3N3PrEr2,고온,6,91.49,2.3,6.81,6.43,0.82,133.5
TeTmTh4,합금,3,98.06,5.9,3.23,99.22,1.7,18.83
TlZr2AgSnMo3Os,고온,6,124.89,4.8,4.02,9.38,11.53,95.8
La2O3Se,합금,3,155.27,2.2,11.92,123.94,3.3,4.65
Mg2Rh3,화합물,2,157.08,3.4,6.92,13.38,2.79,17.06
PdTh3Er2Zr4,고온,4,88.21,3.0,5.03,14.01,5.19,122.68
FPb3,합금,2,42.38,2.4,11.95,60.45,13.48,8.31
Li2Fe4,합금,2,37.94,4.0,10.3,117.57,14.73,0.93
Mg3HoCrH2,화합물,4,110.34,2.9,10.09,33.19,7.1,13.57
AgMg4Al4Ho2,화합물,4,33.09,4.9,5.77,34.81,0.86,11.52
Tb2V,화합물,2,100.28,4.4,6.57,3.02,14.52,8.67
CsW,화합물,2,114.62,4.4,5.5,6.35,10.19,16.93
Co2Ni2,화합물,2,59.61,5.9,8.23,48.65,1.29,15.63
La3Pt,합금,2,103.41,4.1,3.48,33.86,11.37,15.77
Pd4Pr,화합물,2,23.11,4.5,1.58,10.77,6.08,17.28
Tb3Li2,합금,2,164.9,5.5,15.45,128.8,11.27,7.83
Mo2Lu3Ho4N2Nb3Cu,고온,6,40.05,4.0,7.2,11.93,2.59,81.78
F3Pd,화합물,2,31.57,4.4,4.11,31.28,0.61,19.86
PbNbGd,화합물,3,144.97,5.7,12.15,33.33,3.96,11.09
Nd4Hg2Os,화합물,3,94.44,2.7,2.92,30.46,13.24,6.8
Mo2Lu3LiMn2,고온,4,76.93,4.1,7.87,8.15,5.24,61.68
OFe3N3,합금,3,44.26,4.8,10.64,143.79,12.06,4.5
HgOs,화합물,2,151.57,2.7,4.16,46.31,4.73,10.36
Nd2Ba2Si2In3,화합물,4,95.33,3.6,10.43,3.76,0.74,16.33
MoTm3Hg2,화합물,3,42.96,2.3,9.89,45.94,3.18,6.1
Tm,원소,1,80.13,5.0,18.46,168.59,9.23,9.16
La3Ba2Nb3Li3,고온,4,91.21,5.4,7.09,14.23,13.45,161.62
SrYb2Mo3Eu2Er3In,고온,6,33.77,4.1,4.97,7.79,10.99,90.69
Ir2Ag,화합물,2,88.63,3.2,2.02,25.03,11.4,12.3
Dy2Si,화합물,2,132.04,4.7,13.04,45.25,12.02,8.19
Sr3AlPrOsBTm3,고온,6,107.59,4.7,3.04,1.26,13.95,126.33
GdBi2Re2,화합물,3,86.12,4.0,9.63,5.22,8.29,11.56
Yb3Gd3U,합금,3,141.16,4.2,13.13,47.92,7.89,5.97
MgTa3Ni2Hf2,화합물,4,130.82,5.6,4.74,12.65,13.69,17.65
CuSc3S3Nd2,화합물,4,150.99,5.3,6.73,21.07,12.04,15.79
TaAl3Gd3Ni2,화합물,4,156.42,1.6,9.65,26.22,3.76,0.0
Sm2P3Ni3Zn2OBi,고온,6,123.71,2.8,6.6,12.56,2.96,69.51
Sb2GdV4BiH3Tl,고온,6,118.56,5.2,8.98,5.35,9.12,168.12
ErTi2Cs3N2,고온,4,75.02,4.5,7.98,1.13,5.64,83.37
W4BiSr,화합물,3,112.46,3.6,8.97,26.11,0.34,2.9
Mg3Y3,합금,2,51.07,3.8,10.99,82.99,11.59,4.16
Cs3Al2,수소화물,2,35.05,2.8,3.99,71.14,10.18,139.71
Ti3F2GaSm3,고온,4,62.81,4.4,7.07,7.27,3.58,83.88
AuF2,합금,2,39.4,4.7,9.92,57.73,12.76,3.83
SnPPb3IrNd2,고온,5,126.22,3.0,8.03,10.48,9.62,125.17
Sr3UTa2S2Nd,고온,5,98.51,1.9,7.64,14.07,14.64,133.86
Cu3Pb,화합물,2,10.7,1.8,1.92,23.4,11.14,10.37
Ba4Os2Cd3,화합물,3,29.69,2.0,2.31,49.52,3.79,9.98
Re2Sb2Tl,화합물,3,22.04,3.9,4.2,17.51,1.06,4.16
Sm3,원소,1,146.4,3.0,6.9,358.83,6.69,6.27
DyNbMn2,화합물,3,117.58,6.0,6.48,23.56,4.95,12.03
Co3Ce2HGaAg2Pd4,고온,6,36.27,2.1,5.59,6.26,12.38,35.22
Mg3,원소,1,195.16,2.0,21.64,140.49,3.39,9.56
BeGd3S3Pr4,화합물,4,43.66,5.6,3.99,27.4,10.77,5.6
Mg3Ti3,화합물,2,83.15,1.7,12.21,22.43,2.2,7.21
ReOsTm3Li,화합물,4,84.51,3.1,13.29,5.59,6.81,10.71
NC3Pr2Sn2Co3In,고온,6,46.86,5.9,8.14,3.91,8.76,117.82
GdTa2V2,화합물,3,138.72,1.9,7.51,12.87,5.56,2.92
V3GdRb2Pd,화합물,4,34.99,3.3,9.59,29.29,9.05,52.48
H2PtLu4Sc2Os3,고온,5,38.74,1.6,4.89,4.88,6.36,96.1
UTl3Mg4Er,화합물,4,76.71,2.0,12.61,16.2,0.49,5.56
CsCa,합금,2,99.2,5.0,8.9,60.99,0.28,1.29
CFe2,화합물,2,150.36,5.5,11.89,18.24,2.01,25.89
Dy4Cs2,합금,2,37.4,2.4,5.09,5.27,2.46,3.76
As4Sb2,합금,2,53.41,1.8,5.7,8.32,8.49,14.89
Au3Mn4SmCu,화합물,4,152.37,4.8,12.64,33.33,8.87,14.04
V2OSr,화합물,3,115.5,1.5,7.3,18.74,12.75,14.41
Ru3Sn4YN2Sr3B,고온,6,103.78,1.9,7.99,8.66,5.31,53.52
Cu2As3Cd,화합물,3,143.09,3.6,1.77,26.06,7.12,7.46
Sn2C3MoHo,화합물,4,115.0,4.2,7.53,43.63,10.55,21.64
CuDy,화합물,2,125.27,5.1,3.2,29.07,13.95,5.91
Cr,원소,1,29.53,3.0,12.86,364.58,6.43,0.0
F4YC2,화합물,3,132.69,3.7,13.43,34.79,10.34,8.52
Tb2Ca3,합금,2,168.11,3.7,9.09,26.43,13.78,4.27
V2Sr,수소화물,2,9.41,1.7,1.08,58.08,0.14,148.58
PrZr3,합금,2,126.19,1.7,13.46,52.01,4.78,0.77
Zn3O,화합물,2,39.07,3.5,1.62,34.43,3.1,7.14
RbTh,합금,2,174.92,3.6,15.75,11.35,2.68,0.0
MoY3,수소화물,2,8.45,4.7,4.01,70.53,13.29,242.1
TeAs3Pb,화합물,3,44.37,4.6,9.96,26.38,13.79,16.69
Ga2Ru4,화합물,2,106.24,5.9,7.1,37.55,10.24,10.42
As3,원소,1,17.69,3.0,1.51,108.0,5.74,3.37
Rh3PdTl2Pb3,고온,4,49.59,4.2,7.85,7.96,0.38,139.83
Sc4Se2Ho2,합금,3,107.91,5.2,9.1,81.11,12.91,11.89
C3Ir2Tl2Er2Sc4,고온,5,108.36,5.5,6.46,1.41,9.22,86.05
Tm2Pd3,합금,2,132.91,1.6,13.94,34.58,0.2,0.0
Mo4HgRe,합금,3,159.83,5.9,9.44,24.47,0.87,10.44
Sb,원소,1,17.64,3.0,21.93,361.26,4.19,0.0
GeIn4,화합물,2,100.55,5.3,7.27,14.57,1.88,13.7
RhSHf2,화합물,3,66.28,5.0,9.83,10.37,5.99,7.77
La4,원소,1,16.68,5.0,14.86,42.44,8.42,2.53
GeCdCe3Co2,고온,4,116.89,5.4,6.79,1.18,6.57,33.65
N2CrBa,화합물,3,47.71,2.4,11.14,47.93,6.31,5.3
SiZn3W4,화합물,3,23.17,5.9,7.87,45.9,14.31,8.98
SmTm4B3,화합물,3,140.3,2.9,2.02,19.64,9.26,0.0
Ru2Ho3IrNd3,화합물,4,106.36,2.1,3.04,25.54,10.45,7.87
PrTe,화합물,2,81.01,2.8,13.58,29.54,5.66,1.43
Mn2Yb,합금,2,176.76,2.3,3.54,116.06,13.82,4.94
Sn2Ru2N,합금,3,148.72,2.4,7.54,108.16,2.55,2.35
U4V3Ga2Tm2Mo4,고온,5,104.97,4.2,6.27,6.07,14.32,150.41
CsCa2NdSb3,고온,4,108.15,2.9,4.15,13.36,9.26,45.09
Ba2U,화합물,2,145.53,5.7,13.97,15.1,8.14,28.21
RuPb3,합금,2,125.73,5.0,7.08,148.61,8.04,13.53
Cr3STl3W,화합물,4,73.83,5.3,4.17,10.78,6.84,11.1
V2OAg3,화합물,3,145.69,4.5,9.31,7.64,4.98,25.38
In2,원소,1,142.43,2.0,21.11,320.84,1.46,2.74
SrMn2Gd3,합금,3,159.84,5.6,12.03,147.71,0.9,5.82
Sm3Hg3CuAl2,화합물,4,24.31,3.1,10.56,37.39,7.48,4.88
Ag2Re2Ho2Li,화합물,4,58.44,1.9,8.12,41.53,2.3,17.3
Re,원소,1,210.58,1.0,3.84,221.79,4.85,3.2
Hg2Cr4,합금,2,78.91,2.9,12.18,49.04,10.93,11.35
BiSmU,합금,3,128.29,3.9,4.04,114.56,5.93,8.41
Na2Ce4Cd2Al,화합물,4,64.64,2.6,10.77,3.07,12.08,3.12
Rh2,원소,1,151.62,3.0,9.91,308.47,3.56,0.0
CeEu,합금,2,136.27,1.9,11.78,114.79,13.19,5.17
ThCu2BiSi,고온,4,107.33,4.9,3.29,12.44,11.18,116.33
ErFe3Ir4,합금,3,106.21,4.7,5.57,78.13,13.08,4.6
CsRb4BaY,화합물,4,57.31,3.0,11.59,15.51,8.58,6.2
TlBa2Os3,합금,3,40.66,2.0,15.77,92.81,13.49,5.51
Co2CrSi,합금,3,132.84,5.7,15.33,87.2,9.84,4.18
NaNdSr2,합금,3,116.11,3.5,15.6,16.66,11.23,13.53
As2Nb3In3,화합물,3,153.35,5.0,3.06,4.95,11.5,8.47
HfGeAsTb2TlY,고온,6,61.33,5.4,8.15,9.43,7.66,113.16
Se3ZrRb2Ta2Nb2,고온,5,77.65,4.1,7.21,9.17,3.42,107.62
SrNa3,화합물,2,142.48,5.8,8.82,7.2,4.94,5.05
Ni2Nd3Si,화합물,3,124.05,5.8,5.69,2.77,3.31,3.05
Si2Mg2,합금,2,95.26,3.8,6.57,21.97,9.5,1.86
C2Mo,화합물,2,76.22,4.4,1.5,47.36,14.67,29.22
SiCMo3TiAs3,고온,5,86.0,5.1,6.92,8.11,1.12,142.55
Rb,원소,1,14.13,2.0,11.71,119.62,6.67,4.46
Se2Tb,합금,2,93.87,1.6,12.5,64.93,6.13,7.08
InO2,합금,2,158.37,3.2,6.54,125.62,8.18,22.49
Pb4,원소,1,86.07,3.0,8.31,57.71,8.67,0.0
V2Ir2Te4,합금,3,63.23,2.4,12.62,134.6,1.78,3.53
Na3Os3Al,화합물,3,42.19,5.4,4.9,4.02,12.7,15.16
Zn2NdSr3,화합물,3,151.55,4.5,4.66,40.67,10.29,11.15
K3Fe4Te3W3La3U2,고온,6,91.35,5.1,8.01,1.85,12.65,70.89
Au3Lu2Be4Nd4,고온,4,92.08,3.8,7.87,11.8,10.61,110.66
Ga4Ir3Yb4,화합물,3,101.73,2.8,11.41,12.69,2.9,24.63
GaC3,합금,2,144.79,1.7,6.11,8.66,2.48,3.19
SCrNMo2,화합물,4,108.37,2.0,9.81,49.38,0.43,3.19
Nb4Cu2Re2Sn3,화합물,4,88.47,4.9,2.37,16.29,0.48,31.19
ScC4Tm,합금,3,94.54,2.1,9.8,17.85,8.13,5.11
SeSn2Pb,화합물,3,98.82,5.5,11.04,18.35,6.25,17.72
HgPb2Cs3Ti2,화합물,4,134.35,3.5,2.76,18.67,4.42,11.93
Tm3HGe,화합물,3,109.16,2.1,12.79,25.44,4.25,6.31
C4Pr2,화합물,2,51.31,1.6,12.18,37.14,4.86,3.89
Y4ErIr3,화합물,3,17.32,5.2,3.26,0.9,2.5,25.84
NGa4Na2RuW3,고온,5,67.19,4.4,8.5,4.24,13.01,37.2
Ru2H2AuGa4,고온,4,131.08,3.0,8.94,13.33,13.35,154.13
Al2Ga2,합금,2,156.11,4.7,10.09,124.53,1.46,12.8
CeLaC2Be2BaMg,고온,6,88.09,3.8,7.71,2.16,14.27,47.38
Y3Pb2W2Er,화합물,4,158.15,4.8,2.17,17.16,9.8,14.13
Ga2ErN2Cu3RbDy2,고온,6,112.21,2.4,4.74,14.38,8.74,49.87
NIrGa3Nd3,고온,4,128.48,4.4,7.64,9.88,8.84,44.49
BPbMn,화합물,3,121.62,3.7,2.01,21.12,4.56,4.03
C4,원소,1,236.88,5.0,14.38,353.35,2.33,2.09
Yb3Gd2B,합금,3,93.04,4.7,7.2,44.17,0.48,5.46
Cd2Pd2In3Rh2,화합물,4,112.32,4.2,8.56,25.69,0.3,8.82
CAsCo3Cr4,화합물,4,134.34,1.5,10.11,11.61,8.98,2.15
Mg2Nd,합금,2,30.57,4.3,13.29,146.65,10.99,6.27
ScTe,합금,2,58.71,4.2,15.07,77.78,2.22,2.46
Hg2Au2YbTm4,고온,4,139.38,6.0,7.1,2.03,5.04,46.75
ReMn,수소화물,2,27.35,3.3,7.8,35.28,2.35,253.01
DyTb2,화합물,2,138.21,4.5,2.69,7.07,0.94,9.53
TlBi4,합금,2,42.36,2.4,11.61,23.16,0.43,4.41
Sc2Cu2U3,합금,3,175.95,5.5,15.27,119.71,13.54,1.71
S3,원소,1,134.0,4.0,6.01,6.22,1.29,5.62
Ca3B2Th2Ho2,고온,4,75.51,3.1,6.97,13.28,11.84,106.8
HTm2,합금,2,25.6,1.8,14.1,73.51,7.94,6.24
Hg2Eu4W2,화합물,3,21.58,4.1,6.29,49.96,7.59,13.17
Si2NZn,합금,3,158.75,2.2,5.96,122.63,5.92,14.47
Tm4Pd2,화합물,2,109.73,3.3,10.47,46.18,9.86,29.76
Ca4In,화합물,2,78.99,2.2,1.9,49.89,12.75,3.81
Pt4HfGdAu,고온,4,56.35,4.9,6.88,9.99,10.68,95.06
WV2,합금,2,172.87,1.9,7.36,39.82,7.81,4.72
Gd2,원소,1,94.04,2.0,12.53,157.64,6.93,1.25
PdGd3,합금,2,75.79,5.8,10.48,57.64,11.62,9.8
K2Ag2Sm2TbEr2,고온,5,43.86,5.3,3.46,7.15,2.99,51.85
As3Co3Na2Pd3Yb2,고온,5,110.1,3.2,4.11,8.16,1.43,126.63
La4S3Nb2,화합물,3,79.27,4.7,7.03,10.97,8.9,17.5
LaTi2Ru4Ca,화합물,4,138.73,2.1,5.33,22.8,2.63,17.8
SSc2,화합물,2,132.47,2.6,6.93,27.38,3.67,6.63
WP2Gd,합금,3,165.14,1.8,4.29,110.69,4.82,6.07
U2S3C2Sr4Mo,고온,5,36.13,5.2,3.41,2.26,7.11,100.6
Tb3TlTh4,화합물,3,51.94,5.9,12.23,0.63,7.98,13.24
PbSc2YbAu,화합물,4,88.92,4.2,10.75,40.99,0.58,14.33
BeHfMgB2,화합물,4,60.91,3.5,11.74,43.36,8.34,12.09
Sc3,원소,1,70.85,5.0,0.77,295.3,8.65,7.66
Th4ScTe,합금,3,134.1,2.5,7.9,125.99,14.42,4.62
O2Ga3Si3NHo3,고온,5,115.87,3.5,4.87,4.76,2.51,162.16
VNbCo3,합금,3,167.94,5.2,8.01,137.33,4.19,11.5
CuH,화합물,2,84.89,4.2,6.79,7.61,6.01,10.32
HfHoAl3,합금,3,150.94,2.4,5.38,122.37,4.16,2.05
Nd2PtY4Rh3,화합물,4,156.93,4.2,9.47,39.78,0.13,12.93
GaSb2Cu,화합물,3,35.53,2.9,3.76,47.76,3.44,5.72
PDy2,화합물,2,96.49,4.3,7.1,17.78,6.95,5.71
Zn3Mo2Fe4Bi4,화합물,4,118.97,1.7,12.68,16.12,4.8,0.68
Zn3C,화합물,2,82.62,5.3,4.4,41.66,6.11,9.92
Sm4YbHf,화합물,3,16.4,2.3,13.79,48.0,12.99,3.97
Ho4Fe3,화합물,2,104.39,5.7,11.3,34.96,4.28,7.53
LuCr2,화합물,2,157.89,4.3,12.62,28.05,2.27,4.7
Au2HoRu3Ta2,고온,4,115.34,2.7,4.66,6.16,5.13,43.4
Eu2RuTi4OsRhPb2,고온,6,46.69,4.1,6.5,8.71,14.46,94.68
Ba3Ag4Sm2,합금,3,172.97,2.0,6.14,90.07,3.0,17.24
Pd2,원소,1,127.96,2.0,7.92,225.15,3.84,0.0
RbY2La3,합금,3,93.17,1.5,8.63,137.93,7.47,0.19
GeLi3Cd,화합물,3,119.38,3.8,4.41,22.34,8.37,21.34
Lu4,원소,1,235.2,4.0,11.55,338.09,0.64,6.4
La2CuU2Si2,화합물,4,146.91,3.3,12.83,36.03,11.49,0.25
V2F3Ru4Y3,화합물,4,38.99,2.8,11.5,34.27,13.62,15.19
AlIr,화합물,2,156.06,4.8,10.25,15.57,9.96,7.56
Zn3OSb4Er4S3Ge2,고온,6,89.78,5.4,6.1,2.24,1.92,150.22
NbHo4,합금,2,68.28,2.6,9.84,80.61,12.24,11.8
Mn,원소,1,128.35,3.0,6.86,28.18,1.85,3.46
EuRu2W,화합물,3,134.69,2.7,7.4,18.82,7.49,12.25
RhN3,화합물,2,87.6,3.0,3.66,15.11,3.72,22.91
Sb4Ba2Tb2Nb,화합물,4,39.31,2.1,12.64,25.95,14.32,3.4
Sb3Ca4P3Ir2,화합물,4,49.67,3.0,7.45,19.44,14.53,15.16
SH2,합금,2,102.45,4.5,5.0,73.24,8.45,3.6
Ni4Hf2Rb3As3NbLa4,고온,6,45.87,5.4,3.05,8.83,12.44,66.28
Re3CeTb3Pt,고온,4,81.27,4.9,3.9,2.87,13.11,85.37
In3Te2Nd,화합물,3,72.37,2.0,6.9,14.9,13.78,9.87
ReAs4,합금,2,171.78,2.9,5.03,52.43,5.92,4.05
CsLu3S4,화합물,3,94.03,6.0,5.15,47.67,5.44,19.25
Pt4Sr2,화합물,2,95.23,5.5,9.88,15.35,7.1,21.75
Co2W,합금,2,139.52,1.6,3.33,7.56,2.5,7.06
Os3PLu3Zn2GeCa2,고온,6,127.68,2.0,7.35,4.75,13.47,142.26
Co4In2Th2,합금,3,39.84,1.9,12.71,16.68,9.45,13.05
Er2Pt2,수소화물,2,49.6,5.1,5.05,64.31,5.37,196.08
La3Mn3Sb2Tb2,화합물,4,57.08,3.2,3.23,2.71,14.95,12.44
CuW4,합금,2,113.43,5.1,15.78,10.58,2.14,20.53
CsLaPd2,화합물,3,159.67,1.5,8.09,4.21,14.57,16.91
Tl4BaYCa2Cu,고온,5,38.27,2.2,4.55,11.21,14.36,159.42
Y2Sn2AsCeTlZn2,고온,6,49.59,3.5,3.5,4.41,1.22,51.42
MnMg3UP2Na2,고온,5,97.56,3.1,3.48,10.02,4.16,158.79
Mo3La2Nb3,화합물,3,130.76,3.4,10.73,13.99,5.71,8.4
Sn2Gd3,화합물,2,151.47,5.9,7.47,24.93,9.68,22.21
Cd2Eu3Rb3Sn2,고온,4,115.96,5.7,7.53,2.24,5.15,154.95
S2Sn,합금,2,82.17,2.6,9.94,93.16,9.88,4.64
TlHfS3Au,화합물,4,39.16,2.7,5.79,29.64,1.25,8.86
Ir3HfEu3,합금,3,101.35,3.3,9.59,96.63,2.46,4.7
Ta3Ag3,수소화물,2,55.47,2.3,5.71,63.34,6.39,243.87
ZrFMn2K4,고온,4,107.56,5.4,8.71,9.21,1.46,66.5
Cd2,원소,1,16.11,3.0,10.97,39.97,4.21,0.0
In2Zn2Ru,화합물,3,133.93,4.0,9.83,11.32,4.11,12.32
Te3ZrMg2Ga3As2Sr2,고온,6,130.96,2.6,8.06,11.72,2.07,127.47
SrPd,합금,2,89.03,4.8,5.45,13.62,2.15,11.0
NiCo3,화합물,2,32.19,3.9,5.58,7.3,11.96,2.72
Te2Al2PdNd2,고온,4,43.85,1.9,8.77,4.01,4.74,47.68
Mo,원소,1,101.58,5.0,14.7,337.2,7.21,4.97
Os2Pb4,화합물,2,146.17,2.0,4.27,36.2,14.97,0.99
AgO2BaHf,화합물,4,79.82,3.3,5.37,49.88,5.24,6.98
Al3HfScPd4Co2,고온,5,81.89,3.4,6.86,4.18,3.9,98.51
PdYb4,수소화물,2,12.56,5.2,5.38,13.99,5.92,290.79
Tb2K3Er2Cu4W,고온,5,34.39,5.9,4.84,3.47,0.68,42.58
Mn2NiS2,화합물,3,29.19,2.7,1.94,20.47,1.77,0.93
K2Bi2Os2Si4IrHo,고온,6,58.13,5.8,3.47,4.29,13.74,40.72
SRb2Zn2Dy4,고온,4,58.47,1.9,4.2,13.17,6.25,122.02
Zr3Se,화합물,2,69.24,5.9,9.47,10.19,6.71,24.56
Sn2Yb2Sm2Ag,고온,4,56.31,3.9,4.6,14.94,9.69,83.71
F4,원소,1,49.64,3.0,19.71,81.81,9.15,3.31
Sm4Pb2Eu2,화합물,3,28.21,3.2,7.43,44.6,4.83,4.03
OW,합금,2,31.1,4.4,14.21,104.05,11.46,18.85
ORb2Fe4,합금,3,163.61,2.8,6.29,134.6,3.74,11.49
Rb2,원소,1,21.43,2.0,13.05,247.04,7.26,3.23
PtFe3,화합물,2,62.04,5.2,3.18,49.68,11.9,24.69
Cs3FK,화합물,3,20.69,5.5,6.84,47.85,5.29,8.31
ThC2MgMo,화합물,4,86.31,2.0,6.75,11.74,8.8,4.35
Co,원소,1,180.01,2.0,17.02,202.23,4.45,0.44
Fe2Eu3MgEr,화합물,4,94.86,3.6,4.01,39.06,13.99,37.37
Rb2Mo3W,화합물,3,127.97,2.8,1.76,32.7,14.37,0.0
SmP2U4TmTe,고온,5,103.91,5.6,5.88,10.95,14.21,79.71
PbTiSN,화합물,4,17.71,3.0,3.73,33.23,6.25,1.57
Ni2RbMoHo2,화합물,4,96.93,2.0,4.88,2.02,14.67,5.79
K4Gd2BiTe2Cu2,고온,5,45.83,4.3,4.03,2.46,6.85,70.8
Ta3MoTb2,화합물,3,37.39,5.7,8.27,17.03,10.51,8.89
Y2Bi3Ti,합금,3,76.59,2.6,12.7,149.13,3.56,2.12
Tb4,원소,1,132.59,1.0,20.14,350.34,7.08,0.0
Se2IrMg3PrHg2,고온,5,74.66,1.7,6.89,7.94,13.05,125.04
Pd2,원소,1,151.04,1.0,12.34,84.37,2.48,0.38
Nd3Cr2B2Sn3Pd2,고온,5,32.13,2.7,7.71,3.32,9.3,98.64
CaF3PtTl,화합물,4,56.42,1.8,7.98,36.43,3.35,31.84
SiBi2GdYbF3Ho2,고온,6,97.27,2.7,8.01,4.71,0.19,83.73
H3CHoIr3Pt3Tm2,고온,6,98.4,3.5,5.53,7.26,1.35,156.23
Dy2F2,수소화물,2,45.32,5.9,5.79,22.11,12.57,140.3
Ir2Tl,화합물,2,97.22,5.2,3.93,49.74,8.01,10.75
Ir3Rh2Os3Ge3Er2Nb4,고온,6,112.12,2.6,5.2,14.37,7.27,83.27
Ho3Gd2,화합물,2,110.86,4.8,2.82,23.94,12.98,6.85
C3ReK2,화합물,3,145.9,2.8,12.95,23.36,4.08,11.12
Te4N2Ge3,화합물,3,105.34,2.8,5.65,1.74,2.9,6.42
Pd3W2NdYbPt,고온,5,92.42,2.4,6.73,5.44,9.13,123.02
NaP3,수소화물,2,33.37,5.7,1.08,34.41,7.16,184.65
CsTeVSm3Ho2U2,고온,6,121.32,1.6,3.58,8.74,10.74,135.76
S2Na3Sc2,화합물,3,57.01,4.2,4.17,1.97,9.07,14.8
Tl2Li,화합물,2,75.24,3.1,11.57,19.39,13.32,15.2
HgGe2Mo2ReAlBa,고온,6,55.5,2.3,3.46,6.9,1.95,107.35
Cd3Sc3Zr,합금,3,106.56,4.9,6.26,116.52,10.49,6.9
ScSi3O,합금,3,162.86,2.8,8.33,34.77,8.57,9.39
BiZr2Li2V,화합물,4,41.69,5.3,12.4,41.26,11.19,36.77
Ce3Tl,화합물,2,132.91,1.7,8.16,16.24,7.89,1.95
AlTi3,화합물,2,32.74,3.0,5.61,22.08,12.13,20.39
Tb2Nd2Ge,합금,3,81.2,5.8,12.47,68.8,9.04,10.09
Ru4,원소,1,108.08,4.0,19.8,42.28,9.37,0.57
Mg2,원소,1,39.11,5.0,12.91,37.2,9.85,7.85
MnLa3,수소화물,2,56.5,3.6,3.81,65.29,1.65,204.22
Zr3Sb2Ce3,화합물,3,20.55,2.3,8.85,19.7,13.39,8.77
Nb2Ta,화합물,2,36.59,3.8,2.8,37.1,9.01,10.54
P2Tb2,화합물,2,65.93,3.8,8.66,46.91,2.95,4.22
Li2Te4,합금,2,176.57,2.6,15.92,5.1,11.78,3.82
Pd3Gd3Al2TmSr4,고온,5,80.63,3.4,3.04,13.89,11.6,50.85
Ca2F4Fe3Tl2,고온,4,39.66,4.6,6.52,13.94,8.14,91.05
La3Ge,합금,2,142.62,5.0,13.34,32.55,8.33,8.61
Be2Ca3Ho,화합물,3,92.78,5.1,5.55,31.25,10.76,13.35
La2ReIrB2Nb3,고온,5,93.67,4.3,7.75,7.18,1.43,120.17
Cu2Fe4TlMo4Au2,고온,5,122.14,3.5,8.86,3.27,10.02,100.14
GaTi,화합물,2,148.14,3.9,1.89,37.23,14.69,13.69
Pt2Ti2Ta2Th3,화합물,4,38.91,4.0,3.5,26.94,11.2,36.7
O2U,합금,2,56.12,2.9,14.04,129.59,7.31,0.0
PbO,수소화물,2,37.84,5.4,4.74,46.54,6.43,220.58
Si3NiC,합금,3,83.9,2.5,12.17,134.66,8.8,3.95
TlScHgZr3IrSm2,고온,6,38.98,5.3,8.07,10.96,13.29,161.53
CoCsTa2,화합물,3,73.42,3.6,4.49,7.66,0.34,38.12
TiTe,화합물,2,99.87,5.4,6.28,36.35,3.69,15.54
AlTlNb3,화합물,3,26.18,1.9,4.57,14.68,13.41,25.25
OIn4,합금,2,104.98,2.3,11.55,31.09,5.28,2.06
TeBPr2,합금,3,34.06,4.6,9.81,84.35,6.77,11.67
Sm4Se,합금,2,156.98,4.8,5.16,84.21,0.55,5.8
SbB2,합금,2,85.4,2.2,11.55,80.43,2.42,0.0
TiGdThRe2,고온,4,128.53,2.6,5.65,13.07,5.74,96.31
LiLaTe,화합물,3,117.59,3.1,4.53,27.18,11.49,13.64
Pt2,원소,1,31.78,2.0,7.45,279.36,2.84,3.1
O2NaEr,수소화물,3,36.25,5.8,2.88,46.39,13.9,163.44
PrInP3O,고온,4,34.6,2.8,5.17,9.3,13.68,115.83
SeSr4Tb3Os4P,고온,5,86.22,4.8,4.99,5.34,12.19,86.98
YbSi4,수소화물,2,44.48,2.0,2.86,27.16,3.33,98.88
ThRe3Ni,합금,3,169.12,4.5,2.39,107.8,10.06,6.6
LiCa,화합물,2,66.52,5.6,7.38,45.45,0.81,12.24
Hg4PrAgTl,고온,4,96.45,3.1,6.57,10.32,11.56,95.69
OsEuP,화합물,3,74.48,3.0,6.63,14.63,1.59,34.27
Na2Ag,합금,2,50.49,5.8,2.77,93.02,4.91,7.87
C4EuSi3S2,고온,4,91.5,5.7,3.9,10.64,4.77,146.39
CMn4Ir,합금,3,139.12,5.1,5.39,81.97,2.3,11.23
F2Re2U4,합금,3,44.84,3.6,13.05,136.79,2.95,14.03
La3RbAl,화합물,3,140.9,2.5,7.06,47.48,5.36,12.74
TaNb3,화합물,2,120.93,5.1,9.74,4.52,9.53,6.55
BiThRb2,화합물,3,70.19,1.6,4.66,25.84,1.22,6.99
Nb3B4Sm,합금,3,159.74,2.2,15.69,15.53,6.94,7.07
Si3AlIr3Hg3Lu2Tm,고온,6,114.05,3.5,5.11,4.98,7.88,127.86
PtHg3,합금,2,54.47,3.5,15.66,61.71,10.18,6.54
Hg3Si4,합금,2,148.01,3.4,3.27,45.91,1.65,5.17
Sb3Ce2Al3Rh3Ge4,고온,5,35.53,3.1,6.26,10.98,10.39,108.23
FeYPb,수소화물,3,40.47,4.7,4.69,62.54,7.11,155.34
Sm2Mo4Cr2Na,고온,4,55.42,5.0,8.66,14.3,10.5,158.65
FPd2NiTaBi2Be3,고온,6,54.08,2.4,3.86,6.29,3.8,96.56
IrNa3,화합물,2,31.01,4.3,8.4,4.93,7.22,27.16
TiNi2C4Rb3,화합물,4,114.04,2.6,7.44,41.08,2.74,5.0
ONa,합금,2,64.15,1.7,2.9,147.17,8.79,4.0
Ho3Sr2Rb3Ni,화합물,4,156.12,4.4,10.75,46.63,2.8,10.49
P3CdDy2,화합물,3,67.61,4.4,6.17,22.94,11.62,5.49
ErNa4,합금,2,62.93,3.8,7.8,129.88,10.01,9.23
Ca2As3Ag2,화합물,3,98.46,5.8,11.57,48.84,8.23,12.15
BaLa,화합물,2,145.4,3.6,9.11,28.0,4.22,13.5
ScMn4,합금,2,53.76,4.0,12.06,41.84,3.6,6.13
PGd4Sn2,합금,3,177.53,4.8,10.17,67.02,11.07,7.35
CeAsC,화합물,3,24.13,2.4,8.71,30.96,5.73,6.59
C2,원소,1,115.58,3.0,7.1,117.57,4.94,1.87
EuGa3CsBe,고온,4,102.75,3.5,7.91,6.76,12.64,50.79
Pb2YAs3Mo2,화합물,4,23.95,4.6,4.52,10.1,11.2,6.72
Cr3Tb2Ni2,화합물,3,38.22,3.3,6.86,43.34,5.16,10.11
BeTe2,화합물,2,28.04,4.5,9.97,41.62,7.81,12.01
Re3Sc3Ru3Ti3Th3Ir,고온,6,42.15,2.9,6.38,10.47,14.43,84.23
Dy2Re,화합물,2,71.29,2.3,12.17,28.63,12.58,25.89
Cs3AlSiRe,화합물,4,60.87,3.4,8.53,41.29,12.6,11.18
Dy2Hf2C,화합물,3,71.25,3.7,10.87,1.11,14.3,1.79
FeNa3,합금,2,25.69,4.3,9.94,136.14,11.85,6.61
La4IrZr2NaGeRh3,고온,6,112.88,5.2,3.97,7.03,0.24,147.68
As2SmF2Fe2H,고온,5,88.79,1.8,3.54,14.52,14.53,84.29
Eu3PdHg2S,화합물,4,128.13,5.0,6.76,15.34,14.81,17.51
Ga4AgSrMn3CaO,고온,6,49.19,4.0,8.81,9.21,0.7,34.06
Ta4Gd2SrEr3Rb2,고온,5,33.5,5.6,6.44,9.47,9.62,147.84
Er2Os2Ir3Ca2,화합물,4,36.15,2.5,3.0,48.81,0.57,38.19
Os2V2EuTiU,고온,5,50.25,4.0,7.2,14.9,5.59,108.11
Bi2Al2,화합물,2,41.38,4.9,4.78,11.94,10.39,6.77
Pt2Ta,화합물,2,111.63,3.2,9.94,38.16,4.39,5.5
Sm4B3,화합물,2,44.46,3.7,3.79,20.48,0.78,4.81
AsBiHfSe4V2O,고온,6,124.18,2.2,3.16,3.13,9.71,162.93
FCs3,합금,2,67.93,2.1,11.46,62.96,12.46,2.04
Ge3Mn3WInCe2,고온,5,123.97,1.7,5.11,7.96,14.27,106.05
B3As4CaTl2Li2Dy3,고온,6,118.21,4.6,6.76,2.42,9.2,110.46
Te3,원소,1,144.24,2.0,11.71,32.84,6.37,2.82
MoPb2CuInCr2V3,고온,6,49.73,5.9,8.15,6.14,5.89,45.88
TiHf3,합금,2,30.88,4.7,14.19,22.95,2.98,12.17
HgAs2,화합물,2,124.67,4.2,11.81,27.75,8.7,16.91
Mo2S3N2ThIn4,고온,5,120.5,1.6,8.11,1.37,5.11,140.02
TlPb2Ba2,합금,3,160.25,4.8,4.75,112.14,1.56,8.66
LuNiCaCd2,고온,4,82.4,3.4,8.24,7.18,7.23,159.38
FeSm2Pr4Pb3,고온,4,48.93,2.4,8.76,2.0,10.27,52.84
TiTl3,화합물,2,85.31,2.2,6.87,33.4,7.53,11.27
Li,원소,1,236.31,3.0,12.57,258.07,4.31,4.77
AlMoSe,화합물,3,106.31,5.6,10.26,30.29,5.74,7.25
RuTa2,화합물,2,46.85,4.6,9.92,19.25,10.85,6.7
S2Ce,수소화물,2,27.73,2.1,4.19,53.18,8.34,114.11
Ho2Tm3Yb3O4,화합물,4,29.0,1.8,7.33,43.41,1.5,3.94
RbZrYb,합금,3,176.45,2.0,14.23,80.49,1.48,12.62
U2HfCa,화합물,3,28.71,2.3,13.17,15.77,8.35,16.32
Os4Fe2Nb,화합물,3,121.4,3.5,2.82,35.5,6.97,3.56
CsSbPrSn2,고온,4,67.43,5.8,7.68,9.11,5.35,34.38
Pt3U2Sb2,합금,3,94.67,5.0,13.09,8.0,7.65,3.48
SB2LaCe2,고온,4,131.06,3.2,8.94,13.66,12.2,60.64
Nd3Lu,화합물,2,27.95,4.9,3.41,21.54,14.74,6.89
Pb2Bi4Nd3,수소화물,3,29.08,1.7,1.27,45.59,0.12,233.96
FZr3Li,화합물,3,86.51,5.4,8.48,30.3,0.21,22.46
Ge2Tm2PMn2,화합물,4,55.08,2.5,3.73,19.86,14.18,2.78
F2Sc2OsK3,고온,4,41.76,4.8,3.88,12.58,7.35,126.49
B3SPd,합금,3,175.85,2.7,4.81,128.49,13.74,13.93
SiCScCd,고온,4,74.55,5.8,3.78,6.77,11.78,117.72
InSr4,화합물,2,129.05,5.7,5.08,11.76,0.89,8.94
As2,원소,1,163.42,1.0,17.68,156.24,4.65,4.57
Pt4Ti4MgCa,화합물,4,153.47,1.5,13.26,1.02,13.77,12.87
Ag2LiSm3,화합물,3,141.96,1.7,7.44,38.58,10.55,6.35
S,원소,1,25.48,2.0,5.74,155.13,9.43,5.61
NIrLaSn,화합물,4,34.29,3.4,6.69,17.52,13.97,17.63
PbPr,화합물,2,33.37,2.6,9.7,0.73,14.16,8.1
Pb2Sb3,화합물,2,32.45,4.6,9.16,34.25,13.08,11.92
Ho2,원소,1,213.16,2.0,20.74,284.88,1.87,9.18
EuSiIn3Gd3PdHg2,고온,6,42.35,3.6,5.59,4.19,6.07,90.93
Bi3Te3Cu,수소화물,3,13.43,5.0,5.96,57.28,7.24,234.53
Ir2Cr2Dy2,수소화물,3,20.35,2.5,4.4,53.69,6.83,154.94
Ta4Ga2Dy2Fe2Cd2,고온,5,73.77,3.5,3.76,6.55,1.85,99.77
LaFe2C,합금,3,103.61,3.6,13.5,56.36,4.18,38.92
AlTl3As2Fe,고온,4,113.99,5.1,4.73,1.78,3.33,158.05
Al,원소,1,94.63,2.0,17.47,180.13,0.88,0.0
Bi,원소,1,39.57,4.0,18.68,363.92,8.92,0.0
Co2BaCd4,화합물,3,122.57,1.8,7.54,28.92,3.78,1.81
Ca2RuPd2Mn2,화합물,4,26.07,4.7,3.09,41.9,4.72,3.74
ErYb2Re2Eu3W2Ge3,고온,6,79.58,2.0,4.72,8.74,4.25,127.56
TiTh,화합물,2,53.18,4.8,4.28,26.24,11.2,15.74
Pt3GdLi,화합물,3,107.71,1.8,9.03,31.27,6.68,14.69
V3RhMo2,합금,3,30.59,4.6,6.63,89.65,7.66,1.63
YAl2,수소화물,2,43.26,3.3,5.72,35.99,6.6,290.31
Hf3Y,화합물,2,95.74,3.8,7.56,34.7,5.96,5.85
Pr2Sm,화합물,2,70.44,3.9,12.2,44.34,14.3,4.59
OU,합금,2,43.49,3.5,15.46,104.61,6.39,6.79
EuMn3Ru4MoCuTh,고온,6,71.73,2.6,3.41,8.35,7.98,76.98
Ru3GaSn2,화합물,3,131.58,3.3,9.16,19.32,7.92,8.36
BaNb3Tl2,합금,3,104.67,3.6,15.65,115.42,9.6,12.33
N2Ir,합금,2,55.61,3.5,4.17,57.72,4.55,17.61
YbMo4B2,화합물,3,147.63,3.6,7.06,31.89,6.4,1.0
TeSm2RuTb2,화합물,4,103.39,5.5,9.64,4.12,5.97,7.83
Mn2F3Ag4,합금,3,96.81,2.5,8.37,57.25,9.07,3.76
Hg2Fe4,수소화물,2,8.68,3.1,2.47,20.6,3.94,110.96
LuCd2Co2,합금,3,95.62,5.6,3.25,117.74,1.35,21.15
Pd3Cs2SAs3,화합물,4,43.8,4.7,4.27,11.83,14.45,14.76
Cs4Mn3KIn3Mg3Li,고온,6,82.76,4.6,6.62,9.61,9.42,145.15
PbAlInBi4,화합물,4,121.9,3.3,2.2,12.07,11.69,13.36
K2NiSr2Tm2,화합물,4,98.71,2.8,8.05,16.94,1.84,8.76
W2Ga3,화합물,2,45.0,2.4,4.36,22.45,7.46,0.0
Nb2BaMo,합금,3,135.81,2.0,10.51,114.75,11.21,3.61
NAs3,수소화물,2,33.6,5.3,2.69,15.08,14.2,159.47
Hf3Zr,화합물,2,112.84,3.7,3.22,12.69,14.14,10.87
Th3SV3Ca3Co2Sb2,고온,6,121.89,4.9,8.08,2.26,3.24,129.54
Rh2Al2,합금,2,63.26,4.8,2.42,37.15,1.43,5.4
Ho2PrIn4,합금,3,72.18,1.9,7.54,77.81,12.83,14.72
Mn3,원소,1,141.24,5.0,13.61,140.39,4.13,4.73
GeSr2K,화합물,3,151.97,4.0,11.6,35.09,11.99,5.73
Be2Ti2,화합물,2,102.81,3.4,13.55,28.77,4.69,8.6
Eu2NSb2HoTh,고온,5,37.3,2.0,8.19,3.54,11.31,162.57
BiDyTl4,화합물,3,139.01,3.9,2.9,24.42,7.46,9.68
Na2Pd3,수소화물,2,22.29,2.5,2.95,55.16,12.24,246.87
Mn2Ce,합금,2,60.91,2.0,4.95,73.05,13.66,3.15
Ho2Mg3Cr3KTe4,고온,5,104.83,2.3,6.5,7.83,0.32,41.26
As2Y4HoCd2Ru2,고온,5,82.95,5.9,3.92,7.68,1.89,72.86
FIr3Pt2YYb,고온,5,87.14,3.8,8.1,9.02,10.69,161.97
Mo3Na2TaThGaAs,고온,6,51.42,2.7,6.68,14.71,0.45,65.05
Na2Ca2CdCu,고온,4,58.8,5.3,6.37,9.21,9.82,141.17
B2Ir2,화합물,2,30.18,5.2,8.11,6.65,14.18,30.67
MnSc,합금,2,155.65,3.5,2.13,101.01,0.56,14.94
Cs,원소,1,97.11,3.0,2.72,89.95,8.87,7.27
Mn4Eu3W2Cr3La2,고온,5,107.1,4.6,8.96,3.23,14.54,110.71
Yb4Si3U4,화합물,3,21.16,4.4,12.69,20.46,12.35,14.77
NaEuCsSi2Tl,고온,5,90.38,5.2,6.02,10.62,6.31,51.22
Tb2Mo2F2,화합물,3,103.94,3.4,9.54,36.84,4.36,7.29
Hf2TaLa,합금,3,79.45,4.3,12.6,76.66,9.18,5.7
HgHo4,합금,2,134.47,1.6,13.6,136.98,9.82,10.96
MoSbAu2,화합물,3,20.77,1.5,12.95,40.5,4.12,0.59
BaTlLuF2,화합물,4,94.36,5.5,5.25,1.52,0.71,18.42
CrNb2Ru4,합금,3,168.93,2.2,10.33,127.9,12.64,1.78
Zn3SbRh,화합물,3,24.95,5.0,10.14,25.88,10.59,6.86
Mn3,원소,1,81.6,3.0,19.57,394.73,1.93,6.15
CeTe2Si4W,화합물,4,128.58,3.8,13.15,20.57,13.84,15.36
Lu2Tl3,합금,2,136.86,4.5,8.57,37.34,6.45,3.61
C4RuBiSr4Pt,고온,5,52.88,5.1,7.43,11.07,13.96,156.68
Hg2TbCo2,화합물,3,21.37,4.2,8.3,44.27,9.13,2.2
ScHgDyNd3,화합물,4,26.59,5.9,11.45,9.46,10.99,8.34
Si4,원소,1,226.94,4.0,9.48,33.58,5.99,6.2
Ge2,원소,1,237.76,3.0,4.01,330.73,6.75,6.8
MoCeB3,화합물,3,51.23,4.6,6.61,26.42,4.94,4.53
Rh3Gd2C4,화합물,3,150.22,4.7,5.17,9.81,8.99,15.31
RhGa4Ho,화합물,3,108.88,2.0,11.22,46.83,13.74,1.47
Sc4NiNb3,화합물,3,14.11,3.0,5.33,27.62,13.76,3.75
IrAu,화합물,2,83.11,4.3,4.77,27.07,14.39,2.38
OsFe4Ho4SmCs2,고온,5,58.09,5.4,7.28,8.75,2.36,93.94
EuTmGd2Nb4Mg3,고온,5,48.4,1.8,6.59,6.62,8.13,80.24
Ga,원소,1,133.18,2.0,16.93,176.54,7.78,4.49
SeTm3As2,화합물,3,58.07,3.6,4.44,43.64,8.96,5.41
GeSc4Ga2,합금,3,128.57,2.4,12.35,100.75,13.06,3.04
Gd4Er2,합금,2,47.99,5.6,5.28,63.19,7.1,27.34
Au3Tm3Re4,수소화물,3,7.35,5.9,4.78,67.92,10.72,105.84
DyC2,합금,2,160.67,2.2,9.55,8.18,14.01,3.24
DyB,화합물,2,36.13,3.0,9.78,36.42,9.34,4.85
UZn4Er2,화합물,3,62.23,2.7,9.96,13.7,6.97,4.3
V2Ir4,화합물,2,62.23,1.8,4.06,10.69,3.45,4.92
YTh2,화합물,2,133.67,4.5,11.15,23.43,9.76,9.24
Ce,원소,1,204.16,2.0,19.32,272.2,8.69,8.27
NbEu2,화합물,2,66.29,3.9,5.42,28.54,11.69,4.0
Sr3W2Cs,화합물,3,130.77,5.6,7.0,6.17,11.76,8.43
Na2Mg,합금,2,154.09,5.2,11.43,23.32,1.51,11.48
Ge2Sb3U2In,화합물,4,58.57,4.8,10.62,44.9,10.69,3.43
Hf4,원소,1,10.25,5.0,11.43,227.01,1.04,1.16
Si,원소,1,81.17,4.0,18.25,161.86,4.94,2.31
Y3V4Rh,화합물,3,19.29,2.6,7.8,39.27,10.46,6.29
Bi4Ho3Ge,합금,3,38.61,5.9,9.45,35.45,1.77,8.71
Lu3In3C4Si2,화합물,4,91.64,1.8,3.49,30.8,11.92,0.0
Eu3SeYb,화합물,3,133.97,3.3,9.1,32.77,10.02,9.98
SrLu2U3LiPb2,고온,5,66.03,2.5,5.06,3.74,5.19,112.93
CEr,합금,2,178.39,2.8,3.22,46.47,10.63,15.02
RuNd,합금,2,105.39,4.9,11.63,42.89,7.02,8.65
SiCe2Be,합금,3,153.3,5.7,2.41,61.52,6.94,9.59
Ti2Ir2S3O,화합물,4,141.59,2.1,3.74,45.81,7.27,2.64
BeMoCe2O,화합물,4,10.56,2.6,13.05,26.32,4.64,5.1
K2,원소,1,118.11,4.0,1.43,234.34,8.85,19.44
Cu2Ga2Mo2Cr2Li,고온,5,124.44,4.2,3.36,11.45,2.38,86.26
Cr4,원소,1,17.0,2.0,6.17,148.64,4.13,2.55
FeEu,화합물,2,118.16,4.3,1.65,1.59,2.41,5.78
Re3AuY2,화합물,3,108.15,3.2,11.9,40.67,8.01,6.66
UBi3AsEu4,고온,4,34.44,2.7,7.86,5.3,8.95,43.4
VSn4Ir,화합물,3,31.2,1.9,6.36,36.73,13.83,41.2
Pb3Mg2ZrEu2Ru,고온,5,37.2,5.4,8.07,11.5,6.55,69.62
Pr3SbBi3,화합물,3,39.86,5.7,2.71,30.91,0.64,9.6
PtCo2AsLi2,고온,4,108.38,3.0,3.84,3.63,9.24,156.87
Te3BaMn,합금,3,100.44,3.7,11.69,124.16,2.89,9.5
Cu2Be2Ta3Nb,고온,4,85.67,5.9,3.23,13.05,6.17,121.04
SeCu,화합물,2,81.94,3.4,5.42,34.69,2.5,4.84
TeTh4Hf2Mn4,고온,4,109.0,2.8,6.73,1.19,7.91,141.14
ZnY3Si3As,화합물,4,151.21,6.0,10.17,28.57,6.71,12.69
CsTe2P4Zr2,화합물,4,77.63,3.6,10.76,16.67,7.62,8.05
AsPSe4,화합물,3,97.52,2.5,10.67,46.61,1.3,2.95
Ho3Li3Pt3Ge2Mg,고온,5,98.59,4.5,8.3,7.91,5.37,89.35
Os2UYb2,합금,3,70.14,5.5,11.44,19.18,1.34,11.55
Rb4,원소,1,211.32,3.0,7.46,249.13,6.26,0.69
Na3Al2Sb4,합금,3,138.44,3.4,7.37,67.72,5.07,17.91
H4Sb3,합금,2,53.4,5.1,9.57,122.39,8.68,9.86
K2U4LaNa2,고온,4,38.46,5.9,4.42,3.64,1.9,150.08
Ba4V3,합금,2,103.03,3.9,4.65,47.32,12.05,19.81
F2Ti,수소화물,2,54.13,4.3,5.77,63.66,8.58,279.62
KCe2,화합물,2,48.43,3.2,10.98,37.16,6.96,19.58
Bi2As3Nd,합금,3,86.42,5.8,12.91,83.32,14.42,6.36
Ni2Rb3Be3Rh,고온,4,112.08,1.8,8.26,13.83,1.82,126.18
TiNa4,화합물,2,109.62,2.2,10.95,30.72,0.52,7.62
H2YbFe3Be4,화합물,4,124.68,5.4,8.72,49.97,2.77,26.17
Te2OV2,화합물,3,59.21,5.2,2.93,42.53,11.19,15.69
IrDy3Ti4,화합물,3,144.11,2.0,9.05,49.7,1.25,4.73
SiRu4,합금,2,114.03,2.9,6.81,6.62,14.34,14.18
NPt,수소화물,2,30.23,5.1,6.2,23.01,10.4,131.77
Rb2S2,수소화물,2,23.65,1.5,2.15,11.08,3.52,113.23
Ba2CdRb,화합물,3,60.56,1.9,13.7,49.93,14.54,20.22
GdDy4Te2,합금,3,43.4,4.0,14.91,23.54,1.2,18.13
P2Sr2Pr2Al2,화합물,4,155.67,2.3,13.03,37.3,0.48,13.21
H,원소,1,89.03,5.0,8.52,376.73,3.13,8.63
Si,원소,1,123.78,2.0,14.56,218.39,6.2,6.74
Co2ScZr4,합금,3,85.44,4.3,6.43,61.8,7.76,3.33
TbRuCs,화합물,3,84.61,1.8,12.56,36.13,10.99,8.94
Cu2Re2BiYbAg,고온,5,49.24,5.3,7.42,4.2,13.85,115.33
Pb2Th2,화합물,2,74.23,2.6,4.44,9.34,12.65,3.56
Os2BeHo2Li,고온,4,56.66,5.1,7.08,8.95,11.93,135.67
NbHoAu,화합물,3,61.7,2.4,5.78,42.66,12.79,2.06
Pt3V3Mg2O,화합물,4,53.35,2.8,12.21,44.46,7.12,11.21
ZrSc3Li4,화합물,3,59.66,2.9,4.42,31.36,12.97,5.12
OsMoFe4,수소화물,3,52.78,1.8,3.52,13.34,11.02,206.15
Nd,원소,1,36.7,3.0,7.16,199.43,4.06,5.24
Dy4V3F2Sc2N,고온,5,139.97,4.7,3.66,1.57,1.62,83.81
Sb4Ga2,화합물,2,153.36,2.0,1.67,15.41,13.92,1.35
MoBi4C,화합물,3,49.72,3.6,6.69,30.72,11.59,22.7
LuRe2Hg3Sr,화합물,4,102.5,3.8,8.75,3.44,0.76,15.66
CeTe4,화합물,2,57.27,5.1,9.97,36.37,6.12,25.92
N2Ti2Re2AsAg3,고온,5,71.36,1.5,6.8,5.68,4.44,70.24
YbPd3Gd4Eu2,고온,4,55.61,5.7,4.45,10.01,9.19,45.23
Zr2Eu3Ce3,화합물,3,19.12,4.7,4.7,39.87,7.46,15.87
RbN4Ge,합금,3,86.57,2.3,7.27,99.6,3.69,0.0
FeLuVSr4,화합물,4,88.48,4.8,5.81,47.4,2.14,18.65
Au3Th4Cs3Te2RuZn2,고온,6,59.98,3.9,7.49,7.22,14.18,130.72
Rh3W4,합금,2,135.4,5.3,7.7,68.3,1.56,13.6
Dy2Pt2,화합물,2,146.51,3.6,2.15,46.92,5.77,3.99
CuSbTe,화합물,3,16.16,2.3,12.55,19.87,8.34,4.02
Ta3OHf4NbAs2B3,고온,6,118.83,4.7,6.6,8.72,7.07,73.13
SbPtZr2,합금,3,59.8,3.1,2.61,140.45,10.42,0.24
ReCu4,화합물,2,33.15,2.6,6.21,33.44,14.44,2.42
Ni3Nb3GeAl,고온,4,58.26,1.6,5.15,14.12,1.16,68.67
LaAl2In4,합금,3,177.76,5.5,8.17,118.68,11.43,6.51
Hg3Sn3Nd4,합금,3,130.83,4.6,5.84,64.81,6.41,11.04
Tm3Yb2Zn3,수소화물,3,18.69,4.8,2.08,10.63,2.83,144.85
H2Be,합금,2,134.09,2.6,11.05,135.92,4.82,16.63
Yb4SbGeBa2,고온,4,84.93,3.0,7.63,13.86,8.42,127.81
Cr3DyGe4,화합물,3,144.77,5.5,2.58,15.76,11.26,15.89
LaIr3,합금,2,149.38,4.4,3.03,80.5,6.9,10.05
HGa3RhSe2Sn2,고온,5,63.95,2.3,4.43,11.78,5.28,152.12
CGd,화합물,2,137.73,5.4,10.92,35.67,8.08,19.04
F3N,화합물,2,157.61,2.5,6.68,29.93,2.95,14.62
W4As,화합물,2,153.76,3.2,10.45,17.56,1.59,12.33
Eu3Mn2Mo,화합물,3,26.86,2.1,8.12,33.38,6.26,1.95
ThEu3,합금,2,167.22,5.5,11.26,107.24,9.6,14.31
S2TmAs3,화합물,3,106.46,2.4,12.57,24.98,1.88,4.43
ZrTb2,수소화물,2,50.1,3.9,7.29,56.79,6.92,222.34
Rh3W2U2,합금,3,90.9,3.9,2.71,113.17,3.83,9.44
K4GdSc3,화합물,3,152.57,2.1,13.0,30.05,13.12,4.32
SbRe3GeB2,화합물,4,38.61,4.3,6.5,49.77,9.81,19.03
OIr4Sb2MgTb2Ce,고온,6,35.06,5.3,6.94,14.42,7.67,127.91
CdIr3,합금,2,163.54,3.5,14.2,73.59,5.09,9.08
FeBa3,수소화물,2,48.08,1.8,4.02,23.64,6.76,146.64
Ho3Zn3Pt,화합물,3,98.98,1.7,4.82,9.74,10.29,0.0
YbBe3Cu4,합금,3,119.43,1.5,6.13,46.09,1.08,3.48
Co2,원소,1,122.01,1.0,17.99,140.63,7.52,0.68
Cd3Bi4,합금,2,60.22,4.6,14.65,129.41,13.65,7.74
Y2Eu2Zr3U,화합물,4,138.89,2.4,5.02,49.99,7.7,19.11
Mg3F,화합물,2,157.0,2.3,12.73,49.37,11.28,5.49
Nb4SRbRh2,고온,4,139.19,3.4,3.43,13.65,3.56,41.85
Pt4Gd3,화합물,2,139.55,5.9,9.37,45.09,12.93,4.12
CdNa2Eu,합금,3,83.02,3.4,15.18,137.51,10.29,0.81
ONbMoEu,화합물,4,108.27,4.5,3.62,45.25,5.83,4.76
P2CoMn,화합물,3,128.24,5.6,3.54,13.51,3.31,7.36
AgLiRh,합금,3,48.14,3.2,8.94,5.46,10.09,6.72
Be2PbSr4,합금,3,161.36,4.4,10.19,8.98,2.59,4.39
Fe2,원소,1,100.3,5.0,5.23,194.33,5.35,6.13
CaDy3Hg2Hf2AuCu,고온,6,110.55,3.6,8.33,11.06,11.44,115.31
Cs2Eu2Nd4,화합물,3,92.23,3.6,5.19,30.54,13.57,10.29
Rb3GdPr2,화합물,3,135.5,3.2,13.29,28.24,3.76,2.93
Pt2As3Th2RbTaSm,고온,6,66.42,5.4,3.09,2.87,9.81,122.46
BK3GdP2As2Tb3,고온,6,91.85,5.7,6.74,13.57,3.7,130.44
TeSnP3,화합물,3,63.07,5.8,10.8,42.43,11.69,58.62
B2SmBi2YIr,고온,5,37.38,5.8,7.34,2.73,3.5,54.78
Mo3Lu2,합금,2,124.03,1.8,8.24,39.54,9.18,6.05
PO2,합금,2,29.56,3.9,8.27,85.72,12.1,2.32
Gd3Mn3,합금,2,67.88,1.6,12.26,145.56,14.49,6.54
O4,원소,1,198.32,5.0,6.82,356.43,4.54,1.94
ONbSb,화합물,3,85.48,3.7,12.76,49.85,10.02,2.81
BF2Cr2Co2U,고온,5,79.92,2.8,8.35,2.67,6.03,39.25
Ta2,원소,1,123.45,5.0,9.51,44.71,5.14,5.28
Mo4IrO,합금,3,116.12,5.8,6.88,76.1,9.16,12.03
SYb3,화합물,2,102.3,4.1,13.5,20.09,11.66,9.59
Hg2CrPb2La4ErN3,고온,6,39.13,5.4,7.89,10.18,8.6,125.8
Nd2BeSn3Li,화합물,4,145.97,1.5,1.57,4.47,2.29,7.11
Os3LiSm3,화합물,3,73.93,1.8,8.01,22.96,4.74,10.41
Ba2,원소,1,201.84,3.0,14.86,94.93,3.9,1.44
HfNa3,합금,2,94.32,3.5,11.62,43.07,3.46,5.93
Te2Ta,수소화물,2,21.27,5.6,4.42,46.52,6.07,181.51
NdCd,수소화물,2,44.85,2.1,5.05,42.35,3.36,222.0
P2,원소,1,76.39,3.0,17.31,37.83,7.87,4.32
Cr4Fe,수소화물,2,56.77,2.5,6.95,78.95,12.72,193.93
GaPr,화합물,2,26.26,2.0,9.11,22.76,8.56,8.78
MnAlSm4NiU,고온,5,130.27,2.5,3.04,11.56,6.7,32.59
HBe2V,화합물,3,10.02,2.2,6.14,4.65,1.38,3.57
F3Re3Ta,화합물,3,130.96,1.9,4.75,27.97,5.74,6.63
Co4Mg4Bi4Cs,화합물,4,114.48,5.4,2.04,41.48,4.02,8.66
Pd2Eu4Sc3Bi,화합물,4,149.59,4.8,8.66,14.27,3.97,7.39
CrGa4Ge,합금,3,52.89,3.3,15.72,124.39,10.42,7.84
Cd,원소,1,124.75,2.0,8.97,3.1,7.02,0.0
Nb2NaS3,화합물,3,42.53,3.5,7.08,2.4,8.28,13.69
Ta4CsMn,화합물,3,23.92,5.2,12.6,29.8,0.82,8.43
Ag2DyTh2,합금,3,159.73,2.4,12.56,36.26,10.45,1.46
Cd3PrFe2Ca,화합물,4,50.82,1.6,5.49,43.22,4.91,5.52
Cs3Sr2Zr4,수소화물,3,26.99,2.4,4.94,26.43,14.0,180.65
Pb4P4F,합금,3,137.71,2.7,9.59,18.47,10.88,3.67
Zr3In2Pt,화합물,3,109.57,5.6,7.71,20.17,6.06,11.42
Tm3RuK2,화합물,3,37.72,4.6,12.97,49.55,3.06,8.17
Tl3Sm2O2MgH2,고온,5,86.22,3.6,8.4,4.14,4.47,130.71
Rh3Nd2,합금,2,88.33,1.6,12.91,77.63,5.15,14.9
InLu4,화합물,2,99.45,4.1,4.88,23.19,12.22,4.58
Hf2OHgGd4Ni3Na,고온,6,82.67,3.8,4.4,5.96,7.71,71.61
V2CuOsHgBe,고온,5,89.8,1.9,5.64,13.32,8.53,52.1
Be2Te2,화합물,2,35.01,5.8,2.58,16.98,3.58,21.71
CoLaBi2Os,화합물,4,117.62,1.5,10.41,45.48,6.43,2.82
Mo3Th4,화합물,2,54.9,3.6,6.82,4.03,5.3,40.58
CaZnErRu4Tm,고온,5,48.54,2.5,7.99,7.98,10.87,156.68
Er4FeMn,화합물,3,69.07,3.4,7.83,40.03,3.92,5.46
Be4,원소,1,79.05,5.0,14.61,236.06,8.44,1.57
Gd2LaIr3ThOs4,고온,5,139.8,4.2,6.65,12.69,13.83,74.02
FGa4Tm,화합물,3,86.58,1.5,7.42,23.91,9.94,15.04
SeCe,화합물,2,62.98,3.4,7.77,26.27,8.38,2.45
Rh4Eu,합금,2,68.47,3.8,5.49,8.45,3.13,6.6
Nb2Pt3Pr3,화합물,3,111.73,4.6,3.99,21.18,3.18,7.31
SeGd4Pd2,화합물,3,54.83,2.5,4.42,29.49,13.22,23.65
Ta2Be2,화합물,2,16.76,4.4,12.98,30.27,4.24,8.25
KRu2Nb2,합금,3,114.11,5.6,6.0,78.13,0.3,1.21
RhTa,화합물,2,34.17,3.0,5.82,16.05,0.19,8.79
FeRh2K,수소화물,3,59.55,3.0,5.96,15.61,7.52,214.44
Er3,원소,1,26.49,2.0,20.81,262.64,3.79,14.01
H2Dy2,수소화물,2,32.55,5.2,1.23,52.8,13.53,217.06
CsEr2Si2,화합물,3,44.87,3.7,10.41,7.84,3.03,13.39
Se4VTeIn,고온,4,44.25,5.8,7.36,6.12,12.18,104.74
K3CaHo4V,고온,4,33.17,3.4,7.63,10.42,10.67,149.16
PdIr4Zn,화합물,3,118.45,3.3,11.39,34.56,9.51,4.25
SiPtZnPrIn4Ca,고온,6,139.14,1.5,6.2,13.0,12.05,104.7
Co3Ru3FeSeO2Eu,고온,6,45.18,5.8,6.83,2.51,10.14,73.06
VSbNi,화합물,3,129.07,3.8,13.73,15.39,12.69,11.21
Ir2Os2O,화합물,3,89.79,4.1,5.19,10.54,3.31,13.67
OsTh2Sn4Sc,화합물,4,41.47,3.1,9.55,22.2,14.4,16.29
Ba2O2MnSn,고온,4,129.24,5.5,3.53,5.91,10.91,141.5
TiCuOs2Sr3Nb4Co,고온,6,89.66,3.1,6.19,9.62,8.5,144.19
Co2CTa2Nd4KLa3,고온,6,73.52,3.4,3.66,2.77,13.54,76.76
KPt2Er,화합물,3,22.69,5.9,5.29,41.04,10.39,11.38
Sm4SbSe2Rb3,고온,4,52.1,5.9,8.6,4.55,11.83,136.64
In2H,합금,2,83.59,3.3,12.66,38.32,7.97,4.67
Nb2Pd3Au2,화합물,3,42.47,5.2,9.21,44.23,9.76,16.61
Dy2,원소,1,231.47,5.0,5.03,210.65,9.4,5.69
Mg4Yb2N,화합물,3,54.77,6.0,6.19,30.81,2.57,22.6
Y3Dy3,화합물,2,140.75,4.0,9.86,0.52,3.39,13.58
Ta2Se2,화합물,2,87.43,1.7,11.28,24.03,7.93,14.17
KW4,화합물,2,114.63,2.5,5.34,7.73,10.97,5.88
Tb2Cs3,화합물,2,22.86,3.1,4.55,40.42,14.94,8.07
Ni2Mg2,화합물,2,57.36,2.4,10.26,45.6,7.77,20.39
GdRh4Se,합금,3,108.78,3.5,7.98,21.82,4.53,28.75
Y2Mn3KLu2,화합물,4,52.07,2.1,10.63,42.11,5.77,4.41
H2Pd3Ho4,합금,3,116.15,4.8,10.92,14.86,1.52,9.87
W2,원소,1,139.01,5.0,10.19,16.94,1.53,5.87
KP2C3,화합물,3,48.15,2.9,6.35,49.78,13.63,18.57
As4Cr3Tm4Zn,화합물,4,42.87,5.8,10.02,46.62,3.3,24.69
N3Pb2Os,화합물,3,44.36,4.7,7.86,11.62,5.59,12.55
CeTl3Si2Tb,화합물,4,122.09,1.6,13.15,24.43,3.68,8.22
ErW3Ce3,화합물,3,15.29,1.7,9.8,13.84,13.96,2.37
V2S3Mg4Cr,고온,4,136.57,5.4,8.86,13.63,12.26,104.26
P2Eu3,화합물,2,146.41,5.9,2.24,16.38,4.31,23.05
H3Ca2,화합물,2,58.37,5.1,2.12,18.52,10.33,32.71
Dy,원소,1,182.72,4.0,19.98,210.06,8.44,1.83
Te2Sb2Pb2C2,화합물,4,128.36,2.2,12.34,15.22,2.54,7.74
BTl2Pr2Sn2,화합물,4,115.74,5.7,7.47,28.31,9.37,25.58
Mg2MoV,화합물,3,13.9,5.9,12.55,29.1,5.06,17.57
Al2Pb2,화합물,2,25.97,4.1,12.25,9.92,2.16,18.14
AsPd2Ge3,화합물,3,74.41,5.3,13.94,8.48,13.05,8.06
Ru3As,화합물,2,84.96,4.3,13.52,40.85,6.1,22.16
PHgSb4Tl2,고온,4,31.12,2.3,4.91,1.21,9.86,126.09
TmHg2Si2La,고온,4,77.45,5.7,5.15,6.09,2.85,107.3
Pt4Fe3Zr2,화합물,3,127.36,5.9,8.18,16.81,11.57,42.15
Ag2As2,수소화물,2,43.08,3.2,3.65,52.43,8.64,203.7
Yb,원소,1,123.04,4.0,7.23,316.2,3.26,6.75
Cr3V2,합금,2,66.63,5.0,11.13,111.28,10.32,3.13
O,원소,1,42.08,5.0,21.45,139.43,6.22,6.96
GaF2,화합물,2,136.0,4.9,9.81,45.1,5.11,13.62
YNbN2CrCs3S2,고온,6,64.88,3.2,5.39,9.05,10.49,82.3
Er2Ni,합금,2,76.09,5.4,6.94,18.11,4.24,10.53
OsV4As4Li4LuNi3,고온,6,84.01,3.0,6.86,14.55,4.33,124.38
Rb3,원소,1,219.56,3.0,12.32,178.92,2.59,0.26
TaC3Sc3W,고온,4,123.47,5.5,4.66,3.85,9.77,94.61
SbNd4Ge,화합물,3,114.75,2.3,8.68,40.34,0.86,5.45
U4MoMn3,합금,3,46.24,5.6,10.98,24.07,10.65,19.51
F3Os4,화합물,2,132.49,4.1,8.43,0.62,13.99,14.67
Th3Mo2Be4,합금,3,54.07,5.8,10.27,69.13,1.92,13.3
B2Bi2,화합물,2,59.91,3.5,8.34,15.48,14.94,6.44
Al2Na3Au3Pr2,화합물,4,110.23,2.7,2.79,9.14,6.94,2.0
ReTi3Sr2Te2,고온,4,130.29,2.8,8.11,10.04,9.71,156.28
CsEr3Ge4,화합물,3,126.54,1.7,12.71,44.21,13.62,11.37
VYMg3,화합물,3,87.97,4.2,5.04,13.83,11.66,9.76
Yb3U2H2,화합물,3,49.19,5.6,12.24,43.13,4.21,19.12
C2S3,화합물,2,23.76,5.5,9.52,36.5,9.16,6.71
BiF3,합금,2,33.89,3.3,13.71,6.01,0.38,7.87
Ba4Zr4Ti,화합물,3,59.09,5.4,9.49,41.32,6.76,6.2
SnPbB2,합금,3,39.28,3.5,10.92,57.78,14.53,7.09
Dy2N,합금,2,57.22,4.4,13.47,75.04,8.87,10.41
Ge3RuNb3Ga2,화합물,4,12.94,3.2,2.78,25.14,7.19,6.23
KH3Th,합금,3,81.08,2.9,5.09,78.45,6.5,14.89
Gd3Ag3,화합물,2,84.78,4.8,10.72,2.82,0.27,16.83
S3Pd3,화합물,2,116.28,5.7,2.41,35.02,14.73,13.47
H3Tm2Mg,합금,3,159.44,3.3,11.75,118.21,4.31,3.61
Au3U3Zn3Se4,화합물,4,140.84,5.9,11.26,6.58,6.14,11.73
PGe4,합금,2,110.06,3.7,10.51,90.9,2.87,5.65
In4U3,수소화물,2,50.08,3.4,3.38,19.26,3.29,231.46
ReIrGd,화합물,3,122.88,4.7,2.94,40.13,12.89,29.89
F3Eu3Ta3SiTh3Mn2,고온,6,93.9,5.9,7.28,14.02,5.29,72.81
UPb2,화합물,2,98.16,5.7,13.94,15.07,2.6,18.0
Se4,원소,1,140.67,3.0,18.26,368.05,6.14,1.86
V4RhWHg,화합물,4,125.18,5.9,6.82,3.39,1.72,20.51
O2H,수소화물,2,8.06,3.7,4.64,75.95,6.26,212.19
U2Nd3Zn3,화합물,3,17.91,3.5,12.9,49.31,14.58,30.14
Zn4Sc2CeW3Ho,고온,5,36.13,2.9,4.49,3.18,13.28,54.88
ZrPd2Ni4Ba2,고온,4,44.84,3.9,4.82,1.21,3.68,151.24
B3Ir,합금,2,126.35,1.7,12.89,23.65,12.95,16.77
TmTb2,합금,2,53.15,2.4,5.77,66.61,14.39,15.04
Mo2W2Re2,화합물,3,35.5,4.3,3.32,36.07,3.21,7.33
WMgRe,화합물,3,56.94,2.3,2.43,18.93,1.1,4.56
CdAs4ZnAu2,고온,4,35.83,2.1,3.62,12.41,11.93,108.88
AgV2Te2Li2PrTm,고온,6,30.77,3.1,4.48,4.54,5.81,101.29
Ir2Pb3Rb2Sm,화합물,4,38.79,3.3,12.41,30.35,6.02,7.71
Co3Ir,합금,2,107.59,5.2,7.75,91.43,12.45,6.71
SnC3Re2TaP2,고온,5,48.07,4.5,6.63,6.17,14.54,119.78
VCe4B2,합금,3,105.07,5.5,14.32,119.49,7.31,5.79
PrPd3H4BEu2,고온,5,123.29,3.7,5.61,11.23,7.19,151.29
HTiAu2,화합물,3,16.3,3.7,6.79,9.16,0.28,6.91
Os3Cs2Sb2Si,화합물,4,98.71,4.3,4.14,12.18,13.17,10.0
IrBeN,합금,3,101.7,4.0,5.73,134.04,12.35,7.11
C3Sn,화합물,2,38.39,1.7,7.28,9.78,3.38,1.35
Mg2SbNa4Hf4,화합물,4,101.27,4.2,5.85,20.92,6.78,2.7
DyN,화합물,2,80.77,5.9,13.48,23.42,3.44,6.81
Hg3Se,합금,2,121.84,2.6,3.64,138.79,12.31,0.86
HEr2WCs3,고온,4,83.02,6.0,6.75,5.26,5.37,163.53
TiSrN2Dy3Cd,고온,5,117.95,4.2,8.9,14.8,8.3,91.68
Sm4Mn,합금,2,23.49,1.6,13.43,90.31,4.05,1.67
ReMn3Rh4,합금,3,158.02,4.4,15.65,103.33,10.58,10.11
Bi2,원소,1,94.44,2.0,14.9,54.27,2.76,0.0
LiHf,화합물,2,40.53,3.4,8.86,5.92,1.49,17.64
Pd2FZr,화합물,3,64.47,5.9,10.81,17.29,12.34,10.16
Mn4Li3F,화합물,3,143.82,4.3,3.47,44.72,9.57,6.27
SrLaHo,합금,3,64.91,4.4,9.1,35.01,13.23,3.67
Pb2As3,화합물,2,111.6,2.7,2.28,1.11,2.33,9.38
Si3Ge3VZr2,화합물,4,65.06,2.4,8.38,40.81,4.4,13.36
Pt3P,화합물,2,109.12,4.9,3.12,7.81,6.22,9.15
Ge3P3,수소화물,2,38.57,1.6,4.97,64.05,1.89,199.93
CoSm4,합금,2,69.48,4.8,7.84,27.05,14.39,3.93
UInYb4,화합물,3,42.74,3.1,6.55,45.52,4.27,5.41
BeNbU,화합물,3,34.85,5.9,12.1,6.2,4.76,14.07
Bi2Y3,화합물,2,120.45,3.6,11.08,21.66,7.79,7.72
Hg4Co3Na2,화합물,3,132.5,2.6,11.45,30.59,11.74,1.0
Cr2U2Cs2,화합물,3,136.75,2.3,5.72,35.78,1.38,0.65
YZn,수소화물,2,1.58,5.5,4.87,19.32,5.38,241.02
CaNi2Ta3,합금,3,25.13,3.6,3.14,47.47,3.0,0.0
Nd2Cd3Yb,합금,3,37.7,4.8,12.35,56.41,12.8,4.0
ReLi4Ho,화합물,3,68.41,5.4,8.91,42.78,11.71,16.48
ReW3ScGd2,화합물,4,119.02,4.5,6.46,24.38,8.45,3.57
Ta2PrEu3,합금,3,40.48,1.8,9.99,63.8,2.05,0.0
Tl2,원소,1,71.39,3.0,22.0,17.54,5.87,0.6
ZnBe3,합금,2,177.99,3.4,14.87,87.32,12.98,0.0
NdGd3AgP,고온,4,113.81,4.3,4.99,1.67,1.95,83.36
Pr2Mg,합금,2,68.68,2.6,2.03,119.03,13.05,0.0
S2PdSn4Re,화합물,4,60.42,1.7,9.4,32.76,6.92,4.0
Ag2Be,합금,2,162.7,4.2,2.86,53.57,14.34,10.86
U2Mn,화합물,2,132.28,3.5,2.67,9.09,6.74,7.34
In3,원소,1,180.96,5.0,9.8,266.96,5.23,11.75
SiEu3Te3,화합물,3,71.6,5.7,6.2,32.86,7.2,14.0
Mg,원소,1,96.66,5.0,6.4,129.11,1.11,3.37
FBBeBiIn,고온,5,63.26,4.4,3.83,4.15,11.24,157.1
ScMn2Rb,합금,3,123.77,4.5,15.84,58.77,14.48,7.66
Zr2TiLi,화합물,3,108.87,4.0,10.93,32.34,5.91,21.05
Nd3Mn3CeO2,고온,4,130.9,3.7,7.02,4.09,12.85,134.42
Mn2O2As3,화합물,3,55.69,3.1,3.16,7.62,12.72,7.03
ZrIn3SrPd2,화합물,4,108.53,4.9,5.03,27.93,12.16,7.21
Ba4La2,화합물,2,45.14,4.1,9.84,6.8,12.39,3.73
GdFSe3As2,화합물,4,44.18,4.6,7.19,10.38,14.72,17.47
SnGaIn,화합물,3,40.2,1.9,7.18,45.61,7.37,23.15
Si3Sc4,수소화물,2,47.86,1.9,4.34,38.72,13.24,249.03
AgY2,화합물,2,125.32,4.2,10.61,34.85,2.33,3.23
PdNiZr2,화합물,3,118.59,2.5,4.96,36.0,7.67,7.23
Sr2NdUC,고온,4,103.45,4.1,4.46,7.99,7.0,114.48
DyGaN2Ge,화합물,4,29.56,1.6,1.82,26.3,13.83,1.89
Ta,원소,1,62.42,1.0,5.55,263.03,8.54,0.0
Ni2Tm3C3H3,화합물,4,83.24,2.7,10.84,45.43,11.41,3.64
Eu4Bi2,수소화물,2,51.84,5.0,7.49,49.0,0.79,121.46
N2Te,합금,2,69.67,5.5,11.02,56.32,12.36,4.53
RhTb,화합물,2,86.12,4.1,6.47,26.04,9.93,13.8
GeBa4Se,합금,3,60.91,2.6,15.84,77.4,7.56,2.72
Tm3NK,화합물,3,32.53,4.0,3.85,48.6,10.95,6.17
Nb2Tl,합금,2,79.22,4.5,14.22,121.47,12.91,5.62
PtDyRuMg2,화합물,4,16.99,4.9,10.21,10.59,13.5,28.24
AuNi4Ru3N3Sm3Pb2,고온,6,30.87,3.2,6.11,7.57,9.58,53.5
Te2Hg3ZnCo,화합물,4,125.29,3.4,2.76,29.62,6.89,9.67
Al2SiNb,화합물,3,54.03,3.0,11.96,34.78,10.94,17.27
LuPHo4Hg2O3,고온,5,40.73,1.8,8.88,11.78,13.43,59.99
Li4Be3CdHf,고온,4,36.66,2.6,8.25,1.22,2.89,62.35
Pb2Ir2,합금,2,123.22,5.0,6.79,131.56,6.12,19.13
AuSm3B3,화합물,3,144.92,3.2,13.99,12.3,11.94,10.71
Bi4Mo2,합금,2,82.96,5.3,15.62,114.16,1.59,20.27
Sn2Ho3,수소화물,2,36.2,1.7,3.54,30.61,3.04,189.34
ZrYbGdTl2,고온,4,116.02,5.5,6.25,10.08,1.66,79.75
Tm2C2Se3,화합물,3,133.55,5.3,13.0,44.91,3.03,7.0
NHoGe2AgPbTh4,고온,6,50.78,2.2,8.1,7.03,2.54,145.95
CdSbCo2Pr2,화합물,4,128.43,3.9,4.7,32.83,4.62,5.82
Pt2Se2Zn,화합물,3,94.31,4.9,8.9,19.41,6.43,25.72
Pt2Lu2Hg4,합금,3,150.33,2.3,12.99,38.76,9.85,9.01
Sm3EuSbCs3Ni,고온,5,41.3,4.3,4.07,1.18,11.31,88.57
P4V3,합금,2,83.58,4.1,9.63,98.96,3.41,5.9
NbBeTiCr3F3Cu2,고온,6,74.82,4.1,7.24,6.75,5.6,46.11
Sm4Tl2Lu3Sn2K3Au3,고온,6,67.39,5.1,5.9,8.35,10.3,76.38
ZrBa2Cd,화합물,3,17.68,4.3,1.57,16.66,14.28,3.48
Co4,원소,1,82.41,3.0,21.38,199.36,7.27,5.03
YbPd2Mn,화합물,3,50.08,1.7,11.25,38.5,9.18,5.19
WTlAg2,합금,3,109.15,2.4,8.8,63.06,7.09,0.49
HgAu3Sn,화합물,3,68.25,5.2,10.59,31.83,2.04,17.53
Th3AgRe2,합금,3,102.63,1.7,2.92,22.02,3.87,2.45
Pt2Re2Mg2NbMnBa2,고온,6,55.74,1.9,5.24,12.37,2.31,31.75
NaNGdHg,화합물,4,52.84,2.7,8.97,33.99,0.72,22.5
YbEu2,화합물,2,71.32,1.9,5.32,46.25,2.61,12.84
Lu2Th2,화합물,2,21.3,3.9,5.31,42.72,12.79,16.41
SmNi2,화합물,2,24.63,4.2,9.21,24.2,10.52,8.08
W3Cr4H,화합물,3,99.43,5.3,7.48,18.99,13.61,7.33
GaS2O4,화합물,3,73.55,2.4,13.3,28.99,2.37,10.1
BiAu4Mo2Rh,고온,4,126.35,2.9,4.69,11.38,12.29,94.41
Re3Er3Hf4Sb,화합물,4,99.86,4.1,2.61,6.9,12.5,2.76
CdSc2Eu,수소화물,3,17.96,5.5,3.15,69.57,14.72,150.32
Tb3B2VAuYb,고온,5,91.13,4.8,4.73,8.21,6.36,134.26
Cd2Dy3,합금,2,39.93,1.9,2.92,101.92,12.42,6.1
Tm2BaHg2Na2B2,고온,5,90.61,1.7,7.01,8.49,11.72,82.54
Nb2V,합금,2,106.6,3.8,12.38,145.76,1.25,8.88
Ni3NCd3Ru2PrPd2,고온,6,35.82,3.5,3.02,9.4,0.76,105.14
Pb3Ga,화합물,2,29.76,4.4,2.88,48.59,3.12,8.85
CdRbN2Pt4MgGe3,고온,6,61.89,2.8,6.42,13.84,14.71,86.51
Cd2Rh4Ru3Se,고온,4,69.95,3.2,7.67,7.13,3.47,39.6
Y4NFHg,고온,4,103.77,2.9,4.5,12.86,12.15,110.69
EuRh4Cs2Mn,고온,4,59.17,2.1,5.88,4.78,14.94,116.29
Ag2PdNi3Sc2,화합물,4,153.17,3.0,11.8,0.94,6.51,6.94
MoNa4,합금,2,139.67,2.1,11.93,40.67,9.61,5.68
CeDy2Ir2,화합물,3,42.66,5.4,5.44,32.62,0.13,5.16
Os3Hg2,합금,2,149.47,5.2,9.46,105.96,1.96,20.33
Gd2Ce2Co2,화합물,3,82.65,3.6,5.67,43.42,12.9,24.86
K3W,화합물,2,108.67,1.7,5.14,29.15,6.44,6.3
MnGd3Rb,수소화물,3,38.2,6.0,1.16,11.01,2.06,105.49
Pr2WCu3,화합물,3,18.35,2.1,6.86,25.54,6.73,3.57
VBePt3HNd,고온,5,112.56,4.7,6.77,4.64,1.83,58.76
Ge2C3,합금,2,109.15,4.0,11.43,110.16,9.31,6.42
Al4Ca4PrB2Tm,고온,5,32.83,4.4,8.91,7.37,8.11,129.85
Os3Pt3Dy2CsB4,고온,5,34.64,2.4,8.2,8.79,0.64,146.89
Ga4MoP,화합물,3,78.79,2.7,7.69,40.67,10.54,9.28
S2LuMo2,화합물,3,126.19,4.1,10.71,25.8,12.61,0.87
UPCr2MoEu2Sn,고온,6,118.97,5.9,6.61,7.7,0.4,66.69
MoPb,합금,2,30.94,1.9,6.27,15.48,14.17,2.55
Al4BiRb,화합물,3,82.7,4.0,10.74,31.46,14.83,12.9
Pb2Sm2Ho,화합물,3,38.28,2.9,2.39,14.65,11.52,3.59
Sc3Sm2,합금,2,139.59,3.4,4.13,146.99,12.57,10.44
SmYB,화합물,3,84.54,1.9,7.59,39.17,8.94,5.4
Rh2,원소,1,74.46,2.0,11.29,266.35,9.41,3.72
Cs4,원소,1,188.28,3.0,21.62,324.14,2.4,3.32
BeZn2,합금,2,89.46,4.3,13.21,53.86,10.45,16.19
B2WRe2,수소화물,3,46.58,4.7,3.39,52.6,6.86,111.37
Cu3Ir2SGd,화합물,4,69.39,5.1,9.4,9.99,9.11,7.29
PrBa,수소화물,2,34.69,3.8,2.85,23.92,10.43,214.72
Nb2N3SK4,화합물,4,129.84,2.3,6.07,13.52,9.3,12.13
Sm3OTm,화합물,3,123.25,5.6,9.41,46.12,3.43,22.95
Pd2SmNi2Gd2,화합물,4,131.46,4.2,11.43,25.48,13.93,12.05
TbPdTa,화합물,3,13.53,2.7,4.02,46.69,6.05,6.13
U2Se3,합금,2,152.12,3.5,5.22,57.22,2.64,4.02
Yb2Sc2Eu2Ni2,화합물,4,129.22,2.1,4.96,39.45,5.22,12.8
TlLa2,합금,2,145.26,3.6,4.98,115.34,11.49,11.33
Zn3CrMn2,화합물,3,87.28,5.6,5.26,48.9,2.49,17.53
BiSm2Gd3,화합물,3,132.88,1.6,6.17,25.22,2.04,18.9
Rh4Ti,합금,2,26.4,3.4,5.01,41.99,9.7,5.75
Li,원소,1,172.78,3.0,5.28,192.59,8.87,3.42
Pb3US3Lu2Ag,고온,5,42.16,1.8,4.38,3.44,13.6,53.41
KSb,화합물,2,39.03,6.0,3.1,30.56,1.62,7.3
Pd,원소,1,20.46,5.0,11.5,330.17,7.35,13.24
RePr3,수소화물,2,8.68,1.8,2.33,22.61,13.55,132.3
Li3,원소,1,221.86,1.0,6.04,264.8,9.26,0.0
TeGd3P3K2,화합물,4,134.6,3.1,3.14,32.24,11.05,12.81
ZnN2,수소화물,2,48.34,5.0,1.28,23.75,5.22,114.55
B3Cu2Sm,합금,3,138.33,4.3,13.91,59.95,10.72,4.75
SnGd3,합금,2,115.05,3.2,2.09,36.71,3.88,0.0
Au3Te,합금,2,127.85,2.9,7.02,25.7,13.22,0.55
PdZn,화합물,2,53.69,3.0,7.75,37.0,6.52,50.07
Al2Th2,합금,2,107.7,4.4,6.42,141.67,14.15,4.16
ScAs2,화합물,2,137.73,4.6,5.08,12.75,6.47,9.31
Sc2,원소,1,229.1,2.0,5.13,81.1,9.86,8.25
CoTa,화합물,2,85.61,4.4,5.51,14.77,5.04,17.56
Tb4Bi2,수소화물,2,58.05,4.1,1.81,8.03,0.75,128.54
Nb2F3Y3NHRe2,고온,6,109.62,3.3,8.06,14.85,4.6,106.89
Sn4Mg2Ta4Hg2,화합물,4,80.94,2.7,8.86,29.31,7.03,11.23
Ni2YCu2Os,화합물,4,37.76,5.2,9.35,38.75,0.36,2.3
Mg3WPdSn,화합물,4,33.86,2.4,1.75,21.18,4.52,34.54
Ti2C2Ag,화합물,3,43.56,4.1,11.34,16.94,13.97,13.51
Au4BSb2P,화합물,4,146.23,3.1,13.17,23.45,6.53,5.65
ScCePr2,합금,3,99.86,3.0,14.35,23.53,5.54,3.86
CeTa4Cr2AgCs,고온,5,87.16,2.3,4.77,13.58,0.31,136.19
K2Os2Ge2Li2,화합물,4,123.48,2.5,2.12,34.77,11.67,5.6
TlTe,합금,2,170.23,1.6,13.36,18.12,14.85,0.0
Fe2U,화합물,2,68.03,2.2,4.08,34.98,5.34,3.31
CuEr2Ba,화합물,3,40.75,5.2,6.41,21.52,13.6,6.51
Ru3Th3SbCe2F3,고온,5,84.88,2.7,8.22,3.52,7.66,52.34
HfC3Au3YFe3,고온,5,70.05,2.4,3.19,10.12,9.51,144.68
HTa4Cd2Tl4Ca,고온,5,57.55,2.2,7.01,6.16,4.92,82.65
U3,원소,1,179.36,2.0,18.6,117.14,1.01,2.32
La2HgZn3,화합물,3,157.71,5.0,11.0,36.22,5.39,17.42
CsTh2CrPt4,화합물,4,129.77,5.1,8.85,35.98,5.78,2.58
Ca,원소,1,196.39,3.0,14.99,32.2,9.36,6.79
YCu4Pd3,합금,3,148.73,4.9,11.56,65.25,12.4,5.83
La3Ni4Ho3Os2Se2,고온,5,115.59,1.7,4.04,7.14,11.84,100.45
As4U,합금,2,172.14,5.6,7.53,25.33,12.76,1.15
Na2HgBi2,화합물,3,84.76,3.1,8.29,48.59,13.42,15.71
BBa2,합금,2,91.61,1.6,14.95,57.58,14.77,6.44
V4,원소,1,129.43,4.0,16.48,377.47,9.22,0.0
MgK2Sb3,합금,3,168.34,3.4,10.7,132.73,0.72,2.46
ThGe4,수소화물,2,14.02,2.7,4.4,72.5,4.62,155.16
CoIn4WFe3Ge2,고온,5,117.81,5.1,4.54,7.17,2.26,159.62
ZnCo3,수소화물,2,40.09,3.7,2.72,44.93,9.0,107.59
Hg3Pr3Bi3,화합물,3,73.7,5.3,6.87,39.91,8.29,15.93
Er4As2,합금,2,48.41,3.3,10.37,58.13,6.03,8.31
Fe3Ge3Pr,화합물,3,126.75,5.3,11.47,42.11,9.69,6.27
BaMg2VPr2,화합물,4,34.07,3.9,6.22,43.94,7.25,5.14
HoAgGd3BaY2Dy2,고온,6,78.76,2.3,4.4,14.56,12.2,90.99
VRh2Pb2,합금,3,85.11,2.6,7.17,77.49,12.23,3.55
Os4Pd2,화합물,2,121.75,2.2,3.12,9.84,5.19,8.37
Yb2CdDy2,합금,3,138.57,2.5,12.8,102.11,7.22,2.49
Pb2O3Mo2,화합물,3,106.71,5.4,3.84,37.4,9.08,7.27
Ge2Co2N2LuBe3Cu,고온,6,90.22,5.0,8.17,8.2,3.22,114.28
Co2BLa2,화합물,3,75.1,4.7,10.02,48.7,11.07,3.2
In2Nd2Hf,화합물,3,136.44,5.9,8.85,16.98,12.74,10.09
U2H2,화합물,2,38.23,2.8,6.29,43.25,10.6,7.29
Ag4Cd2Tm,화합물,3,10.6,4.0,6.11,33.0,13.73,11.65
Sc3Er3W4Bi2Cd2Li,고온,6,122.01,5.8,3.32,5.16,0.71,126.99
Ir3Ag3PPt2Hg4,고온,5,100.22,4.6,3.24,6.61,8.86,67.28
Ce2Lu2Zr2,수소화물,3,26.51,4.6,6.84,11.32,5.73,261.08
Hf2GaK3Be,고온,4,66.6,2.8,7.72,14.21,5.39,149.64
Ga4Tl2,화합물,2,93.87,2.0,2.99,10.99,6.71,7.02
Lu2Be,화합물,2,140.43,1.9,7.14,35.38,10.98,12.05
Ta2Tm3Sr4,화합물,3,98.63,2.2,12.71,14.67,12.61,17.8
Ca2Pt,합금,2,40.68,4.3,4.6,102.2,14.82,23.12
Mo3P4ScNd4DyNb2,고온,6,47.43,2.6,7.35,12.75,13.57,71.28
Ru,원소,1,133.48,3.0,12.28,90.97,8.69,1.3
SnYInFe2CaW,고온,6,63.98,4.4,8.83,7.57,0.91,142.34
AsYbNd,화합물,3,150.37,5.9,8.89,44.82,4.04,12.26
V2Te2Tm3Se2,화합물,4,15.27,2.9,1.81,9.19,2.24,7.07
TaTh2Zn4,화합물,3,107.67,5.9,3.41,3.45,3.01,16.01
KSbIr3Eu2Tb2,고온,5,53.01,2.2,7.8,5.04,3.68,159.41
Sc2K3Ho,화합물,3,148.86,3.2,13.35,7.94,3.37,4.69
NdRu4Gd2,화합물,3,27.15,5.2,10.35,2.87,13.23,33.19
Rh2,원소,1,76.43,3.0,10.0,319.06,4.23,2.67
AsPr,화합물,2,136.19,5.5,7.66,2.23,10.83,15.98
Ru3O2Zr,합금,3,115.45,2.0,8.35,140.09,11.92,2.54
H4Gd4GeY,고온,4,101.99,2.0,5.73,12.2,14.56,117.33
CdIr3,화합물,2,94.87,4.4,3.95,16.23,13.0,5.67
ErU2B3Ag2,화합물,4,11.09,2.4,6.78,47.15,11.68,2.33
Ag,원소,1,48.12,4.0,10.33,356.41,3.11,2.54
Sc2Th,합금,2,94.12,2.3,3.64,94.39,13.77,8.89
ReCu2NdPd,화합물,4,10.4,3.2,12.88,4.32,6.14,27.31
Pd,원소,1,177.79,1.0,16.81,85.75,3.58,0.0
Pd2,원소,1,179.85,4.0,13.98,237.01,6.94,6.31
Pr,원소,1,192.93,3.0,8.13,90.57,7.38,0.8
In4Na2,수소화물,2,58.77,2.7,5.43,32.74,14.93,271.2
PrSiPbAu2,고온,4,92.28,1.7,7.44,2.36,3.96,69.16
Ge4V3,화합물,2,152.64,3.4,8.43,43.57,11.47,6.17
Y2AuMo2,화합물,3,100.01,2.5,4.98,19.92,0.17,2.7
Cs4Ag,화합물,2,105.48,5.0,3.83,49.11,13.33,0.0
Cr2Ce2Lu2Co3KY,고온,6,49.51,3.3,8.7,11.06,3.42,55.11
Mo4Sm3Ce2Er2,화합물,4,73.13,4.7,12.16,39.98,13.88,8.77
CeTh2La3,합금,3,32.97,3.0,14.35,92.88,11.5,5.47
La2Lu2,합금,2,28.85,2.3,8.04,113.5,14.56,8.18
KO2,합금,2,167.58,4.4,15.08,127.81,0.88,9.16
LuK2,화합물,2,103.76,2.3,13.16,11.17,12.17,5.26
AsAl2Cu2W3Sn3,고온,5,137.24,1.9,7.93,1.23,8.68,62.97
Th3Co4O,합금,3,156.09,2.9,5.97,86.46,0.11,16.45
Hf3,원소,1,192.86,3.0,19.41,112.98,9.86,5.37
Ge2H3,합금,2,51.5,3.5,7.91,86.31,12.95,8.93
VZr3,수소화물,2,20.86,5.2,2.15,39.53,2.58,244.65
Ru2NbPd4Yb2,화합물,4,57.98,5.8,11.79,9.15,14.52,26.27
Ge2Hg2RhO,고온,4,43.89,4.3,5.95,1.42,6.95,133.38
CdW,화합물,2,156.33,3.0,10.24,16.26,5.62,12.08
ErPb2Mo,화합물,3,87.66,5.1,3.16,2.15,2.03,13.06
CuMo4,합금,2,33.27,4.8,10.04,39.63,0.44,7.6
U2C3,합금,2,156.31,5.9,14.23,37.13,6.74,10.49
Cr2Ta,화합물,2,34.11,4.7,9.48,40.33,11.62,4.9
Pr2Pt3H3Mo,고온,4,112.57,4.3,8.22,6.35,7.19,93.35
Cr3HfSn,화합물,3,76.33,4.4,9.42,40.62,5.21,10.87
MgMo,화합물,2,38.6,6.0,3.95,5.1,12.43,12.01
Pr,원소,1,142.71,3.0,2.78,180.49,4.44,5.41
B2Pt,수소화물,2,32.71,5.7,5.82,60.43,13.45,286.69
HoNb3N4Ti3Pd2,고온,5,77.54,5.3,3.78,11.03,13.26,87.31
Tb3Pd,화합물,2,115.4,5.4,4.78,15.89,6.05,5.85
Te2O3,수소화물,2,56.81,5.7,2.35,35.74,14.11,125.58
Se3C3Pt4,화합물,3,133.84,5.1,2.58,20.09,14.58,7.49
MoC2O4,화합물,3,18.08,1.7,2.91,12.01,13.47,0.13
ReV3SePt2GeH,고온,6,135.35,2.5,7.86,1.6,1.58,159.37
TeAu3Ti2Ag2N3,고온,5,130.77,4.7,6.11,5.93,6.4,152.4
Sr2P3Cr3,화합물,3,52.89,5.5,9.7,11.59,14.35,12.6
CeHg2,합금,2,113.82,5.3,5.86,58.55,13.72,10.18
VNd,화합물,2,89.24,1.8,8.03,47.97,9.18,1.05
Eu2Cd2Os3Y2Nb3Ba2,고온,6,130.15,5.5,4.43,8.02,7.37,137.89
Os2Se3Gd,합금,3,135.46,5.7,15.92,146.74,10.03,10.63
Li3TeSi,화합물,3,96.48,2.3,5.2,28.59,14.07,1.86
SmHfTmTa3,화합물,4,50.08,1.6,1.8,16.43,8.97,8.32
Pd2F2Tb3Y2,화합물,4,32.91,2.9,8.18,2.39,4.71,2.74
Nb3P4,화합물,2,147.1,3.4,4.41,38.75,7.28,5.93
B2Y3CrZrGd2,고온,5,113.58,4.4,4.38,2.28,2.12,54.29
La2Rh3Ho,합금,3,174.58,2.1,12.94,92.25,7.27,4.89
P4O3,합금,2,159.22,4.0,8.28,121.53,0.41,1.22
Er2Be4,합금,2,170.67,5.5,15.17,101.36,3.14,1.54
As3K4Co4Sn2,고온,4,34.43,4.5,5.02,13.04,2.71,111.89
CReW4,화합물,3,19.2,3.0,10.82,43.15,8.63,1.96
Yb3W2,화합물,2,60.17,3.5,11.29,33.13,6.37,7.28
O3Fe2Zr2TiPSe3,고온,6,60.21,4.7,8.88,14.29,8.76,45.97
PdRb3WCuOs,고온,5,113.84,3.6,6.96,3.26,0.37,55.78
HoTlCaTb3Pt3,고온,5,64.28,3.9,6.46,11.72,6.4,50.65
Sm3Al3CoMn3SiH,고온,6,139.88,4.6,8.3,13.25,7.53,60.63
Fe4WSb,합금,3,143.06,4.5,9.02,46.02,2.16,2.66
KSi3Be3Sc2Cu,고온,5,123.84,3.7,5.52,5.86,2.99,96.21
Rb3Os4H3,화합물,3,36.62,4.6,4.67,3.08,14.49,14.96
La2Dy4TeIn3,고온,4,65.45,4.7,6.05,9.94,6.13,115.43
Yb4Tl3,화합물,2,15.26,4.7,13.97,14.64,2.31,8.96
InF2PtRb2,고온,4,97.53,5.1,5.9,5.59,0.67,50.71
S2N2Ga2,화합물,3,54.98,3.4,11.84,19.72,9.49,2.51
Th3Tl3,합금,2,118.19,2.5,5.63,31.58,5.01,4.22
MnK2,화합물,2,115.28,3.9,6.23,7.79,12.29,41.49
PtTi4Sb4,수소화물,3,9.36,5.8,6.31,64.13,4.69,233.63
S2Yb3Pb2Re3Hg2,고온,5,45.85,5.8,6.22,11.04,0.87,49.25
Lu,원소,1,86.33,5.0,9.67,138.67,8.82,3.3
Ta2Nb3O,합금,3,83.81,1.7,9.98,12.02,14.07,0.45
Si4Li,합금,2,131.82,2.8,3.9,87.79,9.78,9.44
Ge2ErCe2,화합물,3,143.06,5.6,3.31,48.41,11.02,12.74
HfCa2Nb2Nd,고온,4,119.29,5.8,3.09,6.64,8.07,74.58
B3MnTi,합금,3,58.75,5.4,5.83,96.35,13.46,6.44
ZrS2Pb2,화합물,3,136.52,1.8,2.77,26.66,11.92,9.99
SrTiHBaMn2Cd,고온,6,118.01,2.4,8.34,14.47,8.2,66.15
Th3FePdTbNd2,고온,5,136.09,3.5,5.03,10.1,1.75,156.49
TiKB2,화합물,3,114.72,5.6,6.05,8.03,12.14,5.98
Nb3Cd2,화합물,2,118.53,5.2,13.0,15.6,10.68,9.55
ScCsPr,화합물,3,30.71,1.9,12.59,39.05,3.82,7.54
Cd2RuSb2,화합물,3,11.27,5.3,13.39,39.9,12.52,8.3
Si2IrAu2,화합물,3,57.16,2.7,3.35,16.74,1.6,4.51
Mn3Pb3Rh3,화합물,3,56.28,1.9,12.37,25.12,12.86,10.02
HoIr2TlAu3Lu,고온,5,66.23,4.7,8.47,13.51,0.91,74.73
TiRb,화합물,2,59.32,2.6,6.77,20.58,12.69,3.69
Yb3Fe2PrTl2,고온,4,54.08,2.6,5.91,3.18,5.83,93.27
Mn3Co,합금,2,175.35,5.3,14.76,138.97,3.15,7.81
YSn3,화합물,2,108.38,4.9,8.48,2.86,12.98,15.43
Cu3,원소,1,139.46,5.0,16.17,10.75,3.79,10.21
Rb2RePb2,합금,3,53.76,5.6,15.98,43.31,13.65,6.3
Zn2Sc2Ce2Sn2,화합물,4,92.77,4.2,13.62,49.79,9.1,8.5
Os2Cd4,수소화물,2,37.24,5.6,2.14,52.77,11.14,275.34
AlYb,합금,2,129.85,2.6,8.17,19.07,9.59,4.48
Be2WPd,화합물,3,41.76,2.1,3.59,37.13,14.33,9.42
C3Zn2AgCa,고온,4,42.15,3.6,3.41,5.89,6.5,72.82
NdHf2,합금,2,113.37,4.5,3.68,34.21,12.25,7.03
U2Sb2,화합물,2,39.88,2.7,10.56,38.8,7.1,2.19
Ge4ReSbMg2,고온,4,105.05,4.7,8.29,6.27,5.74,66.73
Y4Ag3EuC2,화합물,4,16.49,5.0,1.73,1.09,6.55,11.93
V3PdCr2,합금,3,162.24,4.7,3.3,54.14,0.57,4.56
Ag4Bi,화합물,2,136.62,4.6,6.37,32.49,10.0,14.32
Ca3IrMgHo2AsAu,고온,6,80.83,1.6,5.78,1.43,6.31,136.51
Ta3Pb4Sm,화합물,3,75.18,5.2,10.99,25.19,3.41,9.59
Mo2,원소,1,179.81,4.0,10.47,287.72,9.35,4.3
Sn3ZnOs2Tm3,고온,4,70.74,4.1,7.03,6.13,13.1,106.28
Sm2,원소,1,181.79,5.0,15.78,230.74,4.2,10.64
LaPt2Na4Cd3Re,고온,5,109.0,3.3,5.11,10.1,4.36,147.11
TmZr2,합금,2,143.22,5.4,5.07,141.59,13.05,8.43
Ge3Tm,수소화물,2,19.31,4.4,5.93,26.94,1.5,253.72
TiCuLu4Dy,화합물,4,121.74,5.6,10.74,49.61,0.11,5.07
O2Th,화합물,2,71.13,1.6,13.22,49.67,3.7,11.53
Tm2ONb,합금,3,93.91,3.1,4.64,123.07,13.67,9.68
LuWCuAl,화합물,4,23.42,2.3,6.42,40.72,12.24,3.17
Bi3Ni2Ca3Cr4Cs,고온,5,96.66,3.2,8.2,10.22,13.69,101.11
Sm3Se,수소화물,2,27.89,4.0,7.96,78.87,11.66,214.01
Er3BeLi2Os2,화합물,4,58.65,5.0,2.59,0.79,14.95,36.57
GdP2Sb,화합물,3,24.33,3.7,4.45,3.84,4.96,12.61
Be2Th4,화합물,2,34.51,2.2,12.55,23.65,5.02,1.98
TaOsAgVRu2P2,고온,6,66.06,2.8,4.06,4.04,10.09,133.72
La4Te3,화합물,2,158.97,5.0,6.07,6.23,1.89,5.56
LiFZr2,화합물,3,149.85,4.8,9.8,46.86,10.14,12.83
Bi4Ag2Tl,화합물,3,67.19,3.7,6.43,24.61,1.92,25.41
N3LuTi,화합물,3,38.47,4.2,3.0,37.78,14.55,16.48
Be4,원소,1,214.21,4.0,10.32,362.45,9.42,1.31
OErAsW3,화합물,4,138.51,5.6,8.85,27.26,1.95,7.56
Ge4H4P4,화합물,3,142.15,3.0,12.27,2.55,6.04,0.35
BTl2Rb2Gd2Bi2,고온,5,99.68,3.7,5.91,4.44,7.44,71.5
HCr2,합금,2,100.36,2.3,8.1,80.53,11.73,2.09
TiNa2Rh,화합물,3,32.21,3.6,6.59,18.22,10.14,6.05
HoCs4Eu2,화합물,3,10.34,1.8,12.86,10.58,11.51,6.51
IrGd2YP,화합물,4,29.28,2.0,4.86,20.8,12.61,3.17
Gd2,원소,1,137.19,5.0,0.9,29.04,9.55,5.32
Sn2Hf2U,화합물,3,84.42,4.2,5.79,21.08,4.84,16.44
Pd3Yb2,화합물,2,48.58,3.8,2.39,37.4,5.3,7.48
Nb2Tl2Zn,화합물,3,158.92,2.3,4.87,24.78,6.29,14.32
CuCaYb,화합물,3,58.87,2.6,1.63,17.59,2.3,9.46
Se3S2O,화합물,3,89.97,3.2,12.84,47.33,0.53,8.09
InBV3MoCo3,고온,5,90.15,1.8,4.37,3.7,6.27,116.78
C3Tb2,합금,2,101.11,4.5,7.94,148.79,14.95,2.03
FeHg2Tl3N2Ti2,고온,5,68.6,3.9,3.97,7.8,3.45,128.45
Ti4Sr,화합물,2,153.39,5.8,2.47,21.24,4.68,17.33
In,원소,1,138.62,4.0,7.27,84.56,6.12,8.25
Er3,원소,1,98.05,2.0,10.55,254.27,1.02,5.23
Dy2Tb3BiAl2,화합물,4,32.63,1.6,12.63,36.51,2.2,25.42
CdNiOs2Ge4,고온,4,137.77,2.4,5.29,10.27,2.16,51.18
Ge3Cr2K,화합물,3,151.28,3.4,10.68,49.39,7.51,9.29
Li3Sn2GeY3Re2,고온,5,55.71,5.9,3.0,8.23,13.39,144.15
Pt4N4Na2,화합물,3,79.08,4.6,3.06,1.36,7.05,6.52
Tl3NiS,화합물,3,15.49,3.9,8.71,13.97,11.58,35.06
Hg2Te3,합금,2,128.39,2.8,10.76,16.96,6.68,23.56
Be3Tl4F,화합물,3,52.39,4.7,2.45,31.57,9.59,3.71
Nd2Pr3GdTa2,화합물,4,153.58,3.7,1.86,8.7,8.26,4.58
V2Cs2,합금,2,69.45,4.5,3.42,8.22,12.16,5.48
Ti4Cu,합금,2,134.71,5.0,15.19,129.66,4.13,8.99
Ni2CeAu,화합물,3,40.8,2.0,6.72,33.54,13.97,9.04
Ru2Ta4Y2ReDy2Rh,고온,6,65.82,4.4,5.15,12.83,9.77,86.8
C3Ag2Eu2,수소화물,3,25.07,2.2,3.73,19.36,2.55,120.37
Sb3BiLa2NbFe,고온,5,45.78,3.0,6.8,1.13,0.21,33.28
ThDy,화합물,2,154.05,5.6,3.92,29.43,2.94,9.39
KH3Ge4Sm,화합물,4,24.34,2.4,12.5,3.74,6.23,5.02
In2Tl2,화합물,2,115.2,5.5,3.47,48.82,7.89,13.46
Cr2C2Ge3Ti3Os3Gd3,고온,6,73.64,3.7,7.92,6.53,5.51,161.65
SiGe2,합금,2,154.7,3.5,8.18,136.56,1.16,6.5
B2Co2Li2Ta2,화합물,4,140.0,5.5,11.61,34.84,8.45,10.77
TbPtHgPdMo3,고온,5,100.14,2.0,4.55,7.53,8.04,148.12
Na2Ba3,화합물,2,29.21,2.0,8.99,41.28,3.42,4.43
ReIr4Zr2,화합물,3,104.7,5.5,5.29,24.29,11.74,13.65
Li2Dy,화합물,2,24.54,1.7,10.6,40.9,9.95,1.57
Mo3La,합금,2,121.95,2.4,3.0,30.04,8.78,3.92
Ga2Sc4,화합물,2,142.91,3.2,11.91,8.22,2.92,6.0
ZnSm,화합물,2,125.17,1.8,13.59,15.61,12.86,11.47
Be,원소,1,25.54,5.0,14.18,297.48,2.37,3.86
Pd2,원소,1,171.43,5.0,0.55,2.65,4.0,0.26
PtSr4Ga3IrHf,고온,5,67.04,4.6,7.25,2.11,5.31,121.72
H2Rh2,합금,2,166.39,2.2,6.17,21.85,3.51,4.9
CsV4,화합물,2,21.33,2.0,8.59,21.47,2.71,16.01
TmZrAs3In2,화합물,4,123.34,3.6,10.4,4.21,8.61,5.97
LiV2U2Ca,고온,4,85.8,4.4,4.98,12.63,0.67,109.75
AlRe2Rb,합금,3,73.85,2.9,10.73,140.14,3.83,6.27
PbNYbSi3,화합물,4,121.08,5.4,2.42,48.36,10.08,6.48
Nb4Ba2NaBiYb3,고온,5,48.59,3.2,8.32,12.94,12.33,74.64
Zr3Be4W4Co3FNa3,고온,6,34.06,5.0,3.31,1.64,5.16,88.2
Ga2CeP,합금,3,144.82,5.3,7.16,111.34,2.46,6.44
Al2PbHf2Ir3,고온,4,96.61,6.0,8.09,8.72,12.46,157.57
Ho3Te2Tm,화합물,3,144.23,2.7,11.04,31.83,2.02,5.99
RbLuCs2,화합물,3,151.74,4.1,11.12,18.9,10.37,4.46
Pd3Sn3,합금,2,77.44,2.7,3.96,41.67,0.61,2.18
CrEuU3,합금,3,119.02,2.9,14.31,36.52,8.9,3.41
Ba3Yb,화합물,2,116.83,2.4,2.96,26.91,6.54,3.4
ZrGe,화합물,2,39.19,3.6,2.01,30.47,8.72,15.75
ScPb2,화합물,2,60.2,3.5,6.08,10.04,6.76,4.9
Y3Rb2Be3,화합물,3,67.67,5.3,9.38,49.12,12.62,6.95
Pr2AgFFe2,고온,4,93.35,2.9,4.78,12.28,5.86,59.55
Sn2Gd3,합금,2,122.17,3.4,5.03,128.12,9.06,1.9
Fe4Pr3Gd2,화합물,3,62.06,5.5,4.17,24.75,0.19,36.48
CeGa3,합금,2,139.1,3.4,5.69,26.9,8.05,9.63
Au4U2TmSbO2,고온,5,96.58,2.0,5.31,4.59,13.73,128.74
AsSbCa3,화합물,3,122.38,4.0,3.94,17.32,5.19,5.97
Au2Gd2In2,수소화물,3,53.08,2.0,5.8,78.91,8.26,242.87
Nb2,원소,1,43.21,5.0,7.94,301.37,1.88,4.53
Ta,원소,1,134.78,5.0,21.74,11.89,6.97,7.68
Nb3CdTm2,화합물,3,159.8,2.5,11.66,28.07,7.04,13.43
Li4Ho4,합금,2,105.72,5.9,11.03,97.08,9.17,7.13
CuSc3Re,합금,3,73.63,3.2,15.89,80.32,1.12,1.45
YVSmU3,고온,4,70.87,5.4,8.96,11.33,14.69,128.74
Cr3Eu,합금,2,116.52,5.7,13.21,141.87,0.35,15.64
Sc3Cs2,합금,2,163.67,2.3,10.69,19.34,6.64,10.63
Al2GaSc3Ir2Sb4,고온,5,86.73,4.6,3.96,11.35,6.93,76.79
SiFEu2,화합물,3,29.67,3.7,6.35,26.77,3.13,8.92
Tb3Ir2PAsYb3,고온,5,30.24,1.6,5.38,3.92,9.12,61.39
Tl2,원소,1,149.77,5.0,18.07,88.86,9.21,4.92
WF2Se2,화합물,3,78.44,5.1,12.2,28.3,0.23,4.38
Mg2,원소,1,233.78,2.0,11.73,236.59,9.84,7.89
Re,원소,1,78.65,1.0,21.98,11.28,3.68,0.0
Si4GaCs2SrZr2Eu,고온,6,40.29,5.8,4.31,14.36,10.6,118.5
Hg2Mn,합금,2,59.32,5.2,6.2,19.07,6.76,4.68
CRb2Nb,화합물,3,80.56,2.2,7.25,43.34,13.91,4.51
In3Cr4,화합물,2,147.6,3.9,13.91,28.15,5.07,23.82
Al3Mn2Co3,화합물,3,129.12,5.5,8.18,17.91,13.98,12.19
Rh2OsU2Cd2Cs,고온,5,64.75,1.7,4.09,5.38,12.83,155.19
Re2,원소,1,172.37,3.0,21.31,277.86,8.03,2.48
In3Tm2PTe,화합물,4,28.32,2.7,3.22,36.84,1.74,3.69
WEr2,수소화물,2,32.24,5.5,7.02,9.01,14.87,249.05
Fe2U4,화합물,2,143.39,1.6,5.88,12.72,0.23,7.9
Li3K2ErPb2Tb4,고온,5,35.07,2.1,4.51,10.65,5.37,28.02
Al2,원소,1,140.08,5.0,2.83,346.38,7.33,5.27
Au3Al2Pr,화합물,3,39.89,2.4,12.86,36.62,2.75,2.67
C3Cd3Ca2,합금,3,137.04,3.2,2.15,144.19,10.72,0.0
Si2ZnTaN4Se4,고온,5,95.57,4.1,8.73,6.51,12.48,98.37
NaTi3,수소화물,2,54.83,2.8,6.6,73.52,9.42,232.74
As2Mo2,합금,2,112.48,5.3,15.46,15.66,7.1,10.24
Tm2AgCu3,화합물,3,120.79,2.9,12.46,2.96,8.65,33.93
Lu2ReIr2,합금,3,94.2,3.4,9.44,10.86,4.27,7.24
Rb2U4,화합물,2,109.32,4.6,13.74,36.64,8.38,0.44
IrTe,화합물,2,64.67,3.2,11.03,2.87,12.52,6.1
MgLu,수소화물,2,6.45,4.8,2.4,43.78,1.24,132.0
OCd2HV,화합물,4,33.67,3.1,11.91,7.39,5.17,62.74
SeAu2F,화합물,3,107.34,3.0,8.86,45.52,2.39,2.89
In2Mo,합금,2,77.73,3.9,15.74,5.86,14.61,0.1
Mn3Li,합금,2,153.89,3.8,14.89,46.33,2.05,6.79
Cr2Zn,합금,2,33.84,1.6,15.77,69.47,13.8,12.45
WSb,합금,2,168.61,5.3,15.27,112.25,3.32,7.12
Yb2Mo4Sc2Gd3C,고온,5,95.13,5.5,5.35,1.47,14.46,98.38
GaRbV,화합물,3,107.51,5.5,13.22,45.23,1.6,8.04
FeTlMn2Ru2,화합물,4,15.07,4.3,13.28,34.12,11.16,13.78
RbIr2Tl4,합금,3,152.68,6.0,10.72,61.07,8.21,18.05
Te2Li3K4CuYb2Se2,고온,6,108.54,5.5,3.94,2.92,14.97,103.41
Co4Dy4,화합물,2,134.08,3.2,2.26,19.61,2.39,3.62
Cs,원소,1,77.85,2.0,19.85,133.83,2.36,1.12
Y2BeCeAs4,화합물,4,78.76,4.4,3.21,32.91,5.27,5.71
OsAs2,화합물,2,96.88,4.3,10.28,45.58,1.56,8.3
BaAg,합금,2,25.21,5.1,4.67,110.94,11.95,37.47
Rb4As4Ga2,화합물,3,116.35,4.7,5.46,43.16,4.15,13.58
NaReF,화합물,3,18.96,3.4,2.64,46.74,3.84,4.36
Ge3Re4Os4,합금,3,40.6,5.1,9.09,7.13,8.16,7.71
DyRuAs4UThOs2,고온,6,34.85,4.7,5.71,9.05,8.64,79.89
Pt3GeBGdTl,고온,5,85.42,5.6,7.84,14.84,12.31,126.69
Zr2YbS4Cd,화합물,4,116.64,4.2,9.09,45.08,13.03,22.02
WSc2,화합물,2,147.43,5.8,10.72,35.02,0.47,5.85
Nd2TaDy2Si2,화합물,4,158.06,5.5,11.67,33.75,0.98,9.06
Sr2Lu2,화합물,2,131.82,3.6,7.05,35.73,4.38,2.53
OsHo2,화합물,2,102.62,5.5,12.52,46.84,5.38,23.39
Hf2,원소,1,134.78,3.0,15.94,114.81,2.61,0.18
AlGe4,화합물,2,145.02,2.0,2.75,24.42,1.67,10.81
MnCr4STmH2,고온,5,115.27,2.6,6.3,11.37,12.18,156.88
U2BIr,화합물,3,68.64,2.1,13.67,30.01,0.74,3.43
Si2,원소,1,23.61,2.0,16.3,190.54,3.33,0.38
Rb2Si2Tm2FYRe,고온,6,82.85,3.3,3.92,8.03,6.09,152.94
Cr2Ni3,합금,2,110.79,4.0,14.09,84.66,5.32,2.58
Os2Dy2,합금,2,121.79,3.4,12.38,58.56,8.81,5.64
Nb2Ir3Mg,합금,3,35.73,4.1,10.89,19.88,8.23,6.56
NdVZn2,화합물,3,137.81,3.2,2.26,9.05,10.7,4.49
Er3RbCs3CdRu3,고온,5,48.56,4.7,7.42,13.56,6.82,57.32
C3Ti3,화합물,2,52.23,4.7,6.29,8.1,3.78,7.1
CoCaCu4,합금,3,103.01,5.9,8.47,97.31,2.85,21.13
SmTm2Bi3Rb4Tb4Si3,고온,6,133.0,2.9,3.84,8.72,4.8,160.54
TaAs4HgPr2La3,고온,5,119.18,5.4,7.97,11.29,9.1,38.49
EuRh2Ga2Pt4Ba,고온,5,109.48,2.6,3.99,10.07,11.57,135.72
SrSi3,합금,2,133.87,4.5,13.26,38.8,12.02,5.19
Y3Hg2,화합물,2,141.54,1.9,2.17,4.87,11.28,12.59
Ce2B3,수소화물,2,44.88,4.2,4.7,17.66,8.73,224.61
Pr2SO4SeGd2Sr2,고온,6,41.25,6.0,7.49,11.51,8.29,119.44
Mg,원소,1,84.4,5.0,10.22,184.26,1.12,0.69
In3,원소,1,42.36,5.0,12.21,247.66,8.91,1.68
LiGdSb3Cs3,화합물,4,129.91,3.3,2.48,13.89,9.26,3.22
O4Nd3CeNb4V,고온,5,73.47,2.0,3.89,13.83,5.55,134.38
AlCoSi3,화합물,3,31.8,2.8,3.5,28.93,14.94,0.78
K4P3Cr3Gd2,화합물,4,103.1,3.6,12.91,33.95,0.6,4.04
P4As3,합금,2,77.19,2.4,5.29,133.57,9.41,4.33
CSm2,화합물,2,75.61,5.7,4.51,45.83,7.75,12.59
VCa2Rh2CuCTi3,고온,6,50.13,5.6,4.75,8.41,10.05,153.8
Os2Eu,화합물,2,136.97,4.1,12.4,19.56,12.34,23.55
Zr2ErZnCLi4As3,고온,6,129.59,4.6,7.67,5.34,9.59,130.4
Sr4LaY3,수소화물,3,17.5,2.5,5.62,24.91,11.52,128.52
BeMn2Sc2,합금,3,35.72,5.3,5.99,134.35,13.6,11.93
U3LuGd3,화합물,3,19.14,3.3,5.68,4.17,6.68,0.48
Hg2Ho3Tm,화합물,3,109.66,4.4,3.07,17.12,8.43,11.1
SiBiEr3Ga2,고온,4,93.56,2.3,8.68,3.39,3.67,137.3
Mo2ReNi3,화합물,3,143.36,5.8,12.07,38.28,1.45,10.77
PAuHo,화합물,3,148.62,4.3,11.77,2.3,13.83,5.6
Bi4Pb2Cs2SbB4,고온,5,123.81,3.1,4.06,5.01,1.68,95.37
PbFe3,화합물,2,40.69,4.6,10.22,18.68,4.68,12.07
Hg4MnTe4ErSn4Fe4,고온,6,102.08,2.0,4.24,6.97,6.02,159.02
HAu2Tm,화합물,3,14.69,4.6,3.39,29.95,11.83,5.63
Dy3Ag2,합금,2,27.71,3.2,6.0,117.65,4.38,4.37
Bi2Gd2Yb2,화합물,3,65.87,2.0,6.26,1.95,11.42,22.3
Tl4Cs2Y4Ag3,고온,4,36.02,3.7,6.13,8.88,6.15,84.91
Te3Si2Ga2Zn,화합물,4,67.54,1.5,6.92,45.01,10.34,23.75
Ti3Tl2HgTeMg3Be3,고온,6,64.18,5.1,3.89,4.3,7.03,43.42
DyTi2Sc2Mg3S3Pr2,고온,6,48.1,1.9,5.53,3.08,13.7,37.87
Rh4Be2Y3,합금,3,27.26,1.5,5.9,123.95,0.94,3.4
Y3Zn,수소화물,2,27.06,1.5,3.6,53.36,7.08,278.92
Sm2Hg2Mo2,합금,3,33.27,5.2,14.37,54.74,2.92,11.97
TiHf,합금,2,178.46,3.8,9.29,130.77,4.06,2.63
PtZn,합금,2,43.44,1.9,5.9,149.32,14.07,5.54
RuSn4C2Dy2Gd4,고온,5,76.33,2.1,6.65,12.01,7.97,89.84
CPYb2,화합물,3,22.42,2.7,9.51,44.0,3.74,13.44
P2W2,합금,2,119.07,4.3,9.67,119.11,8.96,0.0
K2BiSi,화합물,3,142.36,5.1,7.61,8.2,2.81,10.92
Si3FSeTa,화합물,4,46.84,4.7,12.46,24.8,13.05,30.88
TlHg3,합금,2,165.07,4.8,10.52,125.02,2.19,8.25
P4Tb3NiCa2,고온,4,121.07,5.5,4.46,10.63,10.27,109.15
Sm2HgBaFGd2,고온,5,59.48,2.3,3.34,4.52,12.63,108.35
Tl3Cd2,화합물,2,117.35,5.0,4.3,6.33,6.97,7.08
CoCr2,수소화물,2,38.71,2.4,7.26,18.77,10.41,272.77
FeRh3Pr2,화합물,3,33.21,2.7,11.85,37.43,4.37,8.12
O2P3,수소화물,2,33.61,3.6,1.72,51.5,7.22,254.07
Zr2K2Se4Pt,화합물,4,67.63,3.2,2.49,40.88,7.03,7.96
Cs2WK4Hg,화합물,4,57.91,3.1,13.28,16.17,1.85,7.9
Ti2Mg2Ag3,합금,3,107.42,2.5,4.94,63.85,14.23,3.01
ScGa3WSLa,고온,5,118.13,3.7,4.24,9.31,5.83,152.72
Sb4WSi4Tb2,화합물,4,86.34,1.9,10.55,45.07,9.27,9.15
SrF3Cr2,합금,3,86.41,2.8,4.43,49.83,6.85,5.0
Be2,원소,1,55.34,3.0,11.4,209.29,3.25,2.29
BiCs2,화합물,2,42.27,5.8,12.92,48.36,8.16,15.17
MoThRe,화합물,3,108.79,5.2,10.92,18.59,12.26,9.15
K4Pt,화합물,2,87.6,3.2,12.22,25.69,12.57,6.5
Sc4Ru3Eu2PrCr4,고온,5,102.19,5.1,4.77,7.17,9.79,99.5
Co2,원소,1,204.99,3.0,15.16,322.68,7.67,0.13
Cd2TaRb4OsAs3,고온,5,35.21,2.9,7.56,6.69,13.82,132.45
Eu2La,합금,2,175.16,4.4,6.88,5.05,7.15,11.46
Pt4AgS4VNi,고온,5,95.81,2.4,4.88,14.81,4.0,164.23
SmOs2Mg2Be2,고온,4,95.99,4.8,4.84,5.81,2.88,65.39
B3O,화합물,2,144.85,5.5,12.21,37.51,11.27,2.32
BaTb4Sn3Au,화합물,4,47.29,2.7,6.05,21.43,5.24,26.0
Gd4OsIn2Rh4,화합물,4,129.77,4.9,11.81,25.37,0.9,9.95
Tb3Au2Tl3,화합물,3,79.73,3.4,3.41,44.85,0.44,18.2
TeAlTmHf2,고온,4,38.28,3.7,7.1,11.39,9.5,36.81
STe3,화합물,2,50.14,4.9,7.22,28.71,8.51,2.22
B2Pr2In3Ta,화합물,4,147.5,5.5,3.87,9.84,5.45,12.94
As2B3Ag2,화합물,3,56.34,2.8,3.11,21.08,14.0,2.68
STm2Pb2Mn2HSm3,고온,6,101.69,3.4,3.46,3.27,4.28,76.97
Ca4Dy,화합물,2,97.07,3.1,9.33,25.01,3.86,2.37
SbOs2,합금,2,119.21,3.0,9.87,67.62,12.87,2.61
Pr4Bi4Dy2,화합물,3,152.58,3.3,13.07,31.86,10.64,20.54
IrTh3Ho2FHgSb3,고온,6,128.43,4.2,4.37,12.62,5.51,128.69
Al2Ca2Th2,합금,3,51.58,3.5,14.89,8.23,2.05,1.39
Fe2P,합금,2,141.86,4.2,7.26,83.02,9.3,2.4
CsEu2,합금,2,44.51,3.5,10.58,149.02,12.3,5.29
Te3Au2,화합물,2,48.14,3.3,12.41,0.65,8.14,9.7
Rb3BiZn3,화합물,3,45.37,4.0,2.6,3.25,14.23,1.36
Mo4AlSi2Sr2Au2,고온,5,96.49,4.9,3.86,7.65,1.5,158.01
NY2,화합물,2,28.5,2.7,7.49,9.66,0.88,7.48
SiPt2Th,화합물,3,37.35,2.2,11.93,44.24,9.29,0.0
RhReYb3H3,화합물,4,115.2,5.4,8.36,13.52,6.13,1.32
Hf4O2N3Pt2Be2,고온,5,104.01,4.5,6.15,13.25,11.06,144.58
Eu3Ti3W2,화합물,3,138.63,3.0,10.78,44.47,3.86,2.16
OsLi3B2,수소화물,3,14.11,5.1,3.8,59.1,8.82,115.71
ScCoHgFe,화합물,4,50.82,4.1,13.52,31.06,1.72,6.77
Rh2Lu2Pr,합금,3,168.43,3.0,14.66,107.95,10.35,8.49
HfSTbH,화합물,4,100.9,4.7,3.1,6.74,3.06,7.84
HfAg3Sc4Hg,화합물,4,93.66,3.3,3.54,45.44,6.26,16.84
Co2MoGd3Ce2,화합물,4,80.23,3.1,9.43,41.99,10.73,3.11
Er3,원소,1,157.16,3.0,11.65,39.06,9.59,2.06
Se3Sm2Al,합금,3,175.26,3.0,2.89,145.5,4.5,9.33
B2Sb4Ti2Hg,고온,4,61.9,3.8,8.36,13.24,10.96,131.96
AgZr3,합금,2,23.54,3.7,14.09,102.13,10.52,1.14
Pd3TaTi3Pt4W,고온,5,60.3,3.8,4.37,8.97,15.0,83.2
CoVP3,합금,3,115.39,4.8,7.1,66.77,14.98,8.66
Hg2Si2MgNb3,화합물,4,59.1,4.3,11.9,37.61,9.23,16.37
Lu3Cs3,화합물,2,148.3,4.0,13.4,10.68,8.67,9.89
Rh4Al3Be2Th,화합물,4,65.3,2.5,8.13,27.88,11.21,18.71
W2SnRb2,화합물,3,120.29,3.7,1.57,4.17,1.86,7.66
SiTi2Gd,합금,3,111.27,3.2,6.62,48.18,3.13,0.74
Hf,원소,1,56.02,4.0,17.68,132.6,7.4,1.05
Cd4EuY4,화합물,3,141.62,1.9,9.5,30.86,4.83,7.66
Yb2Nd2,화합물,2,41.35,2.5,8.5,26.41,11.85,3.42
CuY2Be3Mn4Eu3Mg,고온,6,65.78,5.6,5.49,11.69,1.57,138.34
Mn2Os2S4Lu2,고온,4,70.12,3.3,6.7,10.71,11.06,142.09
ReBe4La3In2UNd2,고온,6,50.97,3.8,5.51,12.11,3.68,65.68
Ag3Ta4TiDy,고온,4,64.29,2.9,7.37,10.46,10.77,104.92
AlTlNd3Ce3,화합물,4,34.18,3.5,3.94,21.89,2.14,16.86
URh2Pb2,합금,3,115.17,3.7,10.94,107.59,6.35,5.67
Ho4BeKNb3,고온,4,136.12,4.5,5.7,11.75,6.46,124.83
Fe2CaSeLi3,화합물,4,95.01,5.3,4.6,15.39,3.16,6.35
HgO3Zr3,화합물,3,65.74,2.4,2.43,35.69,4.16,8.67
Os3Sn2Ir,합금,3,129.97,3.3,4.36,28.66,6.69,6.35
Ti3ErHo3,화합물,3,139.12,4.8,4.79,7.46,14.06,34.25
As2Ga2Ir3,화합물,3,125.87,3.6,9.88,22.8,2.77,10.12
PbH2Rb2As4,고온,4,86.33,3.4,5.32,10.18,5.9,141.15
Re3HgTl2Tb,화합물,4,85.42,4.9,9.65,44.4,11.74,5.78
Si3Cu4,화합물,2,70.94,4.1,3.0,24.75,3.91,5.56
Sb2P2Rb2,수소화물,3,31.1,4.1,5.6,17.82,13.65,114.39
Tl2Sb3,합금,2,132.78,5.5,3.44,75.07,6.81,1.16
SCrCo2,화합물,3,94.61,4.2,9.68,5.96,7.73,7.26
Pb4,원소,1,75.24,5.0,17.78,157.65,9.56,10.88
Cs3Ce3Fe2AsNd,고온,5,110.71,4.5,7.21,2.89,7.96,52.64
As2Pb2SnIn2,고온,4,53.29,4.4,4.41,9.47,12.25,118.8
TmV,화합물,2,60.58,2.4,6.08,14.48,8.2,12.98
Cr2Sc2YNb2USe3,고온,6,61.57,4.2,8.97,9.29,0.69,143.54
Al2Bi4,화합물,2,105.76,4.8,3.24,7.19,7.11,10.07
Th3Fe4Rh2Dy3Tl2,고온,5,120.78,4.6,8.45,9.23,14.86,131.57
PO2Gd4Re4Na,고온,5,57.68,4.3,8.64,2.59,5.59,45.68
Be4PrRh3Zr4Sn2,고온,5,30.85,1.9,5.87,8.93,5.06,51.15
Cr3,원소,1,202.0,5.0,19.7,264.47,1.52,1.87
Tm3B,수소화물,2,30.29,3.7,3.82,46.35,3.43,254.1
Si2BeGa,화합물,3,70.28,2.6,12.78,18.77,10.12,14.76
Te4Ge,화합물,2,89.47,2.4,3.67,42.43,11.9,7.65
ScCAl3PdNi3Dy3,고온,6,37.43,2.6,5.9,8.96,2.3,35.14
SmBe3Pb3Tb2,화합물,4,139.84,5.4,5.57,42.09,4.23,5.01
CaZr3RhNi2Ir2,고온,5,55.62,2.0,4.09,6.97,12.43,72.08
Sb2Zr,합금,2,90.3,3.0,2.2,35.05,0.33,14.08
Y2Pd2,화합물,2,36.25,3.4,3.91,5.78,0.86,9.15
Th2Mo3,화합물,2,156.56,3.7,6.55,28.08,14.3,12.04
SmRb4,합금,2,121.04,5.5,11.14,43.47,14.39,13.37
Se3Sb,합금,2,116.83,5.4,14.36,38.58,2.52,13.59
Ga3,원소,1,153.46,3.0,7.77,73.12,4.45,7.21
MgZr3Ce2,화합물,3,52.97,4.6,5.28,13.55,4.36,10.68
Sr3Mg2S2,화합물,3,61.58,3.3,11.26,18.55,6.63,3.32
V2BePt,화합물,3,57.29,5.7,7.27,3.14,12.13,4.0
Cd3Mn3B,화합물,3,11.72,2.1,10.27,42.14,8.16,13.98
Tm2Dy2Sm,화합물,3,126.07,2.6,3.9,14.27,3.35,5.92
Ta3H4HgZn2Er4,고온,5,53.06,3.5,8.76,12.09,7.26,95.95
Co,원소,1,218.96,5.0,7.76,2.27,7.26,8.18
ZrTm2Lu3Ga3W,고온,5,110.92,2.0,8.68,10.18,9.19,82.6
Ti2MgAg2Eu2Gd3,고온,5,124.28,2.2,5.57,11.08,14.04,58.21
Au3CsF3,화합물,3,138.77,3.9,11.85,34.33,2.29,9.05
B4Rh2Rb4Mg2,화합물,4,151.03,1.5,6.82,20.0,1.79,2.41
CsLu2WCr2Yb2,고온,5,78.13,5.8,5.74,5.59,11.86,57.15
Sm2Pd3W3,합금,3,176.48,2.5,9.95,12.42,1.37,12.41
Te,원소,1,12.28,1.0,10.32,320.96,7.27,0.0
CoGaBe3,합금,3,40.43,5.2,3.07,123.78,7.52,4.3
SrZrAu3Pt4Os,고온,5,137.07,3.9,3.97,12.9,8.57,123.86
As4,원소,1,57.88,5.0,5.25,6.41,8.64,7.96
Mn3Te3,화합물,2,55.39,5.8,11.12,12.95,2.24,6.42
Li3Mn,수소화물,2,13.55,2.2,5.96,12.3,1.55,156.67
Ga2ZrCr3Lu4,고온,4,112.16,1.5,3.7,5.91,13.66,83.08
Fe3Te3Ta2,화합물,3,155.73,5.5,7.98,0.54,8.45,9.36
Tm,원소,1,66.57,3.0,5.8,385.69,7.38,1.58
ErLu3HoMn3MoGe4,고온,6,132.64,1.7,4.16,11.91,8.93,104.18
SiCuOs,화합물,3,25.65,1.5,5.72,45.48,6.27,17.79
TmNb2,합금,2,34.46,2.4,15.81,71.31,11.6,2.46
Cd4Er2,합금,2,90.76,2.5,14.78,40.05,10.72,10.06
ReCa4Mn2Ga3Se,고온,5,119.05,1.6,4.25,6.3,3.56,157.26
Sn2Mn4As3,화합물,3,55.26,2.4,9.46,28.64,14.25,17.53
AuNd3Ga4Tl4,고온,4,31.42,4.6,5.71,3.14,6.3,36.72
TiN3Mg2LiCeBe2,고온,6,92.46,2.6,8.39,10.59,0.72,59.48
Nd2Ge3,화합물,2,101.06,2.9,3.79,7.91,6.04,28.97
TaGe,화합물,2,72.65,5.9,4.87,16.31,7.29,14.36
PNa3Pr2Ta3,화합물,4,117.3,5.3,4.41,48.28,3.63,3.41
As2F2Sn2Dy4,화합물,4,36.42,1.9,1.99,40.8,12.99,9.81
TeSe2SnCa,화합물,4,57.34,4.8,8.93,17.63,5.96,4.1
Re2Tm4HfPr3SiCa,고온,6,65.71,4.2,7.04,5.15,12.88,149.49
BTmO2,화합물,3,56.35,3.8,8.78,42.66,1.17,3.81
O3HAsCuZr,고온,5,114.64,4.9,6.17,9.8,13.42,63.89
BiMg,화합물,2,102.01,1.6,3.47,18.19,12.37,0.0
Al2Ga3Ge2Mo2,화합물,4,77.52,5.4,3.83,33.6,5.93,8.11
Mo3FeRu2,화합물,3,69.79,2.9,7.64,41.62,9.51,0.21
ZrOsZn2Sc3,화합물,4,139.26,3.6,6.45,21.0,8.19,1.81
Ho3BaLa3,화합물,3,99.94,3.9,7.87,17.83,10.97,10.38
O2PtLi3,합금,3,166.14,4.9,2.99,19.57,11.82,5.53
Pt2GdMn2,화합물,3,111.21,4.5,5.13,43.58,4.32,6.89
Bi4Pd4Li2,합금,3,152.25,5.5,8.47,36.54,8.41,19.96
HS3Nd3As2,화합물,4,107.57,3.3,5.41,23.59,6.38,6.98
TiSe2Ge,화합물,3,104.5,5.2,3.0,8.91,11.76,7.26
BeHo4Mn2,화합물,3,52.43,4.5,12.26,25.13,8.92,9.86
Ni4Os,수소화물,2,21.94,2.9,4.66,39.73,11.93,194.45
Ba2ThLuAg2,화합물,4,86.54,3.8,10.81,41.15,10.76,16.55
Pb2Au2Sm2F3Ag4S2,고온,6,54.03,5.6,8.89,4.11,13.3,55.43
CdSr2,화합물,2,60.14,6.0,12.7,21.36,8.11,8.88
SiMgCa2W,화합물,4,88.86,2.7,5.23,29.92,2.23,2.33
Rb,원소,1,51.62,4.0,10.08,279.75,7.87,0.79
La2U4Sm,합금,3,112.86,2.4,2.75,125.42,4.05,6.58
Nd4Zr2,화합물,2,116.29,2.8,7.91,3.4,8.57,7.74
Ta3MnGa3Ru4,화합물,4,123.75,2.7,2.5,30.13,0.88,9.87
Rb,원소,1,55.83,4.0,21.32,177.83,9.0,16.82
O3CaCs,합금,3,155.3,5.2,6.77,42.75,9.8,5.08
Ge3Sm3Dy,합금,3,39.18,3.0,6.27,32.05,0.57,1.82
Rh2CeCs,수소화물,3,19.21,2.1,1.34,50.48,14.15,112.99
AlBi2Te2,화합물,3,139.38,3.8,3.56,38.31,8.92,9.2
Ba2Mn3K4,화합물,3,146.19,2.3,12.13,6.02,0.47,11.23
Co2Er2,합금,2,126.66,4.7,13.83,60.77,3.54,9.37
BBa,화합물,2,73.84,3.2,3.11,7.94,4.66,7.1
Pb3Ce3,화합물,2,71.9,1.9,2.95,46.49,9.25,31.67
Tl4PbSe,합금,3,54.74,3.1,5.19,56.67,2.62,5.32
CuU3,화합물,2,38.84,5.5,6.72,12.02,5.15,8.68
Cs,원소,1,217.68,4.0,18.97,49.11,7.04,4.9
Pr,원소,1,20.75,5.0,1.19,142.4,3.1,0.78
NbGd4,합금,2,66.49,5.9,5.28,138.13,10.52,9.28
Ta,원소,1,68.11,5.0,18.46,335.06,3.19,10.2
BPd2Be4,합금,3,96.36,5.3,5.25,28.61,1.11,6.34
LaReBU3,화합물,4,70.27,2.5,3.12,39.5,11.81,8.11
H4Si4Cr3Os2GaEu,고온,6,62.05,4.1,7.52,10.92,9.13,135.62
IrMn4Er2,화합물,3,81.74,2.1,9.96,31.75,9.52,5.68
PtEr2Pr4Rh2,화합물,4,95.53,2.6,12.89,0.94,0.9,11.28
B3Er2,화합물,2,87.05,4.5,1.82,11.32,10.59,23.01
SrSc2F2Cs,고온,4,137.37,2.1,3.12,5.55,13.47,84.85
Cd3Ru4,화합물,2,143.94,5.8,9.99,12.35,5.91,10.78
W2O,합금,2,157.67,3.2,4.1,28.61,6.91,6.36
PdNa2N2,화합물,3,89.17,3.6,4.22,30.36,7.34,5.66
Ca2Cd2,합금,2,143.33,1.8,10.71,84.48,14.22,0.0
Cd2Sc2,화합물,2,113.65,3.4,4.51,33.27,6.86,19.11
BaSm,화합물,2,42.19,2.3,11.22,17.01,12.95,7.66
Hf2N4Y3Re,고온,4,64.99,6.0,5.67,5.22,1.1,49.05
Mo3Co,화합물,2,92.69,2.8,11.75,21.09,13.28,0.43
NPrCa3Al2,화합물,4,100.57,2.3,2.66,21.5,5.73,30.36
Ir3Sn3,수소화물,2,40.16,2.7,4.28,13.77,11.3,270.25
Mn2Co2Na,합금,3,157.93,3.9,10.57,5.41,4.96,5.96
NiCo,합금,2,62.19,3.8,7.07,120.16,12.66,1.11
Dy4Mn2,화합물,2,105.66,5.8,10.3,9.48,6.27,7.99
Se2Sn3N2,화합물,3,86.21,1.9,3.46,30.47,5.58,19.09
U2Au2As2Eu3,화합물,4,68.77,4.6,2.69,12.69,14.92,14.06
TaTiLa2H2Er,고온,5,58.53,2.8,5.83,5.13,13.19,63.44
FSnIn2Mo2,화합물,4,114.71,3.2,7.42,25.57,9.03,6.81
La3Sc4Zr2K3,화합물,4,120.32,1.5,12.56,18.68,13.77,23.73
YAs,화합물,2,34.49,1.9,5.37,6.74,13.46,3.09
TeP2U3K2Dy2,고온,5,99.28,4.7,7.62,11.68,10.95,93.07
AgSr2,수소화물,2,52.3,4.4,7.2,78.97,3.3,195.94
Mo3Ga2PCu2EuCo2,고온,6,32.31,2.9,6.08,8.22,14.6,87.85
Pb,원소,1,113.7,4.0,19.98,290.73,2.63,0.0
Tb3Mn2,화합물,2,154.88,2.3,9.86,37.74,13.36,21.96
Rb3,원소,1,170.06,3.0,7.07,382.91,4.85,4.28
BiMo2,합금,2,82.46,4.6,13.38,92.11,13.43,8.75
V4,원소,1,115.55,2.0,17.97,351.0,6.17,0.0
Te3Tb4,화합물,2,33.88,2.2,4.5,14.05,5.95,20.26
RuNd3Tb2,화합물,3,156.06,5.6,7.84,4.06,12.44,10.12
LiCr,합금,2,36.34,2.6,3.88,37.58,1.15,0.0
Ru2PtTmBi3,화합물,4,109.46,5.8,6.96,17.94,10.7,18.65
Nb2Nd2,화합물,2,124.59,5.6,6.31,24.45,13.43,11.86
Li2Mo3Cu,화합물,3,11.47,3.0,13.33,11.57,11.08,27.19
SbHg2,합금,2,155.42,5.4,7.61,72.59,4.0,5.52
Tl2Rb2P3Al,화합물,4,85.98,2.1,3.05,14.86,3.69,11.71
PdBe2UTe,고온,4,62.45,5.8,4.19,8.19,7.11,168.62
Nb,원소,1,143.2,4.0,13.41,341.77,2.34,5.87
SnRb,합금,2,104.53,2.9,2.71,52.41,6.83,8.04
Sc3Dy2,화합물,2,38.66,2.3,2.55,9.53,6.07,23.81
O3As3Si2HgBe2,고온,5,37.64,4.4,6.26,13.85,14.13,33.79
Mn3Fe,화합물,2,16.35,4.2,10.49,30.07,13.09,12.31
Al3Sm2Se2Te,화합물,4,76.39,3.6,10.65,48.03,7.11,6.99
SiPt3Sb,화합물,3,147.47,3.0,9.88,17.07,0.11,15.05
Be3Ga,화합물,2,46.5,4.6,2.49,32.92,13.84,20.11
Ce,원소,1,194.47,3.0,12.6,280.21,5.88,6.78
NbNa2MnV2,화합물,4,15.71,2.5,2.82,40.18,6.58,2.11
Hg3Y2NSr4Eu2,고온,5,46.84,4.5,7.41,13.15,10.34,104.28
IrLu3,화합물,2,56.96,5.5,4.31,23.58,1.41,6.76
La2Zn2Sm4Tb2V3,고온,5,74.27,5.6,4.17,7.56,8.67,84.2
BiCs2AgFe,화합물,4,59.96,3.8,13.87,38.45,5.81,9.62
TeCr3,합금,2,34.41,2.9,10.41,147.22,3.56,10.06
SbScGa2Eu2Ca2Er,고온,6,74.7,4.4,7.97,11.48,4.39,45.16
Mg2,원소,1,171.53,1.0,9.66,22.24,8.33,0.0
Cu4TmF,화합물,3,66.11,5.0,8.49,47.0,5.34,29.08
LuOs,합금,2,162.68,3.7,3.01,70.6,2.34,7.47
Lu,원소,1,79.27,5.0,15.9,277.3,9.38,5.69
Fe2CHo3Dy,화합물,4,115.66,5.9,1.89,20.38,1.19,6.0
Fe2BeGd,화합물,3,15.75,3.9,8.45,16.82,5.28,7.95
Al2S2,화합물,2,151.76,4.6,13.52,13.11,11.57,8.92
N2Y2Ga,화합물,3,159.1,2.0,7.53,34.26,11.27,7.23
Rh,원소,1,37.22,5.0,5.15,222.32,9.55,10.89
FeSb3Nd2,합금,3,175.88,2.8,14.06,58.9,13.42,11.88
TmGa3PZr,화합물,4,36.96,1.6,10.27,37.7,9.26,3.06
PtTm2Eu3,화합물,3,16.52,2.6,8.83,43.3,4.63,5.26
Ir4Cd2Y4,화합물,3,134.3,3.6,3.14,41.44,2.02,10.02
TmHoW3,화합물,3,125.92,3.1,3.38,5.5,2.65,1.61
Nb2Y3SiMo4,고온,4,61.39,2.9,3.79,9.24,7.26,70.52
K3Cr2SmTh,화합물,4,49.99,2.7,2.97,10.95,0.19,4.57
P4Ni4CeIr,화합물,4,72.49,3.1,9.48,4.02,11.33,21.26
Te3Ce,화합물,2,146.62,2.3,12.6,42.85,11.74,6.89
Nd2La,합금,2,34.14,3.7,2.02,40.96,11.92,3.85
TeLi,화합물,2,50.86,5.2,4.48,23.67,14.79,13.14
YCaGa3NiP4Pb,고온,6,89.5,4.3,5.1,9.93,4.97,152.86
Ta2Os,화합물,2,80.96,1.6,13.1,22.09,9.91,7.62
Rb2CeH2Ag3Mo4Tb,고온,6,103.85,2.8,6.7,10.5,6.37,75.31
N3BeCdNa3Pr4,고온,5,109.46,4.4,3.88,6.18,11.04,74.86
Fe2Ni3BeTa2Pr3V2,고온,6,45.47,5.8,3.59,3.87,4.13,82.34
YHgAsHOs2O,고온,6,104.99,5.2,3.23,5.97,5.96,60.76
La2Al4,화합물,2,104.99,1.7,11.78,47.99,14.12,19.47
Ge4YOEu2,화합물,4,152.82,4.2,8.55,25.96,12.19,13.82
Fe2Au,화합물,2,37.29,1.8,4.93,28.35,7.78,6.25
Fe3PtH2Si2,화합물,4,104.17,2.2,3.04,6.37,5.03,3.5
OsAl3Mg,화합물,3,159.77,5.1,9.4,31.45,4.72,20.0
Fe2VMnPd2,화합물,4,83.89,5.4,11.71,42.48,13.29,10.39
Pd4As2,화합물,2,124.91,2.0,7.5,31.22,3.41,8.05
SbMn,화합물,2,116.17,3.4,10.15,36.0,13.84,11.7
Cs2Yb2,합금,2,97.95,2.3,13.05,43.72,8.16,10.66
PtCrRhO,화합물,4,73.63,3.6,10.47,32.68,5.82,6.55
PdMg,합금,2,151.75,4.5,7.4,141.15,10.8,5.47
Li3PtIr3Sn2Ti4Pr3,고온,6,79.65,3.4,7.59,5.12,0.25,129.09
Zr4MgSm3Gd2,화합물,4,81.84,3.7,10.64,9.85,5.22,4.46
PdRb2,합금,2,173.11,6.0,11.61,130.01,5.29,6.51
Zr3,원소,1,189.7,4.0,1.79,10.49,4.95,0.0
VTmSm2As4,화합물,4,129.93,5.5,13.0,36.86,5.33,9.35
Ge4Ru2VBa,화합물,4,59.81,2.5,6.71,11.42,12.32,20.69
P3InY2,화합물,3,56.84,1.7,2.17,17.96,8.08,0.0
F3,원소,1,86.42,3.0,10.99,145.42,0.79,0.42
AsDy2Co3,화합물,3,62.6,2.9,12.6,21.82,6.81,6.72
KCa2,화합물,2,126.36,3.2,8.44,17.46,13.52,7.6
Ga2MnY2Be4,화합물,4,153.62,2.9,12.98,23.28,0.54,8.05
Al2Sb4K2,화합물,3,24.01,1.9,8.2,29.12,0.62,6.54
Ho2C4Pr3,화합물,3,31.01,2.8,1.55,18.01,14.43,0.0
Ce3Zr2,합금,2,81.02,2.3,10.83,36.77,2.2,0.0
LaNi3,수소화물,2,39.03,5.0,3.6,10.12,10.23,201.04
Cd2S2Ru3,화합물,3,48.19,3.7,2.48,34.36,8.98,3.32
Sb4Ru2B3,화합물,3,144.79,2.5,4.81,17.21,0.33,11.67
SrIn,합금,2,137.72,5.5,15.54,133.29,8.17,7.09
Ir2Se2Os2,화합물,3,141.25,5.5,7.13,48.34,13.41,16.21
Te3,원소,1,210.77,2.0,7.04,147.17,1.8,0.0
YbIn2UCe,화합물,4,142.62,3.8,4.12,22.03,3.28,10.76
HoAl4,수소화물,2,58.45,3.3,7.12,23.56,13.32,212.36
OAgN2,화합물,3,147.55,2.3,13.32,20.24,2.52,21.3
V2,원소,1,48.24,2.0,2.16,38.69,5.73,1.01
Gd4,원소,1,144.58,2.0,2.37,114.36,6.82,0.0
TeCo2Os,화합물,3,116.54,3.1,4.8,36.68,7.51,7.04
SmRb,합금,2,49.11,4.6,7.74,109.88,0.52,24.36
In,원소,1,230.16,2.0,16.95,44.7,1.75,6.98
Ca3Ba3As3ZnY2Mn4,고온,6,67.37,4.2,7.69,13.46,7.55,164.08
Cs2PV2,화합물,3,78.98,3.2,6.39,3.39,1.03,1.13
Zn4S3NbOs,화합물,4,110.48,3.3,8.64,11.87,10.22,14.35
CdU4Au2Hf3O4,고온,5,45.14,2.6,7.4,8.88,10.31,108.71
GeNi3C2,합금,3,74.32,4.2,3.84,125.23,7.05,11.01
Se4Hf3,수소화물,2,1.47,1.6,5.76,47.1,12.68,269.92
PrTh2In2,화합물,3,103.01,5.6,2.42,28.33,14.92,16.94
U2Pb3Ga4Dy4Zn2Lu2,고온,6,85.74,2.3,7.62,1.59,9.9,40.6
Hf4H3Tl4,화합물,3,130.02,5.5,7.62,45.52,0.36,8.35
Y2Ge2B4Ti3Tm2Nd3,고온,6,82.32,5.5,6.49,8.95,4.08,63.96
U3NbEr,수소화물,3,11.63,3.7,3.58,55.59,3.76,213.13
Cs3Mn4Si2Pd,화합물,4,72.3,4.8,6.98,14.67,2.93,33.69
TbMo,수소화물,2,8.71,2.5,4.07,9.04,4.95,172.12
Nd3Be,화합물,2,72.28,3.8,8.51,49.45,3.87,15.66
EuPd3,화합물,2,110.56,2.6,2.61,0.53,0.73,5.7
CdDy,화합물,2,116.33,2.8,13.81,2.24,7.64,7.48
Nb3Y2,화합물,2,20.04,1.9,12.87,18.39,9.14,0.94
CoHo2Ni,합금,3,149.79,3.1,15.91,92.94,13.16,9.86
Ir2Dy2Ti3,화합물,3,141.28,2.6,9.43,33.31,4.01,2.13
Th2NiOs3,화합물,3,113.68,2.6,2.05,47.56,7.02,14.55
SbSe3Re3HfCs3Al2,고온,6,46.8,5.4,5.38,12.73,3.82,78.21
NHPdAgY2Th2,고온,6,109.08,5.6,3.34,14.4,2.47,132.7
Cd2S4MnTh4,화합물,4,79.93,3.9,11.21,15.74,9.1,9.55
Cu2Ho2Cs4Rb2,화합물,4,103.77,4.0,3.25,14.31,0.36,2.56
Tm3P,합금,2,169.61,3.7,4.57,14.72,6.64,11.86
NK,합금,2,42.51,3.6,5.13,30.17,13.54,10.79
Tm4,원소,1,160.77,2.0,19.2,166.66,4.65,0.33
Ti2Tm2,화합물,2,37.54,2.9,13.01,39.84,6.57,3.82
Cs3As4,합금,2,89.89,3.6,10.33,26.28,2.36,4.11
TeOs3Zn2,수소화물,3,50.38,4.6,6.21,17.64,7.67,138.62
Na3Fe3In,화합물,3,120.83,3.7,7.37,34.49,6.88,8.19
AlCr,화합물,2,49.46,2.7,9.73,22.86,9.11,14.55
DyMgEuGe,화합물,4,103.24,4.5,2.66,5.05,11.97,9.63
LiRh,합금,2,101.29,4.6,13.75,28.02,12.39,10.32
VSm,화합물,2,43.01,5.3,13.09,6.67,12.17,17.91
MnCCe2,화합물,3,101.71,4.4,4.84,27.38,5.46,5.92
BTh3,화합물,2,50.49,4.1,6.01,24.97,2.32,11.19
Sr3Nd2Y2,화합물,3,113.02,5.3,2.99,24.9,3.67,30.64
Cr3Rb2,수소화물,2,24.71,3.5,1.58,76.34,12.56,228.39
HfGd2Cr3Nb4In2Os,고온,6,33.84,2.3,6.29,7.26,14.56,147.61
Co4As2,화합물,2,51.92,3.6,10.97,46.04,7.02,0.0
Bi3Rh3Ga,화합물,3,159.14,4.8,8.4,49.47,1.48,23.01
TlWC,화합물,3,109.09,2.1,5.26,43.7,3.37,10.48
Ba3Al3,합금,2,55.78,3.6,9.89,27.97,8.32,14.13
S3HgBaNd3,화합물,4,152.39,1.6,1.94,1.26,4.0,35.53
V,원소,1,199.74,5.0,2.84,145.85,9.26,8.43
SeGeMg2Te,화합물,4,92.8,3.3,4.14,13.35,3.62,8.11
Bi3Ga2,화합물,2,59.17,2.8,3.98,30.66,14.77,14.68
B2Ni4Na2,합금,3,40.61,1.5,3.95,75.11,1.51,4.38
WB2,수소화물,2,38.05,1.6,6.97,21.08,6.39,277.88
Ge2CRbAu3,고온,4,139.97,3.0,4.8,11.46,10.73,154.99
SmIr3MoNi,화합물,4,76.57,2.2,4.6,41.09,1.26,11.16
Se2Co3Sn2,화합물,3,109.53,2.0,10.07,25.06,12.91,5.44
Sn2Ta2HgMn3Ga2Be2,고온,6,45.61,4.2,4.72,11.24,14.44,143.82
SbNd3Lu4,합금,3,95.84,5.9,12.53,48.51,5.19,4.22
HoLiLaHgInCu3,고온,6,53.75,4.8,6.83,2.83,9.64,113.44
B2Sr,합금,2,55.07,4.4,3.22,43.61,3.93,7.21
Cd2Sc2MnPb2Te3,고온,5,48.19,5.9,7.22,7.1,13.69,55.53
Gd2Co2,합금,2,173.16,3.9,12.81,8.1,10.84,4.67
Te3NRu3OCdAl3,고온,6,47.24,4.1,8.76,5.03,10.62,37.25
MgO2ZrBi2,고온,4,76.3,2.5,5.68,1.92,1.01,123.78
B3Bi2,합금,2,110.44,3.9,11.55,117.29,2.21,6.1
Te2Sn3Fe4In,화합물,4,146.6,4.3,1.9,11.19,8.49,6.38
AlBa3,수소화물,2,39.72,5.8,6.22,27.98,13.86,127.27
CaLuFe3Zn,화합물,4,111.11,3.0,3.21,41.15,8.86,15.03
Pt4Hf2Th4La2Ru4N3,고온,6,63.23,1.8,7.34,1.38,10.11,146.71
PbTm2Te,화합물,3,152.21,5.5,11.12,10.54,14.96,7.9
Li4Pt3F2,화합물,3,142.83,4.1,12.31,21.71,6.87,15.65
Hf2Ir2Mo2,화합물,3,85.4,5.5,2.0,25.97,4.81,6.91
B4Mn2,합금,2,173.47,2.4,7.12,52.29,1.77,10.72
PrNb3Os2Eu2K,고온,5,33.92,2.1,3.64,1.5,14.48,136.77
KUCo3Sr,화합물,4,138.66,3.7,12.8,7.26,13.93,18.26
B2TeFeS,화합물,4,104.23,4.6,6.69,2.44,4.08,2.92
Sb2Na,화합물,2,55.51,2.0,1.65,9.73,11.16,20.44
Ca3Fe3,화합물,2,121.18,5.7,7.79,38.72,1.72,29.32
Sm2Tl2AgTm2Mn2P,고온,6,81.35,5.3,6.39,10.14,13.1,154.11
Mo2Hg3,수소화물,2,6.36,2.5,2.99,46.18,2.33,155.88
As3Cd2N2Os,화합물,4,125.91,5.8,13.19,10.91,10.58,7.07
MgTa2Pd3Lu2Ce2,고온,5,48.36,3.6,4.94,11.13,4.16,146.09
B3TeGd2La3O4,고온,5,39.25,4.7,4.97,4.7,1.23,145.46
BiSi,화합물,2,75.01,5.0,13.96,18.85,10.14,14.01
Re4Cr3,수소화물,2,39.48,5.5,2.31,43.21,1.97,256.28
RhOs3,합금,2,68.55,2.3,12.59,147.78,9.95,10.94
Sn3Mn4Ga,합금,3,72.37,3.8,9.43,6.14,5.41,2.44
Y4B2LaBeDy,고온,5,64.75,3.1,4.74,8.07,14.18,165.8
RhV3U,화합물,3,30.32,3.1,7.93,6.84,2.41,1.88
Nb2Mo3HHg3Y2Pr,고온,6,49.07,4.8,3.7,11.36,0.34,114.14
Pd3VDyFe4Ce3,고온,5,104.21,4.4,7.54,10.63,13.14,117.57
Eu4,원소,1,25.91,4.0,18.78,237.9,9.96,3.56
Ba4Pb3GeCd,고온,4,89.37,3.5,6.28,9.68,9.94,106.12
RhF2Mo3,화합물,3,12.2,1.9,13.17,4.22,12.6,6.34
V2O2Cs3,화합물,3,65.39,5.5,7.69,47.02,4.06,10.07
NdMgF3Th,화합물,4,144.8,5.4,8.83,3.55,2.69,6.95
K3TmHg2Hf2,고온,4,99.07,4.7,5.5,9.89,14.39,51.9
Ru2,원소,1,26.72,1.0,13.92,326.48,8.73,0.0
Co4Hg3Pt3,화합물,3,31.51,3.9,12.51,2.1,13.28,0.57
HBe3Fe3Co3,화합물,4,100.69,4.8,3.47,37.93,6.44,4.71
Te3Pt2In2,화합물,3,72.21,2.7,6.4,29.56,3.41,1.98
CuYbH4,화합물,3,12.88,4.4,8.89,43.91,4.91,9.68
Nb3In2,합금,2,81.71,2.5,12.45,103.39,4.06,6.45
CeReFe2,화합물,3,85.75,3.7,1.99,12.17,8.12,16.28
W2Bi3Te3Mn,화합물,4,127.74,5.3,11.19,12.9,3.46,8.25
Fe2Ti2FC4Bi4Gd2,고온,6,66.11,3.8,3.49,4.97,1.3,80.71
Er2V3,합금,2,112.01,4.6,14.05,81.94,11.83,11.53
Os2Zn,합금,2,123.99,4.5,2.53,43.82,6.86,4.82
CHCr2,수소화물,3,21.22,5.7,2.51,18.39,7.24,215.9
Sm4,원소,1,120.82,3.0,21.94,195.77,9.06,0.0
Ga2Cd,수소화물,2,56.42,2.0,6.98,18.07,8.72,106.92
SbBa,화합물,2,156.21,1.7,6.25,25.76,1.74,35.7
PrBi4Fe3InNd3,고온,5,89.62,4.5,7.91,13.89,4.19,96.76
Ge3Sc3,화합물,2,152.59,1.7,10.52,15.9,7.44,18.22
F2,원소,1,170.85,2.0,13.25,73.17,1.34,1.34
Tm4Nb3N2Pt2HSc3,고온,6,68.4,1.7,7.18,3.42,8.52,88.33
Gd3Rh2Tm4Cs4Os,고온,5,38.52,2.5,8.7,4.34,6.57,157.86
BeGaSnNa2Sb4,고온,5,125.5,4.4,7.65,9.35,3.14,136.46
Nd2Co,합금,2,119.33,3.3,6.5,132.65,14.55,8.28
Ti2LaW3C3Ru3,고온,5,74.19,4.4,7.99,8.88,13.09,153.72
NbSmFeZr4RuSc2,고온,6,137.7,3.3,6.92,5.11,2.14,146.81
H4Be4S3Os,화합물,4,90.53,2.0,10.11,49.32,9.81,2.66
Hf3Tm3Cr2DyPt3Tl,고온,6,66.17,3.9,6.95,7.76,5.48,90.23
Ga3RhPdScSSb3,고온,6,87.02,5.8,4.24,10.75,11.81,84.29
ZnU4,화합물,2,95.82,1.8,9.27,7.76,1.95,7.87
Ba2Be,합금,2,128.43,5.3,6.52,90.18,2.44,1.86
H2RhMn2Tm2,화합물,4,39.78,5.3,5.98,42.38,13.8,12.56
Mo4,원소,1,123.75,3.0,18.33,304.81,1.68,6.19
P2Lu,화합물,2,25.59,5.7,3.41,13.05,14.59,10.69
Co2Y3Ge,화합물,3,146.99,3.9,5.76,21.92,13.81,4.34
Cd,원소,1,103.68,3.0,3.25,386.79,5.91,0.36
Bi2H2ThAs,화합물,4,96.99,4.4,8.88,15.98,5.42,28.78
Ir2Ge3,합금,2,146.42,5.5,6.09,6.69,14.44,12.92
Cd2Er3HPt3Cu,고온,5,85.69,3.3,6.58,1.56,12.72,97.15
Tm4HoSbInLi2S,고온,6,82.36,4.5,6.71,11.68,3.81,50.12
Ga,원소,1,91.4,5.0,6.05,217.76,9.28,0.0
Er2Th3,수소화물,2,56.83,4.1,6.02,30.96,12.69,242.95
CoLu2,화합물,2,52.93,1.6,8.2,6.26,0.43,0.0
AuCs3NdAl2,화합물,4,83.49,5.6,7.83,13.55,3.28,6.5
P4,원소,1,133.93,2.0,5.31,141.66,7.35,0.0
Li2NbIrTe3,화합물,4,40.41,2.7,7.95,33.77,9.39,1.66
Ni3Pt4YAgSmCd,고온,6,106.94,3.7,4.3,1.94,5.85,60.42
CsCSm2Zr,화합물,4,99.83,3.6,10.57,38.64,9.7,11.43
Ge3,원소,1,9.07,3.0,3.97,23.6,9.79,0.53
Pb3,원소,1,146.22,5.0,2.39,207.01,5.45,0.0
Re4Cu2H,화합물,3,44.43,5.6,5.31,28.74,1.78,19.17
B2Zn2,화합물,2,90.6,3.4,4.09,5.69,14.92,7.94
HErSb,합금,3,127.38,4.6,10.64,26.19,10.47,0.61
SbEu3GdRu3,화합물,4,41.06,5.5,2.68,7.77,4.71,32.64
Re3BaPrCd3,고온,4,126.46,3.1,8.81,6.21,5.69,128.31
CSbAuIn3Pd3,고온,5,41.29,5.8,4.07,13.05,2.51,138.61
Os2Na,화합물,2,66.84,2.6,3.81,16.51,1.23,18.53
HgPrScHo2Zn2F4,고온,6,111.31,3.1,4.14,12.88,5.86,40.24
Os3Yb3Al2Ta2,화합물,4,150.48,1.9,3.41,11.87,11.31,2.49
ZrPdLi4Ca2,화합물,4,109.3,2.6,12.04,20.06,0.97,13.85
CoNi2Sm4,합금,3,20.55,4.9,9.6,34.58,14.15,13.21
As2Se4TaLi,화합물,4,68.97,3.9,2.11,40.48,0.45,7.85
Tm4Ge2,수소화물,2,3.91,5.3,7.27,55.03,3.84,243.88
HoGd3Se2Os3,화합물,4,137.27,2.8,10.96,35.85,3.75,5.31
Al4As2Cd,화합물,3,129.83,5.3,7.41,49.27,3.61,10.76
Sb2Co2Nd3,화합물,3,39.14,2.5,10.36,10.99,3.51,6.43
Pd2Eu2Mg3,합금,3,86.47,2.8,13.16,66.06,1.63,1.53
LiCuYBiGdK,고온,6,98.37,3.7,4.5,10.54,5.58,101.15
Nd3O3Ba2,화합물,3,117.03,4.8,4.16,25.58,1.6,6.64
H2K3,화합물,2,136.72,5.9,12.62,17.95,11.1,11.32
Mo2CHf,화합물,3,136.27,4.9,3.77,38.6,3.85,8.56
Th2Sn2,화합물,2,96.45,4.6,12.27,26.0,1.85,6.12
Lu,원소,1,203.85,3.0,8.49,21.13,1.62,8.51
Mg2Be2GaNa,화합물,4,62.03,1.7,2.13,20.59,11.93,11.55
Ir3Sc4,합금,2,30.41,1.8,2.58,105.85,9.52,8.94
CaOsTm2U4,화합물,4,90.46,4.1,4.39,8.52,6.38,20.48
Ba2Rh4Lu2Cs2,고온,4,136.53,2.8,3.27,12.68,8.18,33.75
Sc3Cu2NbLa,고온,4,53.14,6.0,6.26,13.6,10.33,152.76
GdOs3SmRb,화합물,4,38.68,4.3,10.94,36.38,10.34,9.11
Lu2W4Ni2,화합물,3,137.41,3.6,13.25,20.22,5.55,6.11
Sb2CaY3,합금,3,163.31,4.7,13.77,19.54,12.37,10.21
In2NSePd3,고온,4,69.83,3.8,5.94,4.94,7.83,63.89
Ho3U4,합금,2,173.86,5.2,4.5,132.98,3.64,4.2
Sc2Sr4Zn3Ba3,화합물,4,58.1,2.1,4.66,14.08,13.04,6.19
FePb4Pr4,화합물,3,72.78,3.5,7.04,39.1,7.47,5.24
La2Nb3Tb4,합금,3,30.16,4.4,4.61,146.15,9.66,4.8
Ru4Th,화합물,2,39.96,5.7,6.17,29.17,9.05,5.51
O3,원소,1,17.22,4.0,18.42,282.14,1.27,12.73
Mn3Cd2O3Se,고온,4,66.45,6.0,4.07,1.82,6.73,130.95
NU4Cr3,화합물,3,151.91,2.0,11.58,7.62,9.63,3.02
Mn3,원소,1,56.17,2.0,18.18,283.62,2.97,2.11
Cs2Nb2Eu3,화합물,3,87.62,4.4,7.0,40.5,13.37,0.17
O,원소,1,189.55,5.0,3.72,196.8,7.44,1.88
C2La,합금,2,53.04,5.1,9.94,24.38,9.21,9.9
CaNbZr2As,화합물,4,25.81,5.7,13.87,26.07,10.98,14.14
Na4,원소,1,216.23,5.0,1.16,218.9,2.95,2.95
La3RhKLuNa3Dy2,고온,6,106.03,4.0,6.03,14.22,13.79,69.93
Mo,원소,1,132.03,2.0,5.58,5.14,7.88,0.0
GaMo4,합금,2,166.83,3.3,6.13,105.57,14.81,4.64
Pb2Ru4Mg3BF,고온,5,95.17,1.6,5.26,1.65,13.48,155.36
In2Ca2,화합물,2,21.24,1.9,4.58,20.0,13.42,20.16
U2P2Hf4,합금,3,45.34,5.9,15.34,95.58,4.51,9.62
LaCo3Cu3,화합물,3,29.32,4.3,12.0,5.81,10.23,5.56
PbHo2Sm2,합금,3,140.18,3.4,7.32,124.6,9.95,4.5
Zr4Os3Gd4Ca2,고온,4,85.98,2.4,7.31,3.2,9.53,87.79
Hg2Ce,화합물,2,58.58,5.7,10.25,0.7,12.34,30.83
AgCeOsNNa,고온,5,117.68,5.9,7.85,10.68,11.92,109.39
Dy2Na4GePd4Eu4Ta3,고온,6,57.13,1.6,8.28,9.49,0.6,125.64
PdZr4Si2,화합물,3,104.17,1.7,2.81,32.72,1.35,8.95
SbLiErCrLu3,고온,5,43.95,2.7,3.3,7.82,1.79,81.55
Ti2Nb3Y2,화합물,3,56.7,5.0,4.14,10.56,11.91,31.8
Th3Tl3,수소화물,2,4.28,3.4,4.95,63.85,11.74,175.88
SbCd,합금,2,155.46,3.0,6.55,109.21,14.16,8.67
Tl3V3Mn3,화합물,3,107.54,1.6,6.29,35.47,11.46,9.43
Ga4Se2Rh,화합물,3,147.74,5.8,9.62,25.23,6.49,18.06
O4Al2Ga2C2,화합물,4,159.11,5.6,3.01,23.75,1.95,6.3
Os4Ce2Sn,화합물,3,40.82,2.2,6.33,43.26,8.03,21.27
Eu2F2S3,화합물,3,140.24,5.4,6.07,18.74,12.74,13.37
Sm3,원소,1,210.88,5.0,11.16,37.83,5.65,3.94
InTmSi,합금,3,33.66,2.3,6.22,134.25,0.16,2.1
Cd2Pr2,화합물,2,36.33,5.6,3.08,48.78,10.59,12.91
Lu2Gd3LaSc2,화합물,4,86.56,1.7,7.73,42.89,12.68,7.88
W2Th2,수소화물,2,40.09,4.8,3.9,32.96,3.29,227.12
SK2Yb3Pt,고온,4,138.82,2.7,8.17,4.82,6.33,158.19
ReN3,수소화물,2,20.79,5.4,4.1,31.6,11.6,185.96
LaLu2LiO,화합물,4,117.62,2.6,3.25,12.26,1.74,18.86
O4YbMnTh2,화합물,4,159.3,2.6,1.52,16.3,12.76,20.99
YHo2,합금,2,62.27,5.6,11.5,109.24,7.3,5.97
Hg2AsTiK,고온,4,112.18,4.9,4.39,7.79,6.28,139.21
Tb2Hg2Ir,화합물,3,125.29,4.7,7.64,35.16,3.88,18.82
Ti4,원소,1,7.52,2.0,10.29,292.04,0.81,3.19
DySSeNd3,화합물,4,127.26,4.5,10.69,29.79,10.69,25.6
Sn2Ge2,수소화물,2,55.09,4.5,6.43,79.62,4.66,214.11
YLiHo2Sb3,화합물,4,74.59,5.1,11.48,29.46,12.57,17.98
Y2Os3In2,화합물,3,82.43,5.5,13.0,13.37,10.85,14.14
RbGe3Ba2H3,화합물,4,77.46,4.9,8.16,9.04,4.87,9.68
PtAu,합금,2,91.34,3.8,7.13,16.16,12.81,0.3
B3PtTeMg2,화합물,4,115.53,3.0,10.07,8.0,9.42,20.44
CaHf2Hg,화합물,3,83.4,3.8,13.85,9.29,2.82,6.47
Si4,원소,1,216.96,2.0,9.15,124.37,9.82,0.0
Ag3WSeDyAsSc,고온,6,135.06,4.0,7.32,6.79,12.79,66.32
Rb3Pb2Nd2Pt,화합물,4,111.48,4.7,9.47,22.02,14.2,10.96
Ga3CLuYbAg2,고온,5,49.06,5.4,4.63,3.51,3.05,160.57
STh3BaSm,고온,4,74.08,4.4,5.95,9.71,8.83,112.64
Be2Bi,합금,2,179.54,5.8,3.48,100.72,12.98,13.18
Tb2Ir2,화합물,2,88.65,4.6,6.97,42.85,2.95,8.45
HoRe,화합물,2,109.23,4.3,12.49,28.98,8.34,6.54
YRh2Ce3Tm4Lu,고온,5,39.39,1.8,4.06,9.21,12.14,150.3
Hg3P3,합금,2,168.96,2.6,2.72,57.57,14.9,8.14
OZrCNa3,화합물,4,78.72,3.9,6.49,17.34,0.84,3.62
Ti3SmO,화합물,3,141.02,3.1,11.44,36.13,7.71,1.75
Ge2Eu2Cs2,화합물,3,51.69,5.3,2.01,15.72,7.29,8.88
K3Al4Rb2,합금,3,119.87,2.4,8.41,137.31,9.18,2.82
CaCe4Nb3Ir2,화합물,4,102.65,2.2,8.9,0.74,5.99,8.84
PrAl2CdHSe2Sb2,고온,6,139.82,3.5,8.86,14.71,12.69,107.42
Fe3Co3Ge,화합물,3,78.46,3.5,1.68,9.24,3.9,14.24
Pb4TeZr2,화합물,3,69.58,5.9,13.02,15.03,2.84,26.51
CoTe3,화합물,2,150.04,4.2,13.09,47.44,14.78,8.1
Co2In3Ni2Na3,화합물,4,54.59,2.6,13.27,12.46,14.47,5.6
Th3U,합금,2,22.73,4.7,2.89,53.3,0.54,6.34
LuCeGa2Hf,고온,4,117.5,4.4,3.14,3.17,13.16,36.92
P2GdTbIr3,화합물,4,23.38,3.1,10.95,15.12,9.59,0.38
Be3NEr2O,화합물,4,37.95,1.8,7.1,6.36,0.6,0.0
Fe2,원소,1,10.61,3.0,2.64,20.88,1.62,4.6
H3Cr4Ca,합금,3,129.43,2.8,8.13,60.14,0.16,13.52
SrDy3Rb3Te,화합물,4,52.99,5.5,12.62,13.27,7.92,16.15
TaTe2,합금,2,151.46,4.5,11.25,74.28,11.76,13.09
In2K3Hg4Tm2EuBe,고온,6,73.49,4.2,3.78,12.98,1.95,66.94
Au,원소,1,217.49,5.0,2.55,116.81,6.5,0.0
RuYTiYb,화합물,4,45.94,4.9,2.95,34.21,4.62,20.48
HoV2,화합물,2,126.47,3.8,9.33,1.3,14.02,6.08
Tb2,원소,1,126.61,2.0,6.11,272.42,1.47,3.28
K3V2Ru3,합금,3,153.39,2.8,7.86,67.52,11.88,0.64
PdCr3Sm2,화합물,3,47.21,3.1,9.4,13.19,3.96,2.92
Bi4Se4Pd3,화합물,3,19.38,4.8,1.89,45.92,8.51,8.75
Gd2IrCsTi,화합물,4,143.32,3.5,11.12,2.3,12.85,13.31
CrLu3,화합물,2,118.64,5.4,9.22,16.62,6.3,11.81
LaY3Ru2,화합물,3,41.97,4.1,13.44,25.41,11.57,5.21
U2,원소,1,14.88,2.0,13.86,227.82,8.88,8.08
Co3Ba3,화합물,2,44.62,4.5,3.53,49.14,5.26,4.86
Ru3Sc3,수소화물,2,37.18,2.2,6.3,26.41,14.75,180.96
Ba4Yb4MoGd2,화합물,4,11.94,2.2,7.61,14.16,13.27,3.28
Bi4SnTb,화합물,3,154.45,3.5,2.07,42.89,6.34,5.19
NdPIr3,화합물,3,66.04,5.3,5.49,1.93,8.61,6.49
Sr3Y3Bi2SiDy,고온,5,118.97,3.6,4.99,6.99,8.73,67.03
SNa2NbTh4,고온,4,118.41,1.8,5.27,1.84,6.0,112.52
Fe3AsPb2Pt,화합물,4,58.23,4.9,11.04,36.34,9.4,7.9
Se3Cd2,수소화물,2,4.61,5.7,1.46,21.05,10.75,182.37
RuGd,합금,2,24.78,2.7,2.1,74.01,9.08,11.38
Mo,원소,1,26.3,2.0,13.89,190.21,7.42,3.93
Nb2Na3Ta2Re2,고온,4,45.69,5.2,5.95,1.41,4.02,146.03
Pt2Tb2CsCrBa,고온,5,54.23,3.3,6.0,5.95,9.94,96.3
Cd3Ca3,합금,2,150.06,5.1,3.99,136.76,6.92,6.82
Ti3Hg2Re2,합금,3,80.39,5.8,7.0,77.49,2.86,9.02
Al,원소,1,219.62,3.0,1.64,123.96,8.26,0.0
DyRuTa4Be2,화합물,4,108.79,3.4,11.36,2.9,5.31,8.82
Tl3Zn3Th4BaTmAu2,고온,6,129.32,4.4,5.15,13.2,7.98,99.13
ZnPd2Rh,화합물,3,63.42,4.2,6.52,10.13,3.15,3.55
Mg2Se4,화합물,2,12.98,5.4,1.6,28.0,1.12,4.79
Se2CsHg3Zn2,화합물,4,26.91,2.4,8.76,30.18,10.82,26.69
V2,원소,1,60.29,1.0,19.6,101.88,3.01,0.0
Cd3Pr3,화합물,2,79.27,2.1,10.63,2.44,8.01,2.46
H4MgCu2,화합물,3,110.27,3.6,2.46,47.26,1.59,31.2
Ir4Ni,수소화물,2,41.64,3.7,7.09,12.78,11.38,108.78
Os2CdY4Tl3Ir3Na2,고온,6,109.36,1.6,4.56,1.31,10.15,150.51
Pt2,원소,1,195.86,3.0,16.4,251.42,8.15,5.8
Os4RbRu4Dy2Pb2,고온,5,39.69,1.6,7.03,13.52,8.99,24.28
HoMgSTb2Ir3Y,고온,6,114.95,3.4,3.96,6.04,14.85,98.52
AlSc3C3Co2,고온,4,54.62,4.9,7.52,6.16,10.41,153.07
ReCu3Gd,화합물,3,136.62,5.2,6.88,7.57,12.96,6.01
Ho3TaTi2Hg2,화합물,4,25.35,1.6,10.66,36.09,8.73,9.06
SeBa3Tm3Rb3,화합물,4,109.94,1.8,8.12,48.68,9.14,9.97
Eu2,원소,1,17.05,1.0,7.11,376.13,9.18,0.0
OsS,합금,2,78.72,5.2,15.59,96.35,5.57,9.81
CuZr,합금,2,151.22,5.4,14.02,49.77,1.29,1.51
Tm4SCs,화합물,3,110.56,1.8,3.38,14.81,7.9,0.0
La2Cu3SnSm3W,고온,5,135.86,3.9,5.91,8.65,8.92,101.46
Dy4Yb2Hf4,화합물,3,133.02,2.1,9.78,2.71,10.1,21.98
Ga3,원소,1,177.43,3.0,7.95,329.74,0.5,1.14
HoHGd,수소화물,3,19.8,5.7,1.14,69.51,2.05,151.87
DyLi3NSc2Ce4,고온,5,112.65,3.7,3.42,2.08,8.64,84.28
HoRh3VU3Co,고온,5,36.04,5.9,5.47,9.44,10.18,108.62
LuCeMn,수소화물,3,57.99,5.5,7.43,15.52,8.3,141.38
Cu2Ga2Yb,화합물,3,145.85,2.3,6.45,32.38,1.71,0.99
P2Mo,수소화물,2,34.82,2.8,1.09,7.43,8.86,180.09
N2,원소,1,220.81,2.0,18.84,382.51,8.6,0.0
H2S3CsIr3,화합물,4,124.65,2.9,7.36,27.97,10.51,15.7
Tl2LiU2,합금,3,52.16,3.9,14.33,29.31,1.83,6.47
TbRe,합금,2,179.47,5.3,11.93,106.39,12.7,13.82
ErRe2As3,합금,3,29.47,5.4,11.93,148.17,1.16,0.73
Cu3RhSbCs,화합물,4,62.56,5.3,9.03,24.37,2.91,13.09
Yb3SnSm2AsCe3,고온,5,134.53,2.6,8.15,11.11,6.33,73.54
CeB3Zn2Tb4,화합물,4,79.24,4.7,5.93,47.17,11.45,17.69
Mo3Ti2,합금,2,25.36,1.5,7.62,84.5,9.3,7.7
Sn2Ho3Ta2Co,고온,4,97.59,6.0,8.51,8.45,14.02,82.17
Zn2RhBiCo3,화합물,4,15.78,3.9,6.16,16.87,2.35,7.67
Rh4AuY2,화합물,3,114.77,2.9,8.58,39.06,5.28,3.65
Cs3Hg4,화합물,2,142.04,5.4,6.46,35.28,14.52,9.97
TaNa3,합금,2,113.67,1.6,9.93,58.32,10.9,0.23
Co4F2Ni3Cr,화합물,4,82.66,1.6,2.63,12.26,8.49,2.93
Dy2Ti2PrSc,고온,4,58.56,4.5,3.83,14.19,7.95,42.81
ZnTl4Rb3,화합물,3,88.37,2.5,13.5,19.31,4.41,6.34
Hg2Ir,화합물,2,63.01,5.3,2.25,35.94,12.74,14.12
NiLi3Al2Sn3K2Be2,고온,6,70.73,3.6,7.14,8.53,3.47,63.84
OsEu4W2V,화합물,4,45.62,1.6,12.62,31.26,12.6,11.9
Ag2,원소,1,217.1,2.0,12.05,261.63,3.41,6.61
ThSb2Al3,합금,3,51.28,4.9,10.35,78.25,5.04,15.2
U2,원소,1,102.61,3.0,17.25,183.54,4.51,5.81
Pr3Sc3Ho4,화합물,3,47.58,3.9,3.73,3.24,12.55,14.95
B2N2Ba4S,화합물,4,116.94,3.3,4.7,19.33,7.04,2.72
SmAg2,합금,2,144.77,3.0,5.21,87.09,12.32,1.36
CdGa2Th,수소화물,3,36.48,4.2,2.93,23.66,13.26,199.41
CoAg,화합물,2,101.26,5.3,12.72,24.4,11.17,12.92
UIrCa,합금,3,100.55,4.7,9.31,81.77,13.12,10.91
Pt3Hf4Be4Zn,화합물,4,147.67,1.6,6.56,30.98,1.28,19.77
La4S2HgV3,화합물,4,31.83,4.0,12.08,43.79,7.12,6.4
Fe2,원소,1,19.96,3.0,18.3,289.76,5.96,0.66
SLa,합금,2,35.49,5.0,10.94,110.51,11.74,8.38
Pb2Zn2O2Sr2Te2,고온,5,59.02,3.3,6.66,12.36,11.01,108.54
AgSeCo2Cu,화합물,4,112.42,3.7,10.74,9.22,0.54,27.09
Pr2Tb3Ir2,화합물,3,38.17,2.6,9.94,47.18,6.17,8.14
V3RuCa2,화합물,3,35.48,3.1,4.96,45.26,14.25,4.42
S2,원소,1,227.03,3.0,12.41,256.69,8.85,1.68
HoLu,합금,2,122.26,5.9,8.55,108.94,5.1,15.27
CdY2,화합물,2,29.92,6.0,7.84,43.31,10.37,6.28
K4Mo3Ag2,합금,3,25.93,3.2,9.02,71.86,8.21,4.57
Cd2,원소,1,69.94,4.0,14.94,162.58,4.03,3.65
SeSc2RuU2Mn,고온,5,30.93,5.2,6.59,12.98,14.38,152.78
Er2Rh3,수소화물,2,34.76,4.4,5.21,76.74,9.86,273.34
In3Yb3OTh4Sm,고온,5,90.39,2.4,8.99,8.89,10.26,99.39
GeTm3SrSc4,고온,4,70.09,2.1,4.87,9.18,13.41,39.42
ZnPb3,합금,2,154.87,1.6,11.61,35.25,11.86,18.05
NdTb4,수소화물,2,5.22,3.3,4.59,11.21,14.67,257.16
CeRe,합금,2,157.27,1.8,11.56,43.68,3.53,12.01
YSb2,수소화물,2,15.35,5.7,1.04,28.11,6.17,247.68
PtAg,수소화물,2,48.78,3.1,4.78,45.33,1.97,161.22
Hf3Dy2Eu4Os,화합물,4,55.85,1.7,10.72,8.13,12.86,15.82
ZrSi2,수소화물,2,34.66,2.5,3.16,43.26,14.47,184.15
BZn2Sb3Al3,화합물,4,146.75,4.1,13.82,21.15,12.11,5.9
Sr3Pd,합금,2,66.29,2.5,11.67,84.45,6.32,6.04
Ru4Eu2Rh2,화합물,3,151.24,1.9,5.67,17.29,3.39,6.58
Ni3LaC2,화합물,3,139.03,4.8,5.49,24.15,0.13,11.89
Te3,원소,1,185.53,2.0,10.32,378.46,6.76,2.51
Ag2MnNa,화합물,3,110.36,5.1,6.45,36.14,10.82,7.82
Yb3K3,수소화물,2,52.32,4.5,6.07,76.29,5.1,172.73
ScDy2Ni,합금,3,67.99,4.7,9.31,86.5,8.46,5.87
NbUZr4InP3Ga,고온,6,76.89,2.7,8.48,12.68,10.32,126.86
Tm2Al3Pb4Ho,고온,4,84.94,4.4,8.58,10.06,9.62,147.8
In3Ho2Cu4K,고온,4,36.52,1.6,8.56,10.72,10.36,130.66
Th2Gd3,수소화물,2,40.12,2.6,2.73,52.63,13.7,197.44
PrRb2,화합물,2,98.93,4.5,13.37,38.06,9.52,23.24
Tb2Gd4,수소화물,2,53.8,4.5,4.09,19.1,7.81,252.84
Cs4Ta4ThPb4,고온,4,102.2,2.3,4.95,3.43,8.76,114.88
Ca3Tb2Ta,합금,3,25.89,1.9,5.7,44.47,1.73,8.42
TiH2Rb,화합물,3,64.13,3.2,5.54,49.36,12.52,14.56
HTl2Sb4Sr,화합물,4,105.58,3.1,5.09,43.52,11.34,5.49
TmPb3,합금,2,162.72,5.3,11.23,35.02,12.64,7.64
TbRu,화합물,2,132.1,2.9,11.73,36.97,2.9,3.72
HgPtMn,화합물,3,75.13,1.6,6.87,39.81,4.5,3.24
Mn2Tm4,합금,2,32.54,5.2,12.92,45.41,5.59,5.66
NaRu2Rb4,화합물,3,156.06,4.5,5.12,40.2,3.42,6.9
Li4Mn4Th3Se4AlAg3,고온,6,113.75,3.9,7.43,2.23,11.59,81.95
BSbCo4,화합물,3,36.36,1.8,11.88,40.84,8.88,3.99
Ag,원소,1,131.3,3.0,12.87,224.22,4.79,4.39
Ni2,원소,1,172.63,2.0,1.59,85.62,7.37,0.15
AlCu4,화합물,2,46.64,5.7,11.49,24.07,7.67,28.63
TbEuBa2As2Sm,고온,5,49.08,4.1,3.14,7.1,8.6,125.52
U3Cr2O,합금,3,163.74,5.0,15.85,49.96,14.51,24.94
Be3Dy3,화합물,2,70.51,3.2,7.2,9.39,3.39,13.23
FIn3,합금,2,34.21,5.2,10.97,38.21,0.26,6.37
PtCeTi,화합물,3,111.63,3.6,3.64,26.37,4.78,12.63
Co3ErF3Na2InTl,고온,6,91.27,2.3,4.26,13.07,13.75,145.9
Os2C2Pt,화합물,3,31.73,1.8,10.67,31.06,6.89,13.58
Fe4Nd,합금,2,139.75,2.6,4.28,52.8,13.5,7.06
Si2NPd4Te,화합물,4,14.91,1.8,4.94,27.55,10.09,2.38
Se3,원소,1,176.85,2.0,14.29,329.71,5.33,1.38
Fe2Ru4,화합물,2,13.42,4.0,9.33,28.16,9.55,18.97
Hf3Zr3,화합물,2,16.93,5.7,8.71,8.35,6.31,19.45
Sn3CCu4,합금,3,93.73,4.8,10.92,126.11,6.76,10.2
CrHf4,화합물,2,39.05,4.1,11.01,11.2,8.17,14.21
Bi2Ta4Fe2Pb,화합물,4,108.68,6.0,12.27,19.15,14.28,2.7
Li3CLa2IrNd2,고온,5,129.91,4.5,6.35,1.42,6.0,79.9
W2Co4Rh2,수소화물,3,15.29,3.2,5.02,70.66,14.43,150.87
B,원소,1,114.36,5.0,19.14,4.34,5.56,2.85
IrVO3Sc,고온,4,81.41,5.1,6.13,8.1,3.06,143.16
PRb3,화합물,2,19.11,2.4,12.44,29.41,1.55,8.51
Si3RuHTa,화합물,4,118.67,5.8,11.56,19.05,7.6,29.85
Sn2Rh2CsAs2Ni,고온,5,33.46,5.5,3.36,14.36,1.37,107.77
Yb4SrNb2SiRe,고온,5,34.8,2.7,3.26,14.83,5.09,64.89
Be2Fe2,수소화물,2,30.06,3.7,5.87,57.95,5.03,227.34
CrMn4,화합물,2,60.77,5.1,9.31,15.41,3.31,9.48
SnYbSi,화합물,3,124.59,3.8,6.87,34.13,8.37,1.62
WCdIr2Ba4Nd3,고온,5,92.35,5.8,7.85,2.85,11.68,31.72
Cd3Ta2Ru3,합금,3,161.7,3.6,5.78,101.03,14.1,23.43
Sc2NbSn2,화합물,3,118.5,4.8,10.4,12.27,8.8,9.08
UHf4,화합물,2,156.93,4.8,13.19,15.26,0.28,9.65
PdAuHo2,화합물,3,155.51,2.7,7.08,6.69,10.06,16.84
NaN,합금,2,103.15,3.9,8.16,134.75,10.64,8.06
Te3Sm3,합금,2,113.93,1.8,9.17,73.4,12.08,19.32
H2TbGePr3Ca4,고온,5,71.89,3.6,7.17,6.19,10.7,51.85
La2Hg3,합금,2,153.39,6.0,10.77,97.5,14.65,4.36
Rb4Sc2Yb3Ge2,화합물,4,71.26,5.6,6.46,36.74,0.93,7.81
Se4ScLa2,합금,3,44.39,5.2,5.42,21.43,12.75,9.31
Ca,원소,1,185.76,3.0,15.34,208.22,1.4,3.0
B2,원소,1,84.24,3.0,16.07,164.77,6.81,2.75
PdSe2Sm3,합금,3,61.28,2.2,2.01,79.2,8.83,3.85
Tm2Er3Hf2O2Zr2Eu4,고온,6,86.1,2.7,4.09,10.79,3.97,133.78
OsFe,화합물,2,36.32,5.4,9.39,32.8,5.95,18.17
Pr2V2,수소화물,2,40.84,5.8,1.47,15.91,6.55,213.13
CoO2,화합물,2,50.88,2.1,7.45,7.22,9.41,3.94
Tm3TbZn,화합물,3,28.25,2.8,4.41,40.2,1.66,9.86
HfP2S2,화합물,3,48.31,1.6,13.65,44.3,2.28,18.42
NiCaNb2Nd2,화합물,4,122.12,1.9,12.63,28.87,8.21,8.23
CrHg3Sb2Li,고온,4,117.49,5.3,7.84,9.69,11.15,67.45
As2Mo,화합물,2,24.3,5.8,11.35,47.32,6.9,13.99
Be2Lu4,화합물,2,71.29,6.0,11.15,4.38,13.24,19.64
SnZr2Pt4Sm2Cd2,고온,5,137.39,2.6,8.79,13.64,14.56,147.36
Si2NSrYGa2,고온,5,126.61,1.7,7.63,12.25,3.24,82.88
BiAs2Pd2K3Eu,고온,5,102.75,5.0,4.26,7.44,3.65,159.09
Pd2Na2Mn2Ru2,화합물,4,32.15,2.9,6.14,15.14,1.87,3.97
CHf4CoNa2In2,고온,5,90.0,4.7,7.69,2.21,6.54,78.21
Th4CrSn,화합물,3,21.43,2.9,13.97,39.48,10.84,9.61
Os2F,화합물,2,126.65,5.2,3.31,23.22,13.02,7.22
Y4Fe4,합금,2,77.99,5.1,5.96,37.23,8.72,5.27
TmFe4,화합물,2,126.72,2.2,12.94,40.78,0.74,1.74
SnK4,합금,2,91.87,3.1,15.82,47.16,1.16,9.76
Ta3Mn2Hg2,화합물,3,121.23,5.6,11.83,29.68,10.26,10.46
SbNYbAsSi2,고온,5,136.41,4.4,6.95,8.8,5.07,79.27
Gd3S2,합금,2,153.23,3.8,11.45,19.39,4.3,0.72
Li4,원소,1,135.36,2.0,9.33,162.91,9.84,0.0
Sr4,원소,1,103.72,5.0,10.02,32.35,6.3,6.27
Hg3Yb2CoHoEu4Sn2,고온,6,84.6,3.2,7.31,1.2,3.15,140.7
Er4Cu3PbAl,화합물,4,60.44,3.3,13.41,10.03,11.23,8.82
ZnNb4Au2N4,화합물,4,146.83,1.6,3.64,26.34,5.68,5.47
Fe3C2PdTb3,고온,4,133.18,2.5,5.88,3.66,14.12,32.04
Ru2PtOs3P2Y2Nd4,고온,6,135.18,5.6,3.52,6.13,6.77,167.57
GdPd2,화합물,2,24.63,4.5,10.13,42.0,7.88,3.49
Mo3ErNb,화합물,3,150.72,4.1,8.05,48.57,13.61,5.95
Pr2Ta2H4Cs3,고온,4,100.46,3.3,5.23,14.53,10.92,125.85
Fe2Co2Ge,화합물,3,65.85,2.8,13.2,19.67,1.23,28.94
Cr2Ca4,합금,2,74.54,5.0,7.43,38.37,3.83,9.92
NOs2CeSm2BiHg2,고온,6,77.76,2.4,6.04,8.1,12.08,158.65
Pt4Al,화합물,2,149.91,2.7,13.82,48.91,1.12,3.02
CeHo3,화합물,2,106.96,5.1,6.92,7.02,7.13,11.37
Nd4PbZn2,화합물,3,101.93,2.8,4.84,38.06,2.93,15.74
C2,원소,1,172.25,2.0,21.1,278.52,2.52,5.48
CuBi,합금,2,89.52,4.0,4.66,37.79,14.13,19.44
InLu3BaCAs,고온,5,135.4,5.3,3.65,11.23,2.87,145.87
C2,원소,1,62.51,3.0,5.75,66.91,8.06,4.16
SiFe3,화합물,2,46.91,5.1,6.64,26.89,13.0,35.68
Pd2Co,화합물,2,133.18,3.1,9.52,8.97,13.35,9.55
Fe,원소,1,213.72,1.0,10.41,344.33,9.38,0.0
Cu2Tl3,수소화물,2,23.56,5.5,2.32,68.55,13.04,283.63
Re2Pb,합금,2,122.15,5.6,2.4,97.89,1.97,4.49
Pd2P4Yb2,화합물,3,30.25,3.7,12.26,24.52,9.95,20.05
Nd3Bi2,화합물,2,66.2,4.4,8.67,30.07,11.46,9.2
NiYb,합금,2,73.28,2.9,2.94,39.42,7.34,11.71
O,원소,1,202.1,2.0,13.99,257.51,5.17,0.0
ErSiSc,화합물,3,67.48,1.8,9.41,3.7,0.31,13.3
Gd3Nd2Zn2,수소화물,3,11.06,5.2,7.68,47.71,14.95,128.66
VAsFe4,합금,3,70.77,5.9,3.22,117.04,7.3,7.66
Co4Nb3Na3,화합물,3,102.44,1.6,8.72,46.96,10.53,3.27
V2Sb3Te4Ir3Pr3W,고온,6,126.37,2.4,8.96,9.2,6.35,37.17
TmPb4RhMn2Si3Nd2,고온,6,38.96,5.6,4.03,1.86,5.93,127.87
Ir2Hg4Sb2,화합물,3,36.55,2.9,10.51,9.91,8.65,13.64
CeCs4O2Th,화합물,4,92.16,5.2,4.41,1.61,11.12,28.43
YCo3,화합물,2,40.26,1.9,3.44,21.29,7.14,4.15
Tb2Lu2,화합물,2,132.73,3.0,5.38,16.6,3.98,14.74
KCuSi4Pd4Ir2Mg,고온,6,126.68,2.9,6.44,14.09,9.63,157.34
NaPt3,합금,2,29.92,5.0,6.35,110.75,5.84,14.0
Zn3Cd4,화합물,2,79.68,5.2,10.15,37.09,8.93,11.25
AlTlCo4TmHg2,고온,5,106.58,4.7,5.01,10.59,10.2,104.64
Gd4Ge2PrTh2Cd4Ta2,고온,6,115.59,5.8,6.73,9.38,14.31,116.39
SeC3S2,수소화물,3,11.97,2.4,2.29,53.16,14.06,119.03
RuSGeNi2,고온,4,37.03,2.0,5.77,14.96,14.98,155.92
TeCoTiCa2,화합물,4,34.0,3.5,11.07,27.47,10.1,8.11
Ag4PtAs,화합물,3,68.51,4.3,8.07,39.5,6.52,22.96
Mg2Mo3Te3,화합물,3,111.34,3.9,9.22,45.64,9.09,35.26
Nd,원소,1,209.94,2.0,14.67,13.45,6.49,3.08
La2HMg4,화합물,3,48.55,4.0,6.94,20.33,11.25,32.63
CdInZr2,화합물,3,123.86,3.6,4.87,35.95,14.42,15.41
Re4F,합금,2,29.7,1.6,13.38,42.39,1.18,0.0
Pd3Ti2BeNb,고온,4,131.75,2.4,8.76,9.47,13.08,127.84
CrIr,화합물,2,131.64,4.7,12.21,39.95,9.88,8.92
Pd2Zn2,수소화물,2,25.64,3.3,7.72,21.94,7.45,246.12
Ni,원소,1,209.9,3.0,1.15,175.85,4.54,6.94
TaRb3La3,합금,3,21.94,3.0,4.04,10.55,1.56,8.03
Dy2Sr2,화합물,2,37.68,2.0,6.77,9.12,3.74,15.51
Au3Hf4LuCr4,화합물,4,151.96,4.8,3.18,6.91,3.4,25.56
Tl2ZnAu,화합물,3,93.3,4.5,6.78,1.75,12.63,2.58
BNa4W2Th2Au,고온,5,135.34,5.2,6.95,7.58,4.4,99.37
F3Tm2,합금,2,114.63,4.7,6.42,144.02,10.49,13.28
ZnHo,화합물,2,51.5,2.7,9.96,36.06,10.45,0.0
Lu3Si2SrNd2,화합물,4,121.02,5.9,7.27,31.15,14.83,6.05
Pb4Li,화합물,2,35.88,4.2,8.55,37.74,9.87,17.26
SnHf4CeNi,고온,4,51.36,5.2,4.4,3.76,0.93,139.49
Re2MnTiBa3Sm4Hf,고온,6,52.91,4.3,6.16,1.63,1.84,58.15
ScReZr,화합물,3,17.49,2.6,12.7,45.62,8.44,7.54
Fe3GaO2Te,화합물,4,159.24,5.3,4.87,7.92,7.88,8.34
Mn2Sr2Yb2Hf3,화합물,4,59.99,1.7,10.43,12.18,4.44,7.23
CaTb4Mg4Be2,고온,4,118.15,3.3,8.77,5.39,13.0,62.82
Rh2TlBe2,화합물,3,22.42,3.5,5.96,47.07,6.7,0.0
O4In3,화합물,2,95.08,5.5,4.38,13.22,11.46,6.43
OsSmIn2Y2Cd,고온,5,121.32,4.6,3.52,10.34,7.61,168.69
Sm3NbGd2,합금,3,124.74,1.7,8.07,103.81,3.49,1.92
Bi4Ta4Ir3Cu2Na4Pt,고온,6,72.49,5.4,3.23,1.67,0.52,56.89
Ho2BaAl,합금,3,61.26,4.9,12.78,79.11,11.55,3.95
AlHg2S,화합물,3,44.99,3.5,12.12,16.82,11.32,7.31
P4Zr3In2,화합물,3,113.45,4.5,8.76,42.95,11.53,7.38
Si2Li3,수소화물,2,1.29,2.6,2.41,36.05,14.76,247.34
Ba3AgSrVAuEr4,고온,6,85.42,1.8,5.25,1.67,9.31,90.87
ThGe,화합물,2,65.3,4.6,11.64,27.0,13.06,4.91
In2Na3Ta2Ir2,화합물,4,127.81,5.7,2.44,6.6,2.71,9.64
AuPd3Co3Eu,화합물,4,10.72,1.9,6.68,37.19,11.35,4.03
U2FeDy3C4,고온,4,101.09,4.1,8.01,11.51,7.19,159.75
La2SnP2Ru,화합물,4,63.75,5.8,13.62,27.33,9.86,11.42
Hf2Hg4Os3,화합물,3,41.16,4.6,1.88,6.5,2.54,8.04
CeIn2,합금,2,44.38,5.5,9.82,7.42,1.27,11.51
TiZn3Cd2Os3,고온,4,46.26,3.9,8.21,7.77,5.43,40.08
P3F3ReKCa2,고온,5,111.16,5.8,8.91,13.25,8.18,139.16
Sn3NbB3Al4,화합물,4,83.94,5.9,7.69,24.71,1.58,5.21
S,원소,1,68.75,3.0,18.46,241.9,8.32,7.97
YK2CoAsZn,고온,5,109.4,2.3,4.5,13.08,5.89,86.77
Ho3,원소,1,224.51,2.0,15.42,381.91,2.15,1.46
Na4Li2,화합물,2,110.21,2.5,10.35,29.6,4.27,3.11
La2BePt2,수소화물,3,35.8,4.6,1.52,12.53,1.95,203.58
Hf2TiAlLa4,화합물,4,153.75,4.2,6.92,44.17,2.63,5.89
SnOs2,합금,2,142.46,4.7,3.7,56.57,9.87,3.36
ZnRu3,화합물,2,59.27,5.8,2.89,46.6,11.34,7.04
Mo2Cd3TaHg3,고온,4,75.5,1.7,3.5,1.56,8.98,156.37
Ni4Tb2Cr2Sn3,화합물,4,63.24,5.2,2.08,48.78,6.71,10.45
Be2Au4,수소화물,2,57.62,4.7,2.07,52.02,11.33,278.42
Tm,원소,1,214.79,3.0,11.3,391.46,7.25,1.02
CeOs2,화합물,2,11.99,4.2,11.73,48.47,10.43,31.07
Hf3La2,화합물,2,27.29,2.9,9.21,36.34,12.03,8.02
Sc3Pr4Ni2Mo2CuYb2,고온,6,44.77,5.1,4.98,5.16,7.38,161.89
CoSi3Sb2,합금,3,36.4,2.6,7.54,49.46,13.42,6.62
Ir3NiLa3Li3Ce2,고온,5,46.29,5.6,8.85,4.67,13.94,100.36
Eu2In,화합물,2,76.55,5.2,11.13,18.96,1.02,12.22
TlEu2As2,화합물,3,117.83,5.4,1.95,35.2,4.9,8.13
Dy4Th4,합금,2,168.73,4.9,13.46,32.34,2.88,18.41
Sn3Pb4LaTb3Mg4,고온,5,99.24,2.8,3.1,13.81,5.72,78.62
Ga4Lu,합금,2,122.44,2.5,6.4,26.39,14.58,0.82
Gd4RbPt4,화합물,3,29.56,1.8,12.05,42.73,2.57,19.64
Y2Au4,화합물,2,63.27,5.0,13.56,19.67,4.82,6.45
As2Sc2H3O4Se2,고온,5,36.83,2.8,5.38,3.61,11.67,69.42
V3Sr2,화합물,2,21.05,4.0,6.4,34.74,4.2,8.24
Au3LiPb3Zn4Dy,고온,5,102.34,1.8,6.91,3.16,14.18,85.75
Cu3La,합금,2,128.87,3.4,8.02,17.12,2.33,3.72
N2Tm3,화합물,2,71.64,2.8,12.83,6.35,7.64,20.56
SeS2,화합물,2,103.28,5.1,6.8,27.64,7.19,6.1
Gd3Sm4MgSe3Sc2,고온,5,104.78,2.6,6.97,3.04,7.53,142.9
Ge2OOs3F4Ho2,고온,5,30.46,2.2,3.82,3.91,2.52,46.19
Y3,원소,1,186.38,2.0,16.18,344.91,9.7,5.66
Zn3GaO4Tl,화합물,4,120.93,5.5,9.43,21.51,8.16,16.04
Se2,원소,1,71.33,3.0,21.35,54.65,5.88,6.93
TlF2,화합물,2,118.68,2.5,11.79,3.52,12.82,6.39
CTe2Pr,화합물,3,51.57,5.9,3.58,31.85,7.87,3.17
Pt2TmNb,화합물,3,27.23,3.6,11.61,26.06,12.35,10.7
HgThOs3,화합물,3,159.98,5.4,11.89,18.04,11.06,8.21
GaIn3CsMg,화합물,4,89.53,3.9,5.22,42.77,8.02,20.15
Fe2Ta2,화합물,2,121.54,2.7,13.94,15.75,5.69,6.24
BEr4Ga3Sm,고온,4,61.88,5.1,5.73,11.62,9.46,53.24
MnF4Fe4Zr2,화합물,4,146.19,5.1,3.49,33.03,0.81,7.25
Pt,원소,1,197.17,3.0,15.69,132.43,5.52,0.69
OsZr2Tm4ZnW3Fe,고온,6,132.53,5.8,4.4,8.08,2.89,60.33
Be3Hf2F2,화합물,3,129.72,2.7,3.3,0.62,8.49,16.57
HoPb2Re2F4,화합물,4,97.39,1.6,11.71,4.62,7.47,3.14
AuRh,화합물,2,82.29,5.9,11.43,44.18,3.59,7.26
Y3TeRe2,화합물,3,107.83,2.4,1.89,22.31,3.9,4.14
Co3,원소,1,113.64,4.0,19.24,209.7,4.09,1.77
NScW,화합물,3,90.81,1.8,13.67,37.95,9.03,0.0
Ga2Zn4Ru4Fe4K3,고온,5,105.69,5.4,3.73,11.18,4.45,121.37
Y2Sb4Ca2,화합물,3,23.75,6.0,11.25,1.81,6.61,12.01
B3YbRh,화합물,3,123.42,3.5,7.39,26.7,10.25,0.21
B3InTeAl2,화합물,4,80.98,5.2,8.02,19.15,9.91,18.33
Os3Ba3,합금,2,175.36,2.3,10.66,48.47,2.82,6.42
BiP3Zn2Co3,화합물,4,152.44,5.7,10.73,4.25,14.04,4.83
Ga2N2Ti2Ho4H2,고온,5,103.89,4.0,8.88,5.68,3.88,105.08
U2Ti4,합금,2,41.77,6.0,3.6,56.18,5.32,4.9
Ca3Tm,합금,2,76.38,3.9,12.93,56.55,0.33,4.77
Cr3Ni3In,합금,3,115.09,3.9,5.2,147.53,4.57,12.03
Ba2C4Sr3,화합물,3,53.32,3.8,9.41,31.13,5.77,22.77
NiTb2,수소화물,2,40.72,4.7,7.84,59.39,4.55,241.01
Nd2,원소,1,233.84,3.0,15.45,62.49,1.87,2.85
SeOs3,화합물,2,75.48,5.5,3.59,46.64,11.31,17.96
Ir2Ca3,합금,2,25.32,3.1,11.72,51.61,7.0,2.92
Ga3Re,수소화물,2,53.39,2.2,5.19,11.22,13.92,233.27
IrNb2,합금,2,101.86,3.2,11.31,40.04,14.15,19.43
Bi4Be,화합물,2,52.04,1.8,13.98,27.62,9.49,0.98
P3S3U4Tb2K2,고온,5,70.84,4.0,3.07,6.05,8.22,84.81
LaCr2TaMn4,화합물,4,54.97,4.4,6.47,35.84,6.22,12.69
YCa2Te2Mn4,화합물,4,41.95,5.5,11.69,14.39,11.39,14.83
RuHoMgTh3,화합물,4,119.41,4.0,6.31,0.82,3.45,8.53
Er2C,화합물,2,19.71,4.7,10.26,22.72,11.74,24.97
BeYb2,합금,2,81.76,3.3,13.63,15.16,9.4,3.44
Tl4Rb,합금,2,96.79,3.6,2.51,44.43,10.49,6.34
ThSr4,화합물,2,91.41,3.2,8.13,33.41,3.94,4.57
Mo2Ni2,합금,2,140.55,2.9,7.02,55.07,3.08,4.25
HfEr2Mg2,화합물,3,138.7,3.1,2.64,4.79,13.16,1.67
SHo2La,화합물,3,131.86,4.2,6.66,16.54,11.93,16.37
Bi3Rb,수소화물,2,59.68,4.1,5.28,48.88,12.85,109.97
O2Ge4Eu,화합물,3,63.3,2.8,2.31,14.52,0.39,3.24
Tb2,원소,1,67.65,3.0,2.65,393.97,8.38,1.1
Th4,원소,1,172.12,5.0,14.75,200.67,8.81,3.42
NCu2,수소화물,2,28.29,2.0,5.42,19.88,2.74,201.18
Ti2ZnAlNa,화합물,4,16.95,3.5,13.52,29.36,10.62,15.85
Pr4Nb2Cd2,합금,3,40.46,5.6,6.29,123.61,6.17,8.36
Eu4W3YbOs3,화합물,4,90.6,3.6,3.17,19.94,1.99,7.49
P2SnNd,화합물,3,82.95,5.5,4.81,48.32,3.14,25.1
Os2Ta3Zn2Al,화합물,4,157.41,3.9,13.12,6.93,9.82,28.73
YIn3Ba3,합금,3,150.88,1.7,10.89,105.86,6.7,1.02
Nb2,원소,1,227.37,4.0,13.03,161.78,1.94,2.77
CIn4,수소화물,2,56.6,3.8,2.04,44.7,13.1,265.22
Te2C3,합금,2,57.03,2.0,5.81,128.71,2.81,3.37
ReNLu4Ti2,화합물,4,139.07,4.2,12.93,34.17,9.75,9.45
Re2Pr4Ni4,화합물,3,144.99,2.1,2.42,15.17,10.63,7.92
Nb2BiCd,화합물,3,84.74,4.8,11.86,26.69,7.32,12.19
K3Si4Ce2,화합물,3,142.96,3.2,12.57,37.01,6.36,4.27
CuYb4,합금,2,71.99,2.7,12.78,67.6,7.31,14.47
Mg2O4NOs2,화합물,4,68.2,4.5,5.01,39.72,3.17,1.86
AsRb3OSb,고온,4,41.87,4.6,6.42,10.88,6.31,56.32
TbBSe2Sb3,고온,4,31.03,1.6,3.18,7.01,7.42,49.84
FSm3La3,합금,3,178.51,3.2,15.44,124.39,3.25,21.55
Cu4Ce4,합금,2,39.68,2.4,14.73,110.05,3.17,1.61
PB4Eu2Se2Ti4Al,고온,6,73.37,3.7,3.11,7.77,11.29,64.19
VY2SAuAs,고온,5,33.15,4.7,7.94,12.4,4.34,93.62
HoRuGeSn2Mn2,고온,5,124.54,3.8,6.97,10.43,8.64,51.13
RhBa2,합금,2,43.33,1.7,6.45,128.05,11.66,0.7
In3BiEu4Ni,화합물,4,95.73,4.9,11.92,16.34,3.25,5.85
Na3Fe3,화합물,2,67.45,1.9,12.57,29.55,10.14,3.8
CsBaZr2,화합물,3,108.56,2.9,5.0,38.07,6.38,12.33
V2Ni2SeCo,화합물,4,62.8,4.4,4.63,12.12,3.41,4.52
Pt2,원소,1,112.71,1.0,11.73,300.45,6.29,0.4
Cr4Sr2CsRu2,화합물,4,29.7,3.3,5.17,37.5,1.9,10.42
AgUHo,합금,3,131.97,4.9,4.59,43.13,13.16,8.88
Sb2O3,화합물,2,108.68,5.4,9.49,6.94,13.3,3.84
Co3O3,수소화물,2,22.58,4.7,1.09,14.99,14.48,167.63
Lu3Pb3Er,화합물,3,124.95,5.8,8.0,48.72,4.06,20.61
Mn3Si4SPb,고온,4,33.34,1.7,7.82,5.09,9.29,96.51
WPr3,합금,2,164.11,3.0,2.53,121.3,9.97,0.54
SSnBe3,화합물,3,72.83,5.5,7.15,13.88,6.1,47.99
V2Cu2,수소화물,2,59.01,4.4,3.34,78.75,11.47,190.3
LiCr3Ru,합금,3,61.47,5.9,6.27,123.47,5.81,0.39
Yb,원소,1,121.22,3.0,6.04,104.99,1.6,3.35
Au2NaBi4,화합물,3,42.33,1.8,13.18,8.15,4.25,9.59
Sr3Ta,합금,2,49.96,4.2,7.86,29.9,0.87,7.27
Tl3Al2Hg4Cr,고온,4,126.98,5.6,6.32,13.56,6.26,40.13
SPbMnZr2V,고온,5,72.37,2.9,8.12,6.84,2.0,29.98
Pb2Te2,화합물,2,142.35,1.6,7.58,38.57,14.48,3.15
Ca3Al2B3,합금,3,129.82,3.8,8.38,57.43,10.69,7.97
Be3EuMg,화합물,3,157.98,4.0,5.18,35.17,7.01,11.44
Sb2DyMg4Zn,화합물,4,34.84,4.5,13.28,37.14,1.17,12.88
Al2,원소,1,190.34,4.0,16.08,369.43,4.56,1.2
LiH,화합물,2,142.09,2.4,10.8,8.36,4.68,3.87
Os2Dy,화합물,2,19.52,1.6,7.59,14.03,1.76,0.12
ReGe2Os3P2,화합물,4,133.29,3.5,4.48,45.0,9.37,26.83
Nd2GdY3,합금,3,64.89,4.0,12.8,141.74,13.56,5.61
Ge2Hg,화합물,2,55.3,4.0,5.29,31.75,5.31,17.92
Rb2Pd3,합금,2,76.75,5.0,9.68,121.25,1.35,6.32
GeTh,합금,2,103.67,2.2,10.4,128.8,4.65,8.7
Si4Ca2LiN2Se,고온,5,79.25,5.0,7.75,8.78,5.85,93.22
TlSiRhSeU2Ga,고온,6,43.41,2.8,7.68,11.53,1.6,28.72
Ba,원소,1,127.72,1.0,3.02,96.84,6.7,0.0
SiPr2Ir,합금,3,139.92,1.8,8.75,38.14,3.72,1.27
Sm2Er2,합금,2,109.16,2.3,11.49,59.23,2.1,11.37
P2Mg4,합금,2,69.87,2.0,8.53,57.64,11.91,4.46
NdErF2,합금,3,101.18,5.7,14.89,102.57,8.38,5.86
Th,원소,1,226.66,2.0,5.99,315.56,1.61,0.0
Yb2NdAg3Ta,화합물,4,55.13,3.2,2.53,33.17,10.09,13.51
AsTbGd2Rh4Zn3,고온,5,114.9,4.2,7.2,8.82,9.22,145.14
F4Te3Cd2Tm2,화합물,4,139.68,4.1,8.69,21.35,8.2,10.72
Ag3PdCe,화합물,3,139.02,4.5,8.3,15.67,1.39,0.0
HfO4Pd,합금,3,114.3,4.6,9.64,5.16,1.74,8.76
W3Rh,수소화물,2,4.01,3.9,3.24,30.95,11.61,247.69
Ir3BiNMn2Eu2Pb,고온,6,77.38,4.0,5.36,6.69,6.52,49.21
Se2Co3Ho2Sr4,고온,4,115.6,4.9,4.36,9.83,6.14,145.22
OsBSc2KLi4Eu,고온,6,56.34,2.8,8.05,7.02,8.24,80.0
NdFeAu2U2Er3,고온,5,49.93,2.7,6.73,1.98,1.23,137.89
Th3TiSm,화합물,3,144.7,4.2,10.31,15.38,6.06,6.89
Dy2La2,합금,2,171.29,3.0,4.81,136.41,2.3,8.15
Co4P2U2Ba4,화합물,4,127.82,5.7,12.22,14.66,10.46,24.37
Au2YAlGa,고온,4,38.15,2.6,8.55,1.4,9.47,85.12
MgNi2TiPd4W,고온,5,83.83,2.8,6.0,11.74,7.13,120.19
C4Er,화합물,2,49.28,2.0,13.21,32.46,14.67,21.42
B4,원소,1,167.85,4.0,0.71,8.85,9.54,1.78
GdBe2U4La,화합물,4,97.22,1.9,13.11,39.67,0.24,9.78
Mg2U2Yb3Hf2,고온,4,50.53,2.2,3.73,2.95,12.74,38.06
Ni4Mn3Ca,화합물,3,56.84,2.7,9.34,48.43,9.51,1.55
TlLiTm2,화합물,3,65.69,2.2,13.5,3.71,11.28,0.0
Ag3Sn2O4,합금,3,151.95,5.1,11.72,18.85,3.4,1.43
Cu3Ir2,화합물,2,143.3,5.3,2.07,40.07,1.95,10.38
Y3Yb3Ho2Ru3,고온,4,82.82,2.9,5.49,9.96,14.08,97.6
CdPRu3,화합물,3,17.97,4.5,2.65,15.66,1.16,12.05
W4Nd2Ce4Rb3,고온,4,44.67,4.5,7.87,8.1,6.11,43.02
Hf2TaMg,화합물,3,25.64,5.3,12.07,22.95,3.69,9.34
Mg4Co2Ta,화합물,3,69.76,4.0,3.74,18.44,12.71,8.27
RuTmF3,합금,3,47.45,4.6,9.06,110.62,14.52,4.6
Li2B2Tl4,화합물,3,73.01,4.7,10.85,41.6,1.06,15.85
RbSn,화합물,2,16.52,5.5,9.28,22.05,3.84,8.26
V2Cu3Sc4,화합물,3,58.72,2.4,2.33,13.71,10.11,2.66
MgOs2Re3,화합물,3,117.56,5.1,10.49,44.01,10.53,10.23
Pt3Rh3Eu3B3,고온,4,31.5,1.8,6.25,3.31,2.95,44.33
Co,원소,1,7.23,2.0,18.11,131.29,9.96,2.82
Sb2Ir3Rb2Pr,고온,4,108.14,4.9,6.11,7.55,14.11,107.69
KEr2Ta2B,화합물,4,131.39,5.1,5.98,23.75,11.12,9.46
La3RuU,화합물,3,129.82,3.3,11.01,38.56,5.92,16.61
Ge3,원소,1,144.94,1.0,3.55,283.49,1.68,1.29
Au2Gd2Nd2,화합물,3,97.89,3.2,10.42,33.19,9.49,13.93
Dy3Pd2Rh4,화합물,3,22.92,5.8,9.94,45.09,11.06,12.52
Li2,원소,1,96.28,4.0,3.5,324.31,6.14,2.12
NbSiTb2,화합물,3,138.55,2.1,10.04,48.3,5.46,9.0
AuO2HoZr,고온,4,79.42,2.8,3.93,11.66,3.26,163.16
Ir3DyCu,합금,3,94.06,3.7,15.81,124.78,0.59,8.14
SeSc4FeW3Lu,고온,5,124.9,5.1,7.1,13.77,3.91,163.92
NdAs2B,화합물,3,52.5,3.3,12.03,45.1,6.53,5.22
Dy4Re4SrLa3,화합물,4,13.52,2.5,11.13,14.45,7.13,1.3
Mo3Nd2,합금,2,142.65,3.3,3.58,122.33,13.75,3.93
Ta2Cu3,합금,2,111.79,3.7,6.84,73.29,12.38,8.22
BiV2,합금,2,20.16,3.3,3.75,110.2,6.91,16.02
Na4,원소,1,162.48,5.0,5.12,232.65,4.61,4.8
MnAu2,합금,2,41.3,3.6,13.77,88.1,7.32,2.31
Ir2YN3,화합물,3,62.56,2.6,13.09,3.14,8.26,9.45
Si2UBi2Th3Os3Ti2,고온,6,127.58,4.6,3.81,2.82,0.17,115.77
BiV3FeCBBe2,고온,6,50.68,3.1,5.22,8.65,13.28,96.49
AuFeBa,화합물,3,15.56,5.7,13.21,27.19,12.67,9.74
FeMo3,합금,2,114.64,2.1,8.44,33.64,9.54,0.0
Ce4V,화합물,2,27.62,1.6,12.13,16.2,14.47,10.72
Mn3SrYPr,화합물,4,115.77,3.5,13.57,16.46,3.8,13.45
Te3Cr3,합금,2,103.62,3.0,3.35,42.47,7.16,11.57
CrW3Bi,화합물,3,159.45,2.1,12.25,8.55,4.38,9.63
TeO2H3Cs3,화합물,4,76.52,5.3,1.95,2.07,13.43,11.21
GaVAg,화합물,3,107.2,2.8,5.15,9.68,6.34,10.83
Pr2Zn3,화합물,2,90.09,1.6,6.91,24.81,9.61,16.39
HPdCeLa2V3,고온,5,49.27,5.8,7.95,4.37,2.79,161.53
ReU2PdCo2Te,고온,5,46.44,2.3,5.1,3.19,2.8,27.19
Ti2Sb2Nd3Mo2,화합물,4,151.43,4.6,1.51,30.9,5.68,14.48
YTm3SiRb2Ce,고온,5,65.84,4.3,6.78,2.28,12.13,136.32
B2S4O3,수소화물,3,30.76,5.8,7.89,66.8,1.94,236.11
YTlMg4,화합물,3,97.23,5.4,12.24,22.49,11.54,11.26
ThBa,화합물,2,83.29,2.5,4.8,39.74,9.87,0.36
Rb3Dy3Cu2Na4,화합물,4,20.39,2.2,3.68,24.75,2.85,16.52
Ga2Re3PTb4Se,고온,5,137.09,5.8,7.41,10.52,3.26,103.34
Ni2ScRe2FeMg3,고온,5,139.4,5.5,8.94,2.18,1.8,138.81
Th3Cu2Os2,합금,3,56.88,4.5,11.92,71.85,11.24,17.67
ZrTa,화합물,2,54.79,2.0,11.9,40.92,13.54,10.52
Sc4As3U,화합물,3,56.89,5.6,8.58,48.88,9.06,13.91
Ge3AsPd3,화합물,3,87.22,2.7,11.33,33.19,12.03,8.66
Ir2Y2Pd4,합금,3,135.68,2.9,2.6,81.99,1.13,1.22
As2PdRh2Ba2,고온,4,119.5,3.8,7.23,1.97,5.4,44.51
Sb2Cd3C2,화합물,3,34.43,4.0,11.88,14.13,5.65,20.55
FW3Te2HNa2Tm2,고온,6,69.89,1.9,3.07,8.58,11.19,73.45
Tb2ReErCa2Nd2Lu,고온,6,47.02,4.4,7.91,13.59,14.24,120.93
U3CaOs2Na3Ga2,고온,5,68.49,2.9,8.77,8.02,4.62,109.47
Bi2Nd2SmAl,화합물,4,86.53,5.5,6.56,10.3,0.28,9.49
SrLu2,화합물,2,44.63,5.7,8.23,42.08,8.87,13.92
ScGa3,합금,2,174.54,5.6,5.02,74.29,5.47,8.44
HFeGa,화합물,3,144.57,3.0,5.92,27.87,13.98,11.16
BGd3,합금,2,72.85,3.3,12.2,141.54,3.46,5.41
Sr2Ga3Os4,화합물,3,104.94,2.9,8.12,24.47,13.12,1.5
Er2Si2Gd2,합금,3,53.34,1.7,9.23,48.39,1.45,3.64
Ge3P,합금,2,175.02,2.2,2.76,83.05,0.21,0.15
Bi4B4,합금,2,98.23,5.4,14.71,80.31,13.44,16.73
La,원소,1,131.19,3.0,21.09,335.8,1.53,7.42
PIn,화합물,2,137.23,2.9,1.7,21.27,14.14,27.84
ZrH2GeCu4U2,고온,5,35.32,3.9,3.6,6.31,10.47,110.53
CaHg3O2,화합물,3,12.16,2.6,2.64,35.51,9.32,5.85
Ni2Pt3Tl,합금,3,66.85,4.5,4.11,128.0,1.13,3.74
GeCTa2,합금,3,75.72,5.9,8.9,77.08,11.79,17.46
Yb,원소,1,26.2,2.0,19.87,397.76,4.37,2.31
Ru2Lu2Tm2,합금,3,152.91,2.3,4.06,63.14,2.19,7.16
ZnTh2HfTa,고온,4,124.21,5.7,7.94,14.54,9.22,84.78
Rh2S2Zr2,합금,3,113.44,2.5,6.22,62.45,6.23,6.36
Sr3Nb4Pb,화합물,3,68.09,3.5,9.16,13.21,8.51,22.96
Ge4Cr,합금,2,179.13,2.7,10.7,84.98,10.97,6.45
GeO2,합금,2,165.23,5.1,9.87,101.02,3.58,1.85
GaSeB,화합물,3,121.97,2.2,1.88,5.26,11.1,4.26
Ag4MnSr,화합물,3,16.92,5.4,8.41,40.99,6.33,1.23
Rh4VSn3,합금,3,170.35,5.7,12.66,60.1,10.71,8.54
Te3,원소,1,216.08,5.0,20.02,25.97,7.07,0.36
GeCFe2Os2,화합물,4,127.68,3.4,3.86,8.55,7.24,9.33
CPr3Tm3,합금,3,124.21,2.0,15.87,94.61,1.51,3.29
N2Pr2H4,합금,3,128.26,1.6,8.74,113.69,3.01,3.47
V3P,수소화물,2,29.88,5.6,2.7,23.32,0.41,211.54
Cd2N3Nb,화합물,3,115.03,6.0,5.7,36.81,2.16,6.92
Te2Mn3Lu,화합물,3,53.2,5.3,13.15,38.18,0.79,19.84
CoAg2In3U2,화합물,4,13.28,1.5,3.21,37.42,4.89,17.35
Th2Sr3Hg3,화합물,3,147.32,1.9,2.32,1.85,0.66,8.32
Cs2Ti3Ni,화합물,3,26.69,4.7,3.06,13.09,10.0,6.86
Ti2Sb3Re2B3,화합물,4,127.24,4.7,3.91,17.58,14.13,3.99
YbH2Sb,화합물,3,65.69,5.6,8.92,43.91,13.55,2.76
Sr4Mo4Nb2,합금,3,137.48,4.7,13.97,146.85,4.45,2.24
Cs2Ge3,화합물,2,47.96,2.7,7.11,7.78,14.2,1.31
ZrTl,화합물,2,30.6,5.9,4.13,44.59,4.78,13.65
ErNb2ZnDy,고온,4,68.21,2.0,5.86,2.52,2.98,49.87
ThTe3KNi,화합물,4,12.43,3.4,1.72,38.2,7.65,19.67
RhNa2Sr2,화합물,3,97.03,2.4,6.04,30.09,5.64,17.1
Hf2Zn,합금,2,118.2,4.1,15.24,48.73,7.16,7.18
K2C2Os2,화합물,3,44.11,2.3,10.71,6.94,5.43,9.25
Mg3Be3,합금,2,116.07,3.6,4.27,132.81,0.55,6.87
Eu2Ho2,화합물,2,89.46,4.3,13.48,5.31,12.28,14.64
Li2Nb3Pr,합금,3,23.26,2.9,9.16,70.05,8.93,9.04
Al2CrNd,화합물,3,119.96,4.8,12.47,30.28,5.16,43.13
W3Se4Nd2,합금,3,137.34,5.1,13.29,63.12,12.38,11.67
HgSi3,화합물,2,139.29,2.8,6.8,30.08,13.6,20.9
MgAu3Si2S2,고온,4,71.15,5.3,5.45,6.25,10.86,140.35
Y3CsLa3,합금,3,50.42,5.7,5.73,6.59,5.29,21.59
Ni3Ir2Er2,화합물,3,106.61,3.6,10.45,25.56,5.05,4.04
Fe2BaTh2,화합물,3,45.27,3.0,5.43,47.28,1.76,15.95
Dy3,원소,1,137.97,4.0,7.12,63.94,8.28,0.97
Ga2Lu3HoSb3,고온,4,59.0,2.5,4.94,10.98,3.38,58.4
Os,원소,1,127.08,3.0,14.87,122.34,4.02,0.0
Al3Ho3Au2,화합물,3,10.11,2.8,10.42,1.92,4.65,10.35
SiIr2Te,화합물,3,50.43,4.1,5.3,39.56,1.3,2.84
CPdS2,화합물,3,156.89,5.8,3.25,25.14,13.51,8.85
SrPbLu3,화합물,3,66.88,4.6,13.03,10.95,6.34,17.22
Bi3Li4Eu4,합금,3,41.97,3.5,6.83,89.64,5.56,2.45
Cs2,원소,1,185.22,5.0,1.4,129.9,6.08,6.07
TlTeCr2Sr2,화합물,4,150.59,4.2,2.21,49.57,7.69,16.8
ZrNd2Ru,화합물,3,142.03,3.7,12.57,30.6,13.5,5.63
Ni2BiBaCr2Li3,고온,5,85.87,3.2,3.27,1.15,13.69,107.95
FHg2Ir4Au4ZnMo2,고온,6,88.3,3.3,4.58,11.3,12.12,85.83
Cr2HoPbHf2HgLa4,고온,6,110.27,2.2,8.24,1.93,4.15,33.36
Se2Sn2Cs,화합물,3,115.09,3.1,7.91,20.38,2.57,5.46
Nd3Ca3La3Ir2,화합물,4,31.06,4.5,3.75,23.7,0.67,8.95
OsBa2SbHoHg,고온,5,129.52,3.9,3.96,5.46,4.83,56.25
AlB4Sb2,화합물,3,150.94,4.0,1.56,18.44,2.91,13.94
Ru3S2,합금,2,42.35,1.8,15.3,41.26,14.92,0.0
Tb4PrCdLu2,고온,4,51.03,2.5,4.32,14.94,11.88,150.47
As3BeEu3Pr4SrF,고온,6,49.73,2.8,6.13,3.36,0.8,75.26
SnBe2Te4W,화합물,4,89.01,2.9,11.05,5.44,7.64,10.1
Pd2,원소,1,150.42,2.0,12.32,58.25,4.18,5.51
C3HoSe2,화합물,3,124.28,2.5,10.57,13.96,6.21,1.17
PHg4NHIn3,고온,5,95.79,4.2,5.04,14.31,13.83,102.41
Dy2TmYTi,고온,4,62.88,4.1,8.07,3.23,4.34,148.07
LiGe2Hg2,합금,3,93.9,1.8,7.2,116.32,9.36,0.0
K2,원소,1,204.56,3.0,19.26,197.01,4.72,1.27
Pt2Au2Ca4RhAs3Ta,고온,6,113.92,5.1,6.4,11.06,13.97,160.52
Ga3Co4Lu3Pd2,화합물,4,115.95,5.2,2.3,22.11,1.26,11.05
LaTe2Cs2Sn,화합물,4,23.64,2.4,2.99,6.1,0.41,8.76
Ga3K2Ce,수소화물,3,25.8,5.0,4.25,25.78,9.02,182.24
Tb2,원소,1,95.96,2.0,6.11,395.43,7.42,0.0
Co3Pd2,화합물,2,91.65,5.0,3.39,20.13,10.1,30.32
B2,원소,1,162.05,3.0,7.41,306.93,8.6,2.99
Sb3Mo3Gd2,화합물,3,60.89,2.0,12.78,31.65,8.61,6.24
Mg2BaTb3SbAs4,고온,5,129.38,2.7,7.05,9.24,5.31,90.88
HoBaSe4,화합물,3,49.21,5.7,1.64,46.45,7.94,10.28
Sr4Hf3Lu2,수소화물,3,7.65,4.7,5.93,63.75,7.19,141.5
Ta2Ag3,화합물,2,150.18,5.2,9.41,36.63,5.34,30.03
TiGe,화합물,2,154.62,4.6,3.06,25.11,7.86,7.94
Al2SbTe4,합금,3,90.8,4.1,9.33,125.88,11.71,6.46
Pt2O,화합물,2,150.0,3.5,12.18,29.33,7.65,8.46
N2SrCrGe,화합물,4,76.95,4.9,13.54,11.72,5.14,4.57
Te,원소,1,25.5,1.0,17.41,211.08,3.1,9.2
La3As3Pd4,화합물,3,63.24,3.4,5.79,39.71,11.74,7.9
RuAg3La3,화합물,3,124.21,5.6,13.25,25.58,13.27,6.35
Be4Cs2,화합물,2,30.36,2.2,8.31,44.01,9.42,3.4
TeSr2Au2,화합물,3,10.68,5.9,9.25,25.83,10.43,16.88
Lu4DyY2K2,화합물,4,116.4,2.8,3.28,26.45,10.76,4.85
K,원소,1,121.91,3.0,3.12,301.95,9.45,0.0
SnTl3Th4,합금,3,101.15,2.8,5.19,40.26,6.98,5.12
TmYbVIn3,화합물,4,105.05,2.5,2.24,3.66,8.99,0.0
Ga2BiCsN2,화합물,4,33.71,3.9,5.23,27.86,4.87,19.48
Lu2,원소,1,62.19,4.0,14.82,4.41,9.1,3.01
Gd4DyBeBa3Cd2B3,고온,6,131.27,1.7,7.38,8.79,10.48,67.85
Dy3Li3ReAu4Rb2,고온,5,64.93,5.0,8.9,4.94,10.35,34.08
Ta3S,화합물,2,40.83,1.6,4.95,35.25,2.37,1.74
Lu2,원소,1,151.52,3.0,13.39,198.1,8.45,2.41
Y2Zr3Eu3Co2Ce,고온,5,34.78,5.6,5.43,1.98,10.92,99.84
Au2Ga3Yb2,화합물,3,115.52,3.7,13.06,34.29,9.68,8.23
CaPrRe4V2,고온,4,69.87,3.7,3.36,11.36,6.73,38.3
UTmNWNa,고온,5,35.13,2.0,5.37,5.82,2.78,128.83
ScGe3Ca4Ni3Dy2,고온,5,53.22,4.2,5.13,12.16,4.32,74.35
PYb3Dy,화합물,3,109.61,4.7,12.27,24.36,11.27,3.03
N2MoBe2,합금,3,91.24,4.5,9.03,34.67,0.86,9.05
La2HgCK,화합물,4,55.11,5.7,10.81,0.71,8.59,47.95
Pr2F,화합물,2,122.19,3.2,13.61,36.24,4.93,16.1
NdAg2N3In2Rb4,고온,5,87.36,3.4,8.95,1.24,13.78,149.14
Nd2Te3Mn,합금,3,142.11,2.6,14.89,142.62,1.92,0.0
Na2Ni,합금,2,53.35,5.0,6.99,38.44,14.26,9.45
CHRh3Zn3,고온,4,126.09,5.9,7.48,8.11,1.7,131.23
Rb4Lu3Zr3NbNd,고온,5,129.44,4.9,4.88,12.99,7.89,58.82
B2Pt2S2YbV4,고온,5,50.56,5.7,4.5,5.39,1.88,33.44
Ag4Zr2PtC3Tl2In3,고온,6,38.3,6.0,6.57,3.44,13.68,65.01
OsRh,화합물,2,77.51,1.7,3.1,25.65,10.55,7.5
Cd3Mo3SZr,화합물,4,155.79,3.3,3.94,32.75,13.5,6.91
Mg2Na2Cu4Bi2,고온,4,60.17,5.6,6.13,2.59,1.29,133.61
Ba2La2,화합물,2,96.56,5.0,9.84,18.06,8.58,3.67
W2P,화합물,2,134.1,4.8,12.88,48.73,13.45,20.74
PdGa3,합금,2,73.56,2.8,6.73,16.02,8.02,1.65
Ni2Rb2Sc2,화합물,3,87.46,4.1,7.5,8.33,10.06,8.54
Tb2P3Tm3,화합물,3,132.75,2.7,10.36,19.06,3.19,5.01
GeFe4Hg,합금,3,132.83,3.8,11.35,119.68,10.89,5.25
NiTmOs2,합금,3,120.23,3.5,15.75,32.64,14.51,28.61
Cu4Sn2,화합물,2,19.43,3.6,6.01,35.36,14.64,5.27
TlS2,합금,2,86.01,5.9,5.36,22.01,10.6,20.12
Tm4Ni2Pb2,합금,3,80.65,2.4,4.85,49.95,10.33,2.04
Hf3Bi2Pb3,화합물,3,86.76,4.7,2.39,6.26,3.64,25.75
AuCe4CsF4Ti2,고온,5,53.72,4.2,8.89,6.94,12.12,80.47
LiRe4,화합물,2,22.74,3.6,6.13,26.65,4.17,5.83
U2Tm3,합금,2,20.46,3.4,2.16,10.99,0.6,3.45
S,원소,1,87.36,1.0,20.19,275.36,9.74,0.0
Nb2Sn2Co2Dy2,화합물,4,144.53,2.7,8.65,25.54,1.79,8.77
Be3Tb2Te,화합물,3,35.21,1.8,4.21,48.96,8.0,14.52
ZnLaNi2Dy4Sm2,고온,5,96.44,3.9,6.1,14.49,7.66,76.57
Mg2Ag2F,화합물,3,36.87,4.7,6.75,2.82,2.92,1.99
Y2Ga3Re3Au,고온,4,89.93,3.3,6.74,12.32,1.67,123.82
InDy3,합금,2,78.7,5.4,11.6,91.52,8.73,10.28
Pr3Mo2,화합물,2,111.01,5.5,9.39,32.15,12.36,14.44
Pt3Rb,합금,2,101.27,1.9,14.36,31.29,8.24,4.45
CeBPb4Sr3MnTb,고온,6,121.2,4.7,5.31,1.74,5.8,81.98
Sc2Y4Ce2,화합물,3,14.11,2.1,7.43,1.87,7.31,17.51
Cs2Bi3Be2,화합물,3,89.47,1.7,11.61,10.68,0.4,3.31
Mo3Li,합금,2,68.19,3.3,12.66,28.77,14.02,10.43
Li3BiIr4,합금,3,24.73,4.7,15.81,120.11,9.78,11.95
Rh3HBi3,화합물,3,33.52,3.7,2.82,29.24,0.55,9.82
Ge3Sn,합금,2,133.13,4.6,12.61,11.68,6.47,6.27
CoSnEr4,화합물,3,84.4,4.7,6.92,4.72,0.86,14.79
Nb3Cr2,합금,2,64.25,2.1,6.7,5.86,12.76,2.5
Sc2MoPt3,화합물,3,29.32,4.5,10.64,4.65,4.34,10.0
Ca4BiNb2KSc2,고온,5,118.21,5.5,4.59,4.41,3.2,48.21
Re2Ce2SbCs3O2,고온,5,64.15,1.9,6.32,3.65,9.73,117.98
N3ThAs3Te2LiGd,고온,6,132.38,2.3,4.13,13.69,11.81,106.47
IrIn2,합금,2,30.74,5.0,11.58,87.39,9.2,5.39
U2Mn2,합금,2,179.57,5.9,8.57,66.29,4.39,8.56
CaWPt2Rb,화합물,4,120.18,5.3,11.02,34.55,4.53,11.37
YbV3S3,화합물,3,90.34,2.6,12.16,41.42,14.14,18.76
V3Nd2Dy4,화합물,3,99.59,3.5,9.88,36.46,10.49,6.95
Mo,원소,1,154.85,3.0,14.02,164.97,9.9,4.46
CsCLi2,합금,3,60.45,2.8,8.21,20.1,11.93,3.39
P3,원소,1,56.94,2.0,19.33,65.25,2.14,0.92
CeNd2Si2Sb,고온,4,31.47,5.7,8.19,14.73,5.58,115.88
Ce2Nb3,합금,2,94.28,3.9,8.22,141.56,4.98,9.92
HAs3,화합물,2,100.63,3.2,10.48,22.95,4.0,12.07
Ba2,원소,1,11.38,3.0,3.68,133.83,2.0,0.71
Pb2SrP2,화합물,3,68.33,3.5,3.77,29.24,9.49,5.47
Cs3Ti3U,화합물,3,89.3,5.3,12.22,21.47,1.08,14.01
RbWC3AlN4,고온,5,67.37,1.8,3.67,6.4,12.63,44.07
Se2LiIn3Ga,고온,4,109.54,4.8,6.3,4.66,5.12,91.77
SeAs2,화합물,2,15.37,3.2,8.57,4.78,12.55,6.79
Be2ErIrHg2Re2H,고온,6,137.93,5.8,7.87,11.56,7.9,167.51
FePd2Sr,수소화물,3,44.15,6.0,1.83,33.02,6.79,168.97
Ge2B3Nd3Ce3,고온,4,116.05,1.7,4.21,4.14,5.67,91.71
ZrBi2La2Ta3N2Rb2,고온,6,70.06,1.8,8.73,13.81,0.98,55.85
NiCs2Gd4,합금,3,93.68,3.0,11.98,24.96,9.4,25.1
DyC3Ca,화합물,3,61.29,5.0,4.65,23.54,3.16,13.3
Bi3,원소,1,172.6,3.0,12.21,202.45,3.3,1.51
Mg2Pt,합금,2,20.15,3.1,6.1,106.09,0.51,4.38
Dy3Pd3,수소화물,2,53.28,2.0,7.33,41.33,8.65,176.01
AuTaAs2,화합물,3,156.85,1.7,2.68,48.95,10.93,4.0
S2NbSnBa2Ga,고온,5,32.62,1.9,7.6,7.69,2.8,140.15
MnSeOs3Gd,고온,4,38.02,3.7,3.44,5.33,14.27,161.2
Fe4Ti2Cu2TlYb4,고온,5,106.14,3.6,4.02,5.5,9.68,122.85
OSmSi4,수소화물,3,51.43,4.2,3.43,75.24,3.5,130.75
Fe2Rb,합금,2,159.55,2.8,14.46,146.63,9.76,5.1
Si2,원소,1,139.23,3.0,15.01,112.33,6.22,5.22
Se4ReNa2Mg2,화합물,4,69.07,4.6,6.54,23.74,10.3,9.7
Sr3Nd,합금,2,119.32,5.4,12.26,80.88,11.69,7.52
Cr2,원소,1,119.74,3.0,18.28,193.74,2.18,2.89
Co2Dy,화합물,2,92.24,5.3,8.26,29.42,12.35,13.48
Be2MnZrAlLa2Pb2,고온,6,33.88,5.8,4.19,8.57,6.7,78.27
FeTbCr2Cu3,화합물,4,145.71,4.6,6.05,49.99,14.91,6.19
ThMo2Pt2Cu,화합물,4,72.12,3.3,12.32,49.18,3.07,7.14
ReMg,화합물,2,81.53,2.5,2.15,16.34,10.16,14.46
Re3P3C,합금,3,88.51,2.2,14.14,43.49,3.63,5.54
Rh3,원소,1,141.4,4.0,10.08,185.9,8.65,5.46
Mn3W2H3Tl3Ca3,고온,5,106.79,1.7,3.49,11.5,14.6,29.27
CsPb,화합물,2,131.95,5.4,12.75,42.95,10.0,8.75
Fe3EuNaZrPd,고온,5,88.7,5.8,7.29,7.04,6.6,128.58
Cd,원소,1,91.16,3.0,12.87,3.03,5.84,5.38
Mg2TaSrRu2,고온,4,89.16,5.1,5.17,7.87,1.1,166.0
HfCs2,화합물,2,48.87,3.2,2.42,48.04,8.38,13.78
Sn3Yb2Cd4,화합물,3,151.0,2.5,1.75,32.96,2.42,17.99
Sc4Tb,화합물,2,16.93,1.8,8.78,8.78,6.55,5.26
CdSbBi4Cs4Hg4Sc3,고온,6,126.71,4.8,6.58,7.09,9.75,115.69
Tm2Sn,화합물,2,93.77,2.9,11.39,5.03,10.12,11.17
SmSn4Al2Co,화합물,4,76.52,3.7,9.53,33.98,0.54,9.93
Gd2Ir,수소화물,2,56.8,1.9,1.35,73.45,14.18,169.19
H3Cu3Sb4Er2,고온,4,97.24,4.4,6.47,5.42,2.49,63.05
V2Ti2Mo,화합물,3,60.36,4.0,8.15,48.1,11.33,5.86
BHgMgIn3,화합물,4,22.29,2.7,6.11,47.38,12.55,0.0
HfCd,화합물,2,159.19,1.6,10.5,30.47,0.48,17.51
SmCd3,합금,2,60.67,3.3,3.32,91.31,4.78,5.05
CdSi3U2Th3,화합물,4,90.05,3.0,8.39,30.49,0.64,15.32
DyRe2Na3Ru2Hg3Ag,고온,6,128.27,2.0,5.99,14.6,7.81,125.43
Si2As3HfN,고온,4,65.3,4.7,8.28,1.91,9.77,82.31
O4InGd,화합물,3,94.17,4.7,10.55,33.29,4.69,12.57
Zn2Os,화합물,2,119.15,4.0,4.22,2.87,12.54,5.14
SeTm,합금,2,71.79,2.7,15.84,84.61,10.52,10.06
Tb4Cd4,수소화물,2,17.19,2.0,2.71,24.47,13.05,271.05
NdC3,수소화물,2,47.69,3.2,3.25,23.75,6.45,267.2
Ba2IrTaU2,화합물,4,135.19,5.1,13.45,14.59,11.13,10.66
Co3N2CaBaSn,고온,5,124.31,2.7,8.27,7.56,4.3,51.26
Ir3Cs4Bi,화합물,3,19.2,5.9,7.99,12.65,3.4,7.94
Mn2LiC2,화합물,3,62.72,3.7,6.97,46.98,12.73,14.37
Pd3,원소,1,154.14,2.0,19.78,320.06,9.79,0.0
In2HgRb3,화합물,3,31.86,2.7,7.5,42.87,10.02,2.26
Os2Be4Zr,화합물,3,31.46,4.1,8.95,0.62,5.13,11.19
HoGd,화합물,2,97.04,2.2,5.73,8.43,11.13,5.97
YbGa2La,화합물,3,124.63,1.9,3.43,5.82,13.11,4.96
Nd2Ca2EuC2,고온,4,75.26,4.1,7.21,8.86,3.62,46.3
Tb2Ba2,합금,2,23.96,4.2,5.01,25.26,11.81,18.12
IrVTm,화합물,3,79.1,1.5,2.17,7.56,3.21,1.21
C2Gd2Cr3,화합물,3,112.39,5.0,1.57,41.23,6.77,6.1
Cu3Pb2SmCd3,화합물,4,58.3,5.3,7.29,16.1,7.41,9.39
B4Si2K4,화합물,3,89.03,4.9,2.61,38.36,13.47,14.29
Nd2F,합금,2,176.89,5.7,12.1,71.27,6.42,9.59
SSbCd2,합금,3,141.32,4.5,15.03,13.13,10.0,4.82
InZn2Ca2Rh3,화합물,4,111.68,1.9,13.5,23.05,0.52,10.82
Cs3U2Sn2,화합물,3,114.21,4.0,9.43,4.18,2.77,7.37
Li2Ti3Tb3,합금,3,172.35,4.7,11.27,113.3,11.17,4.22
Rb2Ir3Os4Zr2,화합물,4,66.49,4.8,12.99,38.49,12.43,10.71
Pd3H2Sm2,화합물,3,51.82,3.8,7.53,26.53,14.08,8.61
Te4Sn3Ru4Al2,화합물,4,63.11,3.0,4.45,15.58,7.31,1.53
PrCd2Mn3Ce,고온,4,109.19,4.9,8.1,9.39,5.39,122.65
U4Ce2,합금,2,136.8,2.6,11.36,6.2,5.56,5.08
Au,원소,1,212.76,5.0,9.04,56.32,1.19,6.27
Cs3Os2PrMg2W2Er2,고온,6,31.38,2.1,5.33,8.49,9.87,143.87
AgInScCa3,화합물,4,145.01,5.3,2.09,29.47,5.29,5.66
ReN2Bi2,화합물,3,108.42,5.5,11.0,37.9,4.06,5.73
Rb2HgGd2YbY3,고온,5,138.75,1.6,7.73,14.18,4.92,137.48
Eu2Ta2U4Te2,고온,4,69.31,4.6,3.25,4.26,14.14,118.1
PtTa2,수소화물,2,12.12,5.5,4.94,27.58,4.52,111.3
Si3Pr4,화합물,2,77.42,2.8,13.66,49.87,7.98,7.52
Os2AsH,화합물,3,45.0,4.0,9.71,30.1,10.97,12.81
Pb2Re3,화합물,2,59.68,5.1,2.42,41.19,7.07,16.63
TaOsAu2,합금,3,175.4,3.5,8.02,63.17,2.46,2.35
Zn2SnTm4Ir4,화합물,4,14.62,2.4,2.3,19.0,5.8,5.16
Ti2IrRb4,합금,3,103.59,1.6,14.58,113.21,1.49,1.15
C3U4PTb,고온,4,104.85,2.1,6.68,10.04,6.92,96.95
Pb4Be3Tm3Hf,화합물,4,147.92,2.0,2.28,37.4,7.73,9.85
Sr2Pr3Nd3Mn,화합물,4,91.12,3.8,5.54,26.09,5.06,9.54
Au3Dy3,화합물,2,27.16,3.1,2.17,7.14,4.89,0.94
Ho,원소,1,89.59,2.0,10.52,128.16,2.03,0.0
Ce4,원소,1,126.34,3.0,18.91,387.6,8.04,1.34
AsGe3Pt,화합물,3,77.73,3.2,10.48,46.59,13.01,17.19
Rh2As3,합금,2,139.0,2.1,10.12,51.04,13.95,1.01
Cd2Tm3Si,화합물,3,121.51,5.1,4.67,1.53,13.27,6.72
AgHg2Eu2Gd3Yb3,고온,5,100.54,3.9,3.43,6.0,8.91,36.94
EuTb2Sr2Sb2La,고온,5,97.94,1.8,8.39,5.07,14.08,35.08
Zr2U,화합물,2,93.84,5.8,8.64,13.9,14.07,9.01
Sr4Cs,합금,2,57.07,5.3,3.45,11.68,9.8,7.05
Sc2Nb3Te2Ba,고온,4,80.93,2.3,3.11,1.92,10.46,53.44
YbCrSi3Ru4,고온,4,42.67,1.9,4.66,6.96,13.27,40.54
Cr3Lu,합금,2,64.24,2.1,2.38,65.82,14.7,0.0
VSm2Ru4UIrK,고온,6,110.95,3.8,3.34,8.08,3.75,120.69
Rh2Be2Ta3,화합물,3,84.03,2.7,5.28,5.42,6.74,2.63
Ag2S2SbErNi,고온,5,121.55,1.7,7.05,6.43,6.52,157.76
BRe3,수소화물,2,16.41,2.3,4.0,75.98,9.12,245.09
Hf3,원소,1,70.87,4.0,10.2,76.77,7.07,7.78
GaTe2As4MoMn2,고온,5,102.79,1.9,4.78,11.79,7.58,111.5
BiSr2Zr2Zn4,화합물,4,129.23,2.6,4.16,41.77,4.36,18.64
Zr4As,수소화물,2,3.49,4.3,6.63,63.42,6.27,136.4
Os2TlO2U,화합물,4,52.05,1.7,11.01,8.22,11.76,4.2
Ce2La3ErIr3Mn,고온,5,69.17,2.1,5.7,6.43,0.14,78.63
Se2,원소,1,150.56,1.0,15.66,22.92,2.61,0.8
CoBRb,화합물,3,132.17,3.7,3.77,21.71,2.9,8.34
B3,원소,1,68.51,3.0,12.34,300.69,1.23,0.83
HgLi2,수소화물,2,7.19,5.2,1.86,68.39,3.88,243.12
H2TiErOs2,고온,4,99.52,1.5,3.36,4.0,7.94,124.31
H4S2KZn,고온,4,48.58,2.3,8.49,11.23,13.42,114.4
Cu4PdTe4SmP2,고온,5,106.93,3.6,3.43,2.19,10.25,74.82
Cs2Hf,합금,2,100.89,1.9,6.86,24.87,6.35,7.56
Mo3Th2,화합물,2,104.45,2.0,5.39,27.91,6.29,1.06
O,원소,1,76.97,5.0,19.12,36.0,4.98,0.0
Au4PtTm,합금,3,43.07,4.5,11.88,78.88,12.23,8.66
Ho2N3,합금,2,73.16,3.0,14.74,10.11,11.5,9.7
CsEr3,화합물,2,117.4,2.0,10.72,25.24,8.46,4.23
O2As2,합금,2,162.85,5.4,6.02,103.32,8.19,2.65
Si4B2,합금,2,86.71,5.8,11.57,138.99,5.63,6.25
Cd3YbU,합금,3,163.55,5.9,8.72,54.71,14.56,11.93
CMn4,합금,2,67.11,5.0,12.36,148.66,4.32,13.47
NbN4,수소화물,2,16.13,4.5,6.5,22.29,2.18,288.68
C2Ni2Li2Sn3Er,고온,5,89.32,1.6,4.31,11.45,14.04,65.72
B3As4Cd2,수소화물,3,3.7,1.6,3.03,28.11,2.02,194.47
NiHIr2Si,화합물,4,42.39,2.5,6.23,21.53,2.19,3.86
Tl2P,합금,2,73.99,5.8,11.46,46.52,12.62,3.87
Sr3Pr3YSi,고온,4,131.45,5.4,5.27,6.26,10.88,57.8
CuCa3F,화합물,3,91.23,1.8,6.77,15.7,6.14,21.17
Cs3KEu2,화합물,3,97.54,3.3,2.63,18.78,14.17,3.8
W4HoNb4,합금,3,138.11,3.1,6.32,121.03,0.51,0.73
Al3K3Ge,합금,3,146.53,4.3,3.94,28.39,13.06,6.62
FeHg3Na4,합금,3,101.22,1.5,5.28,79.29,13.04,3.29
Tb3Cs2Sc,화합물,3,74.95,5.1,6.6,18.82,3.6,3.1
Eu4F,화합물,2,34.46,3.5,5.38,41.0,7.19,7.77
Ti2,원소,1,237.22,4.0,3.38,256.53,2.19,2.56
PbRb2Pd2,합금,3,68.32,2.1,14.28,110.14,11.79,2.92
Tm2TlBe3V3Cr,고온,5,136.43,2.2,5.66,5.34,14.38,79.23
Lu4Ge2P2,합금,3,21.93,3.4,13.75,5.71,13.17,3.15
B2Fe2,화합물,2,29.4,4.8,13.46,7.93,14.47,17.31
Os4Gd3HoBeIr2,고온,5,69.83,4.8,5.83,3.81,5.44,107.84
S2H,합금,2,64.71,5.3,12.17,77.37,6.63,13.34
Rh2TiTb2,합금,3,159.43,4.1,15.83,75.23,1.21,2.81
Rb4Ag,화합물,2,145.43,1.6,12.58,41.94,8.83,2.42
Bi2Mg4Er3Mo3,화합물,4,116.44,3.1,5.65,39.43,7.11,25.25
Ga4Si3Al4,화합물,3,99.03,5.3,12.1,31.55,10.51,20.25
Hf2Ce4Mg4Dy2N4,고온,5,83.43,3.0,6.65,3.03,10.72,139.78
Si2Lu2Ga2,합금,3,20.27,5.4,4.91,89.0,0.22,2.7
Dy3TbOs4Bi3,화합물,4,12.6,4.6,4.93,41.53,3.67,8.21
W3Cu,화합물,2,22.53,5.5,3.87,3.26,9.61,5.94
W4Pr3,합금,2,168.53,3.5,8.36,57.73,7.55,2.82
PdSb4Sc4W3,화합물,4,155.73,3.3,3.74,39.95,3.16,18.8
Hg4W,합금,2,141.91,2.0,7.72,141.1,0.87,4.59
Gd2Th3In,화합물,3,147.82,3.8,2.21,8.58,4.28,5.42
CeTl2,합금,2,147.9,5.9,13.56,10.8,11.83,17.38
La4Sr,화합물,2,64.95,4.1,5.65,27.75,1.13,10.57
Si2Au,화합물,2,123.03,2.9,3.25,29.85,14.63,0.0
NThY3Hg2Cu,고온,5,64.64,5.3,4.46,4.02,11.57,67.79
Yb3,원소,1,214.81,2.0,5.02,1.57,8.44,8.22
HErBa2,화합물,3,111.73,5.3,10.26,27.19,13.52,9.79
Hf3Tl3Hg2,화합물,3,149.8,3.6,5.01,5.06,13.49,17.11
HYb2Tm,화합물,3,76.01,3.5,4.88,36.71,12.5,2.48
ThTi2Na,화합물,3,87.17,5.0,8.47,18.14,9.82,14.48
NErNiK,화합물,4,125.57,3.6,9.51,1.35,7.15,5.0
IrTb2MnPtN2,고온,5,82.51,5.7,8.27,1.49,3.86,89.24
Bi2BeOHg,고온,4,121.81,3.4,8.95,6.48,9.0,93.08
BiNi3Cu2,화합물,3,150.53,2.8,7.47,15.37,12.79,16.72
Ta3N2WZn,화합물,4,112.98,2.2,5.56,35.87,2.25,0.0
Ba2S3CuCs4Co3,고온,5,55.52,5.0,5.74,5.49,11.98,102.18
Cu2Co,수소화물,2,35.47,4.8,1.03,20.12,10.23,120.77
SeTeRb2Cd3,고온,4,91.21,4.8,7.24,2.07,1.1,134.03
HfTh,화합물,2,73.71,1.7,7.7,13.25,13.06,3.21
Hg3FeRu3,합금,3,177.68,5.6,13.92,135.34,9.78,7.21
S3Rh2Hf,화합물,3,34.28,4.4,12.9,43.2,0.17,24.55
ZrTaAsDy,고온,4,101.55,5.0,6.65,10.0,12.78,162.87
AgCr2S2,화합물,3,129.48,2.9,13.25,29.37,4.17,1.04
ErKNb,화합물,3,103.56,4.7,13.97,39.78,5.8,14.08
Dy3In3Tb3Mg3OAg,고온,6,121.07,5.4,7.16,6.3,12.7,54.36
AuSe2,화합물,2,131.47,4.8,6.91,22.66,4.47,3.42
Pb2Ge4KAl3,고온,4,48.56,2.2,8.12,12.18,3.72,38.14
Be4Sm,화합물,2,73.61,4.7,11.1,7.6,12.38,5.1
NaCd3,화합물,2,154.2,3.6,12.83,49.0,4.58,8.67
Ti3WLa4,화합물,3,41.82,1.9,12.05,47.83,13.91,2.96
OCSr2PtN,고온,5,40.84,4.2,4.09,9.52,11.51,105.31
MoAg3Tm,합금,3,165.77,4.5,7.63,132.67,14.5,0.42
SnY2,합금,2,23.59,1.6,5.91,64.09,11.12,5.27
Eu2Fe,수소화물,2,36.51,4.6,6.54,33.42,12.73,256.46
S3K3,합금,2,179.11,3.4,9.06,103.8,4.98,11.62
Mg2Si4Mn,화합물,3,135.63,3.2,6.32,47.56,5.49,6.87
BMo2,화합물,2,112.08,4.7,2.29,19.8,0.59,15.8
Pt3Al3Ag2Ba,화합물,4,122.94,5.7,4.01,7.15,7.42,15.41
Ta2Zr,화합물,2,92.96,3.4,11.75,15.09,12.68,18.25
InSb2Be3,합금,3,91.96,3.1,14.64,42.56,4.3,8.2
Os2Pr3Be4Nb,화합물,4,30.21,5.2,12.03,32.98,4.44,19.68
Co4MgTi2,화합물,3,153.54,5.7,8.44,19.45,10.12,9.73
Cu2Tm,화합물,2,48.07,4.9,3.16,45.74,14.91,8.83
MnRu4Rh,합금,3,87.48,1.5,2.1,48.17,8.62,0.0
Nb2Si4Tl4Yb2,화합물,4,146.8,2.0,1.51,12.95,0.32,8.28
Te2Ca2,합금,2,158.83,3.7,13.4,109.01,9.96,2.86
Li2Pt2,합금,2,110.87,5.9,2.17,22.28,14.12,7.28
Ba2V2Nd3,합금,3,47.64,2.8,10.23,68.93,4.96,8.12
Hg2Sn2,합금,2,118.01,5.8,11.46,37.43,9.06,5.38
Hf3Ce2YbAg2H4U2,고온,6,36.67,4.9,8.17,10.01,13.25,156.07
FeYb3Ca2Ru2,화합물,4,33.15,4.7,13.0,29.1,3.97,8.62
ReSm4Cr2Eu4Ti4,고온,5,66.39,3.3,6.58,3.08,14.37,133.79
Ga3VTh,수소화물,3,56.32,2.0,4.56,41.19,2.09,278.31
NdPd2,화합물,2,61.24,3.1,5.93,37.26,1.38,7.28
Nb3Ta,합금,2,35.52,3.7,9.81,64.8,9.74,2.53
DyBi3V3,화합물,3,157.81,5.5,4.77,13.77,14.23,9.78
PMoBeW4,고온,4,106.16,5.2,6.48,7.07,8.36,166.11
AlTh,화합물,2,113.34,3.1,6.87,11.71,2.76,12.32
STi,합금,2,143.92,2.5,2.67,47.6,6.64,2.32
SnLu3Ru2,화합물,3,136.55,3.9,9.62,29.53,7.8,8.77
Rb2PrCd4NdAs3,고온,5,135.51,5.9,4.53,7.64,6.48,117.64
Rb2Cu2AuNb3Os2,고온,5,36.86,1.5,4.14,2.86,4.6,27.01
Na2Eu,합금,2,58.19,2.1,3.23,98.68,6.92,2.32
SeSm2Tm,화합물,3,114.97,5.0,12.62,9.17,7.82,19.8
ReZnCr2,합금,3,91.69,2.6,15.39,94.39,11.55,9.09
SeF,합금,2,120.68,2.2,7.87,114.54,6.99,9.21
In2Ti2Tm2N,고온,4,100.54,1.7,4.73,8.82,6.41,122.79
Co2Cd2,합금,2,100.55,4.7,2.95,137.2,14.69,6.53
YIr2Pt,합금,3,132.18,1.6,7.54,12.17,1.98,2.8
Y2,원소,1,188.71,4.0,21.88,102.4,5.78,3.16
Lu2Rb4Rh2Au2ZrNb,고온,6,80.41,5.6,4.57,1.45,12.85,33.11
Mn3V2Be3Cs4Hg2,고온,5,124.13,2.0,4.06,5.84,14.6,93.59
NO,화합물,2,107.18,1.5,1.74,39.79,5.38,29.39
VO4Sm4CaMnY2,고온,6,80.12,5.6,7.29,8.07,5.49,151.0
Sc3Bi3,합금,2,111.1,5.5,3.03,129.41,4.06,5.38
Ti4Ho4,화합물,2,24.97,1.6,3.28,47.74,13.92,15.82
Ho2O2Rb3Ce2,화합물,4,87.8,3.1,12.65,48.79,6.61,2.04
CaRe2,합금,2,39.21,4.7,7.61,117.34,10.94,3.2
Lu4Sm2Pd2,화합물,3,23.67,2.8,11.87,19.4,7.47,31.27
Yb2Fe3N4Co4,고온,4,102.94,4.9,3.63,6.58,11.82,50.61
Re,원소,1,72.99,3.0,7.1,284.21,0.85,4.02
Ge3Ag3Pr,화합물,3,23.62,3.1,13.72,1.36,0.8,3.92
Se2Yb3,합금,2,116.37,1.9,11.32,119.48,3.84,12.13
In2Pt2,합금,2,44.47,2.0,13.72,134.26,12.13,2.66
CoPrSc2NIn4,고온,5,45.07,2.8,6.17,9.56,8.29,35.76
Yb2N4,화합물,2,74.33,1.6,10.51,29.86,9.73,5.35
Si3Ru2UIn2,화합물,4,12.93,2.6,9.99,43.58,10.0,9.51
Si2HPdNd4PrCd4,고온,6,78.23,1.6,8.15,13.39,4.07,157.04
WAg2,합금,2,47.65,3.8,5.73,95.78,3.43,9.62
MgBiPt,화합물,3,156.48,4.8,5.49,42.6,0.48,6.17
Ga2SO2,화합물,3,49.63,4.7,4.35,11.08,10.57,6.25
Ag2Ho3Sn3Th,화합물,4,75.32,5.4,4.32,36.07,11.66,17.19
ZnU,수소화물,2,20.65,1.9,7.38,46.57,5.67,107.52
Zn3La4Ta3NV3In2,고온,6,71.17,4.5,5.52,13.25,11.13,41.21
Mo3IrLi,화합물,3,14.28,5.2,10.01,33.04,9.44,20.85
CMn2In2CuGa3,고온,5,77.64,5.6,5.62,13.7,3.22,162.44
NbNa3U,합금,3,60.74,5.1,6.23,10.12,10.26,8.3
Y2,원소,1,195.45,1.0,13.01,299.06,9.87,1.38
K2S2Tl,합금,3,157.86,3.5,5.17,138.9,14.77,6.51
Ca3Li2Dy,화합물,3,126.51,3.2,5.61,26.27,1.62,6.7
SbAl2,화합물,2,76.21,5.0,11.47,37.27,0.81,10.33
BTb3FTh3,화합물,4,39.56,5.0,13.23,21.74,11.62,1.33
In3Zn2Ag2C3Th2,고온,5,51.34,5.5,7.86,10.22,2.64,112.02
Li2AsCdPb4,화합물,4,42.91,1.7,4.03,5.0,14.29,0.59
LuHgV2,화합물,3,92.97,5.4,12.68,15.66,10.9,20.13
Th,원소,1,115.29,3.0,7.76,270.48,1.09,1.86
K2,원소,1,165.86,5.0,12.91,317.13,4.1,4.89
NdEuHg,화합물,3,37.47,4.7,12.81,26.08,2.77,9.95
SScPd,화합물,3,105.37,3.6,2.19,41.01,5.17,12.59
B3RbCd2Os4Lu3,고온,5,112.98,4.2,4.68,8.08,11.17,37.61
LiAg2,합금,2,168.34,2.7,3.26,119.83,6.87,3.15
Nd4,원소,1,143.46,2.0,17.49,367.07,8.55,7.18
LiU3CeNb3,화합물,4,133.08,3.1,5.81,33.15,8.08,12.47
Hg2S4,합금,2,148.66,2.5,2.86,97.32,10.21,0.0
N,원소,1,50.48,5.0,14.12,21.09,1.93,4.89
CaCr3CoPr,화합물,4,69.54,3.9,10.71,25.6,8.94,6.06
F2Rb2Sn,합금,3,153.06,3.5,2.63,95.01,6.44,6.29
ScS3V,화합물,3,103.64,2.0,3.45,13.32,4.55,10.5
WRb,화합물,2,133.29,4.4,9.35,19.5,7.25,3.55
La2Sn2,합금,2,30.42,3.7,10.24,124.03,13.08,0.0
Th2TbMn2Be,화합물,4,46.24,5.1,10.24,49.46,10.61,19.37
BeTlOs2GdCsF,고온,6,130.56,2.3,5.92,5.2,12.78,88.62
Rh2Pb,화합물,2,117.86,4.5,3.58,31.81,4.77,18.08
ZnPd2F2CeSY2,고온,6,130.68,1.6,6.36,1.9,4.9,139.6
TiSr,합금,2,38.54,4.4,12.69,61.59,9.57,5.59
Te3InW3GeCaTb2,고온,6,78.91,3.7,5.18,9.15,3.94,102.42
LaY2,합금,2,85.98,5.0,7.37,110.68,10.44,7.49
Ni4Rh3Ge2Na2,화합물,4,93.13,4.0,5.66,40.65,14.54,14.45
Ba3Al,화합물,2,158.68,3.2,12.12,40.05,1.95,4.86
Cs3Nb3SiC2Re,고온,5,115.49,4.1,5.77,2.97,2.0,158.5
V4Ir2Er,화합물,3,43.21,1.6,3.17,36.91,12.23,32.9
Na,원소,1,225.57,3.0,5.25,222.83,1.76,2.16
O,원소,1,24.21,4.0,9.88,114.45,2.43,5.94
TiRbFe2Th3,고온,4,88.78,3.3,4.08,1.25,12.49,117.66
CuPd,화합물,2,106.26,4.9,5.91,6.71,8.41,26.48
NaZr3Gd3SrCs3,고온,5,136.54,4.2,4.88,6.63,1.18,157.43
KThEu3,합금,3,50.7,2.2,5.43,25.38,4.03,4.09
Li2Ga2,화합물,2,87.35,3.6,2.35,4.14,1.95,4.9
Ni4,원소,1,168.77,5.0,7.68,358.28,7.46,11.77
Se3TeMn2,수소화물,3,12.79,5.8,4.66,43.6,11.35,269.22
Ca3Ni3,화합물,2,131.84,2.0,5.26,32.16,1.78,11.63
N2Tm2CrSb2In,고온,5,92.99,2.5,3.58,5.32,4.09,64.35
SnMg2,합금,2,176.47,3.9,9.33,110.02,14.65,1.9
Hf3Hg4Nb3,화합물,3,107.31,3.2,10.7,1.71,9.72,18.15
Mg4La2Ba2Ge2,화합물,4,100.54,3.4,10.06,4.45,4.38,0.0
Ca3LiBe3,화합물,3,148.19,4.8,12.92,21.41,12.25,5.56
MoK4DyY2Os3,고온,5,96.19,3.7,4.58,12.35,7.64,96.75
Cs2FErLaPb2,고온,5,57.02,4.1,6.57,14.35,12.48,63.11
OAg2Dy2GdAs,고온,5,37.11,3.9,5.74,4.1,2.32,160.65
Os2Pr2H2C,고온,4,122.79,3.5,5.09,11.52,0.38,136.69
Hf4Sr3,합금,2,140.84,5.3,3.56,45.86,5.97,11.95
Mg2Zr3Be3As,화합물,4,50.06,5.0,8.95,46.25,0.16,8.79
RbW3,수소화물,2,2.97,2.1,2.2,15.92,5.2,174.2
Sr,원소,1,148.59,3.0,10.11,367.13,8.25,0.0
FeGe3Zr2,화합물,3,54.14,2.3,4.72,23.17,1.82,22.13
NbTe4,화합물,2,61.84,4.7,1.86,41.15,7.9,8.89
P3Nd2Si4,화합물,3,20.57,2.6,1.76,11.54,3.76,4.35
Mo2Pb4Cu,수소화물,3,3.17,3.6,5.59,20.4,8.5,121.49
Pr2La,화합물,2,132.99,2.9,3.26,3.85,13.31,0.73
Os4Si,화합물,2,44.91,4.4,11.94,2.54,6.88,9.76
Th,원소,1,168.8,1.0,14.51,21.25,3.34,7.32
RbBa2Y,화합물,3,83.29,5.3,4.09,11.84,14.1,7.49
CsPd3Ti3,합금,3,94.97,1.7,9.67,60.03,8.58,7.82
Gd2Ru3La,화합물,3,98.55,1.7,10.16,30.08,5.58,7.12
Os2Bi3CoFe2,고온,4,93.81,5.9,7.2,7.87,4.73,48.1
MoTh2Hg4CoN2,고온,5,75.23,4.4,7.16,12.0,4.15,110.53
Al4Ti3Yb,합금,3,122.21,4.6,10.56,81.81,10.73,22.71
Ni4Ga2,화합물,2,129.16,5.9,5.72,6.06,8.37,9.96
CsU4LaTeHCo,고온,6,98.71,5.0,7.25,8.94,9.25,54.28
Cu,원소,1,144.89,5.0,10.78,366.49,5.03,4.21
TiF,합금,2,84.38,5.8,15.62,17.08,12.42,11.28
Be3Pr2,합금,2,127.91,2.1,11.49,119.58,5.85,2.56
HfThAs2,화합물,3,52.6,5.8,3.1,3.95,0.61,24.87
GeTh3,합금,2,25.51,3.7,13.31,28.01,11.15,18.79
NiNd2,수소화물,2,28.35,2.9,7.18,6.98,8.06,175.78
Ba3U3Ga2,화합물,3,106.85,2.8,5.49,15.92,5.28,13.86
RuSeUMn3,화합물,4,89.81,2.4,6.74,35.67,11.67,0.0
BiDy4Sm4,합금,3,133.5,5.9,2.57,83.8,4.16,1.83
SmNa2U,화합물,3,88.79,1.7,11.55,23.99,5.82,9.02
K3CrGe4Se3,화합물,4,154.14,3.8,3.51,33.49,5.44,5.76
NaCrU2Ag4Bi2,고온,5,66.1,4.2,4.33,8.42,6.34,120.43
WReTl2ScPb3Si,고온,6,40.22,2.8,7.33,4.65,11.19,36.53
Hf2Tl2Ho3,화합물,3,51.53,2.8,9.18,49.99,14.61,1.67
Ru3PtTbSc3Sb2,고온,5,97.58,3.8,6.3,7.4,5.71,103.89
Ge2Na2Cd2Hf3,고온,4,37.25,5.0,4.65,14.9,10.36,124.03
Cs2SrAs4Rh3,고온,4,132.76,2.8,5.6,13.75,11.18,79.93
Tb,원소,1,131.82,2.0,15.8,328.14,0.68,3.78
Cd2,원소,1,10.69,5.0,5.12,209.39,4.8,7.96
O2Sc2,합금,2,130.15,1.6,14.18,105.64,2.61,0.58
Ce3NSm2,화합물,3,148.84,1.9,1.98,9.35,2.2,14.0
RuRe4Ti2,화합물,3,45.78,4.3,5.24,26.43,4.28,3.23
MoIn,화합물,2,109.36,1.9,8.51,30.14,10.43,2.66
Th3Ca2Cs4Re2Rb2,고온,5,134.03,5.3,7.46,3.78,5.98,161.91
LiTe2RuCu2,고온,4,109.34,2.6,7.88,10.93,4.27,38.02
GdGaCe3ZnRb2,고온,5,89.64,3.5,7.38,10.31,1.34,166.88
Nb3Th4SmU,화합물,4,39.93,4.5,11.22,23.07,3.28,8.03
InMoOs3,화합물,3,19.46,4.4,2.7,34.47,11.54,14.37
EuNi,합금,2,50.35,4.5,10.39,20.44,9.43,6.35
TlNaGd3,합금,3,28.32,5.5,10.75,116.14,5.94,11.9
Fe2F4Ti,합금,3,105.58,2.5,10.56,149.41,3.75,8.45
HfLu2Eu3Zr2,화합물,4,54.11,2.5,4.17,47.81,11.78,13.25
PTeRe,화합물,3,10.02,3.7,11.99,5.46,4.12,12.2
W3Ga3Rh3Sn,고온,4,60.28,5.2,4.1,13.54,6.1,106.39
Fe2Hf,합금,2,119.07,4.2,3.88,133.89,6.82,10.3
Tl2OLaNd2Au2,고온,5,63.13,1.7,3.44,2.22,0.55,60.25
N2Ce3H,화합물,3,29.95,2.5,13.41,4.54,8.18,0.0
Mo3Rh3,화합물,2,39.99,5.8,11.55,37.15,11.22,6.18
NPt3,화합물,2,130.78,4.9,5.11,40.41,0.74,7.97
SrIn3,화합물,2,57.05,4.0,2.49,38.93,6.9,7.7
Zr2Sc4B,화합물,3,30.18,3.7,9.38,28.55,0.72,13.48
PbSm3Y4,화합물,3,99.49,5.5,6.02,46.68,1.31,9.31
AgSiCa3,합금,3,24.85,3.8,3.25,70.38,8.0,3.03
Bi2As3Ga3,합금,3,160.93,2.5,5.98,93.63,2.2,2.59
NdY3Tb,화합물,3,86.16,1.6,7.55,46.55,10.05,0.0
AuNaW2La2,고온,4,114.41,4.0,8.99,9.82,1.11,31.08
Sc4FeHgLi2,화합물,4,114.35,3.1,6.31,23.14,7.52,11.16
MnSiCrSn2Rb,고온,5,44.57,3.6,7.38,2.16,0.48,150.48
Sm2W2,화합물,2,97.53,4.8,6.29,27.44,10.22,7.8
Ni2Y2NdYb3Sr,고온,5,53.09,5.4,5.01,1.71,8.8,49.8
HfNa2RhNdCs3,고온,5,93.81,2.3,4.08,7.38,1.94,117.86
NYbPtGd,화합물,4,69.8,4.0,6.14,47.74,11.24,14.83
PbNb4,화합물,2,87.43,2.4,12.94,18.18,4.99,0.0
Mn3Al2HZn4Ir2Sn,고온,6,103.73,2.0,8.38,3.23,0.98,117.95
ErZn,화합물,2,130.13,5.6,13.17,28.69,7.11,4.52
HCo2Se,화합물,3,118.59,3.3,11.11,21.55,5.11,13.82
Na,원소,1,169.95,5.0,4.2,326.21,0.79,7.72
Be3Hg2SmV3Te2,고온,5,65.03,4.8,8.56,4.6,0.87,39.17
RuY3Ta3Eu3,고온,4,94.2,3.4,3.71,9.12,8.36,116.11
ReS,합금,2,111.98,1.9,14.01,112.04,5.79,7.43
Ir4Sc2,화합물,2,145.12,5.8,10.38,31.74,9.64,11.11
SePr2Cs,화합물,3,36.01,4.8,11.98,1.6,2.2,6.08
Rh2Sn,합금,2,149.37,3.3,15.38,51.64,5.28,0.59
Yb4Si4Mn,수소화물,3,40.15,3.8,4.2,35.56,5.7,183.65
Th3W3,합금,2,31.56,2.4,10.45,27.35,5.68,2.04
W4,원소,1,175.72,3.0,4.92,107.12,1.54,3.58
CeRh2,화합물,2,141.08,2.2,7.22,14.97,11.08,0.0
SnAg2Hg4Er4V,고온,5,63.2,5.3,5.39,11.97,13.53,36.76
K2,원소,1,156.78,3.0,19.16,148.5,6.24,0.75
W2Zr2Gd4,화합물,3,46.92,5.3,9.46,14.01,8.6,47.9
SrTa,화합물,2,129.97,2.2,7.08,8.55,1.2,2.0
CuNd,합금,2,87.38,4.1,15.35,101.7,6.08,14.32
OsCd3,합금,2,57.71,5.9,13.53,103.28,9.52,4.24
ZrMgSe2,화합물,3,118.86,5.9,7.95,9.88,8.47,8.45
CoTl,화합물,2,121.29,1.6,7.99,8.6,10.21,8.4
As2Al3La2U3,고온,4,111.5,3.1,3.42,3.23,1.79,122.96
Ir3Bi2LaDyF,고온,5,66.03,5.5,8.49,4.18,7.23,66.45
Si3U3Sn2,수소화물,3,1.15,5.6,1.13,46.84,0.41,219.59
AuY2B2,합금,3,119.39,2.0,8.58,8.79,14.73,2.15
In4Na4,수소화물,2,53.21,1.9,1.78,8.09,0.68,141.65
SiZr,화합물,2,143.01,2.8,2.57,19.98,4.51,15.73
SiZn2W2Fe,화합물,4,86.91,4.6,13.06,2.89,7.03,15.17
N2,원소,1,16.5,1.0,11.31,26.2,6.91,9.07
Sr2,원소,1,100.91,3.0,10.92,103.82,3.66,5.63
Ta2S3LuZr,화합물,4,126.45,5.8,7.0,39.18,6.47,6.42
Re2AsN3Co,화합물,4,23.74,1.7,8.73,33.98,3.04,9.93
Ge3In2,합금,2,62.67,2.7,11.96,62.89,7.32,4.43
BiY2,화합물,2,66.01,4.1,11.36,49.08,9.35,4.54
U3Rh2,합금,2,110.41,3.3,14.1,117.92,9.55,3.57
DyCu3S3,화합물,3,151.38,5.8,4.08,2.04,6.44,9.75
Mn2Bi3Sc,화합물,3,130.29,5.1,6.56,41.53,13.53,9.33
Na3PtIr3Cd4ReLu3,고온,6,71.37,3.2,8.79,9.95,5.43,105.94
LuErMg2PdSmK2,고온,6,39.49,4.8,6.25,8.09,1.6,126.64
N2Bi3Pd,화합물,3,63.36,2.0,2.43,39.09,8.46,7.12
LiHo,화합물,2,108.43,4.6,1.86,15.45,8.74,16.23
BaPtInSb2,화합물,4,23.07,6.0,10.8,18.77,7.31,11.85
ScPrUNb2,고온,4,101.78,5.6,3.07,14.48,12.48,122.0
N3NbRhCr,화합물,4,149.77,2.4,12.29,1.22,9.51,9.18
Rb2Zn2,합금,2,101.64,5.2,7.29,116.19,8.85,5.83
In2HoV,합금,3,123.83,5.7,6.16,121.51,8.05,6.27
LaLuCu,화합물,3,150.96,2.2,5.51,37.1,4.1,4.27
TaLaP4S2,화합물,4,95.22,2.5,10.55,22.3,8.68,7.34
Dy2PrVAl4Re3,고온,5,117.65,5.2,8.36,6.42,2.83,95.81
TiSb,합금,2,153.2,5.0,5.51,51.98,4.71,13.48
SiPb3,화합물,2,124.33,2.9,1.57,11.55,13.33,6.86
GaSn2Co2Cr3,고온,4,32.7,2.7,4.54,4.06,13.91,67.05
BeTiCaYbMoSc2,고온,6,101.92,2.7,3.61,11.27,7.98,135.69
OTb4B2Mo,화합물,4,132.6,2.3,8.44,14.32,4.71,30.29
RhCdSe2,화합물,3,37.84,2.5,2.01,13.66,3.12,3.44
Ir3BeFe,화합물,3,104.74,2.4,7.8,42.05,11.2,4.84
Ba2Bi2ZrCuSe3,고온,5,109.82,5.7,4.59,10.67,9.91,119.22
Hf2Ir,합금,2,163.52,2.5,13.16,138.68,3.48,13.76
Ti3SiPt3Th2,고온,4,115.18,5.1,8.03,2.44,6.64,154.17
Mn2Th,화합물,2,52.4,3.5,5.76,33.22,12.54,6.65
SiNaO3,화합물,3,156.05,4.4,2.85,1.64,5.65,7.06
F3,원소,1,116.58,3.0,11.24,367.3,0.77,5.14
Mn2C2Dy,화합물,3,49.37,4.6,10.57,4.03,0.26,5.22
K2Cr3Sb,화합물,3,131.81,3.7,3.6,26.98,13.1,6.67
Lu3Ti2,합금,2,149.23,2.6,13.53,23.33,9.06,1.19
NaZn2Cs3,화합물,3,152.04,1.8,2.17,18.72,1.75,17.4
Ir4Ti,수소화물,2,55.72,1.6,1.56,67.53,4.81,273.47
Fe2PrReSn,화합물,4,131.73,5.8,11.87,37.5,8.57,6.41
Ge2WMg4,화합물,3,17.14,5.9,3.66,5.0,14.19,12.81
Pt4,원소,1,89.8,5.0,1.19,56.91,7.8,3.76
Sm4CaGdSi,화합물,4,131.99,3.5,3.55,12.75,2.64,5.92
Dy2Lu3,합금,2,26.75,3.1,13.48,110.78,12.83,3.75
Er2CdCs2Hf2,화합물,4,150.43,3.8,8.44,41.97,14.73,8.8
Ce3Yb2AlIn2,고온,4,106.0,5.7,8.83,7.96,14.15,139.08
FH2Rh3,화합물,3,60.32,5.4,6.86,34.44,12.81,15.21
Ca2,원소,1,115.61,2.0,18.75,188.77,5.85,1.46
Cs2Tm2,화합물,2,149.95,3.3,13.58,45.15,5.16,13.85
Si2Hg2P2Ge3,화합물,4,34.24,3.3,8.32,6.58,14.86,2.94
AuCeRb2Co,화합물,4,93.2,3.8,8.89,8.02,11.74,2.36
Be3Ba4U2Cd3HoS,고온,6,53.44,2.4,8.32,14.4,6.62,106.77
Lu3Cd2Rh3Ta3,고온,4,63.13,3.9,3.08,3.86,0.23,32.61
TiThPd3,화합물,3,158.58,5.8,8.66,7.52,9.96,24.16
Th2NBiTa,화합물,4,92.99,4.4,4.31,3.03,12.55,17.91
SrGd2Ce,합금,3,64.34,4.2,15.75,121.93,0.78,5.93
IrPd,합금,2,67.46,2.0,6.69,56.31,8.38,2.36
Ba3H3MgZr2,화합물,4,74.91,3.4,4.17,25.79,12.11,28.0
Sr2H2Zn3Au,화합물,4,76.4,5.8,3.01,15.84,0.56,13.78
Bi3Nb2,화합물,2,71.56,2.5,10.31,12.44,3.42,9.69
ZrCe3HY3,화합물,4,55.85,1.8,2.41,39.33,7.95,14.42
Co2,원소,1,222.8,5.0,5.59,199.62,1.19,2.25
Ni4Rb2,화합물,2,134.45,1.9,8.76,22.55,5.33,9.67
SeIr3,합금,2,71.46,3.8,3.32,38.5,6.88,19.3
Ni3Sb,합금,2,34.37,4.9,13.58,93.24,9.66,2.51
OsBa2PdPt2Er,고온,5,107.11,2.6,5.97,7.94,2.88,140.79
Ba4,원소,1,117.41,4.0,6.07,171.77,7.01,5.13
Ho2PPdBe,화합물,4,88.49,4.1,8.84,4.64,12.2,13.52
Pb2K2Mo,합금,3,23.84,5.9,12.96,34.79,9.02,7.32
ZnTe2AlTh,고온,4,67.13,5.2,8.66,12.23,14.24,94.54
Bi3Y3,화합물,2,43.93,4.5,4.71,44.79,5.13,7.67
Pd2Y2Sb2,합금,3,40.6,2.4,6.89,144.11,10.13,5.39
UDy,화합물,2,135.4,4.8,3.6,46.57,14.99,6.73
TlTbRuPF2Cd4,고온,6,104.47,1.5,6.35,1.73,4.97,98.42
Ge3P2,수소화물,2,1.43,2.1,5.56,16.64,2.42,181.27
MnPb2,합금,2,33.0,1.8,12.42,103.97,6.69,1.94
RbMnDy4Sr3Ti2,고온,5,98.42,3.4,7.93,13.38,10.12,80.63
RhEr2Yb3NiHoBe2,고온,6,38.11,4.0,7.82,4.07,5.99,115.86
CsCu4In4Hf2Bi,고온,5,78.37,4.5,6.94,4.93,3.8,115.21
Gd3Li3,화합물,2,125.63,1.6,11.51,13.14,4.31,1.49
CdU4P2Ho,화합물,4,134.63,4.4,11.35,29.59,0.16,19.18
Th2ReWRb4,화합물,4,13.22,3.9,7.66,10.19,8.91,41.7
Ti3Te3F2Ni2Ga3,고온,5,136.37,3.5,3.6,6.47,2.4,98.75
F3Tb2Nb,화합물,3,146.97,5.8,3.93,20.38,9.25,11.57
Si4Ag,화합물,2,12.11,2.9,10.57,20.05,10.41,4.11
Bi2Zr3GdCo,화합물,4,15.27,1.9,9.11,25.35,14.4,3.0
Cr2Ho3LiHf3,고온,4,108.2,4.0,8.89,4.04,4.49,37.1
C2DySi4Tb4,고온,4,37.72,4.6,5.21,3.28,6.49,88.28
OTa2Hg3,합금,3,45.71,4.0,3.4,36.58,11.79,3.32
Cu2NaLu2Zr4Sm,고온,5,43.71,3.6,5.52,14.72,2.14,101.44
Ga2Si2V4,화합물,3,144.83,3.9,10.69,2.02,6.22,14.8
Be3U3ScH2Bi2Zn3,고온,6,112.3,1.7,3.75,11.56,10.74,126.6
RbIr3YGa2,화합물,4,17.34,2.2,12.51,26.0,14.12,2.67
Nd2Sc3,화합물,2,149.78,2.0,6.45,38.81,3.6,3.19
HgCr3Rb3Zn2Th3,고온,5,95.96,3.7,4.99,9.38,5.47,83.25
N4B4Li3,합금,3,56.12,2.6,2.44,6.17,2.19,0.04
P2Hf2Cs2K3Te4,고온,5,50.41,2.2,6.07,13.62,14.19,127.08
InU3,화합물,2,125.31,2.4,2.39,5.36,0.22,20.47
Tb3N2Ca,화합물,3,20.85,3.9,5.02,12.91,4.43,1.73
HfCs3SeSb4,화합물,4,64.08,3.7,13.84,20.69,5.64,8.89
Ti2RhAg4Sb,화합물,4,16.58,5.8,6.46,43.52,14.04,3.92
Nd4SLa3,화합물,3,95.05,3.1,11.74,46.37,4.5,7.75
W,원소,1,109.12,5.0,13.04,89.36,8.0,5.3
NaOsAl,합금,3,138.37,3.6,11.51,58.92,1.19,0.0
B2,원소,1,152.68,4.0,13.77,152.24,6.59,10.01
ThB3,수소화물,2,49.57,2.4,1.5,71.76,14.14,202.69
Os3AlW,수소화물,3,58.68,4.3,4.82,13.94,7.78,179.17
Ce3Sn4Y3Er3,화합물,4,132.36,4.7,6.63,49.93,4.54,0.0
Cs4Ba,화합물,2,147.83,4.9,9.69,6.41,12.96,13.38
Pr4Lu,화합물,2,122.03,5.8,11.91,47.43,4.44,24.09
Ta2K4Pb2Co2,화합물,4,20.95,2.4,13.71,41.24,1.94,20.99
Ca2EuMn3VBa,고온,5,30.32,3.5,8.4,7.68,1.4,133.93
Co2GeCs2Lu3Ru2,고온,5,137.09,4.2,5.64,10.87,12.74,63.75
TeNi2C4,화합물,3,38.52,2.8,7.92,45.4,2.91,12.78
Rb2AsRuEu3Tb,고온,5,42.87,3.1,8.96,3.56,8.54,63.92
Ge3Rh2Mg,합금,3,45.54,5.0,3.73,139.63,13.15,10.86
WSi2,수소화물,2,18.26,2.7,1.94,56.73,1.39,119.87
S,원소,1,132.95,2.0,21.92,150.15,1.81,1.27
Ta2Rb4Ce,화합물,3,49.04,5.7,8.71,30.22,3.83,9.26
HfZr2Li3Sr3,화합물,4,78.51,4.5,6.29,32.1,11.48,16.12
TiNb,화합물,2,85.68,5.6,9.84,32.48,5.45,13.01
YPb2,합금,2,66.27,2.6,3.61,108.84,3.25,11.6
Co2Si4Yb3Cu2Se3,고온,5,88.11,2.7,6.27,5.45,12.61,76.6
HFGd,합금,3,116.08,4.6,12.68,138.6,9.61,4.96
CaHf2Fe2N3,화합물,4,138.38,3.6,5.49,30.03,10.03,11.68
Zn2Ag3,합금,2,123.89,3.2,5.65,36.78,8.21,2.97
PdPt4Mg4Dy,화합물,4,14.4,3.4,5.06,33.81,9.54,29.3
Ni3Ag2C3,화합물,3,80.05,5.4,5.87,20.42,8.55,10.5
Al4Ta,화합물,2,49.54,4.1,5.37,34.03,5.85,5.46
Mg4Ti,합금,2,124.09,3.3,13.52,6.82,9.38,4.46
ErNa4,합금,2,94.54,5.8,7.67,37.2,12.25,7.79
C2BSr,화합물,3,80.02,4.4,12.91,41.34,8.99,16.7
Hf4CuVGaPr3,고온,5,58.15,5.6,7.97,6.6,13.96,36.26
AsV3Re3Au2B2,고온,5,71.4,5.6,8.52,11.91,12.81,152.92
Pt2Ta,합금,2,33.09,1.7,8.32,101.32,3.64,0.0
Ce2Ni2,화합물,2,112.4,2.4,4.56,29.54,6.5,4.55
ONa,합금,2,133.65,4.5,8.48,71.74,6.72,15.89
As,원소,1,179.87,2.0,4.64,221.8,7.31,2.26
Cs3Ce2,화합물,2,15.27,3.7,7.63,43.21,13.69,4.85
AgO3Nb3Se,화합물,4,128.0,6.0,3.39,31.63,7.17,6.69
CdNi,합금,2,125.82,2.6,5.49,13.91,14.01,5.11
Y2Re,합금,2,173.59,2.1,13.34,129.41,3.86,9.93
Er4,원소,1,62.76,1.0,15.86,4.6,8.81,0.0
LaTe2Au4Co4Mo,고온,5,44.97,5.6,4.35,2.24,3.14,62.99
Hg2Ga2,수소화물,2,39.06,2.1,1.28,70.39,0.21,117.29
GeP3O,합금,3,61.55,1.5,3.29,78.04,2.18,0.0
Nb2Sr3Cd3,합금,3,61.49,3.0,10.72,28.65,6.7,0.48
Bi3RhTm2LuHo3Tl,고온,6,116.4,4.2,6.77,12.33,7.05,36.88
SeOPr2Lu3,고온,4,90.96,4.1,4.49,5.44,11.78,36.21
NiNaF4,화합물,3,124.53,3.9,12.01,35.61,1.59,22.64
K2,원소,1,144.45,3.0,11.26,147.07,6.19,6.33
Os,원소,1,127.44,3.0,14.42,45.73,7.93,1.63
ReH2,화합물,2,22.28,3.2,4.0,21.51,7.15,30.13
Ca4Cd4Se3Er3,화합물,4,111.66,2.7,8.01,26.38,8.32,16.42
Cu2,원소,1,199.02,2.0,19.65,146.43,6.75,4.97
RbK3,화합물,2,153.17,4.6,10.91,11.01,10.63,12.54
Zn,원소,1,50.63,5.0,21.98,301.45,0.79,10.75
Re3SbLuC3Er3,고온,5,89.78,2.4,4.92,11.09,4.34,35.94
K2Re2AsYb3,화합물,4,89.28,4.9,13.92,34.73,12.35,14.16
K3,원소,1,116.95,4.0,16.11,396.4,2.51,5.03
Ho3Ir2Pr,화합물,3,30.94,4.9,8.22,16.83,9.92,25.99
Sb4HTa2Pt2,화합물,4,110.46,4.2,13.47,41.78,3.32,16.07
Hf2NdSb2,수소화물,3,58.12,4.9,1.64,35.49,0.94,105.5
As3ErU3Sn,화합물,4,129.53,3.8,2.66,47.22,4.23,11.31
Mo2Zn3,합금,2,33.13,2.6,4.65,45.92,7.59,0.75
PrMn3Bi2Sr,화합물,4,109.15,5.4,1.88,23.42,14.29,9.39
Sn2NbB,합금,3,149.27,2.2,6.46,45.5,9.03,6.34
KP3SmPb3Zn3,고온,5,73.83,4.2,5.52,10.22,7.27,93.47
Sn2Ru,화합물,2,54.57,5.4,9.7,36.52,9.62,10.05
UC,화합물,2,147.59,6.0,8.37,35.29,8.07,33.19
Ce2,원소,1,112.48,3.0,19.2,363.23,9.27,12.03
Sm3Pb3,화합물,2,137.43,3.5,10.08,47.75,9.49,21.74
Yb2Hg3Bi3Au,고온,4,33.1,4.4,6.47,14.53,3.28,78.05
NbAl4Cr2Ce2Cd,고온,5,91.37,3.7,7.7,14.37,4.15,165.0
Ru2Ni,합금,2,55.32,4.5,2.65,75.53,5.09,4.49
Rh2Tl3,합금,2,78.27,4.0,5.9,19.39,1.69,8.12
CoYGdDy,고온,4,69.93,1.8,7.8,3.16,5.14,27.73
Cs4Sb2Tm2Y,고온,4,110.74,3.7,3.65,4.11,12.24,162.71
Tb3Ti2,합금,2,55.45,3.1,7.54,132.02,6.82,7.07
URu4,화합물,2,109.04,6.0,6.4,32.87,4.64,3.81
Nd2KIr,화합물,3,80.93,3.5,6.92,2.69,7.88,26.4
F3GdPtWLaHo3,고온,6,60.1,1.5,3.76,10.58,3.14,129.34
CeAuBe3,합금,3,179.11,3.0,6.07,110.39,14.96,7.72
Ca3Si,합금,2,87.09,4.7,5.04,62.21,1.21,26.1
NbGd2ThRe3,고온,4,93.28,6.0,6.66,7.32,10.57,41.93
F,원소,1,108.51,3.0,8.19,137.04,5.77,2.18
Fe4N3Rh3Pt2,화합물,4,13.58,3.0,7.15,30.89,7.79,1.65
BSe2Rb,화합물,3,18.33,5.8,9.54,1.96,10.67,13.18
Pr3Os2Re4,화합물,3,122.31,5.9,8.38,14.8,0.34,19.17
La3AlHfU3,화합물,4,17.86,4.5,11.06,17.53,14.32,24.38
CoTh3Ti2Mg4,화합물,4,93.95,3.8,6.76,21.86,0.13,14.82
BeNa,합금,2,165.89,2.5,2.28,126.82,2.78,9.0
AlLi,화합물,2,18.97,1.6,2.52,7.97,3.0,1.25
S3Nd4Cd3Mo2Zr,고온,5,55.36,4.1,8.05,1.72,1.31,82.55
Al3Te2Ta3Th2B,고온,5,106.45,4.7,8.13,4.13,3.61,71.97
Tb3Bi3,합금,2,154.74,5.8,6.14,141.96,0.93,2.77
S4Eu,합금,2,112.94,1.8,3.4,23.7,13.1,2.73
Dy3Hg,합금,2,144.77,2.7,10.22,139.84,6.44,1.61
YbTh,화합물,2,142.24,4.8,12.84,39.47,12.9,5.32
Cs3ErGa,화합물,3,121.46,1.8,5.23,10.86,8.85,0.0
YS3,화합물,2,60.92,3.2,9.19,49.46,13.38,3.27
In2,원소,1,79.24,3.0,17.26,270.82,5.38,4.79
Mn3,원소,1,201.93,2.0,15.13,381.35,4.06,0.49
V2Nb2Ru,화합물,3,68.68,4.8,5.58,36.74,13.51,9.15
TiHg2Bi,화합물,3,88.24,2.3,11.14,44.44,10.12,10.53
CoTe,합금,2,71.02,4.7,6.25,7.49,13.71,9.48
CaY,화합물,2,110.58,5.9,13.62,36.84,14.64,5.85
Cd2Ti3,합금,2,154.36,3.0,15.18,69.45,13.64,10.07
Ge2Ce3N2PW2,고온,5,72.28,3.1,8.14,5.44,5.7,31.47
C3Li3VCo4,고온,4,107.85,2.2,7.61,7.83,5.29,53.18
Yb4FeNiHf,화합물,4,88.53,5.9,7.54,40.44,9.63,6.9
CaEu3,합금,2,74.54,4.0,13.44,31.22,2.89,6.37
Er4HS,화합물,3,115.3,2.9,8.65,23.02,14.13,7.07
HCa3,합금,2,158.6,1.7,7.99,58.89,6.35,4.42
Ir3F3Ho2,화합물,3,135.96,3.9,11.59,6.17,2.52,16.15
Pd3Dy2Zn3B,고온,4,93.41,4.1,8.01,4.68,14.59,86.51
UAsGa,화합물,3,93.82,3.9,4.27,49.33,12.33,12.78
Sn3Pb2B2Be3RhPr,고온,6,84.2,4.9,5.25,6.58,10.09,112.01
O4C,화합물,2,109.36,6.0,13.56,13.56,0.87,15.84
Sb2Au3,합금,2,98.2,5.8,9.55,106.61,8.7,10.12
Se3Er2Tl2Sr,고온,4,69.64,3.2,8.35,2.1,5.22,148.94
N3S,화합물,2,60.26,5.1,13.5,45.09,7.29,13.3
Pt2Pb3,화합물,2,145.21,3.7,4.41,28.77,13.29,4.87
Lu3O2,합금,2,120.9,2.1,7.16,38.67,1.03,14.88
U4Tb3,합금,2,129.36,3.1,3.66,98.84,7.27,0.0
YRh,수소화물,2,37.53,4.1,3.8,8.47,4.52,155.99
Mn3Cs2,합금,2,103.48,3.5,8.4,121.62,4.57,22.73
Gd2Tl3,수소화물,2,45.28,1.9,6.57,66.32,10.28,127.7
Pr3Tl,수소화물,2,27.19,2.6,4.9,13.86,8.86,230.92
B2BeTmSe3KNa3,고온,6,77.88,5.9,4.69,9.81,2.91,44.41
MnBi2PPt2,화합물,4,81.32,5.5,8.2,9.63,7.36,13.63
Ce2Pd3,화합물,2,113.4,2.5,4.86,18.45,2.23,0.44
V3Rb2La2Nb3Ho2,고온,5,51.29,3.8,8.31,7.8,5.73,148.32
Se3N3,화합물,2,72.67,3.8,11.48,8.25,3.46,16.75
Bi3W,화합물,2,91.66,4.8,9.15,8.56,4.2,5.38
Se3Yb,화합물,2,76.63,5.1,12.41,34.09,12.88,13.68
Cs4ReN3Tm2,화합물,4,22.32,4.2,3.44,17.43,1.29,26.23
F2Yb,화합물,2,43.09,2.7,2.11,40.77,2.39,5.53
Be2Bi2,화합물,2,88.98,5.2,4.48,49.49,9.9,7.32
AlDyOs2,화합물,3,148.54,4.7,4.53,33.03,3.31,12.42
AuV3S4GdCo,고온,5,124.17,5.2,4.53,8.17,2.66,135.52
Mo2O3Ru,합금,3,99.31,1.6,9.98,122.75,5.51,0.0
Sr2Pt2EuFe,고온,4,102.17,2.4,8.93,6.72,0.46,159.04
Rh4MoNd4,화합물,3,71.61,5.8,8.17,40.23,8.14,12.38
Nd2NYb2Rh,고온,4,53.52,5.0,5.83,6.98,11.46,97.67
Ta2Fe2Cs3,화합물,3,58.52,4.1,7.04,14.17,8.46,3.71
Pd2AlTiBa2Co3,고온,5,114.65,4.1,6.34,8.37,8.11,64.02
Co4,원소,1,91.47,2.0,19.07,279.92,3.43,1.4
AuEr3WP,고온,4,118.14,2.6,7.34,10.86,4.38,74.35
Re2,원소,1,16.72,4.0,3.65,197.3,9.95,9.72
SbFe2HBa,고온,4,55.85,6.0,3.53,4.8,0.57,163.93
Ir2Hg3,수소화물,2,56.88,1.8,4.36,35.68,11.92,256.31
MnSm4C3Lu2,화합물,4,151.48,3.4,6.36,13.59,13.23,17.35
Nb3Cd,합금,2,98.6,4.4,5.66,149.41,6.18,4.26
Sm2K4Ru3Gd4P2Zn2,고온,6,129.73,5.1,8.43,10.85,4.12,162.75
Er4V3,합금,2,31.18,3.8,4.82,6.36,4.35,4.28
Y3NbLu4ZrZn,고온,5,98.38,1.8,3.25,5.01,7.3,60.31
Nb2Ti,합금,2,155.96,4.9,9.31,128.33,0.26,19.68
LiLa2,합금,2,52.95,5.2,12.18,64.84,7.08,9.39
Fe3As,수소화물,2,44.16,3.9,5.76,44.83,1.39,263.0
Au2Pb2Nd,화합물,3,128.76,3.6,13.22,28.9,11.62,16.98
TiP3ReSmTl2,고온,5,65.39,2.7,8.32,13.25,0.78,63.1
Tl2Ce3,화합물,2,116.49,2.1,9.07,19.04,14.19,3.8
ZrHfTe3,화합물,3,56.11,1.8,10.22,14.07,5.27,6.17
F2TlSr2,화합물,3,143.35,2.3,13.18,41.48,13.79,13.31
NaLaInBa2,화합물,4,105.44,2.1,8.7,15.97,2.88,9.91
ReCLuTm4,화합물,4,15.03,4.6,8.35,48.52,6.52,7.6
La2Pd2,화합물,2,104.6,2.9,12.66,35.54,5.85,15.1
SiReTe2Be3,화합물,4,112.49,3.6,1.58,7.61,7.83,7.77
Zn2Cd3,합금,2,156.68,4.5,12.96,46.27,8.71,27.23
LuLa4Cr4As2,고온,4,136.66,3.0,6.24,13.91,6.14,136.67
Pr3Te,합금,2,75.9,2.4,8.37,36.07,14.98,1.38
B3Ge3,화합물,2,15.43,1.8,10.57,38.12,2.15,0.0
SbC3,합금,2,53.54,3.6,9.85,21.34,1.93,13.88
In2Rb2Ta4,화합물,3,104.04,3.1,12.73,33.44,12.84,19.2
YFe3S4Ag4MoTi2,고온,6,83.13,3.1,6.3,9.52,11.62,129.56
EuCo2,합금,2,75.39,3.0,12.39,52.77,11.09,17.06
Hf,원소,1,129.45,4.0,0.9,367.43,8.43,3.76
Ge3Y3,합금,2,55.29,4.6,12.2,69.58,5.44,5.97
InHo2Ti3O2,화합물,4,124.39,3.0,1.87,43.48,4.75,5.74
Hf2Gd4Ga3Ag,고온,4,112.52,2.5,4.93,10.93,3.63,42.81
Sm3,원소,1,204.04,5.0,3.33,216.89,7.48,2.56
As2Ca3TlDyNd2In2,고온,6,126.67,4.3,5.45,1.03,10.07,151.39
Nb3Os3Tm,화합물,3,137.51,4.9,10.68,4.61,9.38,5.63
GdFe,화합물,2,93.22,3.7,6.86,27.82,3.31,14.87
O2Cs2Pb2Os,고온,4,45.72,1.6,5.2,14.91,5.94,158.09
CsP2,화합물,2,130.7,2.6,2.9,6.43,9.37,4.87
GaRe2NaSr3,화합물,4,119.77,4.9,9.01,39.79,2.29,14.23
Ti2,원소,1,141.76,3.0,2.87,373.79,5.45,4.74
NaTl4,합금,2,59.01,2.2,12.55,97.88,4.43,29.87
Cu3Mn3Sn3,합금,3,118.11,5.4,10.76,52.65,11.58,5.12
Li,원소,1,213.36,3.0,11.07,230.8,0.86,0.0
Na3Sb3Ca,화합물,3,24.17,5.9,12.63,35.12,1.16,6.88
MgCs4SbBi2,화합물,4,130.4,4.6,13.03,37.32,7.38,13.03
Th2HfGdOs,화합물,4,151.03,4.7,11.97,49.83,2.2,10.54
Ru3BiCu2,합금,3,123.98,2.4,5.81,148.13,7.47,8.11
VPb2H2,화합물,3,111.63,4.0,7.89,39.88,3.72,3.23
CuTi4,화합물,2,145.84,4.0,6.55,46.35,11.2,5.05
Ga3Sb,수소화물,2,12.49,4.2,7.9,56.57,1.16,249.31
K,원소,1,151.59,5.0,7.03,40.6,7.26,8.5
HoS3Sr2Ba4Tb4,고온,5,139.98,3.3,6.45,11.22,6.44,148.97
N2FeMn4,화합물,3,55.38,1.5,9.21,32.54,2.93,3.31
Si2LiSm,화합물,3,47.25,4.0,9.53,36.17,1.98,6.43
TiSnGe,화합물,3,79.79,5.2,2.07,1.63,6.85,23.7
Sb4,원소,1,81.91,3.0,11.9,171.67,7.53,4.3
Pd2ZrHf3,합금,3,142.56,4.1,14.98,94.03,12.86,10.48
Ag2VTi4,화합물,3,113.79,1.8,3.62,6.97,8.62,14.9
Nb2Zn3,화합물,2,58.99,5.3,1.75,8.49,9.57,9.95
BRb2F4Er2Cs3,고온,5,72.82,5.3,3.07,13.89,12.27,149.58
Os2H,화합물,2,44.08,3.8,7.63,41.8,14.89,10.12
CuIr3U3,합금,3,31.51,3.4,5.72,93.87,2.45,2.71
Tb2Dy2,화합물,2,112.37,3.4,9.64,6.26,5.07,14.48
ReGd,화합물,2,31.68,4.3,11.66,35.52,4.08,5.87
Bi2Rh2Ru,화합물,3,103.76,5.6,7.25,18.97,3.81,12.21
Ag2Pb4C2,화합물,3,141.1,4.3,5.86,6.42,1.16,7.78
Y3COs3Sc2,고온,4,59.35,5.6,6.53,12.12,3.17,93.54
Pd3TmLu4RhN,고온,5,101.48,2.0,8.68,4.34,11.12,67.81
Tm2Be4,화합물,2,120.28,3.5,11.36,37.49,1.92,8.29
SSn2Be3Y,화합물,4,98.89,1.9,12.67,8.02,1.07,2.67
CaDy2C3Co2RhAl,고온,6,32.75,2.2,6.11,1.18,12.92,94.75
Ir2YbInSi2,화합물,4,49.97,5.5,2.79,24.83,8.86,7.61
C2,원소,1,17.7,4.0,13.28,274.0,7.68,0.21
Tl4CaPd2,합금,3,78.03,1.8,11.6,120.75,3.81,8.25
WNa3,합금,2,163.19,5.2,10.02,76.41,6.44,3.97
NdON,화합물,3,86.88,4.5,1.81,22.56,1.76,4.97
Te3HoAs2Ba,화합물,4,106.91,2.1,11.75,46.26,13.85,5.56
Hf4Se3,화합물,2,32.71,3.5,4.69,29.14,13.24,5.87
Pd3,원소,1,57.42,4.0,16.34,120.28,2.69,3.1
Na3Mo2Dy3N2,화합물,4,155.61,3.6,2.98,15.49,13.84,1.96
Th4Mn2Sc2,화합물,3,135.58,4.7,9.97,25.85,8.02,10.48
Hf3InGd,화합물,3,92.39,2.2,5.21,43.65,5.41,16.31
AlW,화합물,2,80.04,3.9,2.19,43.44,5.79,12.97
Eu2N2,화합물,2,61.24,5.0,10.41,26.73,5.71,11.19
LuSm3Co,합금,3,61.49,1.6,3.0,132.16,9.84,0.0
DyLu,합금,2,175.98,3.0,6.26,42.76,8.62,10.13
F3SeWCe,고온,4,138.77,2.2,4.54,14.35,11.69,133.5
HfB2MgRu3DyF2,고온,6,39.15,2.3,3.2,9.29,7.91,143.57
C2Cu3,화합물,2,152.57,2.0,11.98,21.84,5.14,13.08
NiMgY2,합금,3,84.43,1.6,10.52,21.72,11.06,0.0
AsMn,화합물,2,128.0,1.8,8.46,48.14,2.14,3.38
Eu3Ga2Th,화합물,3,106.51,4.0,9.96,14.91,2.72,5.72
V3H4Er3U,고온,4,115.74,4.6,8.61,12.68,1.39,120.3
Cs2Re2,합금,2,85.59,4.3,13.97,84.96,2.34,3.42
W3,원소,1,110.21,3.0,5.81,91.16,8.07,0.0
TmTe3,화합물,2,121.92,4.2,9.44,15.49,12.46,61.25
Os2AgPd,화합물,3,158.21,3.3,7.19,15.3,7.98,4.46
CdP2Ta,합금,3,89.54,4.8,2.25,80.69,11.96,15.98
Be3,원소,1,161.24,2.0,14.05,54.81,5.42,2.32
NOsAgU,화합물,4,26.5,4.6,6.44,40.9,1.78,10.08
Fe3MgPr3Cs2,고온,4,76.91,4.2,7.37,4.55,13.4,54.62
Sc3GeTi,수소화물,3,53.75,2.3,7.4,49.79,8.65,235.75
B4Lu,화합물,2,92.94,3.3,4.24,17.69,7.98,13.42
TaLuTl3Ru3,화합물,4,19.05,2.8,12.18,24.28,0.38,15.86
FCe3Fe,합금,3,20.03,2.0,3.86,103.13,11.27,2.87
MnTe4V,화합물,3,109.34,3.3,12.94,23.75,7.0,1.48
SeNbSm4Sc,화합물,4,18.27,5.1,1.87,34.36,1.27,4.51
CaAg,화합물,2,117.55,4.8,10.46,41.4,0.7,19.22
YbNNb2O,화합물,4,101.35,3.1,13.99,16.91,6.35,8.95
Cu3FO,합금,3,69.84,5.0,7.89,87.95,13.16,5.75
BeAs3,합금,2,135.56,3.5,2.62,125.49,6.56,14.72
Th3Cu3C4Ru,화합물,4,115.85,2.7,8.29,45.28,10.72,24.63
Nd3Yb2,합금,2,179.39,3.1,8.94,146.81,14.11,10.29
IrPt,합금,2,48.81,3.6,12.57,98.37,3.23,7.4
Cd4Se,수소화물,2,49.95,2.8,5.75,37.74,10.97,158.29
ZrSi4,화합물,2,116.41,4.0,8.89,10.1,3.02,9.34
FeY,화합물,2,70.27,5.5,2.87,21.67,12.31,19.86
F3MnZnH,고온,4,113.21,4.2,4.4,2.26,7.31,62.93
AuCr2,수소화물,2,52.25,2.0,5.03,45.86,0.91,130.41
PdGa3V2,화합물,3,77.3,2.8,7.03,35.13,14.72,5.41
BiGa3ZnAs2Os2,고온,5,31.57,3.1,6.88,3.76,12.98,139.5
FeAsK,화합물,3,147.03,5.0,10.72,34.78,6.34,19.74
Cd2TmGdNi,화합물,4,131.27,3.2,5.33,48.45,11.42,0.9
Yb2S2LuB,화합물,4,123.84,4.6,4.48,48.52,13.03,16.55
U2Ni2,화합물,2,40.93,5.8,10.24,16.51,14.72,12.19
SiZr2,화합물,2,146.08,5.5,6.93,8.44,14.08,14.56
Mn3Si,화합물,2,65.07,1.7,9.1,45.25,10.53,18.69
NbGe2Se2,합금,3,78.4,2.8,2.85,64.91,2.05,1.0
RbYV,화합물,3,15.01,5.2,10.92,23.24,0.6,3.01
Tb3Pd2Te2,합금,3,164.65,3.8,10.93,141.46,11.35,2.22
V2H3RbC,화합물,4,151.46,3.6,11.68,12.06,5.53,41.15
Na2Ag2Cu2As2,화합물,4,48.83,5.1,9.55,13.1,5.33,6.1
O3Mo3,화합물,2,43.07,4.6,1.57,44.12,10.65,7.81
Tm3Mo4NdV2Tl3Au2,고온,6,114.65,3.2,8.57,2.63,0.22,98.84
GaSrV2In2,고온,4,30.26,5.9,6.56,14.19,3.89,143.7
S3Cd3,화합물,2,121.66,4.6,6.13,24.85,9.63,29.66
C2N4NbNiBi2,고온,5,45.76,4.3,4.83,12.11,10.14,122.35
PdSeAu4,화합물,3,119.83,2.3,13.31,12.18,4.8,17.29
Mg2P2,합금,2,84.94,3.2,5.11,120.15,2.56,2.35
Na,원소,1,71.77,4.0,15.67,195.49,3.4,4.99
N2Pr4Ca2,화합물,3,100.57,5.7,6.68,0.77,8.86,13.65
Nb2Na2Gd3Sm2,화합물,4,83.48,2.6,5.94,47.27,14.6,0.87
Ti4PW4,화합물,3,87.84,5.4,12.55,47.26,7.66,6.88
Y3Zr3Hg2Nb2Ho3,고온,5,125.53,3.3,3.02,12.09,14.48,61.94
VYbH4,합금,3,123.65,4.3,12.89,95.91,12.47,15.19
ZrGaRe4,합금,3,65.43,3.0,6.41,37.2,13.59,9.63
Sc2Zn2Se,수소화물,3,38.87,5.3,5.04,19.25,10.9,162.89
As2Pd4,합금,2,91.39,2.4,6.0,141.75,3.86,1.66
Os2F2Gd,화합물,3,55.92,4.3,11.75,7.19,9.82,6.16
Nb3Ru4,화합물,2,71.77,4.7,5.96,3.76,10.31,16.71
ScGd3,화합물,2,61.27,4.0,11.67,6.31,14.0,11.04
RhC,합금,2,26.68,2.5,8.06,146.67,1.16,1.95
Rb2,원소,1,115.65,2.0,21.35,257.7,1.22,0.9
Na2Au,합금,2,37.18,5.3,14.37,109.82,7.84,10.32
U3Sr2,화합물,2,86.27,1.9,10.73,40.01,3.13,1.97
TeO2,화합물,2,92.97,5.0,6.53,30.03,5.48,2.25
Ag2Ge,합금,2,28.17,3.6,7.45,82.98,11.16,0.01
NdGd2,화합물,2,49.71,3.1,13.37,26.17,2.71,4.25
H3NiGe2F2,고온,4,124.26,1.8,5.1,8.5,6.82,57.49
Al2,원소,1,17.1,4.0,4.78,339.73,6.06,3.0
Au2Yb2Hf,화합물,3,31.05,2.9,2.09,44.26,2.52,21.91
Re4CsYb3Sm,화합물,4,25.31,4.9,5.22,30.64,3.82,24.97
BaK3,합금,2,60.7,4.7,3.28,26.08,7.47,18.52
KSeNd2Zn2,화합물,4,43.39,3.1,6.88,6.71,11.94,4.03
MoZr2Mn3,화합물,3,48.68,5.3,10.08,40.95,11.92,9.23
PrCsEu2YbGd,고온,5,96.22,2.9,6.61,4.34,7.65,102.94
Pt2Be2Ca3AuMnB4,고온,6,113.21,4.5,8.69,14.14,8.75,94.95
Rb2B4EuK2,화합물,4,148.84,4.0,13.52,38.6,7.93,13.95
RhLuK2NiAl3Cr2,고온,6,123.51,2.0,4.74,6.57,11.89,163.4
Pd3Si,화합물,2,73.87,2.1,9.66,20.05,10.87,2.1
Sm4In3Ce4F3,화합물,4,35.99,2.3,9.63,2.35,11.31,10.94
O2PrSnZr3,화합물,4,16.67,5.4,2.54,47.65,11.89,7.45
ScMo4Nb,합금,3,48.86,2.9,10.31,115.44,12.13,3.69
EuRu3KLi,화합물,4,110.92,4.5,5.03,20.07,8.95,0.66
MgAl3Pt3P3,화합물,4,145.78,2.6,3.22,37.4,4.21,7.63
Ir3Bi,화합물,2,14.92,2.7,4.84,45.28,5.73,4.47
HgBaIr2Re2,고온,4,133.19,1.5,8.32,3.55,11.14,96.61
F3,원소,1,158.41,5.0,21.35,165.13,2.46,4.47
N4Nd2,화합물,2,66.65,1.5,5.05,12.82,4.22,4.87
Dy,원소,1,214.84,3.0,17.59,96.72,2.92,0.0
Ag2HoRu3MnMo4Cd2,고온,6,62.6,2.5,5.69,9.58,8.23,81.67
C4Cu,화합물,2,146.49,3.0,12.8,21.86,7.08,6.88
AsTa,화합물,2,90.53,3.9,9.11,27.43,0.98,4.42
AuRbTl4Te,화합물,4,103.73,4.8,3.36,13.78,14.4,11.35
VBaSb3Si2,화합물,4,37.32,2.6,6.88,45.65,0.48,5.5
CsYbSn3La3Na,고온,5,39.48,4.3,8.21,4.64,13.19,134.27
OsSr4CoIr3,화합물,4,10.24,4.4,8.16,13.33,2.0,24.99
VK3Sn2,화합물,3,85.59,3.5,8.14,39.87,11.71,14.73
LaMo3V3Nd,고온,4,122.8,3.8,6.86,8.33,12.0,35.78
ErPt2Mo3,합금,3,145.06,5.3,4.73,68.53,5.52,10.83
Bi3Ce,합금,2,46.16,4.0,3.0,37.41,9.46,22.47
W2Dy2BeH4,화합물,4,122.4,3.2,4.54,20.92,11.31,18.27
AsVO,수소화물,3,48.35,3.9,3.39,67.57,13.27,139.95
Cu3Gd,화합물,2,51.16,1.5,6.79,10.37,3.65,8.3
Sb3,원소,1,179.86,4.0,10.93,59.47,2.31,4.98
Tb3SrNaNb,화합물,4,49.45,3.5,4.54,22.66,0.73,8.32
Pd2Cd2Zr3W2,화합물,4,33.99,4.3,10.54,10.39,8.45,5.65
Ge2B2,합금,2,167.08,2.4,7.71,110.55,8.73,7.78
Cu2Pr4F3Er2,화합물,4,18.83,2.3,7.27,10.5,5.41,6.55
LuAs2H3,수소화물,3,41.49,5.7,5.94,45.16,7.41,203.49
Se3Ce3Cu2,화합물,3,100.34,1.6,9.18,32.38,5.13,8.9
FeCa2Eu,화합물,3,159.03,2.1,10.84,24.77,11.4,3.52
Mg3Pr2Tm,화합물,3,148.02,2.9,5.03,36.82,4.19,7.32
Y4Au2,합금,2,23.54,2.9,15.52,7.62,0.28,5.61
LaAuAg4Rh2In,고온,5,76.89,5.4,7.66,2.65,1.32,156.19
HgPt,화합물,2,68.04,5.0,5.72,12.92,5.55,6.1
Ru4Ge,화합물,2,139.89,3.1,3.74,17.78,5.84,3.88
Pr2O3Mo2,화합물,3,15.12,4.7,4.12,31.05,12.43,10.71
CLaPt3Cr,화합물,4,53.43,5.9,4.76,47.25,2.13,17.59
Os2Cu4,화합물,2,31.15,5.4,5.22,48.52,3.31,16.36
Os3,원소,1,215.45,4.0,11.94,124.54,0.92,4.38
Cr4Pb2LuCuTe,고온,5,118.83,4.5,4.36,1.9,10.96,66.68
Sc2Te4Ho3Ta4Sb,고온,5,31.69,2.5,8.02,6.68,13.35,138.66
Eu2TbThCu,화합물,4,46.2,2.5,10.96,17.65,9.76,3.2
SrSi,수소화물,2,48.11,2.7,5.56,74.33,6.25,155.26
Ho3Re2Ti,합금,3,68.31,1.8,5.52,102.82,8.0,5.03
Sm2IrU2Na,화합물,4,43.74,3.7,11.59,9.95,12.43,5.63
F4InMo4,화합물,3,132.59,2.8,8.51,47.36,3.61,5.74
Sr2F4,화합물,2,119.53,4.2,5.89,47.18,2.53,7.88
SeDyInCd,화합물,4,112.79,4.6,4.78,49.5,12.64,12.45
SbPd,화합물,2,45.75,3.7,6.14,14.2,3.32,2.79
TaPr2Ba2,합금,3,95.07,1.7,14.64,98.51,2.73,5.99
RuTb2Ga,화합물,3,122.33,4.3,7.95,33.99,13.56,14.1
Ir2Bi,합금,2,145.78,2.8,4.45,103.31,9.83,9.16
V2TiC4LiOs3Te3,고온,6,50.26,2.1,3.01,4.47,8.7,48.5
PtOs2,합금,2,95.78,2.6,3.62,60.94,5.58,7.9
Re2,원소,1,168.85,1.0,1.14,13.08,5.55,0.0
BSbMn3,화합물,3,119.43,3.7,11.35,43.29,1.86,36.79
Bi3Eu4,화합물,2,97.01,4.3,3.2,10.83,10.22,14.0
Ho3SrTiPt4,고온,4,103.65,2.1,5.95,7.14,7.93,131.69
Mg2AsHf,화합물,3,64.39,4.7,8.29,39.32,9.65,6.98
Co2Th2Ho2,화합물,3,64.83,2.4,13.45,12.99,12.2,9.8
BBiU2Ge2Tl2,고온,5,39.46,2.2,8.09,11.12,11.99,109.06
MgNd4Tl,화합물,3,91.63,2.9,12.7,38.83,11.41,8.78
Rh2,원소,1,108.86,3.0,18.52,68.03,1.51,0.0
Co2La2Nd,화합물,3,32.76,5.7,13.87,14.71,14.87,15.63
Si3Na2Ag3Fe4Pd3Zn2,고온,6,68.7,2.3,7.65,12.97,7.2,82.96
DyTi2HoK2,화합물,4,25.6,5.2,12.11,2.6,6.2,21.67
U2Ga3Zr,화합물,3,35.12,3.7,5.46,13.89,13.13,14.05
TlEuIr2,합금,3,51.43,5.7,11.91,143.53,6.95,15.0
PtFeAl2,합금,3,152.03,5.2,11.71,131.39,6.33,22.42
AgIr2La2Yb3,화합물,4,95.55,5.1,8.38,42.98,2.88,12.37
As2MnHg2,화합물,3,51.57,4.5,11.44,47.53,3.79,6.26
Ru2Fe2,합금,2,35.73,4.5,8.48,130.5,5.8,3.22
HfNb4Rh2F3,고온,4,77.49,5.9,3.15,6.9,4.73,104.19
ScTm2Se2Ir,고온,4,77.76,4.1,3.5,8.73,3.0,48.33
CrCeYb3,화합물,3,78.91,5.7,4.58,6.25,14.83,16.06
Au2Cu3Cr4W3MgO,고온,6,41.9,2.6,7.98,12.96,5.37,95.36
Sc2Cu3,합금,2,52.85,2.5,6.25,85.21,6.36,8.51
Sr2V2Ti4Tl3,화합물,4,18.3,5.5,1.61,5.52,1.28,20.11
IrGaBe,화합물,3,57.95,5.8,6.72,43.44,10.89,14.31
H2TiZn3Ca4,고온,4,46.74,3.4,5.98,8.68,9.48,70.06
HgB2Os2GaCe2Th2,고온,6,125.58,5.9,4.57,14.29,12.91,82.6
SiLa2,합금,2,98.54,3.6,15.55,29.9,6.12,3.98
Eu2Yb2Sn3Bi2,고온,4,101.46,4.7,6.84,8.07,11.64,112.62
Mg2V,합금,2,95.54,3.5,13.75,61.91,12.3,11.39
TbSr2RbNi2YbSi4,고온,6,101.49,4.9,3.99,14.52,12.94,135.09
SiB4,수소화물,2,32.06,4.9,6.95,72.33,7.34,136.49
Sc2N2O,합금,3,171.79,2.3,10.59,10.88,4.19,5.35
N3Ba4Nb3,화합물,3,36.95,3.5,4.63,43.7,5.09,28.28
Cu,원소,1,77.21,5.0,0.86,398.0,7.2,12.3
Rh3Os2,화합물,2,50.24,2.8,7.41,0.8,1.32,8.21
Fe2Sn4Co,화합물,3,146.95,5.1,2.57,48.41,10.86,19.22
Mn2Sr3Ge,화합물,3,101.5,2.5,10.31,10.59,1.76,18.21
In3Rh3PrSm3Au,고온,5,74.91,5.3,7.89,11.97,11.46,125.37
U3GdNa,화합물,3,146.6,4.9,3.37,12.86,3.02,7.04
Gd3Sn3Bi3,화합물,3,23.17,3.8,5.31,43.37,5.44,10.01
SbGaS2H3Al,고온,5,127.74,6.0,7.25,10.33,10.5,107.8
N3Zr3,수소화물,2,24.3,3.5,2.6,8.43,5.9,105.82
Hg,원소,1,225.06,1.0,16.54,337.73,3.71,0.0
GdCa2Pr3,수소화물,3,8.99,2.7,2.05,20.01,14.85,243.72
Gd3Bi3P2,합금,3,100.84,5.2,8.4,49.83,7.84,4.01
Eu3ZnMo3HgHo3,고온,5,63.35,1.8,8.88,4.49,6.19,145.31
Nb3Rh2,화합물,2,49.69,2.5,8.79,27.15,14.59,8.95
Ba2HgTa3,합금,3,108.49,3.2,12.63,57.35,13.99,0.49
Ho3TmGeMn2,화합물,4,119.86,3.6,13.88,14.99,7.43,15.91
Ce2Tl3Sr2Au2,화합물,4,145.28,3.5,9.28,23.46,12.6,1.53
Ce2Te3,화합물,2,149.93,3.3,3.4,27.78,10.06,9.98
U4,원소,1,223.07,4.0,20.8,399.92,0.53,5.26
Pr3Ce2IrY2,화합물,4,78.66,4.3,2.54,21.83,12.78,5.32
Cu4MgYZr,고온,4,104.28,4.1,6.95,9.76,10.76,134.16
OsNb3Be3Sc4,화합물,4,18.38,5.9,4.72,49.13,3.82,11.23
Re3Li3Be,합금,3,155.76,5.9,3.39,137.61,1.6,17.79
HfThSn4Sr4,화합물,4,99.39,6.0,1.62,20.27,7.65,12.92
Zr,원소,1,23.37,5.0,17.1,318.36,9.02,2.27
Hf2Nb2CrMnFe2H2,고온,6,133.8,2.2,4.53,6.49,11.7,50.55
SiTi3Ir2Ni2,고온,4,66.58,6.0,4.62,11.31,11.03,74.24
LiRh,화합물,2,28.88,6.0,13.13,36.49,12.1,52.33
Sc2Ba,화합물,2,92.3,3.2,6.03,17.55,13.15,39.89
Mo2InSiB2,고온,4,64.77,3.4,4.96,13.81,13.91,41.75
Sn4OsNb,화합물,3,26.12,5.3,6.46,49.26,3.12,7.72
HfSc3Ti2V2Re,고온,5,51.28,3.8,8.28,3.05,5.14,86.09
K2Tb2As3La2,화합물,4,33.79,1.6,11.81,4.62,11.77,2.37
Tb2Ho4Cd2Nd3,고온,4,115.49,3.3,4.41,1.88,1.28,69.34
Au2Zn3W,화합물,3,150.64,3.7,11.77,37.66,7.42,4.38
MnPb2,화합물,2,70.79,3.5,6.58,4.83,7.54,21.55
Nd3Ba2,수소화물,2,19.12,1.5,3.92,47.02,7.95,278.19
Cu2Ni4Fe3Cr2,화합물,4,131.03,3.3,12.66,4.95,9.22,3.47
Ho3Cu4,화합물,2,93.85,6.0,5.91,43.08,8.87,11.44
NdLuCd3,합금,3,113.55,3.3,5.57,82.48,6.72,2.98
Au2MoAs4Dy,화합물,4,129.31,4.3,7.8,12.09,5.67,9.34
CuGa2U2,화합물,3,158.14,1.6,2.13,14.35,8.87,3.5
Ho2In,합금,2,55.23,2.4,8.32,93.35,1.32,13.2
H2,원소,1,113.35,3.0,12.75,282.6,5.4,2.4
U2Cr4,화합물,2,110.38,4.3,12.87,34.48,0.4,21.26
Na4Tb2MnSn,고온,4,34.9,5.2,5.16,6.58,13.9,138.94
CeCaBi2Pt,화합물,4,33.91,3.0,10.31,47.28,1.13,0.0
AsW,합금,2,109.88,4.3,11.9,82.51,3.18,10.2
Ta3TeCu,화합물,3,71.2,2.9,10.47,47.5,14.03,3.62
Ti3RhNa2,합금,3,54.2,1.9,5.3,72.8,1.0,5.49
Eu3Nb,화합물,2,87.12,2.4,8.48,45.18,0.4,4.5
Hf3K4,합금,2,147.82,4.4,11.1,111.99,9.97,6.29
Sr2Ta,합금,2,123.33,1.9,6.29,133.87,13.85,8.64
Ga4P2,합금,2,119.41,5.1,4.31,105.25,12.35,21.38
NaHf3C4,화합물,3,81.4,2.0,12.59,5.03,8.27,6.95
Bi3,원소,1,157.61,3.0,18.14,246.92,1.98,1.42
ZnLi4,화합물,2,147.3,4.5,3.46,13.92,14.5,2.58
Fe3Pr,화합물,2,61.1,1.7,10.3,18.87,12.01,7.32
RuTbEr3Ga2,화합물,4,105.31,5.7,3.35,19.28,3.44,11.71
Zr2SeGaTm4,화합물,4,16.47,4.8,3.37,0.72,12.39,17.41
IrTeAg4Dy3,고온,4,112.99,4.3,5.37,12.61,10.76,74.79
Ag3F2,합금,2,149.6,4.4,8.43,143.45,9.93,16.46
K3HNi2,화합물,3,36.68,4.9,4.37,31.07,3.64,6.13
Zr4,원소,1,229.02,4.0,20.58,216.78,1.52,8.64
Te2,원소,1,231.21,3.0,4.34,8.65,9.84,0.16
Ta4CeGa2Yb2,화합물,4,126.38,4.5,3.31,38.56,5.99,26.07
BSi,화합물,2,77.6,2.0,7.19,20.62,8.11,4.52
Ag3Co2Sm2CBa,고온,5,119.84,2.1,8.86,10.67,12.88,53.74
Al3Yb3,화합물,2,155.91,3.4,10.44,49.45,8.4,5.96
Lu2B2,수소화물,2,44.58,4.4,6.13,42.82,4.06,288.4
Mg,원소,1,201.82,1.0,18.89,2.35,5.18,0.0
MoGa3Cr2,합금,3,116.03,1.7,14.38,73.87,11.51,1.49
Bi4,원소,1,128.05,4.0,15.54,118.4,5.03,6.84
TbEr2Cs,합금,3,135.91,4.8,12.89,52.69,0.49,6.2
FReTm4Pr4,화합물,4,81.24,5.5,13.88,25.97,14.51,12.84
SiTe2Bi,화합물,3,38.13,2.2,2.41,0.82,3.39,0.89
Ru3,원소,1,159.15,3.0,15.77,104.33,9.13,4.35
Sb3O2HoN3Nb3,고온,5,123.51,6.0,3.47,13.92,1.65,148.11
Ni2Mn3RbAgYbNb3,고온,6,132.64,5.6,6.82,4.64,7.24,82.54
Tm3Zr2As2,화합물,3,77.4,2.7,7.35,10.25,1.0,5.22
B,원소,1,69.55,3.0,10.86,277.23,0.71,0.0
Ru2Eu2,합금,2,115.65,4.5,12.19,109.07,7.87,22.75
TiIn4Pd4,합금,3,21.69,2.6,4.76,92.72,6.81,4.57
Te2Co,합금,2,26.44,5.6,9.48,112.75,3.23,11.48
Nd2VSrLi2,화합물,4,78.41,4.0,4.87,3.32,7.79,15.3
Se3NdMo4,합금,3,39.76,2.7,8.33,134.2,9.95,18.58
Pr3La,화합물,2,113.16,3.2,3.64,10.11,13.18,9.18
BaRu4,수소화물,2,47.59,1.7,1.62,45.34,9.21,134.75
Gd4Zn4Tl2,화합물,3,112.03,1.7,8.41,36.05,12.73,7.8
U2YTeRe4,고온,4,34.99,4.2,4.24,8.2,0.6,98.87
Mo4Rb2,합금,2,33.49,1.9,2.37,96.58,4.46,11.29
Dy4Mo3Hf2Rb,화합물,4,54.72,2.5,5.03,14.07,11.78,3.25
CrO4W,화합물,3,36.18,2.2,9.89,37.41,2.87,14.35
Ca,원소,1,202.29,2.0,21.84,186.11,2.69,5.01
Tm,원소,1,70.5,4.0,18.28,138.69,4.58,0.08
Sr2Dy2,화합물,2,95.79,2.6,7.39,49.04,2.46,22.56
RuEu3,화합물,2,148.39,2.8,12.21,38.97,4.15,12.15
YRb2NdHf,화합물,4,156.12,5.7,2.64,39.32,11.59,17.7
Rh4Yb2Sr4,화합물,3,142.82,3.0,1.68,31.9,1.0,19.31
Zn2Yb4C,화합물,3,85.04,4.9,8.59,7.62,3.66,6.53
Yb4,원소,1,236.63,4.0,12.27,131.73,4.13,2.17
MoTm,화합물,2,32.15,2.0,4.22,14.38,10.03,14.06
P2U,합금,2,96.53,4.0,6.59,48.57,10.09,4.39
LiRh2,합금,2,135.58,3.3,12.39,100.94,5.17,7.89
Li2Cr,수소화물,2,45.67,5.1,1.6,51.65,7.6,167.85
Pb2Au2Sc2,화합물,3,93.15,4.6,1.88,6.64,4.17,15.23
S3Tb3,화합물,2,42.44,5.1,6.82,26.86,6.96,2.99
Ca3Th2,화합물,2,38.55,2.6,5.52,24.19,14.03,7.74
Ti3HfPd,화합물,3,123.21,5.8,7.0,21.31,2.65,34.46
CuU,합금,2,106.57,3.2,2.67,148.01,3.28,2.42
Rb4Ta3Yb3,합금,3,131.79,2.8,10.11,11.98,1.54,3.87
Sn3H,합금,2,109.94,4.4,12.54,104.69,9.71,1.93
Cr2Fe2GeCo2,고온,4,75.54,4.0,6.59,13.1,12.45,44.62
Mg4Ba3Ag3,화합물,3,103.1,2.5,8.73,44.12,12.13,2.2
ZnTi3Al4,화합물,3,156.46,5.5,3.87,39.39,1.99,9.07
P2Pr2Rh3,화합물,3,27.61,3.1,9.42,20.28,1.36,14.0
CPr4TaTb2,고온,4,36.29,5.8,7.4,12.78,5.8,117.3
N3,원소,1,169.61,4.0,20.0,48.39,0.72,3.27
Te2Hf2GaSi3,화합물,4,43.34,3.2,9.24,31.2,3.0,5.8
Pb2Mg3In2,화합물,3,70.87,3.4,4.0,3.68,9.64,15.04
Er2Re4SH3PrO,고온,6,60.52,2.9,7.08,10.3,5.01,92.72
Pb4Cu3,수소화물,2,27.74,1.9,2.05,61.43,5.14,127.93
PdH3Y3,합금,3,137.33,2.6,15.43,32.2,3.39,7.23
S2Y3OIn2BeCe3,고온,6,75.09,3.3,6.59,8.93,10.54,49.05
SrRu2Ti2Nb4Hg2Tb,고온,6,40.8,2.0,6.47,14.87,0.14,91.5
Ho3Cs,합금,2,119.89,4.3,6.29,34.43,14.45,6.94
MoEu4Lu2,화합물,3,126.6,5.1,6.33,16.14,1.91,11.32
S3YHf3Cd,화합물,4,49.29,1.8,12.36,6.5,6.41,2.92
Cu2Pr4,수소화물,2,43.85,4.8,3.0,21.98,0.92,114.16
Fe2Sr3,합금,2,178.98,5.3,12.79,126.24,0.97,19.16
Pt3Ag2S3SiCs2,고온,5,100.7,5.7,4.59,3.67,8.72,139.49
K2Ni4,화합물,2,129.05,2.7,2.16,9.17,2.03,4.76
Cr2CdDy2Pd3,고온,4,100.79,4.2,3.77,14.18,1.19,142.33
AuMgCr3,화합물,3,20.4,4.0,5.72,2.6,5.92,3.12
Ru4Sc4Nb3,화합물,3,69.7,4.8,7.17,27.06,10.49,1.71
Sc4GaSm4Mn2Mo3Pr2,고온,6,117.24,2.4,5.94,12.04,9.34,57.03
RhTm4CHgRu2,고온,5,107.02,3.2,4.15,5.27,14.34,63.02
Ho4Ru3Pt2Be,고온,4,117.69,4.0,7.71,12.78,9.06,143.38
N2,원소,1,174.42,3.0,12.02,316.8,3.52,0.81
BRh2Cr,화합물,3,19.52,4.2,12.51,37.64,9.59,24.4
K2Rh,합금,2,126.33,1.8,11.16,94.96,12.2,9.08
HfPt2ZnCu,화합물,4,53.99,5.2,13.58,48.91,0.22,6.54
Bi2O2,화합물,2,41.49,4.7,3.7,44.08,11.69,6.43
Gd2O3U2,화합물,3,144.67,3.7,8.36,6.82,4.37,3.21
Pt2Mn3Ir3,화합물,3,138.33,3.4,6.33,15.45,1.86,6.13
Eu3S3,수소화물,2,12.06,5.9,6.55,46.58,4.15,103.72
Cr2W4,합금,2,150.06,4.2,9.14,44.12,14.83,20.29
Rb2AgFe2,화합물,3,116.27,3.6,8.58,3.22,10.55,11.15
In4NbEu2,화합물,3,20.34,3.4,11.86,44.56,9.09,17.86
TbP2Te,합금,3,63.33,2.1,11.33,6.93,1.48,14.47
InRb3,합금,2,152.65,4.2,9.06,17.63,5.78,7.94
WYDySr4HBi3,고온,6,53.17,5.0,5.74,2.22,0.8,161.04
C2W2Zr3AuPr4,고온,5,64.36,2.9,7.07,11.89,2.96,82.86
Co2Y4Cr2Re,고온,4,134.32,4.8,4.69,3.77,1.18,67.11
Tm2Ga3,수소화물,2,47.28,6.0,2.83,64.36,8.41,103.57
Cs4Lu,합금,2,98.95,2.8,15.88,82.77,3.15,0.73
Mo2Ba2Ni3,화합물,3,13.78,2.0,1.82,21.79,11.69,8.35
Ge2Sr2Ta,화합물,3,73.45,2.4,11.26,44.03,7.71,0.39
Tb2Sm2Mo,화합물,3,53.6,2.3,3.36,23.16,14.3,4.07
Er3Pd3MoTe4,화합물,4,16.84,3.1,13.84,48.49,5.61,3.42
Eu2Ta,화합물,2,58.49,4.6,13.4,6.04,5.12,8.74
Os3NbBe,화합물,3,98.52,1.5,4.03,43.11,10.44,6.51
SNi3LuPd,화합물,4,68.9,5.6,6.73,4.74,0.66,10.36
U3Sm,합금,2,156.81,5.5,10.34,133.56,7.94,15.14
GeCu2,화합물,2,21.21,3.3,4.81,41.81,2.58,9.63
U2C2,화합물,2,130.75,4.0,13.98,5.44,9.25,7.06
VLuHo3,화합물,3,43.11,2.0,7.58,34.15,10.59,14.15
Mg3Li3Si,합금,3,85.95,2.0,12.88,22.51,6.79,4.12
Th2Hg4ZnNd3UBi2,고온,6,92.47,1.6,8.26,14.38,8.3,114.96
Na2,원소,1,212.13,2.0,16.64,130.77,1.57,0.66
RuF3Ti2Tm2,화합물,4,158.81,5.7,6.92,40.75,1.88,20.07
Mo3Bi4AgU2Er,고온,5,110.85,5.2,7.12,8.49,11.51,162.22
ThDy2Te2Hg,화합물,4,89.79,5.6,10.61,27.46,4.18,13.78
Y3Sr3,합금,2,57.05,4.7,14.51,26.75,3.11,6.13
Tm3PdLi3Yb4,화합물,4,144.63,5.1,6.67,7.68,10.6,5.23
Fe4Ce2,화합물,2,53.58,3.7,7.02,47.86,3.43,7.07
HErOs2DySc3,고온,5,110.18,2.2,3.47,7.93,3.64,144.93
U3As2YLa4,고온,4,111.93,1.8,3.11,14.39,2.35,104.38
N2Be,화합물,2,151.8,6.0,6.37,0.99,11.01,5.49
NbSn4,화합물,2,73.79,4.1,7.43,8.44,0.85,24.56
SbZnRh4,합금,3,169.25,2.2,7.67,79.17,14.65,19.57
Hg2U4As2,합금,3,178.65,2.5,10.29,38.53,14.39,2.39
Ag4Be2YbW3,화합물,4,115.09,3.2,2.49,2.78,4.07,15.62
K2Ho2,화합물,2,44.68,2.5,12.76,3.43,3.74,10.22
OGe2Os3W2,화합물,4,84.18,3.5,2.86,25.5,12.0,2.5
ReLuLa2Er3,화합물,4,16.9,5.9,4.58,48.21,1.64,18.54
Sm4,원소,1,93.58,4.0,8.59,135.18,5.71,2.54
ZrNb,화합물,2,84.5,3.8,11.58,9.29,6.7,20.68
Nd2Dy,화합물,2,79.91,2.1,13.61,19.94,9.82,9.44
Fe2MnZr2GeRuOs2,고온,6,52.08,2.2,8.65,12.08,0.69,75.47
Te,원소,1,219.07,4.0,9.72,233.92,3.56,0.22
HoBe2Ag,화합물,3,145.54,2.9,10.2,11.47,5.31,5.07
Si2Lu2PbCu,고온,4,98.46,3.9,3.87,9.47,5.28,120.21
SeTlEu,합금,3,155.42,5.3,8.68,20.75,3.53,10.16
Co3Nb4P3,화합물,3,26.35,2.7,7.3,41.62,10.16,0.94
PLu3,합금,2,47.91,5.2,9.85,131.66,10.75,15.16
Th3GaLi2,화합물,3,52.68,1.9,1.65,27.41,12.33,10.66
HgNd,화합물,2,112.27,3.2,13.56,2.84,6.25,4.2
CoTl2N3,화합물,3,23.42,2.2,13.37,20.06,8.58,5.13
Zr2Er2As2,화합물,3,98.4,2.9,10.57,13.35,8.02,8.93
IrYb4ScZn3Ce3,고온,5,55.33,5.4,6.44,7.91,10.1,66.75
Yb2Cu2,합금,2,137.63,3.1,13.57,121.17,8.48,5.33
Rb,원소,1,213.38,3.0,1.2,2.54,4.97,2.05
NbCe2HgCF2,고온,5,69.06,3.4,5.63,5.74,3.55,43.35
Pd2Ru,화합물,2,49.53,4.7,10.77,39.41,14.36,15.18
Ce2ZrZnRb4Au2,고온,5,92.14,1.9,6.89,10.96,14.45,38.99
Pr2Ru2Rb3Tm4,화합물,4,18.98,2.7,5.26,34.81,1.5,10.95
Bi2PPb3GaVCo2,고온,6,45.75,4.7,3.97,8.81,4.2,144.64
AgY4Os3Ir,화합물,4,151.74,5.2,9.47,14.89,7.93,11.41
H3Fe3Ce2Os3ZnRe2,고온,6,131.86,3.8,8.27,6.05,11.55,119.0
VPrAs3Co2Cu2,고온,5,58.82,1.6,6.7,8.92,3.02,64.8
Lu3As2,화합물,2,10.9,3.1,12.97,5.09,3.25,2.53
Ag4U,합금,2,90.53,5.4,4.05,101.02,5.59,10.6
Zn4Y3Hg,합금,3,149.5,2.3,9.8,122.97,7.58,5.52
Tm2Zn2,합금,2,34.1,3.1,13.32,145.38,10.56,4.41
U2Y,합금,2,155.4,6.0,9.68,5.83,0.22,9.61
HoDyS2,화합물,3,134.12,3.8,6.97,47.77,5.37,8.22
Pt4Pr2Al,화합물,3,27.9,2.2,3.41,24.36,3.59,5.11
Ta3CsCe2,화합물,3,158.68,2.0,2.58,45.64,1.77,5.5
DyW4,화합물,2,90.58,5.0,5.49,1.1,3.49,7.18
Pb2Sm2Sn3,화합물,3,67.93,3.0,7.38,31.02,13.25,1.38
PCd2,합금,2,153.01,4.9,10.82,101.14,7.36,12.74
Se4Re,합금,2,31.79,5.3,11.26,112.88,1.22,13.33
Gd4Si3C4,합금,3,71.05,3.9,8.56,14.1,4.66,7.65
Sn2Tm2Mg2,화합물,3,155.82,6.0,9.62,1.38,9.51,21.91
FMn,합금,2,145.06,2.8,10.49,34.88,6.69,1.33
MoAl2Sm3,화합물,3,90.79,4.9,7.56,18.19,2.9,27.31
UIn2,화합물,2,54.88,3.3,2.92,28.65,5.68,18.47
Pd4OsTe2Zr,고온,4,80.44,3.8,8.6,8.09,3.4,65.55
Hf2,원소,1,66.35,3.0,6.01,118.05,1.63,6.16
HfTe2,화합물,2,158.67,4.9,4.55,38.02,4.03,5.87
Cr3CdEu4,화합물,3,142.7,2.0,12.63,37.82,1.34,17.01
LiK2Sm2Yb3,고온,4,50.89,3.9,8.66,4.53,7.03,94.85
GdHo3F2In2Cs,고온,5,126.37,5.9,6.94,9.2,4.02,44.02
Pr2,원소,1,39.18,1.0,4.93,43.9,1.77,0.0
SGe2,합금,2,82.28,2.9,8.81,133.1,0.62,3.56
LaAu3Bi3EuU,고온,5,77.44,2.3,6.39,1.44,14.02,140.08
Bi3Tb3Pb3Fe3,화합물,4,64.46,3.9,9.29,3.4,7.11,12.6
Lu3Si3Pd2,화합물,3,137.95,1.6,10.76,26.49,14.99,4.6
Sm2Nd2U3,화합물,3,10.62,5.5,11.39,28.52,3.7,10.83
Dy2MnTm2Ta,화합물,4,37.7,2.6,3.7,46.21,8.0,1.5
MnFeBi2Sr3Au2,고온,5,33.49,4.8,6.82,14.61,14.33,129.95
TeVMn,수소화물,3,2.94,5.9,2.14,45.15,2.31,129.13
B3Ir3,화합물,2,77.34,5.1,10.77,28.02,3.3,10.53
Be4Ho3ThSb,화합물,4,36.1,5.6,12.59,8.36,2.59,7.13
Si4PtIrPrBe2Hg,고온,6,131.69,4.7,7.41,10.74,9.67,157.32
Hf2,원소,1,73.3,3.0,17.01,305.84,1.65,3.73
Ce4Al2Os4,합금,3,44.24,5.6,9.52,49.28,14.5,6.2
Cs4Ni2Ru3Li,고온,4,83.85,3.5,4.55,6.95,9.08,131.46
Al2Ho2,합금,2,83.1,4.5,10.15,86.34,0.28,8.32
O2Sm4,합금,2,165.88,5.9,7.97,10.61,13.72,5.85
CCa4Pr3,합금,3,170.47,2.4,6.2,21.88,13.86,0.0
Au4Os4La2GaTe,고온,5,104.54,4.4,7.82,4.28,6.69,167.28
RhAs3Cu3,화합물,3,110.0,2.2,12.75,2.0,0.5,4.17
MgZnIr2Cu2,화합물,4,77.66,3.7,10.02,46.7,12.94,13.87
Fe2Yb,합금,2,85.35,1.6,7.11,106.21,1.16,4.0
Sn2YbB2Ga3Cs2,고온,5,130.42,3.6,6.03,3.75,1.94,86.74
Rh3Ni3Pb3K,고온,4,118.56,3.3,8.44,7.58,8.08,110.54
OHg2,화합물,2,13.95,4.2,3.87,47.32,8.69,2.48
Sr2Hf2,화합물,2,101.87,1.7,6.02,39.0,4.91,0.21
Ta2W2Mn3,합금,3,174.43,3.5,15.81,82.9,6.93,10.15
Ir2Ga2Mo,수소화물,3,33.01,2.1,7.76,31.24,13.59,240.77
DyBeAgPd,화합물,4,93.41,2.8,7.42,16.68,6.6,5.45
Er3YbCs3CrP2,고온,5,95.56,5.0,7.84,7.74,2.67,128.68
Sb4Lu2,화합물,2,109.72,1.7,1.65,30.73,2.41,8.13
Mn4La3Tl2Na3Li2,고온,5,80.73,3.8,5.16,7.45,7.58,39.38
AgH3Rh2Nd4,고온,4,116.66,3.8,3.51,14.75,11.74,40.37
TiSb2,화합물,2,33.08,4.4,7.5,25.73,6.83,7.28
Al2Rb2,수소화물,2,53.15,4.3,3.23,51.52,11.67,220.58
PW3C4,화합물,3,21.85,5.1,1.8,2.29,5.44,17.39
Be2Nb3,합금,2,111.99,3.5,2.25,17.03,5.48,2.82
Bi2Pr3LaRu,화합물,4,156.85,3.6,4.57,49.03,13.6,14.29
PdCu2Tm2,화합물,3,39.68,2.2,8.69,4.29,5.63,7.56
ScRb,화합물,2,144.57,5.4,11.6,44.78,13.49,12.76
Li3Yb3,합금,2,172.21,2.4,2.04,10.38,13.01,0.0
SrTe2Ho4Zr2,화합물,4,32.99,4.0,10.4,40.26,11.03,10.87
Hg2Au,화합물,2,109.67,1.9,11.41,38.84,13.5,16.86
O3Ni3F,화합물,3,28.26,4.4,12.77,47.83,4.01,4.91
OsLa3USe2,화합물,4,67.43,3.7,11.13,1.03,9.99,14.24
Ti2Hf4PdAu2As3,고온,5,59.13,2.4,5.24,14.35,0.13,93.5
NiTh,합금,2,110.45,5.4,8.08,105.1,8.62,9.07
UTi2,화합물,2,117.99,2.1,2.37,20.85,8.83,11.77
FGa4Be3,합금,3,107.28,1.9,10.3,88.78,14.08,15.07
Eu3Ag3,합금,2,169.53,4.4,12.93,31.53,0.9,1.86
Mo4GdBeFe2Te2Hg2,고온,6,65.74,2.5,4.68,14.2,0.91,121.81
EuCo3Nd4Sc2Dy3Li2,고온,6,74.92,5.6,8.32,14.52,1.76,59.71
Pd2Ti3CrSn,화합물,4,42.66,2.0,13.0,29.0,11.42,2.17
SeV4TaReHoY4,고온,6,100.97,5.2,7.92,11.51,9.39,128.11
PbGe4Cs3ZnCoCe2,고온,6,68.0,4.9,6.11,5.55,7.99,134.28
Bi2HLuDy,고온,4,90.68,3.1,6.53,7.45,4.76,131.58
Pt3Eu3,합금,2,59.32,3.2,12.23,25.65,5.36,5.22
Zn2NdRh,수소화물,3,58.09,4.4,2.4,19.52,11.69,263.57
Rh2MoSrFe,화합물,4,100.05,2.9,8.12,37.46,5.02,1.72
Hf3Nd3V2,화합물,3,156.54,6.0,2.25,44.6,3.62,7.2
Tm2,원소,1,10.27,4.0,12.56,83.38,1.67,4.65
Te2Cr,화합물,2,88.8,5.4,2.61,27.24,9.36,35.66
Bi2Tb4Ga,합금,3,103.07,4.7,13.95,8.6,5.25,4.3
Nb3Er2,합금,2,136.03,3.8,7.14,73.13,1.3,9.21
Rh3Pd2CrRu2,화합물,4,57.79,1.5,4.56,49.71,14.16,7.91
Lu4Na3SiSb2Mo3Sc2,고온,6,58.36,1.8,8.4,3.87,3.13,61.72
La3N3Tm2Pr4Co2,고온,5,51.26,3.9,8.98,11.9,13.12,56.66
MoLa,화합물,2,52.62,2.0,12.63,11.47,8.28,21.94
IrTm3In3Sm2Hf4F2,고온,6,59.07,2.5,7.94,5.86,12.91,162.21
S3LaRuOs2,고온,4,107.9,4.5,7.85,6.85,2.83,112.19
Ca2Ge4AsSb3K2,고온,5,74.69,4.0,8.62,8.2,3.82,97.2
Er2Ta2Mn4,합금,3,130.98,2.6,12.02,147.47,5.24,3.85
HgGa3,화합물,2,44.71,4.0,6.92,23.81,2.62,13.2
Tm2Ga4Ru3Mg2,고온,4,56.89,3.1,6.64,1.46,6.48,164.67
ScInW3Mo2,화합물,4,14.8,5.1,7.49,23.63,14.67,8.71
Bi2RhTa,화합물,3,77.72,1.7,2.01,23.93,12.74,5.94
Rb3Ta2,화합물,2,28.09,4.0,7.42,34.42,6.01,6.22
Li3NbMg,화합물,3,157.27,2.1,11.82,3.88,11.1,8.33
Tm4Mo,화합물,2,73.59,3.6,5.79,15.26,11.42,7.77
VCs3Mo2,합금,3,82.67,2.6,14.25,118.05,3.02,0.0
TiNiBa2,화합물,3,123.79,2.7,5.76,41.59,4.58,52.12
La3Fe3AlAgCa4Tb4,고온,6,85.55,3.7,8.33,6.56,6.03,85.9
GaEr2Tl4MnRh2Te,고온,6,130.65,1.9,7.85,2.92,5.86,38.66
InHf3Ag2,합금,3,22.01,5.0,6.61,147.49,3.14,3.45
Pr2BTb2,수소화물,3,27.75,2.2,4.27,70.54,0.25,221.38
Zn3Te,화합물,2,53.75,1.6,13.36,34.47,3.87,28.82
Ni2SnBaHf,화합물,4,73.84,3.3,3.66,17.13,14.65,41.36
CsMn2SnTi3,고온,4,120.09,4.8,3.29,6.7,6.71,150.7
AsH2C2ReNb,고온,5,47.69,2.2,6.82,5.32,5.53,104.79
HoSe3Os2V2In2Be3,고온,6,32.61,3.7,7.94,3.16,5.89,113.4
Th2YbBa3Zn3,화합물,4,28.96,1.8,12.8,25.72,5.6,4.21
SeBi2CHfFe,고온,5,123.53,3.6,8.75,5.8,1.63,136.53
Ni3Sb2Cu3,합금,3,127.3,5.3,6.06,67.53,0.38,9.02
Li2TmGe,화합물,3,98.54,3.6,4.25,14.26,12.96,3.67
Sr3BiUHCd3W4,고온,6,88.05,1.5,5.0,6.44,14.39,56.65
Sc4Na3,화합물,2,136.44,3.3,4.85,8.35,3.75,3.27
Th2Os2Lu,합금,3,99.82,2.9,4.06,47.59,5.87,6.46
NiW2TlY2V4Cu4,고온,6,53.32,4.6,5.51,5.66,10.75,100.81
TaSi2,합금,2,178.6,4.0,5.1,113.94,9.01,4.28
Er,원소,1,11.48,4.0,19.85,263.38,6.18,1.14
P2Na2F,화합물,3,33.48,3.8,13.65,44.37,4.28,7.98
In3ZrTbMn,화합물,4,63.12,2.0,7.05,8.32,4.61,2.03
Cd3BErLu3,고온,4,67.91,2.0,4.17,1.01,4.72,137.97
CoCsTaYb2,화합물,4,55.67,4.1,7.68,12.96,2.58,8.39
TmF2Mn2,합금,3,144.14,5.7,12.98,73.36,1.56,8.67
BeCdPr3Li4,고온,4,119.09,5.0,7.69,14.74,13.48,43.85
Rh2Zr,화합물,2,60.79,4.9,7.87,42.68,5.22,19.38
Sb3Sr2Mn4,합금,3,21.32,2.9,5.78,107.39,12.09,7.63
AgReLi3Pb,화합물,4,151.46,5.3,9.01,16.78,1.4,5.01
MnRe,화합물,2,10.4,4.1,3.07,31.32,10.55,3.59
Pd2MoSe2Hg3,화합물,4,80.91,4.9,13.92,1.36,13.47,13.97
Pt3H3F2Dy,화합물,4,69.26,4.3,6.83,49.55,10.51,9.74
Mg3Cd3YbV3,고온,4,50.07,4.5,8.4,3.59,4.51,159.09
U3Hg2Os2Co,고온,4,115.78,1.7,3.8,6.41,14.95,55.14
YbSmNi,화합물,3,117.7,3.4,5.31,6.5,14.31,19.02
EuSi2Cs3,합금,3,170.22,3.4,10.12,120.96,8.55,4.39
Y2Sr4Gd2F4As,고온,5,33.23,2.5,4.01,9.93,14.75,80.49
Na2Mo4,화합물,2,32.51,4.9,11.31,40.04,0.94,8.59
ONi4Sm2Pr2,화합물,4,108.43,3.0,13.4,24.48,8.02,10.15
Co2Fe2In4,화합물,3,94.32,3.2,8.3,17.47,13.11,32.21
Nd2U4CAgFeW,고온,6,139.59,4.3,3.53,2.25,2.4,86.22
RuNb2Pt3,화합물,3,141.16,2.5,12.41,37.11,10.36,9.26
LuBa3,합금,2,33.98,1.6,8.39,105.17,5.19,3.15
Ca2W2,화합물,2,137.14,3.5,12.52,29.3,2.83,5.84
Ga4RuW2Ge3,고온,4,100.68,4.5,8.93,2.7,7.7,108.65
Pt,원소,1,176.25,5.0,21.6,122.09,7.12,12.73
Yb3Mn2,수소화물,2,10.13,3.9,2.03,50.17,5.53,162.97
Li3Al3,화합물,2,135.37,5.3,6.53,24.25,13.7,16.11
Li3MgTh2,화합물,3,80.71,5.6,10.02,5.04,3.52,13.02
Eu3Sr2Na,합금,3,171.29,3.8,2.2,82.09,10.35,14.21
SeNi4Ge2,합금,3,33.45,3.3,2.52,130.87,1.81,5.88
Rh3Nb3Cs2Cu2Sb2Pd,고온,6,118.93,2.2,6.77,13.44,2.59,34.87
RbYbGa3C3,화합물,4,78.42,3.9,1.79,38.12,1.38,4.28
Ge3SbRh3Er,고온,4,136.44,1.8,3.96,11.76,6.08,69.88
CoHHo2,화합물,3,24.55,5.1,12.83,37.66,7.74,0.95
Cd3Pb,합금,2,179.3,3.3,8.74,123.59,3.75,2.0
O3,원소,1,93.1,1.0,17.24,176.46,1.74,0.0
S2Pb,화합물,2,91.15,5.4,11.73,32.95,9.4,5.95
HCrMn,수소화물,3,43.42,2.3,3.32,30.3,6.96,117.7
Se4Ta,화합물,2,116.69,5.7,10.43,5.36,4.4,10.39
Na3UGdRh2,화합물,4,52.58,2.3,10.51,9.57,9.14,7.75
Dy4NaSe2,화합물,3,109.69,3.9,6.53,13.08,0.27,8.3
Dy4Mn3Be2,화합물,3,95.76,2.7,3.66,25.75,9.18,29.87
TeSb2Sc,화합물,3,11.4,1.9,11.44,30.34,9.73,8.21
FeH2Ta3Ru3Be3Zr2,고온,6,106.88,4.9,5.1,8.04,3.12,150.39
B3Y4Lu,화합물,3,114.26,5.5,6.89,27.64,5.44,11.73
Al2Bi2Tb2,화합물,3,146.57,2.3,1.84,36.66,13.91,8.19
Ge4YbSm2,합금,3,135.48,5.3,4.34,68.62,5.5,5.69
P4Eu4Ru,수소화물,3,27.15,1.7,3.53,31.12,4.39,271.13
EuYb2,합금,2,130.66,3.1,8.69,39.98,11.77,1.17
Ga,원소,1,71.43,5.0,9.96,392.61,6.45,4.7
ZnAsTlO2,화합물,4,13.85,1.9,10.74,22.31,6.98,6.61
InB2Rh2Ce3,화합물,4,58.97,5.2,11.67,4.71,11.35,13.67
SAl2,화합물,2,57.21,1.5,5.07,32.33,13.41,4.48
Lu3S,화합물,2,82.33,5.4,4.47,39.27,8.4,20.34
GdP3Pt2N2,고온,4,39.82,3.3,3.7,12.02,1.93,110.3
PbS2,합금,2,148.7,3.6,14.27,13.95,9.61,9.01
ReErTl2DyPr,고온,5,82.94,2.7,3.12,3.94,9.39,106.24
CoHoOs3,화합물,3,156.61,2.1,10.97,3.57,7.62,2.69
Li2Tb3Sb4Ga3,화합물,4,158.94,5.3,7.72,45.43,5.16,15.97
NLu3,화합물,2,155.43,4.7,4.02,48.11,4.7,52.74
Sc2TiDy,합금,3,124.77,2.3,3.11,34.01,12.22,1.48
Ce2Zn3Ga3Ni2Zr2Nd,고온,6,44.39,4.9,4.73,2.29,11.42,127.89
BNi,화합물,2,88.67,5.4,2.25,48.83,12.59,5.19
CuCe3Nd,화합물,3,19.37,5.0,8.72,29.92,9.58,12.88
Zr2Ga2,화합물,2,142.13,1.9,12.81,39.16,1.12,0.31
ZrErRe,수소화물,3,21.41,1.6,2.67,44.78,3.65,253.43
LiV4,화합물,2,121.27,3.2,4.61,16.7,0.27,15.99
O3SnPtScNi,고온,5,86.26,2.1,3.02,3.09,2.53,85.61
Dy3Ho2P2Rh,화합물,4,122.73,2.0,8.55,25.78,2.96,1.09
Mn2,원소,1,119.92,4.0,16.28,28.42,4.41,1.48
CrCeK,합금,3,129.89,4.6,9.94,143.63,12.5,3.95
Cr2Fe4CaEu,화합물,4,116.21,3.5,1.78,35.8,4.39,11.49
Yb2Co,합금,2,145.18,3.1,5.73,37.32,13.23,3.21
Gd2,원소,1,167.77,5.0,8.8,223.54,4.91,3.38
Au2Pb3Cs3Eu2,고온,4,100.34,5.1,6.28,6.47,8.42,100.03
Al2SnTe2K2,고온,4,116.76,3.8,8.99,12.8,12.03,147.93
PK4Al2ONi3Na,고온,6,63.61,5.8,8.13,13.17,7.52,115.75
SnPr2,합금,2,155.86,1.5,13.12,77.38,1.43,15.49
Cs2Zn3Sr,합금,3,84.55,3.2,9.36,15.4,4.51,5.59
Er3,원소,1,79.48,2.0,14.28,79.39,6.5,4.22
Tl4Pb4La2,화합물,3,122.4,5.4,12.5,36.32,13.88,13.31
TbSm3FeMo4As2,고온,5,32.74,3.5,5.91,1.06,9.27,160.69
Ru3Si2Gd4Re,화합물,4,34.28,4.1,7.29,8.4,7.59,11.5
RhNdAu4,합금,3,22.9,4.6,13.28,124.44,11.5,1.08
CRb2SnNb,화합물,4,63.58,2.9,1.8,31.91,7.69,6.69
LiCa3P2Lu,화합물,4,59.45,4.2,1.56,22.78,3.21,6.45
GdMnW4,화합물,3,67.32,4.5,4.3,40.07,14.79,5.97
Lu2W3,화합물,2,13.26,2.5,3.06,43.58,7.4,9.78
Sr2Ru4,화합물,2,147.79,5.5,3.91,8.48,3.45,10.9
TlV2,합금,2,107.13,4.2,8.41,64.64,0.82,0.05
Cu2,원소,1,13.28,3.0,2.17,18.56,9.64,0.0
Se3Tm3Re2,수소화물,3,43.69,2.7,2.59,56.71,10.21,116.96
Y2Yb4Th,합금,3,20.78,3.9,8.46,88.23,5.25,9.8
K2,원소,1,226.26,3.0,19.17,214.38,3.47,1.16
ErZn4,합금,2,90.69,4.5,11.52,109.24,13.91,4.95
V,원소,1,214.21,5.0,21.74,215.01,3.45,1.0
Th2Ga2CRu,화합물,4,35.33,4.1,9.03,44.82,0.31,17.43
NiOFBe3Mn,고온,5,85.64,3.4,3.16,2.5,14.27,92.87
RuCa2,화합물,2,151.48,4.3,12.47,29.25,1.23,6.52
Tm4In2Cd3C2,화합물,4,154.95,3.2,4.55,42.95,3.73,9.09
NdSe2Rb,화합물,3,88.05,3.6,5.93,17.41,7.26,11.41
Sb3Te2Nd3V,화합물,4,137.32,2.0,1.61,47.79,3.78,2.04
Cd2ErW2Ag2,고온,4,40.32,5.5,5.91,2.86,13.29,45.04
Si3LuWN2AgTb,고온,6,119.17,3.5,6.28,14.96,9.03,159.77
Be2,원소,1,68.93,2.0,4.1,53.51,8.66,0.62
Pr3Th2MnY4,고온,4,41.51,2.9,8.78,2.82,4.51,65.91
Sc2Cd,화합물,2,16.98,4.4,5.65,30.73,9.51,3.19
Sn3Ru,수소화물,2,23.64,4.9,5.89,11.62,5.07,244.3
MgSi2Ce3Yb,화합물,4,94.1,4.8,10.42,25.53,0.99,21.86
C4Tb2Si4,수소화물,3,16.09,4.2,7.95,57.56,3.1,160.59
Dy2MnSbIr2,고온,4,84.11,3.9,7.82,13.42,4.77,129.12
ZnN,합금,2,53.03,5.2,5.79,102.86,11.36,2.16
In3Ti2Au4,화합물,3,92.56,2.4,10.89,47.36,9.27,39.1
PdLu,수소화물,2,41.71,3.6,3.44,12.43,6.1,176.96
OYb3Nb2Li2,고온,4,59.44,2.5,8.93,13.34,10.55,136.11
PtYbU2,합금,3,177.72,3.1,5.73,58.4,0.98,5.32
ZrY3,화합물,2,93.82,3.1,12.13,43.98,10.9,6.29
As2Ta3Ce3Ag,화합물,4,119.87,3.8,1.77,14.65,1.34,5.74
Th2,원소,1,173.2,5.0,20.24,59.44,8.03,0.98
SeIr3MnBa2,화합물,4,39.04,3.3,8.91,20.57,8.45,9.97
GaSbAu4,합금,3,134.97,5.5,12.26,58.59,12.23,5.02
Li3Fe2ZrOMn,고온,5,76.87,5.0,6.52,14.77,0.47,94.73
MnPtLa4Tm2,화합물,4,70.31,5.9,7.22,16.27,14.27,13.19
SnHMoRu3K2,고온,5,60.97,5.7,3.13,4.21,12.25,130.79
Ag,원소,1,181.83,5.0,16.27,58.86,7.24,12.62
ReSeAs2Ce,화합물,4,108.83,4.2,4.67,33.2,6.01,7.58
B2Co2,합금,2,125.75,3.8,12.69,74.64,3.53,5.42
Au2Nd,합금,2,33.96,2.0,2.39,60.6,3.35,10.93
Ta,원소,1,37.2,2.0,2.98,17.15,4.73,0.0
NbIr4,합금,2,49.79,3.0,12.29,44.76,6.84,7.16
BaTmCr2Pt,화합물,4,83.01,6.0,1.75,28.69,11.91,17.95
Cs2Se4K3,화합물,3,108.87,3.0,9.76,26.14,8.49,31.22
ThSm2,화합물,2,28.36,4.7,8.22,4.17,14.48,14.09
Ni2RuCd4,화합물,3,110.19,2.7,4.46,27.27,8.64,7.03
NbTeO4Hf2BeCd2,고온,6,73.74,5.1,6.97,2.89,7.43,91.55
Lu3Rb2ZrF4,고온,4,110.39,4.6,5.77,5.48,5.14,80.16
Si2Yb3Hg4,화합물,3,126.89,3.7,11.79,27.98,10.38,9.48
GdTi3,화합물,2,150.9,3.9,12.72,15.49,12.74,17.15
SiCd,합금,2,155.74,1.8,13.58,38.04,5.73,0.93
CMg,수소화물,2,27.41,3.4,2.0,14.9,8.5,183.8
Ta,원소,1,97.35,4.0,11.7,29.48,8.16,3.37
TmAuSi3,화합물,3,145.76,1.8,7.45,4.49,4.13,6.01
Rh3MnCa4,화합물,3,57.25,5.1,11.47,23.21,4.29,5.47
GdPd2Ir4,화합물,3,94.15,5.8,5.18,13.68,10.9,8.06
HHo,합금,2,159.4,4.4,8.02,69.1,13.36,6.75
TaTl2Er2MnC2N3,고온,6,67.52,5.4,3.45,12.4,7.56,37.26
Ga3PCu3,합금,3,116.38,2.6,4.45,56.8,6.51,12.39
SnAlRu,화합물,3,42.05,4.8,6.77,3.74,7.07,1.01
Y4Ce2Ir2,합금,3,178.11,3.6,4.78,84.01,1.18,2.31
Ga2,원소,1,136.89,4.0,21.38,337.6,5.32,9.7
NaSc4Re2Pt2,고온,4,123.69,6.0,5.44,9.9,14.51,149.11
Sc3Te2Mg3,합금,3,173.81,3.2,6.51,104.26,11.2,0.68
Zr3V4La3RuCdRe3,고온,6,79.81,1.9,3.92,11.46,4.24,87.53
NdY3NiRu2,화합물,4,121.43,2.4,8.34,29.99,11.86,4.41
N2,원소,1,24.6,1.0,10.63,396.19,8.97,0.0
BiMg2Sc2,수소화물,3,3.71,3.9,2.36,45.63,5.76,116.38
SrThFe,합금,3,170.89,2.8,7.18,55.81,2.87,11.74
Ru4Ni4AsTiSi2Ba3,고온,6,118.04,2.9,3.91,6.71,4.41,62.07
Hg3La2,합금,2,77.87,5.0,5.44,53.15,10.32,21.26
Rb2Gd2Au2Cr,고온,4,47.21,2.1,6.41,4.14,10.0,88.51
Si,원소,1,41.72,2.0,13.15,125.41,3.15,0.0
Pb3U3,화합물,2,45.87,5.7,2.41,19.94,14.06,4.19
Cs3Ge2Re3Mg,고온,4,34.84,2.6,5.87,3.45,11.33,79.88
Ga4CuIr4C2W,고온,5,104.76,1.8,4.0,7.29,11.13,46.38
K3Ir2Y3Hg2,고온,4,117.62,2.7,5.4,1.49,9.2,63.77
ThSiSb2Ti3Ho2F2,고온,6,90.54,3.5,5.59,1.5,5.68,147.23
Ba2Lu2HTa2Eu,고온,5,62.77,3.8,7.93,10.21,11.82,90.07
CdTa3,합금,2,177.09,2.9,8.66,16.94,2.68,4.47
C2Tm2,화합물,2,111.12,1.6,11.37,17.45,3.96,10.23
Ag2Ca,화합물,2,31.19,2.4,4.96,43.43,6.41,8.41
Ta2CaC3Y,화합물,4,68.11,3.8,2.21,32.94,6.52,6.51
O3Ta3Bi4Sm2,화합물,4,57.3,4.4,3.37,14.45,1.55,4.45
Er3Mn,화합물,2,81.99,2.6,8.89,35.93,1.22,2.84
K3MnEu2,합금,3,100.45,3.3,8.8,33.52,7.94,4.28
Eu3HoYb3,화합물,3,60.45,1.5,5.32,10.75,8.95,8.4
FeBi3,합금,2,82.35,5.8,9.79,138.82,13.69,28.19
NiEu2,화합물,2,151.96,2.0,10.69,5.81,1.73,7.11
BaB2Yb,화합물,3,43.33,1.8,7.57,29.11,2.93,17.79
Re2Fe4AuF2Cd2Sc2,고온,6,51.99,5.8,9.0,2.23,4.42,120.96
Au2GdSeLu2Pb3Er,고온,6,110.61,3.8,7.49,9.71,10.93,107.32
Zn2KPCe,화합물,4,117.14,5.9,1.61,27.07,13.85,27.04
BiPr2,합금,2,119.34,4.6,4.72,103.66,2.45,1.84
Ta2V3Ge2Ti,화합물,4,129.93,5.7,10.1,33.21,8.15,18.11
Cu2Al2,합금,2,138.79,2.5,9.12,55.77,7.51,2.63
Te2Ce2Cd2,화합물,3,108.67,2.4,10.62,11.1,8.06,0.74
La2Sm2Re,화합물,3,48.7,2.5,13.58,2.45,1.33,7.01
Cs,원소,1,160.38,5.0,10.54,41.75,7.38,5.52
Ni3La4,합금,2,24.93,3.4,12.35,58.24,11.7,11.0
B3Lu2,수소화물,2,43.42,5.6,2.99,70.89,0.38,269.26
P3SrZr2,수소화물,3,34.97,4.3,1.99,74.58,2.71,176.34
InZr4Sm2,화합물,3,101.24,4.0,10.02,0.88,5.94,7.72
Li,원소,1,111.04,3.0,9.61,285.38,0.91,1.32
S3Sb2,합금,2,40.17,4.5,13.9,102.39,14.7,18.5
Rb3Tl3,화합물,2,89.98,2.7,9.91,36.66,13.52,16.93
S3RhPd2OsCeNd,고온,6,30.0,4.1,4.53,3.83,7.64,83.61
ReYb4Co3,합금,3,139.4,2.7,11.58,71.26,3.14,8.27
DyBe2Cr3Y2C4,고온,5,43.96,5.3,4.54,13.22,0.94,107.14
TeK2,합금,2,148.92,3.7,12.94,15.56,11.85,21.94
Ba4Na3,수소화물,2,28.48,2.1,2.65,78.47,5.15,281.02
Y3Mo3,화합물,2,152.31,3.2,13.45,43.24,14.28,1.98
K2Pd3Ir2BaOs,고온,5,100.52,3.5,7.18,13.9,11.89,148.64
SrBaLi3Yb,화합물,4,49.0,4.7,8.22,11.24,13.98,23.94
As2Ge4Hg2Th4,화합물,4,70.85,3.0,3.63,16.53,14.18,20.67
Sr3Th4,합금,2,55.03,1.8,7.39,122.21,8.23,6.51
Cd4Ca,합금,2,163.92,3.5,11.08,82.27,9.56,3.24
CrWSbCs3,고온,4,56.14,1.8,5.49,5.75,6.09,49.1
S2Tm2Re4VNd3,고온,5,115.87,2.9,3.63,4.73,9.99,146.13
RbLaOSnTa,고온,5,113.49,4.1,8.97,4.44,14.18,144.57
F3SbO2P2,화합물,4,18.18,4.0,8.62,13.41,9.75,15.98
GdSr2TiLa2,고온,4,68.54,2.4,6.83,12.45,4.42,69.18
Tl2,원소,1,158.71,2.0,4.51,48.46,6.99,2.34
Tl4NdY,화합물,3,42.91,1.6,13.8,30.97,0.86,6.83
Mg3Pr2Ba3,화합물,3,66.73,2.2,4.59,7.38,3.89,21.32
S2Re3,화합물,2,78.93,2.4,4.56,3.54,2.15,20.7
Dy3S3U2,화합물,3,54.88,5.9,1.95,33.66,2.53,15.47
Ho2Ta3,합금,2,61.37,3.9,3.61,48.93,6.07,9.2
DyCa,화합물,2,149.3,3.0,10.31,46.14,7.12,2.42
CdPd2Sr3UK3Te,고온,6,99.38,4.4,6.12,9.09,1.98,31.94
Yb2Zn3Au,화합물,3,58.37,3.7,11.38,3.56,14.79,7.49
BaS2,합금,2,173.88,3.5,15.3,5.56,3.98,5.13
Ga2Ca3,합금,2,107.59,3.2,9.36,104.66,4.39,14.53
HfBiK,합금,3,168.46,2.1,11.37,28.63,4.47,16.89
CuLiTl2,화합물,3,80.02,3.4,9.28,47.08,8.78,8.3
HoLaTlPt3,화합물,4,140.85,3.5,3.07,30.66,13.79,4.61
NdZrCBe3,화합물,4,77.14,2.7,12.85,20.35,10.16,2.55
La4In4,화합물,2,30.93,4.1,12.55,21.85,4.0,7.35
Ga2Nd2,화합물,2,91.2,1.7,10.98,10.26,0.62,12.02
Al2PCa3Y2Rh3,고온,5,86.76,2.7,3.83,1.19,13.1,36.65
AlCr3Mg,합금,3,45.6,5.1,12.8,93.96,13.66,9.32
Ni4Ge2,화합물,2,47.36,5.3,12.74,3.52,10.26,8.58
Se4Gd2PdU3CoSc2,고온,6,121.51,2.0,4.54,1.54,6.41,57.97
CIn,합금,2,36.47,5.8,10.53,15.91,14.29,7.2
PtMn,합금,2,84.37,2.6,14.23,77.42,8.87,2.0
SmSMoUCa2Ce,고온,6,138.37,4.4,7.26,5.89,7.89,59.52
Hg3Si2WIr2,화합물,4,125.82,4.6,13.13,32.13,0.28,25.19
Se2As,화합물,2,102.84,4.6,6.76,25.97,13.36,6.13
Yb2,원소,1,121.4,4.0,1.91,289.93,2.53,3.96
CuU2Pr,화합물,3,95.97,4.1,1.52,21.13,14.88,4.55
Si3Er2GaBe,화합물,4,87.03,2.9,13.08,47.09,14.08,21.68
O2,원소,1,141.8,3.0,10.73,312.95,4.64,5.86
P2SiAg2,화합물,3,14.22,2.7,3.07,15.75,4.54,14.59
AlK2Zn,합금,3,40.76,4.4,9.91,21.36,2.65,6.25
K4TaRh4,화합물,3,21.23,4.1,2.1,43.45,1.63,61.2
O2Sc3Bi,합금,3,128.64,3.1,12.59,138.48,8.6,6.14
FeSe2,합금,2,86.02,4.2,3.62,13.4,13.46,1.55
U3ZrBe,화합물,3,138.18,5.0,3.49,29.87,10.64,6.84
As2Os,합금,2,68.54,5.2,2.94,140.17,2.64,3.61
TaHg2KTmFeMn,고온,6,103.03,1.6,8.61,4.97,14.14,53.42
Tm3,원소,1,58.75,3.0,21.39,43.58,8.2,2.02
Sb3Dy3YbEu,화합물,4,152.24,5.9,5.99,27.28,2.39,5.93
HoRb4,합금,2,171.81,4.4,14.16,27.85,9.21,7.7
In2Ni3Hf,화합물,3,141.17,3.6,11.18,28.76,8.04,3.3
B2S4PdAl2Tm3,고온,5,65.1,3.3,6.8,5.35,2.03,107.44
Nd2Be4,합금,2,98.36,2.5,6.77,131.64,6.7,7.82
FeGa3,수소화물,2,35.36,3.7,6.38,42.36,12.14,232.34
Na2Rb2,합금,2,139.59,5.0,3.51,149.54,13.46,1.66
Mn4ErFTe,고온,4,112.81,5.9,5.98,4.05,10.98,77.61
Ni4Hf,화합물,2,118.68,4.8,8.26,3.04,9.74,7.12
Sb3VTbRhK3,고온,5,79.37,3.1,8.28,3.1,8.29,97.05
MgBa3,화합물,2,62.25,1.6,8.55,22.85,8.62,1.9
Pt3Mo2,화합물,2,95.53,2.8,8.04,0.81,5.29,12.73
ReTi2Ni,합금,3,38.24,5.2,6.12,145.34,8.99,6.7
PrCu3,합금,2,121.44,5.5,4.78,123.96,4.49,11.25
TiLu2GdEu4Si,고온,5,112.33,3.9,8.28,2.93,8.26,153.72
Re3Au3Pt,화합물,3,158.49,5.9,13.83,26.84,2.29,11.82
Mn4La3,화합물,2,107.77,3.2,12.19,30.67,4.43,9.98
InTeYO4Tb4,고온,5,86.58,2.5,6.31,2.55,13.01,69.15
FRu,화합물,2,76.38,5.7,11.42,37.49,0.28,12.28
Bi2F3,수소화물,2,28.41,2.4,1.27,18.66,10.43,197.07
Si4O2CNd2La2Sr2,고온,6,76.94,4.9,7.25,10.07,8.11,158.84
Bi3HY2Sb,화합물,4,153.99,3.5,5.48,49.96,13.97,2.4
Tl2NaYb3Ag3Mg3Al,고온,6,85.86,4.6,4.22,6.88,7.65,139.9
Lu,원소,1,167.61,4.0,0.5,83.85,9.46,5.65
La4Na3Fe2,합금,3,24.77,2.0,7.72,106.45,3.63,8.81
CePr4Pt4Al,화합물,4,35.48,3.6,3.93,45.4,3.81,13.22
Si3Yb3K,합금,3,153.98,3.9,7.76,115.93,8.88,3.36
As2Ge4VSn3AlP,고온,6,114.34,4.2,7.22,7.33,14.11,150.79
DyOs4ErIn2,고온,4,132.18,4.7,6.75,4.78,9.2,37.35
Tl2Y3Ca3,화합물,3,123.36,2.3,9.6,17.8,2.94,2.94
Zn2B2,화합물,2,64.99,5.9,5.44,26.29,7.14,13.91
Na3Mn2,수소화물,2,10.44,3.8,2.63,32.87,10.29,182.0
Tl3Rb2Hg3Rh2,화합물,4,118.55,3.5,3.78,1.79,12.99,12.28
Si3Nb3B2,화합물,3,10.96,3.9,4.95,24.6,2.35,9.43
CoTe4,화합물,2,130.98,1.9,8.72,1.39,7.15,14.75
SEuNb4V3Cd3Hg2,고온,6,107.27,2.4,6.42,13.56,3.75,163.65
Mg4Li2AgCr2,화합물,4,138.22,4.8,11.52,17.74,2.67,10.06
OsHg2Re4Ge2,고온,4,68.28,5.7,5.16,2.23,3.04,49.41
Dy2O3AgHoLi2,고온,5,38.19,5.7,4.04,9.0,1.73,32.74
P4Gd,화합물,2,20.08,5.1,7.83,41.94,8.98,19.58
Yb2Al3K2,화합물,3,114.97,3.5,10.41,45.1,2.94,38.31
Be3EuLu3Rh3Mg,고온,5,72.54,5.5,6.74,9.64,0.57,160.24
YNiGe2,화합물,3,115.06,4.6,11.59,4.96,6.53,21.38
H3N4YS3LiDy2,고온,6,98.18,2.8,3.26,1.55,3.99,158.5
NdBa3CoW4B,고온,5,87.25,1.8,3.28,11.86,14.62,59.81
K2PRe,화합물,3,64.33,2.3,11.97,23.25,14.7,7.84
Y2Ti4Pt2TeHo2Ga3,고온,6,43.83,2.0,3.43,10.4,4.49,106.46
Er3EuNd3Zn,고온,4,84.24,5.6,8.91,13.42,3.48,39.21
U3Zr2Au3Pr3H,고온,5,86.24,3.0,5.0,7.14,3.57,50.63
Ce2CuSn,화합물,3,28.22,3.0,11.79,49.1,9.11,4.45
Sm2,원소,1,67.22,4.0,11.37,272.58,7.17,5.03
Ge2OsS,화합물,3,31.2,2.5,12.8,16.08,1.87,8.55
BaSm,화합물,2,153.72,5.8,8.59,0.91,9.31,12.62
Cd2Pd3,화합물,2,136.05,3.4,10.02,20.81,6.56,3.89
Al2AuGe3BeTe,고온,5,49.8,5.6,4.59,14.68,8.48,110.22
RbBa,화합물,2,158.56,4.2,11.95,4.7,2.74,5.35
PdPbH,화합물,3,32.64,4.5,6.23,47.58,12.34,18.1
SrPt,합금,2,87.57,4.0,9.67,49.13,5.84,3.28
HfC3Ru4H,고온,4,96.47,5.6,4.34,7.0,10.81,140.27
AuCuNbLa,화합물,4,30.9,3.0,13.52,49.87,0.24,4.92
Sm2Hf2,합금,2,120.49,4.0,14.77,131.56,8.27,2.69
Cu3Sc4,화합물,2,125.98,4.4,9.97,5.25,2.52,11.03
Ta3B2Y3AlC2Si3,고온,6,65.0,2.3,6.33,6.18,10.0,49.81
F2Nb4,화합물,2,73.08,5.6,11.11,9.94,14.63,8.28
Rb3AuDy2,합금,3,166.34,2.3,3.83,126.21,9.33,5.02
La2U2,수소화물,2,25.33,2.8,5.53,9.42,14.18,247.86
RuPd,화합물,2,51.02,4.6,7.0,45.64,9.52,7.99
Th4Ge3,수소화물,2,41.17,5.2,2.07,63.85,6.52,225.76
Te3Th,화합물,2,68.88,4.1,9.52,15.09,8.36,6.85
Os2Ba3NiS4,화합물,4,113.27,3.7,8.71,49.19,2.17,10.58
CaSmCoCr2La2Eu2,고온,6,50.03,5.4,4.41,4.16,1.32,112.7
ZnDy3,화합물,2,38.33,2.1,6.47,40.79,11.78,9.85
Zr2Mg,화합물,2,102.33,2.9,4.45,4.09,6.72,2.69
Os2W2Ho3,합금,3,165.46,3.2,8.23,92.62,9.55,12.27
Y2H2Ce2,화합물,3,45.47,4.9,3.3,39.04,1.13,10.34
MnSeSr,합금,3,37.04,3.3,9.3,68.68,7.27,5.56
B2C2,합금,2,128.75,3.2,10.73,69.52,3.62,21.77
Co,원소,1,151.99,3.0,5.74,287.27,3.47,0.0
Cd3,원소,1,203.86,2.0,13.11,213.96,7.42,2.65
Pt2K,수소화물,2,54.06,3.0,2.03,32.09,4.17,177.29
InW4,합금,2,67.85,4.4,12.92,102.39,10.85,2.89
PrTe3In2Zn,화합물,4,159.38,1.5,4.99,25.93,11.25,23.18
ScPd2AlRb,고온,4,139.83,1.6,6.17,1.29,8.88,38.56
Si3Ce,화합물,2,94.43,2.7,11.33,48.84,12.29,1.51
Ti3Mo,합금,2,120.11,5.0,5.88,32.44,6.29,7.74
NC2Sc2,화합물,3,120.3,5.7,6.34,38.85,3.36,11.57
NaOZn3Yb2,화합물,4,61.17,5.5,12.58,19.91,8.31,9.53
Zn3P2BSnPtCd,고온,6,53.91,5.1,4.98,14.22,2.83,123.47
PbIrNaEr3,고온,4,125.55,3.8,6.62,6.74,12.73,53.6
SeCe2,수소화물,2,50.06,4.0,4.08,42.31,5.92,259.48
Mg3Yb4Ru3,화합물,3,48.57,5.8,11.91,10.39,4.12,8.47
Pd2S,화합물,2,138.82,2.8,11.38,24.99,5.36,3.25
Fe4CsO3,화합물,3,55.86,4.9,5.51,43.95,11.49,6.65
Hg,원소,1,47.82,5.0,8.02,383.02,8.7,9.06
AsEu2Hf4U4,고온,4,100.0,3.2,7.62,11.73,1.8,160.4
As4V4,합금,2,127.67,6.0,10.15,14.38,0.88,7.63
RuPbGa2,화합물,3,132.51,5.1,3.02,47.97,9.39,5.01
Nd4MgS3Ge2,고온,4,38.25,5.1,8.18,4.23,9.26,77.19
Se3Li3,화합물,2,21.72,1.8,11.07,43.55,3.27,1.47
O2Mg4Be2,화합물,3,84.81,3.1,7.4,21.97,6.51,2.44
CdIn2Cu3,화합물,3,70.94,2.1,4.59,42.26,9.58,4.96
Zr2Hg2Eu3Dy2Zn,고온,5,114.23,3.1,6.74,4.82,8.13,40.94
Er2Ho2,화합물,2,58.38,4.5,1.99,45.32,6.49,13.21
Mo4HgTmHBaAg2,고온,6,124.05,5.5,3.74,3.59,8.89,89.31
Ba2Dy2,합금,2,117.67,2.4,2.4,49.63,6.21,11.54
Mn4In2Nd2Fe2TeNb2,고온,6,63.67,4.7,8.73,13.69,3.99,77.95
Pt4Na2Eu3ReW2,고온,5,117.7,5.3,5.02,10.93,10.99,83.59
PtLa,합금,2,126.02,5.8,2.58,117.18,6.19,39.94
SmAgAs,화합물,3,105.7,5.9,6.18,25.47,2.03,13.07
Yb2Ti,합금,2,141.11,2.1,2.19,79.53,14.34,9.62
MgEu,화합물,2,51.04,5.2,9.89,25.93,1.55,7.45
Hf3PBa4,화합물,3,56.24,3.6,8.54,23.36,11.75,8.55
As3Pd4Dy,화합물,3,18.07,5.4,6.83,3.0,8.46,4.42
Rb3Na3Pt,합금,3,124.29,5.4,2.48,80.29,9.23,9.07
Hf2TbSe3,합금,3,128.17,1.6,4.09,30.19,12.24,0.81
Ru2,원소,1,190.42,3.0,5.38,282.8,4.2,0.0
Ir4H,화합물,2,155.95,3.9,1.78,21.11,13.08,12.51
S2Yb,화합물,2,128.08,2.2,8.7,5.33,1.77,9.58
PrPtTeErFe2Pb3,고온,6,111.03,3.7,6.39,9.92,11.48,79.15
O2LiNd2,화합물,3,135.3,1.5,7.27,42.94,12.94,0.0
Al3Sr2PdS,화합물,4,143.07,4.0,10.65,7.91,11.24,7.25
Bi4Co2,수소화물,2,47.35,5.1,5.4,74.76,3.74,238.45
EuGd2Ru,화합물,3,82.39,1.8,4.42,17.51,11.55,3.91
WC2ZrLaUHo,고온,6,129.02,5.9,6.11,11.85,1.87,82.37
AgHoYN2,화합물,4,142.45,3.9,2.52,38.74,14.91,1.85
Ca2AsLi,합금,3,55.08,3.8,8.07,23.49,0.75,4.28
C3,원소,1,179.13,2.0,2.51,302.93,6.87,0.21
PdH,화합물,2,91.04,5.5,9.68,31.72,0.91,8.64
PrAsIn,합금,3,113.57,3.9,3.1,15.42,14.72,12.61
LaCr3Tl2Ca4,화합물,4,117.23,5.6,13.36,24.98,9.09,14.21
USmPt,화합물,3,77.85,4.1,7.13,15.24,13.94,8.74
La2SnEu3Cs3,화합물,4,25.79,5.6,5.27,19.69,4.02,10.8
AuTh2,화합물,2,130.91,4.8,4.47,45.45,5.42,3.32
RuSi4,합금,2,28.88,3.9,12.99,68.83,11.3,4.39
Hg3Ga2Cu2Eu4,화합물,4,84.09,5.6,6.15,4.96,13.13,10.24
TlLi4,화합물,2,142.74,2.3,10.76,49.57,4.3,0.09
DyB2,수소화물,2,42.95,4.2,2.74,73.17,12.51,107.24
Ag3Te3GeGd4,화합물,4,97.86,2.4,11.09,21.28,11.06,14.4
HgKTb4OsCd3Be,고온,6,100.58,2.4,6.99,9.44,3.91,135.65
O4YTh2Ta3Ge,고온,5,137.98,5.5,4.39,4.68,14.06,138.68
CCe3Ge,화합물,3,98.48,5.2,10.45,10.7,13.42,11.5
Cd2Yb2,합금,2,24.73,3.8,5.84,16.72,8.81,1.37
Sn2Fe,화합물,2,110.58,3.1,9.46,30.41,6.39,5.5
Tm3Ce3MgMo,화합물,4,94.59,3.0,13.25,32.73,13.35,3.43
Rb3Tl4,화합물,2,77.22,5.2,8.31,49.43,3.68,16.2
Pb4Nb3Sb4V3,화합물,4,32.02,2.3,12.02,25.89,13.06,13.06
NPtCr3,화합물,3,12.46,2.6,2.34,33.45,0.48,2.5
GaFeV,화합물,3,42.85,5.1,10.32,16.22,3.25,5.41
OsTm2,화합물,2,38.92,5.2,13.4,37.3,0.53,15.16
CsBe2,합금,2,169.2,1.6,12.35,131.21,10.0,4.29
Rb4Tb2CeDyTm2Hf,고온,6,116.33,1.6,7.25,11.81,14.66,105.83
Na2Si3Au4,합금,3,106.81,2.2,15.52,93.41,8.2,3.79
Sn4Ru2,합금,2,112.53,3.1,7.37,91.47,13.29,1.09
Co2K4,화합물,2,65.45,2.1,7.4,36.01,6.87,12.04
ScBi2,화합물,2,45.0,5.0,9.5,1.0,9.25,7.96
Dy2C2W2Bi2,화합물,4,158.31,2.8,8.8,38.7,3.13,1.15
Re3Cr,합금,2,20.71,4.2,12.67,99.74,14.72,13.79
Zn2Ta2,화합물,2,124.49,5.7,6.03,38.78,7.65,4.44
Ho2Hf,화합물,2,64.99,4.4,4.93,6.55,13.9,17.56
PtLa4Hf3Ru2,고온,4,104.74,5.8,5.63,5.27,8.78,106.83
Y2PMo3SrNi3,고온,5,134.32,4.9,6.25,2.64,11.39,65.42
Ru4Sn3,화합물,2,49.45,4.2,9.41,36.16,11.89,23.61
Co2TaO2,화합물,3,111.21,1.6,7.46,17.02,1.39,1.32
Pr3TiHo4Y3,고온,4,95.19,2.3,8.78,1.8,4.49,142.43
Lu3,원소,1,206.87,5.0,13.9,351.67,7.91,3.61
Y2Sb2BeGa4,화합물,4,103.0,3.7,9.91,22.49,6.69,4.98
W2Ag3Ce3,화합물,3,82.56,2.3,7.25,10.89,4.29,14.28
Be3As2Zr2NbY,고온,5,35.37,2.8,5.95,11.1,3.91,156.57
Dy3,원소,1,77.51,2.0,7.29,120.24,3.47,1.52
MnNiGa2Pd3,화합물,4,124.02,2.6,10.06,31.9,3.4,9.88
Zr4Cs2TeV2Zn2,고온,5,101.58,2.4,8.5,5.09,2.29,82.92
CaY2EuZr,화합물,4,80.98,4.9,13.13,39.32,1.32,10.22
CdSb2Tm,합금,3,98.62,5.1,13.61,67.13,4.03,6.65
HEu,수소화물,2,55.3,4.9,5.27,52.33,10.09,268.09
Hg2Nb2CoPd4,화합물,4,146.7,4.4,11.46,40.27,8.83,0.78
P2Pb4C2W3,화합물,4,42.36,4.9,5.3,6.9,14.91,28.05
SeY2,합금,2,159.74,5.5,5.81,45.19,5.77,11.49
PbTlInRu,화합물,4,72.11,1.5,12.72,5.28,5.27,3.39
B4GeSm2,화합물,3,28.66,2.7,5.08,39.71,6.14,21.61
Li,원소,1,176.49,4.0,7.38,241.88,4.96,4.17
Tb3Re2,합금,2,87.54,3.9,4.62,47.06,12.92,2.88
Th2Rb2AsFe3Ge4Zr2,고온,6,87.3,5.1,4.56,1.4,8.8,125.71
Sr2K2,합금,2,25.61,4.7,15.72,89.9,6.3,10.12
Na2Cr2N2,합금,3,76.14,3.7,9.14,21.87,6.96,4.71
LaNi2MnN2,화합물,4,89.01,5.5,8.04,6.32,5.73,6.58
CsSm2AuHf,고온,4,34.57,4.5,5.1,9.48,13.17,51.95
Th2,원소,1,180.98,4.0,16.44,278.64,3.17,13.41
LiYAs4,화합물,3,39.18,5.7,8.82,37.72,4.87,12.03
Sc3Se3,합금,2,167.76,6.0,6.24,124.88,8.05,6.81
Hf2,원소,1,131.74,2.0,17.84,119.76,2.84,7.53
Pt,원소,1,81.08,5.0,9.4,137.49,7.11,3.05
Ag2Ca3F2Cu,고온,4,113.15,1.6,7.41,7.53,2.49,149.9
As2Pd2,합금,2,125.61,5.0,15.35,63.72,0.59,9.88
Nb2,원소,1,186.19,5.0,13.77,185.63,6.53,0.96
C2Y4Zr2,화합물,3,148.5,5.3,6.51,29.89,3.79,22.07
Ru3In3BRb3Sr4P3,고온,6,72.56,3.1,8.0,9.1,13.84,135.93
Fe2Mn3,합금,2,28.17,4.2,7.01,22.1,4.01,7.17
Zr4Ti2,화합물,2,43.01,1.9,11.95,32.68,5.62,5.09
N,원소,1,134.96,4.0,12.82,367.36,1.73,3.68
Rb3V,화합물,2,40.12,5.8,9.47,44.66,14.1,7.59
Te2Sc,화합물,2,114.28,3.7,9.02,12.91,3.79,12.35
Cs2Gd2,화합물,2,159.51,5.8,3.81,13.53,6.89,14.78
Y2SrV,화합물,3,69.92,5.6,9.43,49.77,5.27,17.1
ThPt2O2Au,화합물,4,80.24,3.9,6.34,41.83,1.85,4.22
CSm2,합금,2,116.2,2.4,14.11,33.31,2.82,3.11
Si3Ta4PdAs2,화합물,4,91.56,5.3,11.9,27.38,2.76,22.08
Ca2La2,합금,2,66.89,2.0,15.77,122.83,3.77,10.62
MoGdSe3PrNd4S3,고온,6,112.67,1.9,8.04,3.03,4.79,128.23
LaLi,수소화물,2,50.01,3.1,3.35,73.34,11.36,170.53
F2Cs,수소화물,2,10.7,4.6,3.35,23.48,7.27,159.51
YbYTb2Sb2In2Pb4,고온,6,79.85,4.4,3.85,9.32,8.51,168.83
La2TaK,화합물,3,14.61,5.7,13.36,19.5,8.96,5.03
PCa3,화합물,2,26.24,2.5,9.54,24.42,4.22,3.88
SnGe4Nb3Zn,화합물,4,66.45,5.9,4.37,11.24,14.99,9.52
CdDy,화합물,2,61.24,2.2,9.29,1.65,7.91,1.77
Ho3Hg2,화합물,2,148.07,4.5,13.77,36.48,6.32,11.77
Nd3Ho2ZnK2,화합물,4,11.8,4.4,12.14,27.38,2.49,15.39
ZnPt2Sb2Be3Yb4,고온,5,34.65,2.5,8.5,6.23,5.25,155.87
Si2IrY3,화합물,3,18.11,1.7,6.58,24.13,0.81,2.54
C2Ca4,화합물,2,135.92,4.2,9.07,6.49,8.43,18.88
PdHf2CePr2Zr4,고온,5,71.02,1.5,4.64,1.72,6.68,112.83
Pb,원소,1,110.73,3.0,19.65,169.27,3.15,12.95
ErTl3Sn,화합물,3,36.83,5.8,9.81,12.67,9.23,1.95
C4PbN4Be3,고온,4,88.26,3.9,6.69,9.93,3.37,94.76
La2YbHf4Cd2,화합물,4,83.03,2.8,4.08,22.82,0.42,19.97
CoPr2CeTm,화합물,4,17.05,3.5,4.32,42.95,7.93,7.04
HfW3Tb2,합금,3,23.89,1.8,7.43,64.63,13.08,2.43
SrNi4,화합물,2,121.11,2.5,9.57,16.84,8.68,1.56
Cr2MnNbU2P,고온,5,65.32,2.3,6.34,13.99,6.28,150.82
Si3Se4UIn,화합물,4,80.93,4.2,8.54,37.08,11.63,17.06
In2Tl3,화합물,2,12.66,5.9,11.96,30.85,14.2,9.44
NaF4,합금,2,119.36,3.1,15.56,53.79,3.92,0.62
P,원소,1,209.23,1.0,15.91,342.18,1.32,0.0
RhCd,수소화물,2,10.2,4.7,5.19,17.5,8.62,161.89
Ce4Sc,화합물,2,42.39,1.5,13.99,7.21,9.81,1.53
CdRh2V3Cu,화합물,4,114.32,5.1,8.35,3.3,1.0,26.53
V3,원소,1,64.07,2.0,16.91,369.29,9.03,0.63
CdTbSr2S2,화합물,4,159.45,5.2,13.64,27.66,1.81,7.77
RuNbB3RhF,고온,5,67.53,5.3,6.01,12.4,14.39,61.07
H2Tm2,화합물,2,108.45,5.0,1.62,23.01,6.85,11.02
LaAu4,합금,2,81.61,4.4,11.87,19.42,6.54,4.19
ScCs2Ce,화합물,3,155.17,2.2,4.66,10.19,2.56,8.05
AlHfBTl3Sm2,고온,5,100.63,2.5,7.89,10.92,11.73,131.97
PbTi2,화합물,2,61.48,2.3,7.33,6.47,9.69,46.17
Th2Mg2Cd4YbLa3,고온,5,45.49,2.7,5.4,10.79,3.93,161.94
Cd2Cr2Y3Ru,화합물,4,63.08,1.8,2.93,33.13,12.27,7.58
CrNdC3UTaTl,고온,6,71.3,5.2,4.2,6.89,3.38,66.26
Al3Mo,화합물,2,29.33,3.5,7.6,42.02,10.35,8.14
Ru4YbP3,합금,3,23.29,5.2,2.59,59.53,7.7,17.91
Os4Sr2ErTe,화합물,4,12.35,4.9,9.73,14.64,8.09,12.52
CV,합금,2,117.36,2.2,13.11,53.34,3.66,0.0
CuRb2Se3Ge3N,고온,5,123.87,5.2,6.04,11.98,1.87,127.94
CoOB2Fe3,고온,4,63.71,4.0,3.93,14.54,11.13,155.63
NV3Th,화합물,3,79.62,3.9,7.66,31.32,6.6,6.91
YbSb2DyTi4,화합물,4,148.48,4.6,9.67,29.48,10.38,12.1
MgFZn3,합금,3,160.07,3.2,14.49,15.66,3.77,0.0
HoNb2PdCe,고온,4,78.25,4.6,7.7,3.68,14.12,83.77
Rh3Ba,화합물,2,16.11,5.1,3.35,15.39,1.02,32.01
Pr4La4,합금,2,155.91,1.6,15.13,71.14,2.94,5.53
Se2Sr4RhCd4,화합물,4,57.9,4.1,9.75,6.22,13.22,9.52
Ta2,원소,1,74.58,3.0,9.03,183.61,5.34,2.74
Ce4Se3,화합물,2,76.74,1.7,8.76,14.68,14.7,3.72
BHTa2,화합물,3,51.74,2.8,9.01,21.38,12.45,6.08
TbAgY4,합금,3,124.17,5.1,14.56,13.88,7.68,13.35
Cr2Fe3,수소화물,2,42.78,2.0,4.05,44.62,7.51,242.15
Y3La2,합금,2,163.33,3.4,2.66,38.52,9.1,4.56
W2Mn3,합금,2,86.09,5.1,14.56,125.6,8.02,3.87
Cr3Hg2,합금,2,139.77,4.8,2.04,8.55,14.44,17.43
RhLi2PLa2,고온,4,96.15,3.7,4.62,6.98,6.64,42.07
Pt3PbRb2,화합물,3,45.26,3.7,7.41,29.49,11.5,9.6
In2Ti2Te3,화합물,3,52.63,4.5,12.35,41.73,2.83,9.89
Sm2,원소,1,189.0,3.0,8.43,70.89,3.12,0.0
Sm,원소,1,79.77,1.0,21.97,57.77,4.81,0.0
SnHo2S3Rh4,화합물,4,133.47,4.8,2.01,42.6,9.07,19.56
KSi3Ti4Sm4,고온,4,35.77,2.7,7.75,8.53,3.72,78.67
Sn3Ca2LuSe2In4,고온,5,125.4,4.6,6.0,10.63,9.55,54.41
Bi2Hf2Cr,합금,3,68.32,5.6,4.57,120.31,1.67,6.74
SnF3TbMo3,화합물,4,81.56,2.8,3.67,3.8,10.95,13.25
Cs2EuSCr,고온,4,104.34,5.0,6.23,4.95,0.9,48.99
Re4Cs3O2Li,화합물,4,47.02,3.3,12.02,29.12,11.8,8.24
OSm3F3Mo,고온,4,89.2,4.1,6.45,11.84,1.42,107.25
GdTl2Dy3,합금,3,60.11,3.5,3.53,49.4,3.41,7.88
Ce4LiAlTePd2V2,고온,6,39.46,2.7,6.7,10.44,7.36,99.49
Tm3TbDyY2,고온,4,38.8,3.8,4.59,7.22,10.02,34.43
MgN3Sm2Si,고온,4,128.62,5.3,8.29,14.28,9.01,163.66
Er4Ir2Sr,화합물,3,66.39,1.7,4.96,32.23,10.41,2.48
Lu2Zr,화합물,2,76.99,3.6,13.0,18.64,6.43,7.72
N2Co2RuGd3,고온,4,105.07,3.9,7.62,2.14,11.31,87.04
B3Nb3Mn4,합금,3,55.81,2.4,4.96,10.69,1.96,2.03
NRb3Hf3Ce2,화합물,4,40.86,3.0,2.22,36.66,11.08,16.26
P2Bi4Mo,화합물,3,109.81,3.1,11.63,44.46,7.49,11.66
La2BaSr2Ta3Be4Ir2,고온,6,81.11,3.8,6.68,13.2,10.9,124.19
Hf2Tl3Sm4Th2Ti3,고온,5,62.03,3.6,7.04,9.08,9.3,37.15
RbSb3,합금,2,156.0,2.8,7.04,104.36,3.38,3.54
Tl4ReTe3Rh,고온,4,54.08,5.2,8.85,7.39,6.25,69.38
Ru4Cd2Ga3Tl3,고온,4,129.2,1.7,4.11,14.48,1.73,60.17
P3,원소,1,129.01,2.0,7.77,186.37,4.96,1.26
ScNi2,화합물,2,25.87,4.2,1.93,15.09,8.28,18.43
W2Te3OsMn,화합물,4,77.58,2.4,6.52,4.98,11.52,2.37
B2Nd2V,화합물,3,122.35,4.7,2.72,24.8,14.99,11.17
W3Se,수소화물,2,12.58,4.8,3.74,75.75,0.5,290.08
HoMg4SnH3,화합물,4,103.7,1.9,7.73,34.42,10.73,0.0
Ho2Mg,화합물,2,144.45,1.9,12.32,27.13,0.97,4.18
Nd4Gd4,수소화물,2,34.38,4.8,5.23,22.43,4.54,183.19
P2SrBe3,화합물,3,67.1,3.7,6.78,18.34,10.21,6.6
Lu2TeIn4Rb,고온,4,44.69,5.9,5.32,5.29,4.95,65.98
EuS,화합물,2,17.08,5.2,4.1,29.64,12.24,34.29
Tl4SbHo2Ge3Y,고온,5,65.39,3.8,3.32,11.05,8.66,146.84
PrAu4,합금,2,174.39,4.4,2.65,79.92,13.15,4.07
NReCr2LiSe2Ru4,고온,6,133.77,2.3,4.93,12.47,9.65,111.49
Os2Co2Cs2,합금,3,99.19,5.8,5.71,102.48,5.24,9.56
Ru2PtH,화합물,3,113.06,5.0,5.52,40.72,8.99,7.27
Ga2Y3Sn3W4Li3,고온,5,45.03,4.0,7.58,14.21,3.9,87.79
Eu2K2Bi,화합물,3,109.62,5.2,13.31,48.8,13.44,6.01
TeIr2Th,화합물,3,73.89,1.8,13.15,27.49,1.47,0.93
V3Be4,화합물,2,14.45,5.5,5.91,10.08,8.31,5.66
YTb3Ir4C4Pr4,고온,5,95.96,1.7,4.61,2.65,8.65,145.19
Ce3Cr3Ir2,합금,3,109.2,2.1,13.37,66.78,6.8,0.0
Te,원소,1,114.5,4.0,9.28,323.24,5.07,7.8
Tb2Ba2Ni3,화합물,3,84.26,4.6,5.91,39.75,12.4,5.18
Se2InEu4,화합물,3,24.57,4.6,9.75,14.07,0.78,7.93
RbU3,합금,2,165.1,5.1,6.07,112.66,8.25,17.11
Si2Re4Dy4,화합물,3,10.0,1.9,4.99,40.24,7.65,14.3
Nb4NB4Y2,화합물,4,62.69,1.7,5.65,34.45,1.35,0.0
V,원소,1,59.31,2.0,2.0,283.5,9.3,0.04
MoCeIr3Ho4,화합물,4,118.42,4.1,6.54,43.36,0.16,5.84
PrAu2Yb2Hg3Zr,고온,5,107.6,1.8,7.48,14.39,13.93,122.35
TmB3,합금,2,75.03,3.3,13.04,52.29,4.19,3.43
U4KBe,화합물,3,19.57,5.4,3.47,26.39,3.51,10.55
Co2LiNd,화합물,3,116.81,3.3,11.38,34.74,3.5,3.82
AsEr4Dy3Pr,화합물,4,39.81,3.4,2.05,24.31,0.77,13.26
Mg2Tl2,화합물,2,10.77,4.9,2.44,25.73,12.76,14.4
Re2W2,화합물,2,107.04,2.9,9.44,6.14,14.83,11.58
Mg3Eu2Sb2In4,화합물,4,19.31,4.0,3.9,48.49,7.46,22.53
Sn2,원소,1,116.55,2.0,12.65,91.82,8.56,0.08
BU,화합물,2,138.71,2.2,13.06,0.52,4.63,10.13
Sn3Ba3Li2,화합물,3,64.74,4.5,8.19,5.98,3.77,10.5
Sb4,원소,1,163.9,3.0,0.68,267.74,6.34,9.33
YMo2Hg,화합물,3,143.58,5.7,10.31,43.98,14.59,26.91
Ta4Fe2Ni2,수소화물,3,56.68,2.0,7.75,17.06,1.96,122.6
Eu4GeTm,화합물,3,88.45,5.9,9.76,38.01,3.44,4.43
K3TbHg2,화합물,3,68.01,4.3,8.4,3.8,6.38,9.65
ReLaCo3Bi3Sm,고온,5,87.32,4.5,5.97,5.65,2.15,40.35
HoBi3CrV3,화합물,4,47.8,3.4,9.51,17.44,3.09,9.44
KTi2,화합물,2,94.86,4.5,7.68,25.64,11.16,28.62
La2AlHoLi3,고온,4,58.91,1.9,6.59,4.09,13.87,137.4
HoHfYb2TePbSc2,고온,6,32.94,2.1,4.12,3.49,9.03,80.59
FeSb2RhPb3,화합물,4,77.66,3.7,7.03,18.31,4.56,10.56
Pt4AsPK3,화합물,4,129.37,4.7,8.69,37.03,12.46,26.07
Y3RbHo2,화합물,3,82.52,2.4,5.74,36.85,2.0,3.42
RePt,수소화물,2,41.48,5.0,2.21,21.34,5.23,292.86
Ag3PdGd2,화합물,3,80.42,5.6,4.54,45.2,4.25,11.37
S2Eu3Ag,합금,3,157.89,4.6,15.62,149.27,3.16,5.58
CoNb2EuMg3,고온,4,65.29,5.5,6.33,3.35,9.05,131.98
Zn2TmHgAs2,화합물,4,128.77,3.6,2.82,38.03,8.16,12.68
Nb,원소,1,175.92,4.0,20.11,178.81,4.29,5.42
BeHf2Ru3,화합물,3,99.37,5.3,8.53,8.3,3.7,8.82
LaGa4,화합물,2,15.12,3.5,6.32,32.99,1.17,2.72
K3Ru2VFe2Hg,고온,5,61.02,4.9,8.63,6.62,0.99,159.58
Pd2P2,합금,2,102.36,3.5,11.52,114.35,10.67,6.64
PtMn2Pd4ErPRe2,고온,6,128.68,2.9,8.98,13.86,3.37,158.48
Na4Te2N2,화합물,3,87.83,2.0,8.9,15.77,6.42,21.95
Cr4,원소,1,200.7,2.0,19.24,250.72,5.65,0.0
GaSc4,수소화물,2,27.8,4.4,2.99,50.71,12.53,274.21
La4PS4,화합물,3,37.86,5.6,4.89,19.93,8.53,11.46
Th2Sb,화합물,2,92.77,5.1,8.52,3.07,9.37,6.68
Zr3Tl3HfTh,화합물,4,156.76,1.5,9.65,34.39,4.1,4.6
AgHo2Si3La2Hf2K3,고온,6,65.59,3.6,8.22,9.2,8.79,98.53
Yb3Sc2Sb,화합물,3,155.46,2.9,12.65,40.42,5.24,4.0
B4LiSn2,합금,3,101.05,2.8,4.02,143.07,12.59,0.92
Sn3Au3,합금,2,48.22,2.4,14.7,35.08,7.88,6.65
V4Sc3PbFe,화합물,4,32.18,5.2,3.64,7.16,3.07,19.4
PdIn2Tl2FBi,고온,5,54.5,2.6,5.29,1.64,3.24,51.84
AuNi3Ce4,화합물,3,135.25,3.9,5.04,20.11,8.9,13.52
Ag2Re2,합금,2,135.62,2.6,10.18,100.65,11.67,3.88
Ho2La2,합금,2,93.64,3.1,12.65,100.37,4.64,7.56
AsPr4Bi2V2,화합물,4,151.55,2.5,12.08,17.19,10.17,8.87
UK2Yb2BN2,고온,5,43.87,4.4,6.38,1.66,7.12,42.87
Si3Te,화합물,2,151.82,5.2,13.4,19.02,8.09,7.41
Se3Th,수소화물,2,47.32,3.2,6.6,57.04,11.05,267.96
Rh3ReGa,화합물,3,31.68,3.3,5.6,11.61,2.65,2.26
BiYb,합금,2,116.56,3.1,8.98,91.05,10.77,2.64
VO4Sn2N,고온,4,103.99,3.4,7.24,13.96,13.77,111.13
Ti2TlHf,화합물,3,23.81,2.4,13.44,41.25,11.47,2.16
RhO4Cu,화합물,3,148.14,3.0,4.34,22.35,6.74,5.18
OsCS2,수소화물,3,22.71,2.7,5.19,20.87,14.99,249.02
Cd2,원소,1,234.16,3.0,10.98,345.01,8.54,1.94
Tb2Eu,합금,2,170.26,5.0,3.69,62.52,8.21,4.87
As2Ni,화합물,2,76.23,3.7,10.45,3.53,1.59,21.42
Sb3Ni2Ru3,화합물,3,52.4,2.5,2.15,17.99,0.26,16.83
Zn2N2Mn2,합금,3,49.96,3.7,14.04,102.99,12.33,6.24
Lu,원소,1,79.14,4.0,16.64,369.65,5.98,4.65
Pt,원소,1,175.18,5.0,8.89,147.04,0.86,11.48
Ho2FeMn3Ge4,고온,4,136.3,5.3,5.41,12.23,5.9,37.35
Sc4Ru4,합금,2,170.44,2.7,8.1,14.53,10.82,3.3
Dy2In2TiBa2,화합물,4,43.13,2.1,10.83,32.33,14.13,4.0
Th3Be3GaS2,화합물,4,70.62,2.5,10.55,23.56,8.81,0.43
Ag3H4Mn2,화합물,3,123.31,4.8,2.56,31.65,10.76,6.11
Te,원소,1,214.77,2.0,9.79,374.19,3.16,2.48
Al4FNd2RuAs3,고온,5,56.15,3.9,6.94,5.87,9.6,121.95
Cu2,원소,1,24.78,2.0,19.12,38.84,4.42,7.91
O3K2NbSi3,고온,4,137.65,3.5,7.14,7.16,8.65,35.76
Al4Tb2TiPrSb,고온,5,63.7,3.5,8.78,10.41,3.23,134.61
Re2Er3Rh2Y2,화합물,4,27.81,2.2,11.83,14.21,5.93,22.16
InNaSm2,화합물,3,147.18,4.5,10.62,43.84,4.92,18.84
Ba3O2,화합물,2,150.81,5.6,11.5,5.01,12.57,24.86
Nb4Rh,화합물,2,96.41,2.0,2.36,20.37,4.85,7.09
Yb4La3Mg4Ca2As4Ni,고온,6,87.06,5.8,7.98,4.91,7.95,42.32
Ta2EuTeCsYb,고온,5,65.93,3.0,6.68,11.29,0.1,58.25
HEuC2Na4,화합물,4,98.79,4.1,12.24,12.01,0.33,11.57
GaSc,화합물,2,139.89,4.4,3.94,40.56,5.36,16.48
Pd2LiRbSSb2Ho2,고온,6,87.26,5.9,6.85,14.86,8.36,163.82
GaLu2,수소화물,2,50.04,4.6,6.49,10.95,13.12,220.42
ScDy2Tl3Pd,화합물,4,69.29,5.8,8.98,32.28,13.7,30.18
Hf2YbCdTb,화합물,4,58.46,3.3,9.84,1.74,9.61,9.22
Lu2Pb,합금,2,135.13,3.3,14.11,20.53,12.15,11.57
Os2AuC,수소화물,3,41.11,5.5,5.34,62.88,9.99,133.41
SbCu2,합금,2,109.71,2.1,7.84,40.77,8.81,1.07
Zr4TmRb2,화합물,3,64.56,4.2,10.34,33.94,9.76,9.15
V2Ta3,화합물,2,149.43,2.3,12.55,19.87,6.27,13.56
Eu3BiU2,합금,3,87.86,3.1,15.74,89.08,4.65,1.25
Cs2Sn2,화합물,2,129.61,5.2,9.49,16.25,1.56,16.14
HgCa3,수소화물,2,33.2,5.1,5.9,51.21,13.22,119.67
Mo,원소,1,12.05,2.0,21.78,89.65,0.65,0.0
TeHg,화합물,2,89.5,5.1,2.38,0.66,8.2,15.54
ScCd4,합금,2,63.5,4.2,12.78,117.91,7.32,6.6
SrGdSi3,합금,3,92.9,3.1,7.7,135.75,13.84,2.92
BeTm2FeNa,화합물,4,86.13,3.6,13.15,8.03,6.34,2.53
Cs4Sm,화합물,2,77.75,2.3,12.58,23.11,13.32,17.88
Tb3P2Ca,합금,3,178.89,3.4,15.62,140.57,2.12,16.2
Lu2Cr3Pr2,화합물,3,106.25,5.6,5.47,40.82,5.43,8.8
K4Cs,합금,2,79.06,2.9,2.35,104.28,12.52,3.24
Sn3Nb,화합물,2,94.93,2.7,8.8,9.36,7.32,3.93
NdTe4,수소화물,2,4.94,2.9,6.72,79.28,1.56,284.86
WEuTlCr3,고온,4,120.7,2.6,5.38,11.75,8.45,75.98
CsRhSe,화합물,3,138.5,5.0,3.58,27.78,1.32,4.08
FB4N4Li,화합물,4,122.87,2.9,9.67,25.97,2.06,1.67
YTh2ZrCe2Se3,고온,5,54.63,4.0,7.03,10.88,8.14,109.06
Ir3,원소,1,180.15,3.0,6.43,106.38,2.4,2.21
NdMo4PdOsCa,고온,5,105.87,5.1,4.45,7.83,5.38,147.68
MgW2Er2Rh2,고온,4,135.36,4.7,7.93,5.77,7.41,70.73
Ba4Mg2,합금,2,86.35,4.1,8.79,62.43,12.49,15.9
In2Ru3,합금,2,142.45,5.0,9.4,104.11,7.79,7.12
SrTa4,수소화물,2,50.51,5.9,6.81,38.8,3.89,282.84
Li2Zr,화합물,2,130.79,2.3,5.22,33.19,11.66,29.53
Cd,원소,1,224.5,3.0,20.34,211.24,7.34,2.3
Zn2CaO2,합금,3,20.86,1.9,2.4,107.67,5.87,0.47
MgSb2Mn2,화합물,3,54.47,6.0,13.59,37.17,3.42,15.92
W3Ti3Li3,화합물,3,156.76,2.2,4.46,39.34,0.84,10.32
Si2P4HfGe2PbBa3,고온,6,55.68,2.5,5.09,7.85,12.61,147.43
SLuNa4,수소화물,3,52.99,2.1,6.23,70.18,11.39,184.49
U3Ce2NiLa2,화합물,4,148.16,3.6,10.35,21.56,5.52,5.77
Sr3BBi2,화합물,3,119.6,6.0,1.59,46.71,5.49,8.06
Th2Ho4Dy,화합물,3,147.5,1.6,10.52,36.84,7.42,1.88
C2Ge2,화합물,2,46.96,3.4,2.06,12.53,6.86,4.99
Pr3Se2,합금,2,116.73,4.7,8.16,78.0,11.89,9.34
N3Os3,수소화물,2,6.46,1.8,1.93,24.34,13.76,218.59
HSr4Ti2Ni4Au,고온,5,109.55,5.5,8.83,2.41,9.89,160.48
Nd4Te4LiCu2,화합물,4,37.49,4.0,7.7,24.57,5.36,10.94
K4Tl4,화합물,2,122.88,5.4,10.95,31.12,11.48,16.5
In2Zn,합금,2,144.83,3.5,5.52,67.35,8.06,4.84
MgZr2Nb,화합물,3,144.86,3.6,6.29,17.54,6.9,13.38
Dy2Si2PdPr2,화합물,4,120.19,2.2,8.32,32.4,11.52,1.44
Si4Se3Pd3,화합물,3,60.27,3.0,5.84,5.28,9.15,1.84
Ge3In2,수소화물,2,13.8,5.6,7.46,39.22,2.88,127.85
W2CoRh3Ga3,화합물,4,150.94,5.9,11.1,16.24,2.26,14.22
InK2Ba2Ru,화합물,4,97.78,4.7,7.87,16.98,12.35,6.1
PrSm2RuRh4Ge,고온,5,94.06,3.1,3.17,1.29,1.94,65.62
Te3Eu3Rb,합금,3,116.73,1.5,2.57,80.69,12.09,0.0
HoOs2S2,화합물,3,126.45,5.6,6.81,32.0,12.08,7.81
Os2Pt2Pd2Gd,화합물,4,16.22,5.9,9.5,35.47,4.53,5.78
PtBi2Y3,화합물,3,48.46,5.1,5.01,39.91,6.95,25.22
NbDyBBa3Ge2,고온,5,41.45,5.9,4.62,3.97,9.4,60.75
W3FeBe3Sb,화합물,4,89.17,4.3,10.61,22.73,9.37,4.9
Ru2CrN2Pb2Th,고온,5,50.14,3.1,5.97,4.21,4.34,124.44
GaK2W3,화합물,3,102.29,4.7,2.77,10.88,10.84,6.23
CsBa,화합물,2,148.21,3.4,9.33,7.75,8.79,11.18
PrEuMnEr3,고온,4,117.96,5.2,8.67,2.32,3.01,48.54
NGdSr3,합금,3,173.06,4.5,14.5,55.13,12.29,9.51
Ca2Nb2Eu,합금,3,176.25,2.7,15.6,71.37,9.99,12.39
Al3SN,화합물,3,37.65,2.8,11.65,33.48,10.53,3.8
SrCo3,합금,2,169.37,3.2,7.75,45.72,5.84,5.5
Pd2,원소,1,235.51,4.0,12.29,208.74,4.35,3.15
CrMo4Se,화합물,3,36.16,4.0,8.31,19.22,2.54,20.77
SrReUV2,화합물,4,151.4,2.1,2.58,43.48,12.46,8.63
CrGe2,화합물,2,99.07,5.0,6.88,47.24,10.5,7.41
RhGa4,수소화물,2,7.53,5.5,2.92,38.13,8.7,173.22
Os3NiSm,화합물,3,38.09,5.5,6.8,13.31,11.91,10.59
C2Ga3YZr2YbOs,고온,6,92.17,2.8,6.09,3.1,1.62,49.76
Os2SbB2,합금,3,32.21,2.6,6.14,10.56,0.27,15.38
Tb2Ge2SePd3,화합물,4,62.22,5.6,4.28,39.91,6.17,9.29
PbAg3LaTiAs,고온,5,129.29,4.7,8.94,3.59,14.91,70.39
NiLu,화합물,2,21.18,5.5,6.35,36.75,14.81,5.72
Dy3Fe,화합물,2,71.88,1.8,13.78,5.63,13.0,9.06
Ce3C,화합물,2,127.7,3.2,4.28,42.54,12.96,4.95
Ta2Bi,합금,2,110.0,3.1,13.5,52.88,8.14,5.72
S3Pb2H2,화합물,3,38.67,2.3,7.14,12.65,8.95,3.05
GdNb3,화합물,2,123.74,5.2,3.0,6.33,1.85,4.93
Cr4V2In2S2,고온,4,115.0,2.5,3.23,5.95,11.65,58.99
CsSm2Se3,합금,3,133.41,1.5,14.68,24.19,13.69,0.0
Fe3K2,수소화물,2,29.18,5.6,7.5,52.51,1.96,216.87
Lu3NbS3,수소화물,3,24.48,4.9,4.93,26.17,4.2,260.94
Be2Mn2Ho2,합금,3,87.76,2.0,13.63,28.01,7.12,5.19
Ag2Sr2,화합물,2,24.46,2.9,11.52,9.15,11.76,35.22
Ag3TmFeHf2GaH,고온,6,56.79,3.2,4.25,12.71,7.82,95.81
Ba3Th3,수소화물,2,22.77,2.4,6.19,39.08,8.88,214.46
Al2Sb3Pr3,화합물,3,91.69,4.0,10.96,43.66,0.45,1.3
VCo3Ti4,화합물,3,135.07,5.5,8.36,23.86,5.02,16.37
NbCe4,화합물,2,25.22,3.6,3.48,49.29,1.83,9.01
Tb2Li,화합물,2,83.22,1.8,11.72,28.81,11.06,4.47
P2Cu4La2,합금,3,49.85,5.9,8.32,51.64,5.61,10.52
Ca2NiCr3Pr4YbTb,고온,6,86.48,3.0,4.88,6.1,9.76,38.26
Be,원소,1,34.9,2.0,12.78,46.26,3.48,0.0
N3,원소,1,138.15,5.0,11.78,236.91,7.18,4.94
LuTe3,화합물,2,20.22,2.8,6.09,38.5,9.11,12.37
Sn3Mg2Nb4,화합물,3,11.2,5.1,8.64,42.11,5.02,7.36
TlIr,화합물,2,13.55,1.6,9.29,46.83,12.36,16.88
Mn3Bi3Se4,화합물,3,69.07,1.9,11.48,9.47,3.06,17.28
Se4ScBe,화합물,3,145.93,2.1,2.8,4.34,6.21,15.31
Tl2Sr3B,합금,3,34.34,2.7,9.36,41.46,12.79,1.06
In2Au2,화합물,2,29.97,2.1,2.52,17.8,11.66,5.4
DyAu3O4,수소화물,3,26.9,3.2,4.54,37.23,5.48,206.23
Zn2BHf2Se,화합물,4,80.98,5.3,12.74,3.01,2.5,11.0
MoO2Al2Dy4,화합물,4,116.25,2.3,6.52,25.81,1.12,7.11
Ca4Ag3Dy3Ga3,화합물,4,65.69,2.9,9.26,14.47,14.98,8.01
Hf3Mn4,수소화물,2,49.42,3.4,2.98,31.4,11.43,233.48
NbBa,합금,2,88.0,4.6,10.57,125.57,0.51,7.28
Ce4Tb2,화합물,2,84.05,4.7,4.02,39.49,10.45,12.46
NTl3Ni4Pd,화합물,4,134.5,3.6,9.47,37.04,7.17,11.22
PdBeSi,화합물,3,15.37,4.5,8.04,8.62,13.33,14.78
MnP3,합금,2,57.9,2.4,14.18,69.46,6.25,5.74
YTlBi4,화합물,3,67.77,4.4,11.85,29.7,8.08,2.89
V2,원소,1,213.77,3.0,4.92,329.55,2.97,3.44
CaCdNd,화합물,3,17.17,5.3,5.81,0.69,12.49,11.38
Si2U2HgZrSm2Er3,고온,6,138.23,1.6,5.77,12.98,14.98,71.42
Tm2Li2,합금,2,55.07,5.4,5.88,85.51,2.05,7.2
Cu3Pt2Hf4Se2,고온,4,31.08,1.6,7.55,6.36,13.07,104.32
F4,원소,1,29.62,2.0,20.28,246.85,6.67,0.0
Zr2Sb3Se2Fe4ErCo,고온,6,39.52,4.8,6.77,4.15,14.03,171.22
OsCs,화합물,2,137.75,3.5,10.65,34.87,14.94,3.48
Rh3O,합금,2,56.89,3.3,4.04,71.33,3.77,10.87
Tm2Bi,합금,2,177.74,1.5,7.06,135.26,0.57,4.9
InK4,수소화물,2,48.75,2.0,3.77,43.51,11.67,221.57
Os,원소,1,94.59,2.0,16.61,79.19,5.66,0.0
PtMn4,합금,2,96.13,3.5,11.96,78.32,14.17,3.94
Bi2Pd2,화합물,2,109.89,2.3,13.69,1.67,5.58,42.02
Pb3Tl3Na2,화합물,3,69.23,5.8,13.76,2.05,13.91,21.23
AuBe2Zn3Re4,화합물,4,158.74,2.4,12.45,12.2,2.64,7.42
NiAg2,합금,2,131.98,4.1,3.3,94.34,8.85,5.7
H2PbN4,화합물,3,30.64,2.7,6.64,11.1,7.01,23.46
Be2V2,합금,2,156.79,3.3,7.57,61.85,3.02,10.66
O2F2Ir4,합금,3,63.7,3.5,13.62,35.64,7.32,1.86
V3In2Ta,화합물,3,90.22,2.6,5.81,29.79,14.45,11.44
OLiGa,화합물,3,54.2,1.7,6.53,16.93,4.0,2.74
Dy2Ge3,합금,2,28.47,4.6,2.19,80.34,6.88,4.73
NaSm,화합물,2,37.05,3.7,6.41,36.5,12.55,14.67
Au3Sn2Ta3,화합물,3,45.8,5.1,3.7,1.39,3.19,9.46
AgO2Sr,수소화물,3,52.32,5.2,7.35,37.38,12.13,169.1
BaAsHo,수소화물,3,51.31,2.8,3.7,72.9,11.84,223.91
CuRu2SiRb2Yb,고온,5,131.82,1.8,4.62,2.61,12.29,109.31
Ir4Na2Lu,합금,3,129.21,5.8,2.04,122.4,6.88,4.14
H2,원소,1,227.65,1.0,13.92,242.34,0.63,0.0
ErPd2Ti,화합물,3,20.76,3.0,7.01,15.19,8.02,3.06
TbCu2Te,합금,3,98.43,3.8,9.24,73.76,12.69,3.78
O3Tl2Ge3,화합물,3,122.34,4.8,8.58,42.14,12.79,13.48
HfMo3Zr3O4,고온,4,84.68,5.5,5.48,6.48,3.05,121.57
Cs3FeGaCa2K2,고온,5,91.07,2.8,3.99,12.14,8.01,144.67
InCa2Er2Cr2,고온,4,100.77,2.0,8.96,14.66,9.24,151.16
Zn2Sc4As2,화합물,3,150.11,3.5,10.73,43.08,3.66,6.11
SmRu,화합물,2,67.06,3.9,8.53,20.54,14.62,10.94
Sn2OH2,화합물,3,135.8,1.7,2.4,7.88,8.66,6.37
As,원소,1,229.25,1.0,3.06,212.37,2.85,1.7
Sm2Re2Tl,화합물,3,116.04,3.1,7.87,22.7,4.1,8.31
Fe,원소,1,32.06,3.0,10.29,217.64,2.9,4.44
CaNbEu3,화합물,3,77.3,2.3,3.64,24.94,9.24,14.6
TmCu2,화합물,2,158.75,5.3,12.29,4.54,14.63,5.92
Dy3F3Cu,화합물,3,129.65,1.6,13.18,42.94,8.23,5.18
MgFeGd3Pd3Sm,고온,5,119.23,2.2,4.82,14.89,12.45,73.96
P2Ho2,화합물,2,156.4,4.7,11.08,7.57,12.59,9.86
Yb3WCaTl2Ag3,고온,5,89.17,2.2,3.34,4.44,7.12,54.01
Ga4Sc3Dy2,화합물,3,105.54,3.9,10.1,27.22,10.33,5.15
Er2YbSBe2,화합물,4,27.74,2.7,12.6,26.86,13.06,6.23
SmAl2,화합물,2,158.11,2.3,9.04,12.61,0.41,3.47
Li2Cu3Nd2,화합물,3,81.45,1.8,5.99,24.6,6.48,9.97
W4SeCr,수소화물,3,30.05,3.0,1.7,60.22,0.63,158.54
CeAg3,합금,2,103.49,3.1,8.2,56.83,2.02,7.04
NDyAs2,화합물,3,68.01,3.2,12.38,44.99,2.89,14.05
Th2SmTl2,화합물,3,124.74,5.0,4.4,17.57,11.31,13.16
O2C4TmZn,고온,4,62.2,5.2,7.38,7.53,1.61,86.71
O2Gd,합금,2,115.5,3.1,14.04,47.23,12.99,3.88
Sc4Ce4SmMg3Pr2Tb4,고온,6,66.15,3.9,4.63,7.96,6.28,136.24
Fe2Lu,화합물,2,47.67,1.6,11.88,10.38,4.1,5.14
SmTm2Ga,합금,3,118.45,3.7,8.29,133.27,8.16,0.0
U3Hg2Se3Te3,화합물,4,159.83,5.9,8.13,37.08,9.12,17.24
InYb2Hf2Ce2,화합물,4,132.43,5.5,10.6,1.42,4.12,6.77
Ru2Cr2Th4,화합물,3,42.71,1.8,9.55,47.17,12.02,20.13
Li3Ru2Zn2RbRe2,고온,5,69.86,3.3,6.26,10.16,4.95,39.99
H4Be3SrPd2,화합물,4,69.12,4.2,12.68,43.42,6.2,13.6
Sm2Tb2Ti2,화합물,3,21.95,3.2,5.78,33.58,8.1,40.26
C3Ca2Y4Dy,화합물,4,99.27,4.3,10.25,30.47,2.48,20.08
Mg,원소,1,185.37,3.0,15.12,384.27,2.57,15.63
Ca2Cs2,합금,2,177.66,5.2,15.04,15.71,8.55,12.84
Si2S2,화합물,2,37.28,2.1,3.14,34.11,2.05,3.95
ZnCd3,화합물,2,124.12,3.7,1.56,8.28,2.62,2.31
Ir3Zr,합금,2,167.65,5.9,5.26,111.74,12.46,16.56
W2Nd2Pr,화합물,3,133.18,5.5,13.2,34.7,14.92,11.84
WPr4IrIn3,화합물,4,38.8,5.4,3.72,23.51,12.06,6.16
CaFe3Zn3,합금,3,78.14,1.5,9.21,113.7,3.35,4.42
IrNiTmPt4,화합물,4,111.03,5.1,12.78,32.38,11.46,10.49
LaCd2Bi3,합금,3,104.7,1.9,6.96,137.42,0.6,0.87
B4ZrZnGa3C2Cu2,고온,6,138.51,5.9,8.17,6.87,13.27,84.62
Zr3HoSm3Os2La4,고온,5,112.15,5.7,5.46,1.15,10.84,72.27
Pt3NNd3O2,화합물,4,73.53,5.4,12.99,48.68,3.16,12.28
Ni2CuDy,합금,3,27.53,4.3,7.81,133.12,10.67,5.98
Na2Ga2Ba2O2TiAs2,고온,6,51.79,1.9,6.3,3.5,7.93,36.65
SrMn3Ir4F2Sm2Pt4,고온,6,35.7,2.9,3.23,14.49,5.58,82.1
Zn2NiPAl2,고온,4,139.39,5.6,8.5,3.36,13.94,123.49
S2Eu2,합금,2,123.71,5.1,7.1,98.48,13.71,13.01
AgTh2,화합물,2,101.43,2.1,5.81,20.43,6.71,4.76
AsTm3InZn,고온,4,103.57,4.8,7.1,8.47,1.23,43.15
Fe4MnAl2,화합물,3,48.93,4.9,4.59,44.51,2.03,19.72
Y2RuK,화합물,3,144.08,3.4,3.04,39.32,11.05,9.87
RhGe3Sb2,화합물,3,37.0,4.2,8.03,7.58,8.7,28.2
B2Er3Tm2V,화합물,4,47.41,3.8,6.24,5.0,3.52,42.96
Se,원소,1,232.94,1.0,16.31,71.71,2.11,2.12
TlPr,화합물,2,90.03,2.5,9.0,14.27,9.33,0.9
Th3Y2Si,합금,3,52.7,1.5,11.91,9.95,2.1,3.16
Ga3RbCe3Au,화합물,4,45.6,1.9,11.53,32.13,2.93,7.71
Rh3Lu4,화합물,2,153.97,2.0,5.32,43.27,3.42,5.18
Tb3Yb2,화합물,2,97.32,4.7,13.64,11.48,4.21,11.4
P2V,합금,2,24.26,5.7,5.79,124.74,13.05,7.88
Te3Cs,화합물,2,12.04,3.8,3.18,31.41,3.5,6.76
Yb3Gd3Na4Ce3,고온,4,71.75,3.6,4.27,7.2,1.54,53.59
MgTh,합금,2,70.64,3.5,7.37,13.9,8.79,10.66
NbZrAs,합금,3,65.94,2.8,3.04,54.85,12.64,4.69
UPd2,합금,2,179.89,4.1,2.09,84.07,11.66,11.99
Na2Ti2Mn3CuRh,고온,5,111.65,2.4,3.33,13.19,4.18,97.8
Y2NbAu,화합물,3,23.54,2.6,12.16,33.25,13.35,34.26
NbSeU4,화합물,3,154.94,5.2,10.89,43.13,4.6,15.5
TmMg3,합금,2,144.75,3.9,13.54,23.38,11.6,0.14
Tb2Ba4Cd2,화합물,3,117.32,3.4,13.92,32.44,5.39,14.71
LuTa2ZrPrCo3,고온,5,68.87,2.4,3.45,1.36,4.94,139.37
SbTaCr4MnRb4Er,고온,6,52.67,3.9,8.38,3.43,12.99,51.91
Y3TlCu3,화합물,3,36.02,2.1,12.04,38.18,11.57,12.23
Er2,원소,1,34.44,5.0,12.85,84.95,7.65,9.11
SiV2Pr2,합금,3,158.43,1.8,6.75,136.57,10.49,4.41
O4,원소,1,86.96,2.0,5.74,192.79,4.1,1.1
Nb4P2,합금,2,65.43,4.0,2.79,56.8,3.7,0.08
AsSe2Rb,합금,3,67.95,4.4,7.91,138.53,0.14,0.0
SnFe3,합금,2,120.49,3.0,6.81,65.63,11.38,18.38
Al3Dy,화합물,2,20.03,2.3,6.7,2.08,8.96,2.15
IrMnGa2Ru2P2Tl3,고온,6,102.13,5.3,4.38,3.68,11.99,91.28
Lu2H2,화합물,2,77.33,2.5,7.72,18.92,5.95,12.04
WReEuS,고온,4,61.36,4.4,7.3,8.34,4.88,55.42
Pr3Al2Ga,화합물,3,30.47,3.4,7.8,15.42,11.07,9.73
F4TlTe2,합금,3,168.07,4.4,10.35,149.54,11.15,8.52
FeGd3Ge2Sn3Nd2Ca2,고온,6,97.84,1.5,3.42,2.01,14.31,107.11
C2K,합금,2,114.62,3.0,7.3,104.07,11.63,4.04
V2Ni3,화합물,2,119.15,3.7,2.65,1.8,2.89,7.23
CSeCd3,화합물,3,155.21,3.2,10.95,41.04,1.52,8.32
N2Th3,수소화물,2,9.15,5.5,1.26,21.6,1.77,134.56
Tb2In3,합금,2,51.43,5.5,10.07,118.6,1.36,13.99
CNd3,합금,2,81.4,4.2,7.95,149.14,7.49,0.77
Al2Au2Sc4F3,고온,4,84.05,1.6,6.6,14.34,3.57,149.31
Tm,원소,1,203.11,2.0,15.3,356.68,5.48,2.85
Be3Re2Sr,화합물,3,119.58,4.9,10.56,5.23,5.4,4.31
Sn2Os2V2,화합물,3,41.17,3.7,8.39,30.76,10.69,22.66
Rh2H3S4Pb3Ho3Be,고온,6,57.36,5.4,8.36,11.85,13.76,40.67
Ru2Tl,수소화물,2,51.06,5.3,7.09,46.05,4.62,230.44
CAsBa2,수소화물,3,52.61,4.2,2.43,26.01,5.22,166.16
Os3,원소,1,95.89,4.0,1.42,386.39,9.56,2.18
NiHfS4Co4La4,고온,5,41.68,3.9,7.5,10.72,3.44,137.85
Pr2Y4HTh2,화합물,4,12.82,2.0,3.53,34.14,9.94,3.39
Li3Pb2O4,화합물,3,86.52,5.8,5.7,37.1,2.93,6.6
U2Te3Fe,합금,3,135.64,2.4,11.83,5.74,4.09,9.85
K2BiAl,화합물,3,36.16,5.0,9.36,9.69,9.84,10.22
OAl,수소화물,2,38.42,3.1,1.98,63.47,0.83,212.55
ZrSr3Pb3Hf4S2,고온,5,30.49,2.5,4.92,7.64,13.53,148.46
AlTiBi2Gd2,화합물,4,59.67,2.9,13.63,26.99,1.94,0.94
Bi,원소,1,237.04,4.0,21.64,42.58,5.51,2.5
DySc2HoTa3,화합물,4,39.4,5.0,6.29,24.43,10.77,11.33
RbZr3TaC4Te4Ir3,고온,6,91.1,5.8,7.16,2.87,9.83,163.63
P2Al,화합물,2,83.56,1.8,7.37,25.1,2.15,8.73
As2SbTl3K2,화합물,4,83.49,5.2,2.36,47.68,14.21,38.14
Ru,원소,1,175.38,5.0,9.22,339.48,3.69,4.43
CTl3PPd,화합물,4,64.97,1.6,2.06,17.15,10.81,19.39
GaC2Ca3Lu3,화합물,4,23.17,3.5,13.47,7.97,3.56,5.67
H2Er3Sb2Dy3,고온,4,76.1,3.6,8.98,9.05,9.64,29.58
ThLi4Ta2,화합물,3,137.63,3.8,10.13,10.03,1.31,12.95
As2Si,화합물,2,95.76,2.5,7.42,12.09,9.43,10.23
Ti2Cr4,화합물,2,41.05,5.7,5.1,24.25,3.53,26.17
Bi,원소,1,186.08,5.0,14.11,318.45,5.56,6.88
N3Ti3,수소화물,2,35.01,6.0,5.44,74.98,0.86,173.15
PdYSc2Sn2,화합물,4,66.28,5.6,9.1,11.12,11.16,10.57
La4V,화합물,2,87.45,5.8,5.15,43.71,10.73,9.31
CoMn3Au2Sb2,화합물,4,105.55,4.1,12.49,30.55,2.24,18.11
KO,화합물,2,44.67,4.0,8.83,18.87,0.59,2.63
V4CrGa3,화합물,3,107.03,2.0,3.73,39.21,4.72,6.88
F2PdHf3,화합물,3,100.76,4.7,9.97,15.1,1.56,20.86
Nb3As,합금,2,69.44,5.3,7.42,43.45,8.32,4.33
TlCaEu2,화합물,3,100.63,4.1,1.84,45.29,8.36,8.12
Cs2Ir2Mo4,합금,3,21.96,3.0,5.85,106.61,4.1,9.86
Ta2Cr3,화합물,2,95.04,3.6,9.49,48.69,5.59,15.05
Li3,원소,1,36.75,5.0,17.9,265.1,1.23,4.33
Ag2CoCr3Gd3,화합물,4,157.55,5.5,4.83,13.39,3.38,8.75
SeHo4AsCa2Al,고온,5,60.31,2.2,4.8,8.21,10.23,28.99
CuSi2Os3Ho,고온,4,80.53,5.7,7.83,4.89,12.23,145.68
GaO2,화합물,2,53.3,3.2,8.05,37.97,11.82,19.23
Ag3Cr,화합물,2,55.76,4.0,2.14,10.96,8.83,5.79
Mg3,원소,1,106.29,2.0,17.11,378.0,3.62,6.55
CFe,화합물,2,159.82,4.5,11.21,33.74,10.38,9.07
Au2N2Yb2CsTmO,고온,6,91.15,3.7,4.08,13.07,9.02,99.98
B2Y2O3,합금,3,94.96,3.5,7.97,113.67,2.43,0.9
Ag2Y2Sb,화합물,3,95.5,5.4,12.93,43.01,12.99,9.64
Pt2Mo3Bi2ScTh2Pb2,고온,6,81.08,1.9,7.67,6.2,10.49,42.97
SbRb3Sr2Ir2Tl2,고온,5,102.99,3.0,3.37,13.06,3.09,81.97
RhSn2,합금,2,98.12,3.1,7.96,40.59,11.1,5.36
SiEu2,화합물,2,98.36,3.3,2.32,8.51,14.85,0.93
Nb3FAg,합금,3,160.07,3.0,4.34,114.76,14.2,1.58
HgGd2,합금,2,45.89,3.5,2.73,146.19,4.28,9.95
Rb2NiB2Te2CrBe,고온,6,49.23,4.3,4.71,5.72,1.11,101.34
W3HFe4Cd2N,고온,5,73.91,3.4,6.62,5.81,1.32,48.92
In2SrCuTh2,고온,4,46.86,3.3,5.76,13.5,7.59,117.95
Zn3,원소,1,197.98,2.0,14.56,338.49,7.12,7.68
KIn3WTi2Ir,고온,5,34.11,5.4,3.09,6.97,14.96,159.33
Dy3Si2Ce3,화합물,3,80.32,3.3,13.94,23.41,1.14,17.4
U2Co2,화합물,2,25.77,5.1,10.51,18.38,12.49,7.83
BiTe3,화합물,2,52.65,2.7,13.67,26.69,3.49,3.87
Cd3Hf,합금,2,153.99,3.8,10.9,23.27,5.16,7.49
Co3AsSb4TbNiBi2,고온,6,49.29,3.0,7.27,14.49,13.69,81.05
Er4GeTa,화합물,3,56.84,4.2,10.78,6.0,8.4,5.77
S3C2,합금,2,21.38,5.5,4.16,121.79,9.15,5.22
Pd4F2,합금,2,151.47,1.7,10.38,148.28,6.58,5.83
Au4PLa,합금,3,44.35,2.2,8.72,38.68,14.96,5.69
K4,원소,1,133.47,3.0,14.32,305.0,2.04,0.0
Pd2Er2,화합물,2,62.5,1.6,12.32,15.57,8.29,11.17
SiV3Cs3Bi2,고온,4,55.01,6.0,6.65,1.57,9.54,165.41
Ta3,원소,1,192.42,3.0,21.07,347.23,6.05,0.0
Hf,원소,1,217.1,3.0,0.54,51.6,9.12,2.58
SiMn,화합물,2,71.93,3.7,6.14,35.09,11.63,7.18
SnGa3P3U3Rb3,고온,5,61.22,3.2,4.68,8.87,4.92,33.99
ThPd3,화합물,2,138.24,4.1,1.87,48.55,11.87,4.56
GdRe2K,화합물,3,49.21,3.0,6.53,37.84,5.46,0.0
Te2Se3Zr,화합물,3,117.42,2.6,4.75,42.73,7.64,7.78
Cr2FeCe4,합금,3,35.16,3.3,15.16,56.41,4.6,7.13
Re,원소,1,186.19,2.0,9.0,333.6,0.82,0.0
Nd4Ir2C2Rb3Ga3,고온,5,129.49,5.4,7.36,9.98,3.1,117.93
ZrGe,화합물,2,18.61,2.0,5.05,25.48,6.57,4.26
Na2ZrRu2Zn,화합물,4,24.66,5.0,2.56,28.09,10.08,14.46
Tb2OsLu4Y3,고온,4,43.91,1.7,4.74,11.71,12.33,53.9
Cd2MgUEu3,화합물,4,86.95,5.9,11.86,44.55,6.07,13.05
C3Ca3Nd,합금,3,53.6,3.7,2.53,61.07,13.54,7.1
YbCo,화합물,2,98.97,1.7,13.78,5.96,14.75,0.5
F4Co3,합금,2,152.46,2.4,4.49,41.98,3.57,0.0
MoS2Os2,합금,3,30.69,4.2,13.21,77.52,8.65,10.53
Al3Ir2F2P2,화합물,4,42.91,1.7,3.15,22.09,10.7,5.15
CdCrMn3Dy2Ga,고온,5,107.28,4.3,4.15,3.04,14.57,160.19
Lu2Tb3,수소화물,2,52.2,4.5,6.76,56.01,12.0,270.59
ScZr3,화합물,2,153.22,5.6,8.21,44.07,7.76,11.03
CuEu3,합금,2,46.57,4.3,15.02,83.88,8.32,6.98
Ca2Li3,합금,2,37.93,4.3,14.38,112.79,5.5,12.4
CaSn4SmYbIr2Co,고온,6,41.76,2.3,8.26,8.73,9.53,66.42
Sn2CTi2,화합물,3,102.73,1.8,11.25,14.23,4.59,1.05
HHf2Dy2Sn2,화합물,4,51.82,4.0,10.43,43.68,0.57,6.02
FeNaC2Tl2Th2,고온,5,46.93,1.9,3.66,4.89,11.73,113.36
Sb2Ce2VTb,화합물,4,22.9,3.1,6.71,35.46,10.13,8.03
Cs2GaTb3Ho3Sm3Se2,고온,6,108.91,4.5,7.53,3.4,1.46,82.46
F4,원소,1,182.57,4.0,9.94,47.63,8.27,5.76
AuLiNi2Pd4Ca3Na3,고온,6,34.8,2.8,6.5,5.46,3.9,78.13
Ir3S3Ce2Th3Al2Cs2,고온,6,45.47,3.8,5.32,7.78,12.33,140.77
HgHAl4,화합물,3,113.49,2.6,10.45,8.87,3.28,6.66
Ti2V2SmCd,화합물,4,57.97,5.6,5.03,16.68,13.19,10.19
NaSr2CdBa2,화합물,4,14.51,3.4,4.99,30.99,13.74,4.97
TmSc3Rb3,수소화물,3,4.08,4.4,3.1,30.36,3.59,159.99
Tb,원소,1,9.41,1.0,14.82,263.01,1.68,3.02
Ho2Yb3S3Ta3,화합물,4,133.19,2.1,3.12,42.94,12.17,32.23
La2Al4,합금,2,124.19,1.8,9.78,120.81,10.49,3.08
Sb2Te4RhHg3,화합물,4,36.96,5.6,9.17,15.84,3.02,10.49
Pb3Pt3,합금,2,42.67,4.0,9.02,128.09,5.66,5.42
Zn2Au3Sm2,합금,3,106.98,2.7,11.28,121.96,3.11,4.91
NS4Pb,화합물,3,30.35,3.6,3.76,14.42,12.31,17.62
Fe3DyCoHfK,고온,5,126.55,4.4,3.4,1.89,8.3,108.62
Fe3Bi3Hf,합금,3,142.59,5.0,4.66,146.23,13.26,8.76
Ga2Cu4,합금,2,174.54,1.7,9.78,132.17,14.79,9.95
Eu3UBTb4V2,고온,5,99.29,2.4,4.83,13.7,8.23,82.54
CeTm3MnNa4,화합물,4,158.27,1.8,13.18,16.3,11.12,17.0
Yb3CsF2Mg4Nd,고온,5,129.65,6.0,6.68,14.06,0.39,86.39
Li3LuF2,합금,3,45.41,3.4,5.97,84.45,10.91,3.82
Cu3C3,화합물,2,64.83,2.5,3.56,17.65,4.92,10.88
F2Sr3,합금,2,167.93,4.9,15.37,41.9,0.38,16.04
Ta2Mn,합금,2,21.91,4.1,5.5,56.16,8.96,5.05
CsPb2BeRe,화합물,4,69.43,3.1,9.95,41.55,11.19,6.16
FPrHo2,화합물,3,66.76,5.2,12.48,37.12,8.15,13.51
FeMnAuBiPr2,고온,5,38.42,1.7,3.52,7.35,5.81,161.88
Zr2Ca2,화합물,2,116.75,4.0,8.24,15.38,1.04,6.79
Bi3Ce,화합물,2,159.77,4.8,2.91,43.84,1.98,7.63
ZnLa2,화합물,2,69.36,1.9,4.66,29.67,9.8,9.14
OOsU2,수소화물,3,30.34,3.1,4.77,12.02,4.02,103.71
NdPr2V2,화합물,3,21.88,1.6,3.47,47.7,1.33,2.34
AlTl4P4,화합물,3,67.62,3.5,6.19,48.19,6.58,5.54
Nd3Te3,화합물,2,27.67,3.9,8.68,47.18,9.37,5.07
Na3Rh2,화합물,2,101.07,4.9,3.0,27.79,11.07,8.44
Ba4AlMo2,합금,3,75.27,2.3,2.31,13.21,14.3,0.11
Hg3PrV3Re2,고온,4,84.33,5.4,6.94,8.85,13.17,108.57
Sb2Ag,합금,2,66.08,5.5,9.47,140.23,4.97,9.3
Gd2KBa2NaRu3As,고온,6,69.38,1.5,7.41,4.99,0.44,145.55
Ta2Sb2N4,합금,3,120.62,2.9,11.43,106.44,5.45,2.58
Li3Na3Ba,화합물,3,107.08,3.4,13.1,45.55,11.53,3.13
CaY2Ho2Ru4Hf2,고온,5,122.68,4.2,6.12,5.28,13.57,152.99
C3S2U2,합금,3,174.24,2.6,7.71,15.86,2.14,7.45
C2Sb3,수소화물,2,50.19,3.1,2.92,18.98,3.77,169.39
UHg2,화합물,2,26.61,3.3,13.27,32.09,13.65,5.93
Ag2K4IrVMoF,고온,6,96.24,3.5,4.49,14.01,12.07,102.44
Au3B3SiOs,화합물,4,61.0,3.6,1.99,45.46,7.79,4.85
Gd2Ir,화합물,2,128.73,3.6,12.54,8.74,3.08,19.86
Nd4HHg,합금,3,151.06,5.6,6.45,14.04,6.6,5.62
Sm3GaK2,화합물,3,139.02,1.9,12.71,0.74,9.74,11.36
Th2W2,합금,2,179.83,3.7,5.24,82.16,1.88,9.18
TaH3,합금,2,89.35,5.7,14.25,126.13,14.93,6.17
Cs2ZnZr3,합금,3,87.82,3.5,12.47,33.15,7.29,5.87
Cs3Sm2,화합물,2,25.02,2.2,7.8,27.21,9.35,0.66
RuVPSm4OsF2,고온,6,50.92,4.1,5.01,1.03,7.02,43.02
LuRb4Ni2,합금,3,57.66,3.9,9.26,7.68,13.72,3.28
MoTl3,합금,2,68.69,2.0,4.45,51.21,3.41,8.7
S2TlYb3,화합물,3,58.4,5.1,11.2,37.8,1.47,11.69
BaCu3Sn2,합금,3,57.31,2.0,14.11,135.29,6.71,4.06
Ni2BiB3,합금,3,49.6,5.7,11.06,47.66,5.31,10.22
BiDy4,합금,2,93.96,3.3,7.7,124.43,11.57,0.09
FeS3Yb2PdGa3,고온,5,82.49,3.0,3.87,6.96,6.23,71.4
NSbGa3W2Cr,고온,5,107.39,3.0,7.04,13.95,10.71,120.94
K2Ir,화합물,2,25.53,3.8,12.63,26.96,12.58,10.27
Ga3CuSb,화합물,3,159.54,2.9,2.06,22.37,9.41,3.44
Zn4AlTb2,화합물,3,102.48,2.1,5.72,3.61,2.82,7.74
V3Sb2,화합물,2,112.24,3.9,3.09,30.96,11.1,10.54
Si2U2Sn,화합물,3,76.78,5.9,12.55,8.71,1.36,23.45
K3Nd2Ta2Sm4,화합물,4,53.44,5.1,5.51,20.1,8.54,12.93
W2Cr2Hf,합금,3,147.56,2.0,2.0,110.56,14.01,8.74
Lu2,원소,1,31.61,2.0,19.48,265.67,8.82,3.04
TiNb2K4,화합물,3,99.27,4.6,3.18,44.52,1.59,2.05
U3B3SbSrRe3Ti,고온,6,99.78,2.9,4.77,10.76,8.47,151.42
Cu4Cr2Cs2Nb,화합물,4,101.34,4.5,4.24,24.03,9.66,11.41
Nd3Si2CEr2U2,고온,5,110.94,2.8,7.65,3.48,1.45,37.25
C3Th4In2,수소화물,3,7.61,3.5,5.7,25.68,9.05,292.46
Gd4U2F,합금,3,48.81,2.4,15.12,12.91,6.21,10.03
Pd3Cd2V3,화합물,3,20.62,4.6,1.66,40.87,1.49,12.27
Eu3Be2SrTl2,화합물,4,113.57,2.7,7.4,23.51,1.07,8.17
Ti2H2,수소화물,2,49.56,2.5,6.25,44.76,6.56,266.79
NDy2Zn4,수소화물,3,57.88,5.9,2.94,14.71,9.3,252.95
TbEu2Be3,화합물,3,89.92,2.7,5.79,39.61,6.88,2.3
Sc2Hg2Ce3,합금,3,64.15,4.3,4.66,104.88,9.33,9.29
Ga2HgCeO2V3,고온,5,41.74,4.2,4.47,8.27,6.44,81.88
BaGe3,합금,2,134.33,1.9,2.14,136.33,2.6,1.75
EuBiHf2Te2FNd,고온,6,70.89,1.6,7.41,10.12,2.84,126.63
Be2NRe3Sb2,고온,4,99.97,3.7,6.8,2.31,11.92,163.15
B2Er2Tm,화합물,3,108.85,5.8,8.08,5.43,9.34,9.57
CrUZn2,화합물,3,76.8,4.6,12.9,43.0,3.58,9.6
Cu2Li2LaBe,화합물,4,108.04,2.8,4.4,22.97,12.57,1.39
La2Au2Al,화합물,3,113.19,2.4,4.25,32.61,3.79,5.65
Os3In2,화합물,2,11.03,1.6,7.55,37.52,0.45,6.86
TaEr2As2PbMgPr,고온,6,97.81,5.8,8.52,10.78,11.47,140.12
SmTbCe2Si4HoPd,고온,6,139.1,2.6,7.42,1.71,3.8,52.67
Hg3KAuZn3Si3Gd,고온,6,59.26,3.1,8.06,11.15,2.18,161.06
Ga2Au4Rb2,합금,3,54.52,4.3,15.47,19.67,4.34,15.59
Mn4PtYbCuAs,고온,5,72.35,5.5,4.58,5.75,1.45,118.3
Al2BEu3OIn2,고온,5,99.62,2.0,7.28,1.33,1.73,99.48
Pd2FV2,합금,3,108.1,1.6,13.79,147.27,13.61,0.0
Tl3,원소,1,52.42,3.0,18.91,263.23,5.41,6.81
TeC,합금,2,129.12,5.1,3.88,22.6,13.6,4.87
Ga2In3Rb4Er2Ru3,고온,5,120.79,3.8,3.21,9.7,7.74,43.75
Tl3V2O,화합물,3,93.88,2.8,13.68,0.99,7.78,27.15
PbO2Au,화합물,3,78.42,2.4,4.14,34.48,2.88,2.66
As2Pb,합금,2,85.37,2.3,7.53,128.77,1.7,6.19
Li4Al3As,화합물,3,49.85,3.7,11.73,15.75,4.65,11.54
Mg2,원소,1,234.98,2.0,12.52,335.74,0.58,0.0
Ge3Ru2Pd2,화합물,3,148.44,3.0,8.82,9.41,8.76,9.34
Hg3Mn,화합물,2,93.2,5.3,10.02,12.75,7.25,6.63
Hf2Sb,합금,2,87.16,3.3,11.14,75.74,12.41,11.77
Gd4LiSiLa,고온,4,123.9,3.1,3.57,2.78,13.06,114.02
La4Ba,합금,2,120.34,3.0,3.58,24.91,8.2,9.99
Eu4Si3Co,화합물,3,15.41,2.9,2.7,5.36,3.55,21.35
Ba2Sm3Ca2,화합물,3,50.37,5.4,13.46,26.24,1.79,10.29
Pd3Lu2,화합물,2,22.21,5.6,10.98,24.36,4.73,14.55
URh,합금,2,178.14,5.1,13.31,6.02,7.88,2.94
Yb,원소,1,116.88,3.0,18.23,22.88,2.71,0.0
AgU2Ir2Si3Zr,고온,5,74.92,4.9,7.53,12.41,12.72,45.72
KSiCd,합금,3,46.84,4.2,2.46,92.56,10.22,3.26
Gd4Mg2Tb2GaCr2Nb3,고온,6,139.13,3.0,7.89,5.4,14.35,60.77
Hg2Os3,수소화물,2,48.01,4.9,4.97,46.65,14.53,113.07
TmAl3,합금,2,173.95,5.0,3.87,62.87,3.46,5.79
YbTb2,합금,2,157.02,2.0,7.16,133.03,14.48,6.34
Ba3NaY2,화합물,3,106.24,1.6,7.42,1.37,7.24,14.43
Sn2YYb2,수소화물,3,34.18,4.0,1.45,69.55,5.82,164.95
Eu2PtPb2Cu2Ge3Sn3,고온,6,60.81,3.0,5.52,1.93,14.23,66.09
Th2Fe4,화합물,2,109.04,5.0,3.86,5.52,10.32,13.5
Zn3C3PRuBa4In2,고온,6,66.1,3.4,7.45,5.6,14.37,114.81
VOs,합금,2,105.98,3.9,2.26,57.73,4.34,5.25
Na2Sm2Nd,수소화물,3,39.67,1.8,7.02,62.9,9.39,214.87
Nd2Se3,수소화물,2,8.36,5.9,1.33,52.18,5.83,118.76
Cr3Cd3,합금,2,175.8,2.2,12.14,69.12,6.58,0.0
Ru3AgTeAl2,화합물,4,129.7,2.3,10.59,35.09,11.23,25.64
Pr3N,합금,2,132.02,2.6,6.33,15.71,13.23,0.78
YPd4,합금,2,35.56,3.8,7.66,68.98,13.29,26.74
Li2Sr2NPd3HoZn3,고온,6,32.64,2.4,8.57,13.17,6.16,148.77
LuKNb,화합물,3,45.66,4.0,3.69,33.86,12.54,4.32
KCu2Ho,합금,3,135.26,3.7,11.31,132.64,13.5,11.53
Yb3Ho2,화합물,2,130.64,4.1,7.89,12.23,7.99,11.94
Er2U,수소화물,2,8.93,3.5,3.24,14.25,1.86,145.58
As3AgSm3Ru,화합물,4,23.13,5.4,5.56,32.06,8.45,15.05
TiSe,화합물,2,62.36,3.1,2.36,34.24,5.07,17.28
O2Cs3Pr,합금,3,148.86,4.1,15.72,110.77,3.73,4.42
Cu3Mg,수소화물,2,59.85,2.3,5.28,32.54,2.0,235.87
Ag2NLaHf2Cd2Zn2,고온,6,37.57,2.0,7.27,2.6,13.22,45.96
SiRuSc2,화합물,3,113.48,1.7,8.01,36.58,10.62,19.93
Ni,원소,1,195.38,4.0,7.84,130.8,6.2,3.44
Sc2,원소,1,153.01,2.0,17.28,167.9,8.12,1.81
Mn2In3,합금,2,174.27,3.8,11.9,63.2,12.67,7.1
B2Tl2,화합물,2,105.03,3.9,2.61,8.36,10.03,10.08
Sm3Lu3Sc3GeCr2,고온,5,49.31,1.7,6.93,7.12,2.24,58.09
AsPd4CrZr4,화합물,4,30.3,3.1,5.66,47.08,3.47,16.34
ZnNdYbFeTh2,고온,5,36.43,5.7,6.88,2.91,0.79,51.56
Te4LaPr3,화합물,3,28.85,4.0,3.03,32.65,2.18,7.62
BDy3Tm3P,화합물,4,127.16,3.1,7.8,35.59,13.48,4.51
TmRbO2CNa2Fe2,고온,6,79.1,1.8,5.52,14.63,1.54,84.27
TaN,합금,2,128.26,3.3,3.28,24.32,4.31,2.3
TiSn2Pr,화합물,3,48.15,2.2,6.17,14.1,8.7,22.31
Mg2Ge,화합물,2,30.29,2.6,1.7,19.46,10.78,5.16
Pr2,원소,1,90.14,4.0,21.43,382.83,4.95,2.82
Sn4SmNHf,화합물,4,57.18,3.2,13.94,14.06,6.17,11.0
Fe2Cs2Sn3,화합물,3,39.81,5.9,11.66,1.79,9.8,12.38
MgSr,수소화물,2,9.99,2.2,6.6,33.53,7.73,264.52
BePd3,화합물,2,140.74,3.9,7.81,27.1,6.31,10.39
SrYb3Gd2GeHf2,고온,5,84.62,4.8,4.94,2.56,1.84,124.7
HNb4,화합물,2,140.98,5.3,13.5,38.72,6.72,22.95
Rb2Ta3Ni3Gd,고온,4,36.18,5.7,6.5,2.34,12.23,70.69
Sm3Co2In,화합물,3,101.11,5.3,5.76,22.36,8.9,8.18
Os3LaHg2Sb,고온,4,120.18,5.2,5.41,6.18,9.11,126.71
Cd2S,화합물,2,148.42,5.8,5.91,31.1,13.12,4.82
Ag3Dy2Sm2P3,화합물,4,43.56,2.9,10.66,34.55,8.01,10.94
LuK4Hg2,화합물,3,136.84,2.6,7.54,11.9,11.47,12.03
Hg4Yb4Dy2Al,화합물,4,155.0,2.5,3.59,36.47,13.16,6.88
Yb3HfRu,합금,3,59.33,5.2,11.1,48.95,3.44,5.97
Ta4Mo2,합금,2,71.48,3.9,11.29,15.97,3.6,3.55
Be3,원소,1,198.41,4.0,11.49,74.93,9.48,4.31
Pb2Pr2Pt3Li2Mg2Y,고온,6,48.23,6.0,4.08,12.42,4.86,102.52
NbLi4U3,합금,3,50.63,5.1,15.95,37.29,2.77,11.91
TeMo2,합금,2,76.15,1.7,14.14,88.34,6.71,3.81
Sm3O2CdHFe3,고온,5,46.96,1.8,3.85,4.02,13.99,87.23
FScPd3,화합물,3,120.56,1.8,6.2,22.89,14.46,12.54
O2Bi2Au4,화합물,3,142.78,4.3,7.52,21.38,12.32,13.73
Os4TeNi2,합금,3,28.75,4.2,12.16,44.75,4.89,1.52
PbSe3,수소화물,2,11.65,3.7,7.63,30.32,6.34,199.0
Er3Si3Nb2MnNaO3,고온,6,139.97,3.2,6.31,5.2,2.35,49.92
CrCa3EuCo2,고온,4,133.35,1.8,8.66,7.94,10.15,53.88
Ga2Bi3O2,화합물,3,138.37,4.2,12.43,32.18,12.03,14.91
CePrY2As2Ni2V,고온,6,115.44,3.3,6.93,9.91,14.44,62.12
RhGdPb,합금,3,36.73,5.9,12.61,144.78,12.98,19.4
Cr2,원소,1,89.43,4.0,21.69,185.63,1.42,1.48
Dy2,원소,1,37.54,2.0,3.49,109.5,1.83,8.76
Yb4Ag2,화합물,2,104.83,2.9,7.19,7.91,4.2,12.94
Mg3Co,화합물,2,118.92,4.8,12.01,15.15,3.44,12.32
Pt3CuCa,화합물,3,157.27,5.2,10.51,43.81,13.33,6.28
Ag,원소,1,199.01,1.0,12.03,294.19,7.03,0.0
Ti2Mn4SmCo2,화합물,4,80.85,3.4,12.85,44.73,11.62,5.15
Tm4Ga3,화합물,2,80.98,5.3,4.43,1.01,3.9,5.23
Cd3AlFe,화합물,3,118.21,2.9,6.76,31.28,5.77,8.7
CSDy2Nb3Tb,고온,5,120.4,3.6,7.08,8.38,11.71,156.57
F2Tm2U3,합금,3,101.17,4.4,6.5,119.89,12.68,9.81
PrWSeLi,고온,4,122.53,4.3,5.69,2.19,11.3,96.7
Tl2IrAuYb2,화합물,4,49.5,1.6,2.66,38.22,5.24,1.46
Zr3H4,합금,2,104.6,2.3,2.96,13.75,8.79,8.83
S4Th2,합금,2,111.19,2.2,9.85,148.28,13.73,0.0
Ti2AsBi,화합물,3,43.24,3.9,5.68,9.75,2.71,13.71
Sr2Co2Ir2Cu2Nd3V,고온,6,69.93,4.4,7.91,14.08,8.35,84.44
Os2Cd3Mg3,화합물,3,93.22,4.5,11.02,14.04,8.06,19.98
HfMg,합금,2,158.22,1.5,13.67,82.78,2.72,8.54
Se2Os3RbEr4Ba3,고온,5,70.44,4.7,5.38,10.25,10.33,105.66
Tb2Re,화합물,2,119.29,5.1,4.61,38.87,11.16,4.79
InCr2PtB,화합물,4,152.52,3.1,9.86,21.06,5.14,5.86
PtAsS,화합물,3,107.3,4.0,3.59,40.56,10.06,33.32
Li4Sc,합금,2,140.13,5.7,2.24,98.02,6.86,13.2
Re3W2Mn,화합물,3,91.83,5.1,11.06,41.71,10.53,22.57
MgPbTlFe,화합물,4,138.2,3.2,12.8,40.76,0.36,15.97
HGe2,수소화물,2,28.81,5.7,3.77,58.43,8.77,283.34
PrAs3Sm4Os,화합물,4,14.38,2.0,11.7,40.54,9.4,3.2
NBa3ScNb,화합물,4,16.37,2.7,7.15,34.79,6.74,2.32
Fe3DyRe4Mg3,화합물,4,47.71,5.8,8.06,48.66,9.75,7.79
NbLa2RuHg2As2Sn3,고온,6,106.04,1.8,4.73,14.33,14.86,57.58
O2Rb2H2WAgSi,고온,6,117.79,3.6,4.56,2.98,7.6,79.05
Ru3Li4,화합물,2,85.01,4.4,3.71,44.88,10.32,25.57
H2Gd4,화합물,2,135.28,4.9,11.56,8.24,7.64,47.74
YbEu2Na4Ca2,화합물,4,92.93,5.3,2.62,45.81,5.22,5.41
Yb2Ce3,화합물,2,51.39,4.7,10.85,43.24,5.33,10.57
BeRh,합금,2,55.88,5.5,8.89,98.4,10.43,6.22
K3B3,화합물,2,53.73,1.8,1.7,31.72,5.11,0.87
In3Tb4Pr4,합금,3,112.8,2.5,2.86,60.92,8.65,1.38
CuTiLi2Sc,고온,4,33.12,5.7,5.22,4.38,2.16,114.96
Sm3ZnTb2,화합물,3,46.25,6.0,8.4,45.01,1.51,10.52
K2Cr2Zn2,수소화물,3,35.19,5.4,1.98,12.19,9.53,280.76
MgW2Te4,화합물,3,154.76,5.7,13.81,25.27,12.17,6.24
U4Eu3,화합물,2,68.46,4.3,9.74,34.4,7.42,4.04
Bi4Y3Pt3Rh2,화합물,4,149.49,4.9,11.74,24.75,0.84,10.32
HgKPt,합금,3,81.57,1.5,5.41,66.85,4.69,0.0
Sr4Ho3Sc,화합물,3,87.53,3.6,5.22,1.86,13.49,22.59
Mo2Cr,합금,2,89.51,3.5,3.89,131.23,10.27,12.81
ScRb,화합물,2,97.33,5.0,7.17,20.08,13.63,15.96
Pb2Pt2TaNi2,화합물,4,126.06,2.5,11.69,12.13,9.71,15.42
Pr2VCsSnBa2S2,고온,6,138.39,4.8,8.05,3.85,1.23,82.89
RbGa2,합금,2,153.98,3.9,6.32,72.56,4.46,2.83
Cu2Mn,합금,2,163.31,5.8,14.64,58.78,11.61,9.38
Pt3TaYb4Al,화합물,4,134.9,1.8,7.58,27.58,9.45,4.64
Ce3FFeSc3,고온,4,54.01,3.8,3.4,2.45,9.15,76.07
Zr2Al4SnAs,화합물,4,46.56,3.3,11.09,12.98,11.01,8.47
WPd2Tm3P,화합물,4,14.54,3.0,13.24,38.98,3.59,5.72
Ag3Bi2Sn2Os,화합물,4,80.07,3.9,6.62,5.7,11.14,1.12
Lu4Zr,합금,2,127.18,4.6,11.98,54.68,0.81,17.85
LuY2Mo,수소화물,3,32.98,6.0,2.91,18.03,9.26,257.99
Ho4PbNbPt2,화합물,4,80.86,4.0,6.64,12.91,10.84,7.6
Mn2GdCa,화합물,3,87.85,5.6,1.86,23.39,11.29,11.09
Th2Ti4Ga,화합물,3,86.0,5.8,12.96,41.25,14.85,4.19
SmBe2Rh3,합금,3,166.54,2.2,12.16,30.56,6.93,3.63
NiHo3Y2,수소화물,3,38.44,3.3,4.75,66.81,12.71,266.19
U2Bi2,합금,2,108.14,3.0,3.15,34.88,7.84,11.56
TlEr,화합물,2,64.01,3.0,3.19,13.2,0.17,2.75
Cu3Sm2Co3,합금,3,168.22,1.8,9.61,20.92,9.57,4.18
Gd3Rh2Zn,화합물,3,56.02,4.1,4.61,6.83,13.01,7.73
Au4NRhCaGd3,고온,5,137.43,5.1,6.61,2.29,2.81,82.79
Ca2VSi2U,화합물,4,30.2,5.5,5.25,6.7,13.9,14.28
V2Cr3,화합물,2,128.57,4.6,10.5,15.66,0.11,4.64
PtNaLu2P3Mg,고온,5,123.93,3.6,3.79,9.37,11.03,42.62
Sb2,원소,1,182.61,5.0,15.18,189.71,1.3,4.96
Nb2Nd3Ge3Pd,화합물,4,133.6,2.9,7.15,21.16,10.4,6.42
Cs4Ba4,합금,2,156.31,3.6,9.12,108.28,5.56,4.14
Os3C4,수소화물,2,53.08,2.7,1.4,77.72,12.09,184.82
SrCu2K2Ir2,화합물,4,22.61,2.7,9.33,15.45,13.49,5.82
Mg3Sc2GeNdCo3,고온,5,96.66,4.4,8.47,2.99,8.75,165.82
Tb2Al2Lu2Rb3,화합물,4,34.06,3.2,13.37,14.07,11.13,2.45
NbSr3,합금,2,145.89,4.9,12.39,80.55,8.05,4.6
Pd3S,합금,2,172.59,2.6,14.08,76.54,1.63,21.22
TeNb3Tb3,화합물,3,130.15,5.8,11.75,42.64,0.75,26.78
P3Ti2,화합물,2,29.32,2.4,3.29,33.4,2.38,5.16
Rb3Gd3,합금,2,105.45,3.1,14.88,93.85,12.14,0.0
Se3,원소,1,69.18,2.0,19.13,198.97,8.27,1.0
AsSeDyLu2In2,고온,5,71.62,3.0,4.86,12.03,8.63,119.81
As2Si2,수소화물,2,16.48,4.8,3.42,10.83,14.71,241.64
LaIr3,화합물,2,14.38,1.6,1.99,16.59,10.45,23.58
F3Y2Dy,화합물,3,69.35,4.6,6.71,30.09,1.36,16.95
Lu4,원소,1,220.86,2.0,6.16,289.19,3.9,2.96
Ce2Sc2,화합물,2,93.23,3.6,8.94,38.9,6.56,38.36
Ru3Nb4Co2Ti,고온,4,70.46,5.6,7.1,12.34,0.47,145.39
SMoCa,합금,3,176.79,1.8,11.42,108.6,13.42,6.43
Li2N,합금,2,52.18,3.3,14.75,139.12,13.17,3.52
Sn2BiDySb,고온,4,32.2,4.5,3.92,13.41,12.68,114.27
EuBPd2,화합물,3,50.33,4.5,9.77,31.48,8.31,5.08
Ru2,원소,1,64.83,2.0,10.07,322.67,4.26,0.9
Li2Hg3V2Nb,화합물,4,38.5,2.0,13.48,23.92,6.66,8.26
U3Si3Tl3V3,화합물,4,73.82,3.6,10.93,35.37,1.85,4.3
LiLu,화합물,2,125.89,4.6,1.94,46.3,9.45,5.37
KReLi4GaHo2,고온,5,59.22,4.1,8.52,5.12,2.08,63.09
Pd2Cu4GaLa2Lu3,고온,5,117.51,1.7,5.09,12.17,0.14,57.55
Na3Sr2Nb,화합물,3,133.65,5.8,13.98,14.6,9.68,13.31
PNbMg2Bi2Ce,고온,5,73.18,4.0,4.19,10.78,0.38,127.22
TmNdZnIn,화합물,4,50.13,4.3,3.24,33.93,0.15,2.72
PRuBF4,고온,4,82.3,3.1,8.07,11.84,6.15,101.19
Al4Zr3,화합물,2,93.05,5.7,8.56,23.11,4.86,21.0
BU2Ta2S3,고온,4,93.76,2.9,4.7,5.63,4.81,123.87
Tm3ZrAu2Cr4Tb,고온,5,111.69,4.6,6.54,6.07,2.19,69.97
TmAs,합금,2,111.53,3.1,3.51,145.42,5.42,8.01
Y3NbPb3Bi2Gd3,고온,5,128.36,2.8,6.09,10.55,14.6,153.37
Dy2Er3Cs2MgZr2,고온,5,138.4,5.0,7.22,10.15,5.58,129.55
FIrBi3N4HgRh3,고온,6,112.28,3.0,6.83,6.11,11.61,66.16
Eu2Cs2,합금,2,117.77,2.0,9.55,46.83,6.25,5.33
YbIn2HCr2AsTb,고온,6,82.28,2.8,6.04,12.72,9.2,30.95
Gd3Er3BVSn,고온,5,101.12,2.1,4.69,10.8,6.52,68.76
Mn2Te4,화합물,2,51.36,4.9,4.31,39.09,8.99,6.63
FGdTm,수소화물,3,18.15,3.0,6.44,27.03,9.18,256.77
Th3,원소,1,99.27,2.0,12.47,62.97,6.76,3.36
ZrMg2,합금,2,20.2,5.9,6.69,137.7,2.52,9.19
Nb2Ni2WNd2,화합물,4,99.54,4.5,7.23,28.27,0.86,9.21
Rh2EuHf2,화합물,3,78.53,4.0,1.76,5.8,4.42,10.66
La2MnRe3,화합물,3,82.63,1.8,8.14,47.27,12.98,1.63
Ga4,원소,1,157.11,3.0,5.48,249.29,2.15,1.71
Rh2Sr4,수소화물,2,53.67,5.6,7.01,45.59,3.6,104.74
Bi,원소,1,136.98,5.0,4.01,146.83,7.26,7.11
GdNa4,합금,2,166.62,2.8,6.91,24.09,13.26,9.19
Tm2,원소,1,202.85,1.0,18.56,276.7,9.7,0.0
Zn3Os2K,화합물,3,124.09,5.9,10.21,19.86,3.63,6.03
LuSe4Be2CaLi,고온,5,123.49,2.1,3.05,11.27,14.53,38.48
Nb3Y4Re2,화합물,3,63.93,1.5,8.3,20.4,0.18,5.6
ReYbDy2PtZr3C4,고온,6,33.49,3.5,8.78,9.47,1.81,39.24
Ge2,원소,1,175.19,2.0,15.19,41.74,6.57,0.0
Tl3RhC3,화합물,3,147.07,4.3,13.04,30.01,9.92,2.59
FOsGe,화합물,3,141.58,5.5,2.24,36.34,13.28,15.74
Te2Bi2Er4Mn3,화합물,4,110.65,3.0,8.3,14.59,11.88,17.43
Sm,원소,1,143.9,4.0,20.68,385.17,6.67,8.24
Th2Lu,화합물,2,43.97,4.5,4.65,42.67,7.63,13.04
Mn2S4F,화합물,3,149.42,3.2,2.7,3.69,10.12,9.06
Hg3USiRe4Se3,고온,5,36.64,3.8,4.73,8.58,8.32,38.23
PdPb3,화합물,2,79.25,4.6,11.01,27.2,5.54,5.62
Hf2Rh3C2,합금,3,67.13,5.2,3.69,140.67,4.05,7.79
W4Mn2,화합물,2,144.74,1.8,2.05,37.52,9.11,6.73
Hg2Tm2,합금,2,29.68,3.8,11.29,135.33,7.54,14.37
PbTeCs2Mg2,고온,4,54.13,5.0,3.77,12.95,4.34,37.64
Se2Eu2Er2Sc4,화합물,4,154.55,4.4,12.04,14.13,2.8,10.5
LiTb3Ga2,합금,3,167.85,5.2,7.34,108.51,5.99,6.68
LuCr2,수소화물,2,26.06,4.3,6.01,34.54,8.23,292.63
Sb4La,화합물,2,33.42,3.1,11.16,12.13,11.48,14.81
H,원소,1,226.76,3.0,18.72,186.61,9.67,5.59
Mo3OTh2Li,화합물,4,134.27,5.2,9.72,6.0,2.74,9.86
Re4IrB2,합금,3,136.67,3.6,5.93,30.33,11.83,1.94
V4FeW4Sn,고온,4,39.29,1.6,5.27,8.89,14.87,45.65
Nb2W2Ir3Zn2Ru2Rh4,고온,6,107.64,5.1,3.06,11.31,12.98,142.32
Be3Al,수소화물,2,31.98,2.2,7.51,62.81,0.76,283.73
Rh2O2,화합물,2,96.89,4.3,9.35,20.7,13.41,3.04
GdK3,화합물,2,130.62,5.1,5.28,45.21,14.98,15.01
TaReCuEuEr2In2,고온,6,96.47,4.2,5.16,4.43,11.0,123.02
C2Ag4,합금,2,66.82,3.2,10.57,144.49,10.49,2.92
PGd2TiV2,화합물,4,52.92,2.5,3.92,25.48,11.04,1.21
Ce2Ir3TmOs2,화합물,4,136.14,1.7,11.46,14.03,8.71,14.39
Al2Re2Ru2,합금,3,134.24,2.8,2.36,114.88,4.81,4.6
HfRu3GdTe3,화합물,4,13.57,1.8,8.85,5.09,2.64,0.0
LiMoMnNa2Ta2Bi3,고온,6,81.73,5.0,4.52,12.69,13.41,40.38
SbEu3Sc2Ir2AlV,고온,6,71.25,1.6,7.87,2.87,14.31,61.6
NdRe,합금,2,111.31,2.7,15.42,144.54,9.89,2.9
Sn3Ag,합금,2,106.71,2.1,7.22,102.99,11.11,2.07
AgNi2Gd,합금,3,119.19,4.3,12.76,76.88,14.52,5.92
Pb3TiGe3Ni2Nb4V2,고온,6,35.94,2.5,4.94,14.76,10.31,138.04
SmHg,합금,2,133.27,1.7,6.9,149.05,6.13,0.0
Os3UIr3,화합물,3,135.25,5.5,11.39,4.27,12.27,10.74
TiSc3S,합금,3,24.63,2.1,14.95,21.32,5.12,5.86
TeAu2,화합물,2,80.45,4.0,3.67,20.31,10.49,34.23
PSnTe3,화합물,3,34.51,3.1,12.6,1.11,3.41,3.57
AuAsPrPdN,고온,5,58.72,4.3,8.95,11.49,8.95,129.46
Ir3C2Li3,합금,3,81.22,4.3,2.56,78.64,12.06,1.22
Sr3Au3V3,화합물,3,37.33,1.8,6.77,26.25,14.1,2.19
Pr2SiCd,합금,3,174.92,2.5,6.94,121.42,8.96,9.54
Na3SiOs,화합물,3,53.75,2.2,13.57,30.61,2.73,6.3
CaSiSm3Rb4O,고온,5,92.98,4.7,8.38,11.77,14.45,70.84
FeTiU2,합금,3,114.89,2.1,8.67,135.52,8.41,15.55
Ir2Te3GePr2Ni2,고온,5,99.91,5.1,7.96,2.96,4.98,36.97
Si4YbOs,화합물,3,22.37,2.4,8.05,13.91,7.15,17.32
TaSiAg,합금,3,170.43,3.8,15.6,115.64,8.37,3.0
Sc2NbGd2,화합물,3,19.1,2.8,6.12,17.04,9.67,8.28
GdU3Cr2,합금,3,78.7,2.9,14.68,34.93,4.51,8.54
COs4Au3Sn2,화합물,4,69.51,5.9,8.28,41.51,1.01,9.89
SeAu3HHfOs3B2,고온,6,87.82,2.1,8.71,3.11,3.63,88.78
KLu4Hg4,합금,3,40.19,5.3,4.52,41.21,14.79,17.08
YB3In2Cu,화합물,4,75.07,4.3,5.34,18.74,10.67,8.7
Lu3OsPdYbCrU,고온,6,126.86,1.5,5.82,6.12,14.45,104.25
ReTi2Hf3YbNa3Ru,고온,6,56.89,5.5,3.27,4.75,10.68,82.73
BeSb,화합물,2,131.54,1.6,2.15,24.19,3.19,21.61
CsZn3,수소화물,2,41.7,5.9,1.02,20.39,3.21,128.04
PtRe2Pb,화합물,3,83.63,3.3,2.0,44.59,9.87,14.19
C4H2,화합물,2,150.79,3.3,11.02,30.25,7.92,3.46
Li3Dy4CoGa2,고온,4,109.08,1.8,5.95,1.62,11.03,118.0
DyRb,화합물,2,76.19,3.3,4.2,16.39,9.4,6.58
Y2Ge2,화합물,2,138.11,5.0,2.81,24.47,10.71,32.24
Tl2Er2Pb4,화합물,3,61.01,4.3,4.94,32.67,12.2,6.14
HoPbCs2EuIr4Ta,고온,6,53.59,4.2,7.34,14.68,8.52,44.23
CoFe4N2Al,고온,4,66.73,3.6,5.89,8.66,14.94,41.85
Re3SmLuEu2,화합물,4,12.65,5.0,5.26,22.32,14.89,12.89
YbN3Sc2,화합물,3,120.05,1.7,7.68,3.13,1.42,10.84
Nd2Yb2InSb,화합물,4,14.12,3.9,4.28,10.93,0.26,11.56
Se2PdK,화합물,3,88.87,4.7,7.17,21.2,3.96,7.23
Hf2Ge4Lu2,합금,3,107.85,2.5,6.79,12.04,0.11,5.1
Zr3VBe3Hf2,고온,4,45.34,5.5,5.04,7.68,9.48,117.24
Sn2Dy,화합물,2,14.53,4.8,10.81,38.85,12.02,6.3
Si3Hg3,화합물,2,113.77,3.2,10.55,26.57,5.75,12.12
KN2,합금,2,88.43,3.0,11.19,149.98,0.17,0.0
B3Os4U,합금,3,106.46,4.2,9.89,139.54,4.67,11.55
Dy2Na2In2GaCe2C,고온,6,41.35,1.5,4.55,8.03,3.96,87.53
ZrGa3,화합물,2,55.42,3.2,10.04,11.92,6.62,8.96
CuYb,합금,2,53.9,2.6,2.31,66.32,2.32,14.4
PHB2,화합물,3,59.37,3.8,5.92,4.89,5.14,11.91
Be3ZnMn2,화합물,3,128.54,4.8,8.35,28.02,3.87,10.23
C3,원소,1,19.72,2.0,14.28,165.17,8.16,12.77
Pb3Ti4Ga4Lu3,화합물,4,72.21,5.8,6.44,35.5,10.45,33.75
PTe,화합물,2,147.32,5.3,2.23,28.28,13.98,12.5
La3CsAg,화합물,3,138.81,4.3,8.94,25.87,0.3,4.26
Al4Sr2K,화합물,3,78.58,2.5,8.6,32.56,0.86,8.03
CaP3Au2,화합물,3,144.25,1.9,9.03,0.96,2.57,8.65
TmSe,수소화물,2,26.23,3.8,5.27,11.86,13.32,197.71
B3In,화합물,2,112.17,3.5,5.15,35.39,3.2,26.89
CrHg,합금,2,61.55,5.3,10.34,5.51,13.75,7.54
YCo2,합금,2,36.66,3.4,13.86,58.35,11.49,10.5
Eu2NaAg,화합물,3,108.44,2.4,12.75,35.91,12.1,10.3
ZnY3Hf2Nd4,고온,4,127.93,4.3,4.27,7.94,4.22,148.54
CSi3,합금,2,78.85,4.7,10.58,74.45,12.49,11.68
Pr2Bi3As4Ho4,화합물,4,46.85,4.5,6.41,22.89,13.47,4.35
U3,원소,1,190.71,3.0,10.92,317.64,7.23,0.0
Rb3HgZnC2,화합물,4,85.85,4.0,3.39,30.12,0.91,7.88
AsB3Ca2CuThEr2,고온,6,42.28,2.4,4.31,10.34,14.7,95.86
LaCs4TbK,화합물,4,13.17,2.2,7.37,46.16,4.74,2.68
Ni2UN3Si3,화합물,4,155.16,4.2,7.72,18.75,6.46,6.16
ZnYb,합금,2,60.29,5.0,13.01,110.53,11.96,7.8
Pt4Sb3SiMoUF,고온,6,72.58,5.7,6.56,1.75,10.37,164.34
Cs4,원소,1,56.58,3.0,8.69,175.13,1.04,0.82
As2Sc2V3Se2Ta,고온,5,88.79,1.8,7.76,14.97,11.84,39.97
Lu2Ag2,합금,2,125.1,2.9,9.81,21.13,2.44,1.98
Y3Mg3Cs3Ag2,고온,4,55.63,2.5,8.82,2.61,6.19,52.01
SbAg2B,화합물,3,12.33,2.7,11.64,26.37,11.93,13.74
Sr2Ho3Gd,화합물,3,38.29,5.5,1.78,38.27,0.52,19.26
ScSi3Mo3Mg,화합물,4,34.3,1.6,7.34,4.01,13.3,4.33
MnScHoEr2,고온,4,94.13,4.2,8.22,7.43,7.88,91.28
GdNi4Zn,합금,3,69.56,1.8,2.13,31.85,14.09,9.51
Zr2Mg3Al3,합금,3,68.3,4.2,7.7,28.48,7.92,4.09
ReTb2Pd2Pr,화합물,4,53.32,2.9,12.8,17.49,1.54,2.96
HgBe2,합금,2,37.02,1.8,7.55,97.74,9.01,5.51
Co3Cs2,합금,2,26.56,3.1,6.8,145.47,3.07,10.24
Te2Fe3Hf4K2Rb,고온,5,61.08,4.5,3.78,4.23,2.57,40.43
OTe2Sn,수소화물,3,27.78,2.9,6.86,23.87,9.77,125.72
CeU2YBi2,화합물,4,108.52,4.1,8.22,28.25,5.99,4.86
Se2WPd2U,고온,4,60.17,3.3,7.59,3.3,4.79,128.98
U3Pd3F2C2,화합물,4,60.17,3.0,7.02,32.29,7.64,3.16
Ir2Dy,합금,2,118.22,3.3,14.27,115.52,9.69,7.3
CdHTa4Yb,화합물,4,158.27,5.4,2.68,1.6,4.96,14.22
Si3Th4Zr3,화합물,3,64.6,2.6,10.54,33.9,7.29,41.83
Rb3Pb,수소화물,2,2.38,6.0,5.39,69.84,3.88,168.81
Ag4S4In2,합금,3,104.89,5.6,7.8,114.9,2.52,10.62
B4Co2Ba,화합물,3,138.32,2.2,5.24,14.26,5.84,4.55
Mn3,원소,1,60.46,2.0,7.26,379.26,6.5,5.09
C2Zn2U3,합금,3,147.61,5.5,3.47,22.56,14.0,3.15
Na2,원소,1,201.65,3.0,6.04,362.18,7.49,6.09
PtLu,수소화물,2,44.24,2.3,6.59,18.61,8.05,116.41
U3CoTePd2,고온,4,132.27,3.6,3.85,6.25,13.73,148.23
NdC3AsBa3,고온,4,78.48,2.6,8.29,11.96,1.47,126.73
YbSe3Al,화합물,3,48.79,4.9,5.82,8.0,6.31,29.5
Lu4Tm2Ni2Pb2,화합물,4,27.91,3.9,13.57,5.84,5.35,9.6
AuPt2Mg2,합금,3,170.51,2.9,13.58,144.35,3.08,4.42
VB2Cu2,화합물,3,157.44,3.7,4.64,24.55,2.52,1.52
FeSr3Ti,화합물,3,34.21,4.1,1.7,31.2,9.57,4.64
Ba2CdTbIr,고온,4,114.16,5.0,5.65,9.13,8.55,33.91
Sm3S,화합물,2,91.82,4.1,5.56,45.22,12.94,9.63
Lu2,원소,1,136.47,4.0,20.75,79.5,4.72,0.88
Cd2,원소,1,95.05,4.0,19.06,212.27,6.29,3.6
Fe4Ta2,합금,2,56.79,2.3,5.62,108.38,8.15,6.14
LuTh3Er4,화합물,3,72.5,2.9,10.75,17.92,7.27,19.56
PrCaRuAg,고온,4,45.9,4.1,8.53,10.58,3.17,135.94
Na3Pb,화합물,2,134.45,2.8,2.15,1.9,1.17,2.04
Dy3Au3Co3CeTiHo2,고온,6,50.67,2.2,7.62,7.36,5.7,138.6
Bi4SbCs4,화합물,3,113.9,2.1,8.0,18.37,14.43,5.27
GePb4,화합물,2,159.71,4.0,7.03,6.61,9.0,11.71
CsNCu4,합금,3,87.04,2.6,3.77,10.4,13.79,3.32
Nb2PbMn3Pt4,고온,4,79.1,2.7,7.41,10.05,1.35,143.47
Sr2ZnLu4SmPd3,고온,5,89.35,3.8,6.34,8.83,8.98,165.95
Eu3Be2,합금,2,119.55,1.6,14.23,75.14,1.57,5.65
Hg4Zn2BiTa,화합물,4,11.85,1.5,8.8,47.19,8.57,1.17
PbTe,화합물,2,57.22,3.0,10.86,39.77,6.44,3.86
CuZr2Rh,화합물,3,119.41,6.0,9.75,34.77,14.56,9.46
Ni4MgZr2Na3,고온,4,62.27,3.1,5.42,8.37,6.08,156.84
Os3Al2,화합물,2,96.38,4.2,13.53,49.97,9.05,7.56
CsDyPt,화합물,3,58.49,2.1,12.34,13.96,5.42,28.88
Ce2,원소,1,25.05,4.0,3.13,271.26,5.19,5.83
Tm,원소,1,176.87,1.0,3.14,48.57,3.06,0.36
K4Re,합금,2,69.73,3.9,12.96,132.27,1.4,9.87
Te2,원소,1,200.21,2.0,13.45,6.41,5.05,0.0
H3OsLuAg3,고온,4,61.32,2.9,4.76,10.74,4.62,158.24
HgMnEuTm,화합물,4,132.59,3.0,3.14,45.74,10.2,5.47
Cs2Th2,합금,2,26.65,1.6,7.2,118.81,9.26,1.59
N3Os3Mg3Nb,고온,4,64.19,4.9,7.91,1.25,3.49,45.29
W2Mn3,합금,2,131.75,3.6,8.7,51.15,1.58,3.5
FSc4,화합물,2,22.68,5.7,13.51,44.94,8.78,7.54
Sn2Ag,합금,2,46.74,2.6,4.37,131.22,1.46,1.8
NbNa,화합물,2,117.45,4.0,7.55,49.23,3.27,17.98
S2Ir2B3,합금,3,45.06,4.5,15.17,146.24,1.67,2.34
Sr3Nd2ErH4,화합물,4,19.45,3.2,6.45,19.57,13.98,3.68
MnDyB3Er,화합물,4,153.83,4.2,2.63,8.39,9.26,11.75
Th2Hf,수소화물,2,32.58,4.3,5.22,74.06,1.0,184.24
Sn,원소,1,125.83,3.0,21.13,132.38,2.16,2.19
BiRb4,합금,2,33.31,2.9,6.89,133.11,1.82,11.16
N,원소,1,141.62,5.0,14.16,367.38,6.27,6.7
MoC3Dy,화합물,3,81.23,3.6,3.15,6.43,2.01,23.44
P,원소,1,231.67,5.0,14.8,380.89,1.45,0.0
Re2MgTi4Al,고온,4,79.83,4.0,6.81,10.41,2.77,131.35
CsMg2Co3Tb2,화합물,4,132.88,3.2,6.43,23.16,11.31,29.04
Ti4AgTe2,화합물,3,100.82,1.9,7.46,47.87,14.32,0.8
SLa2U2,화합물,3,15.87,1.6,10.36,23.62,6.76,10.32
Rh3Ca3Na2,합금,3,86.81,2.5,4.26,29.49,10.95,3.48
ScFe3,합금,2,29.73,3.7,10.58,73.91,3.35,6.55
Cd3Tm,화합물,2,77.33,1.9,3.34,34.78,5.56,3.74
Si3TbLi3,화합물,3,14.81,4.0,9.65,49.08,8.41,2.56
SBe2Dy,합금,3,109.96,2.7,3.94,138.55,5.85,9.07
EuPb4,합금,2,104.53,5.6,2.25,18.11,14.06,7.79
Rb4Sn,수소화물,2,54.07,5.8,2.26,53.32,12.48,203.24
B2,원소,1,13.5,3.0,10.73,357.43,2.6,0.07
CaAu3Cr3FeCo,고온,5,74.46,4.2,5.28,12.18,12.02,96.18
Ge3ThWZrBe4Nb4,고온,6,94.33,2.4,5.94,6.4,9.16,123.71
Cr3Au3Hf2,화합물,3,20.9,2.5,4.04,24.2,3.39,8.75
SCs2,합금,2,155.62,4.4,7.97,119.29,14.05,36.42
PPtMn,합금,3,163.14,5.7,13.51,34.49,3.8,5.56
BaS2Al2Si2,화합물,4,143.99,4.2,8.92,34.48,1.28,8.56
NdO2,화합물,2,65.27,3.3,9.21,34.15,4.76,25.79
Au2SmHg2SbH3In,고온,6,58.03,5.0,4.02,5.1,3.88,39.72
Er3Pr2NdNbSm,고온,5,40.9,5.4,4.89,3.1,9.09,47.51
DyLa3,화합물,2,155.41,3.2,8.32,35.67,9.39,9.51
Gd4Bi2,합금,2,55.18,2.9,10.78,19.43,13.22,4.37
PrCr2K4,합금,3,108.46,5.3,15.45,100.98,5.86,6.04
Sb2Er3NiHoCs,고온,5,110.68,4.9,6.39,3.01,11.16,91.28
MoHg2,합금,2,60.87,2.3,8.47,24.14,5.01,13.07
P2,원소,1,186.8,3.0,19.29,80.18,5.16,5.22
La3Cd2Cs3Li2,화합물,4,81.99,4.1,3.0,43.53,1.41,8.59
La2Mn2,화합물,2,108.76,2.9,3.15,26.7,5.75,2.96
Bi2P2HErPr2,고온,5,128.9,4.1,6.57,3.12,11.36,162.57
Au3Yb4ReU,화합물,4,79.5,5.1,5.54,32.23,0.53,9.7
B2C2Sn3,합금,3,95.04,3.5,4.16,111.45,2.28,0.0
Cd4Ru3N2Pr2,고온,4,76.28,1.9,6.54,5.06,3.88,37.85
V2Al,합금,2,74.8,5.8,11.99,144.58,7.93,10.55
Li3Na,화합물,2,30.86,4.3,13.56,23.04,13.52,22.97
Te2C2Ag,화합물,3,108.62,2.9,8.6,49.35,1.83,4.34
Ce4,원소,1,113.32,3.0,8.53,289.94,5.75,0.0
DySbZr3H2,화합물,4,123.26,2.5,3.05,1.26,2.31,2.04
LaAg3,합금,2,98.51,3.4,13.41,82.32,1.42,9.0
SiTaThC3,화합물,4,103.21,5.2,1.82,15.9,12.13,11.39
AgAs4HoSc,화합물,4,49.74,1.6,9.28,39.97,13.36,4.96
Pt4Ta2Mg3Na,고온,4,67.41,5.9,7.69,7.8,6.85,43.84
Pb3Pr3Yb4Lu,고온,4,38.24,4.6,6.78,5.04,5.99,52.34
PrMn3Zn3,합금,3,157.81,5.1,11.14,113.58,4.49,11.01
CoAl2,화합물,2,64.95,1.9,9.77,19.57,14.3,2.85
Mg2Be,화합물,2,50.57,5.9,7.25,39.9,6.44,9.02
Ga2Ho,합금,2,71.95,5.7,3.19,146.95,4.44,8.63
Ag3Cs2Te3YbCo,고온,5,75.46,2.8,8.23,14.06,1.75,118.45
HfHg2,화합물,2,51.02,5.9,11.69,7.06,12.24,7.09
U3Tl2,합금,2,149.94,4.6,10.85,111.63,9.41,13.3
TlOHo3Pd3,화합물,4,32.92,5.5,4.24,29.03,4.45,9.46
C2PrS,합금,3,66.65,2.5,10.76,24.66,13.45,5.98
HRu2HoLi2,화합물,4,25.07,3.0,7.54,35.53,7.12,28.4
Fe2InU4,합금,3,65.75,6.0,13.19,26.78,5.74,16.76
AsHoRe3,수소화물,3,25.97,3.8,1.09,30.07,11.31,136.58
SbHfScSm2RuBa2,고온,6,94.88,3.2,8.78,6.65,2.28,101.54
Hf2ScMo,화합물,3,40.68,5.2,4.42,26.4,10.35,14.19
HfGd2Ga4,화합물,3,108.34,1.6,12.91,21.6,11.41,13.2
DyMoBaPb2O2,고온,5,118.45,4.0,4.12,10.46,12.89,138.26
ErInRe2Se,화합물,4,29.44,4.9,7.13,34.22,12.08,11.59
Cd2Co,합금,2,111.65,3.3,9.55,38.31,2.89,14.42
CeNi,화합물,2,16.07,5.2,3.7,32.71,14.79,7.97
Tm4Sc3Pd2Cs2,고온,4,60.73,3.1,7.26,8.55,9.91,104.58
GdTm3Ce2,화합물,3,90.84,4.1,8.26,10.09,10.64,8.64
Cs2Mg2,화합물,2,92.91,2.8,13.64,13.05,13.39,22.87
Ag2Zr3Sm2Rb,고온,4,135.11,4.7,6.66,11.2,11.42,61.23
PrFLiU4Rh3,고온,5,126.69,3.7,8.97,7.33,9.97,35.21
ThFeSr3ErC3,고온,5,55.7,2.9,3.31,13.41,8.29,102.91
Pr3Tm2,합금,2,108.45,5.2,13.48,65.42,0.81,7.78
YGaHoRe3,화합물,4,116.99,2.4,13.68,13.02,10.4,3.71
Hg2Au3Sm2SrRe4Pt,고온,6,31.8,3.6,3.82,1.76,14.0,83.11
Gd2FePrBa4,고온,4,136.99,2.1,5.69,8.9,12.47,84.77
Te2B2Al,화합물,3,135.34,3.7,4.12,33.99,2.09,8.2
NaHoMn,합금,3,89.11,3.5,10.06,86.24,11.99,11.88
Au2Li2Si2BeBa2Gd4,고온,6,73.45,2.4,5.37,7.29,13.12,78.69
S3YbAg2,화합물,3,22.8,2.9,7.47,18.2,10.56,9.64
Hf2Li,합금,2,68.84,2.5,10.79,65.62,13.97,5.39
ZrTlAlSb3,화합물,4,97.69,6.0,5.35,27.2,13.27,8.22
HoRb2,합금,2,64.72,5.6,6.07,43.03,7.98,4.08
MgTl,화합물,2,157.54,5.8,12.7,23.33,1.01,7.86
Th2,원소,1,43.1,3.0,4.74,136.98,4.91,0.27
MgW2,화합물,2,113.27,1.9,6.69,11.31,2.45,9.5
Nd4NbLa2Lu,화합물,4,138.16,2.4,10.59,47.1,11.81,0.0
YbAu3,화합물,2,40.25,4.5,12.23,29.55,10.13,17.15
BO3Nd,화합물,3,80.65,1.6,6.08,47.52,9.38,8.39
IrMn4CrRbF,고온,5,97.19,4.4,6.89,4.39,8.48,125.62
N2H,합금,2,136.21,4.0,12.77,41.85,4.76,4.01
Pd3Si4Y3,합금,3,173.67,5.5,4.65,132.85,7.76,12.24
HTa2As4Eu,고온,4,52.9,3.0,4.16,13.55,4.73,103.45
Si4CdC,합금,3,36.71,3.8,3.35,38.18,1.26,18.95
C3Sn2,수소화물,2,30.15,3.1,5.18,53.57,0.99,190.06
Hg2YbZn3LuCu3,고온,5,68.31,5.9,7.86,7.39,11.06,108.07
OTmLa2Pr2,화합물,4,43.69,3.0,5.28,21.11,8.89,6.52
PdLu2Y2,수소화물,3,53.99,5.9,7.54,31.82,0.7,154.08
Au2Er2,합금,2,159.86,2.1,13.35,117.68,13.67,6.47
RbTh3La2Sn2,화합물,4,93.41,5.1,5.37,31.13,10.55,9.24
TaCr2S3,화합물,3,32.8,4.3,11.73,20.94,13.02,12.05
F3Nd3B3,화합물,3,123.09,2.2,4.01,39.47,2.31,6.92
AgSn2Nb2Sr,고온,4,90.7,3.9,7.6,1.74,5.3,106.04
Eu,원소,1,107.19,2.0,2.69,33.45,6.43,0.0
TiRu4MoSm2,화합물,4,121.96,3.8,1.91,32.17,14.83,14.88
RhH2,화합물,2,135.53,5.5,5.13,6.02,5.46,8.43
Na4V3Er3,화합물,3,156.07,5.8,11.81,21.67,14.8,31.02
CdN,합금,2,83.8,4.8,7.9,126.48,5.06,4.22
GaTiBi3Pd3,화합물,4,154.13,5.5,7.83,47.98,0.76,11.12
NdMgGeSc3NaTb,고온,6,42.22,3.0,3.4,5.12,14.24,75.65
Cs2W,합금,2,158.58,3.3,8.41,122.7,0.29,0.0
MgTa2H3Si4C3,고온,5,138.54,4.3,8.89,2.48,5.79,156.02
Cu3Al2,화합물,2,77.63,5.7,2.01,9.59,11.93,27.08
Ce3Er4Ge2Mo4Lu2,고온,5,130.09,3.6,7.68,4.97,7.87,139.61
Os2Se2Be2Ho,화합물,4,59.1,4.3,7.02,8.7,10.18,4.57
MgCu2,합금,2,34.0,3.3,4.6,72.38,4.25,0.0
Ir3Ag4Yb2,화합물,3,46.38,4.9,5.18,11.4,14.34,16.26
ErCd3Ta2In3,고온,4,85.87,2.5,5.22,4.43,8.96,57.38
Mg2NaB2,화합물,3,81.1,5.9,1.51,5.08,8.66,4.37
ThHNb2,수소화물,3,4.39,2.7,1.5,71.09,2.23,147.21
P3CaCo3Os2,화합물,4,109.24,2.9,11.14,5.85,1.65,22.87
Ir2Er2,합금,2,141.83,3.0,13.58,47.68,12.83,3.34
HgSb3,화합물,2,40.31,2.2,3.96,35.32,2.48,1.98
Os3Y,수소화물,2,44.84,5.1,5.59,39.72,5.63,217.59
NaAs3,화합물,2,108.75,2.8,12.02,49.08,10.09,17.21
LaSr4Mo3Y,고온,4,49.84,2.0,8.19,2.58,9.15,153.1
Sm2Ti3BiSn3Yb3,고온,5,54.78,4.8,7.12,10.38,5.66,59.45
LaTi3C3Cs3,화합물,4,98.45,3.6,6.77,28.96,3.78,7.91
Se2Pb3,합금,2,37.09,5.1,8.24,46.11,3.73,9.33
P2Li3H3,화합물,3,127.54,4.9,8.0,42.39,12.94,9.43
GaSnBe,화합물,3,19.09,4.1,7.04,47.4,9.9,14.24
HgNaBe4Ba3,고온,4,79.84,4.1,8.44,14.48,11.75,124.36
O4B2Fe,화합물,3,60.27,2.1,8.93,36.17,2.32,3.54
PdSn2Mo4,화합물,3,144.45,5.7,11.12,33.13,10.52,22.22
LaMg2Gd2Ru3K3Pt,고온,6,118.86,2.4,3.13,14.59,6.42,83.2
ReAs4C2,화합물,3,140.55,2.0,13.58,17.69,6.46,7.12
Te2Pd3Ni2,화합물,3,46.85,4.7,9.81,48.95,9.18,15.87
Tm2CdK2,화합물,3,81.35,5.9,5.83,32.75,9.19,21.46
PdU3Pr2Tl,화합물,4,98.18,4.8,3.37,49.18,12.5,13.31
SmK2Sb,화합물,3,84.25,5.7,5.23,5.64,8.44,14.4
Y4InRbAl2,고온,4,85.53,4.5,4.91,7.52,14.46,102.56
Co2Rb4Cd,화합물,3,31.72,4.2,12.94,34.02,9.65,8.85
B2ORh3,화합물,3,143.02,2.0,5.67,19.36,8.96,9.97
As4Hg4,화합물,2,86.51,4.7,11.2,44.16,12.07,19.26
Ir3S4Tm3,합금,3,29.73,5.8,6.93,121.39,8.31,8.32
Eu2Dy2,합금,2,60.37,3.6,12.29,133.04,14.29,2.95
ErZr2SNb4,고온,4,56.97,4.5,4.87,12.71,12.62,74.58
Pd2Sr2,화합물,2,22.16,3.5,12.94,32.03,8.18,34.47
VF2Ba2,화합물,3,16.47,5.0,2.7,39.9,7.52,8.28
Ta3PrSe,화합물,3,78.5,4.9,9.9,49.66,11.61,7.4
Lu3,원소,1,110.83,5.0,15.79,149.8,7.91,6.17
CoRb,화합물,2,86.39,5.8,3.91,9.32,1.87,31.05
Pd2TeN2,화합물,3,48.88,3.0,10.71,1.31,12.33,4.74
SeZn2Ni3,화합물,3,106.8,3.2,9.31,38.2,8.75,24.45
CrHgSe2,화합물,3,67.57,1.7,4.48,17.44,12.9,11.41
Be3RbTb2,합금,3,165.71,2.8,12.23,83.84,7.08,14.47
Pb3Na2Zr2,합금,3,170.76,3.0,13.46,37.33,8.32,3.9
Tm3Al,수소화물,2,31.99,2.2,1.31,25.43,11.42,117.09
S2GeZn2,화합물,3,28.05,5.2,2.95,27.18,10.29,7.39
Pb3Se3,화합물,2,134.69,2.1,7.81,17.62,4.27,34.11
Ba,원소,1,226.42,3.0,12.52,354.84,3.85,5.28
B,원소,1,68.07,5.0,8.59,193.62,5.94,3.43
C3BiRh,화합물,3,10.99,5.0,4.06,4.36,4.19,11.98
Mo3AgZnP2,화합물,4,123.61,4.6,12.35,25.55,5.27,10.28
Bi3MgTi,화합물,3,125.03,5.5,3.44,32.61,2.73,9.52
PbY4O4,합금,3,162.56,4.4,12.92,12.37,9.81,6.63
CuH3Yb2Ir2Er,고온,5,56.4,5.6,6.13,6.99,13.02,45.15
ThMn2,합금,2,140.61,3.2,7.44,66.46,1.98,11.42
PtP3,합금,2,86.5,1.5,7.3,15.39,6.43,0.27
HLaPd3,화합물,3,157.44,2.0,7.05,36.27,11.2,6.73
Ba3Se,화합물,2,120.91,1.9,4.81,10.28,9.04,10.51
Mg4Tb3Al,합금,3,133.35,3.5,6.14,126.56,11.33,6.84
TaSmDy4,화합물,3,93.93,3.2,4.08,23.48,2.87,6.01
Tb4Ge2H2,화합물,3,88.43,2.4,5.26,33.07,10.92,7.64
CeLi2PtFeTe3Na,고온,6,67.67,3.0,4.69,6.29,1.57,106.78
CaAs2Tl,화합물,3,84.96,4.9,10.61,27.98,4.47,6.07
Li4,원소,1,10.49,5.0,11.3,97.63,7.78,9.06
GdRh2,합금,2,65.17,4.8,9.15,8.9,5.87,3.55
Pt3PRh4,수소화물,3,24.0,5.0,5.82,50.98,13.93,290.72
Eu4Au2Si3Ag,화합물,4,129.45,5.5,9.56,32.52,10.3,6.68
SHoZn2,화합물,3,42.96,4.2,11.03,47.78,10.59,4.51
Co,원소,1,91.15,3.0,3.96,384.61,5.79,0.0
Co3Pd2,화합물,2,127.3,2.1,1.93,41.23,6.77,1.19
Cu2,원소,1,137.69,1.0,18.54,204.97,1.39,0.0
LaCdPr2,화합물,3,126.41,1.7,1.95,15.3,2.48,1.71
PrHoLuBe2Tm4,고온,5,121.07,2.1,6.23,9.4,13.62,161.44
OsU2,수소화물,2,11.61,4.5,6.5,62.58,5.26,122.04
Co2NbIn3F3,화합물,4,28.22,3.8,4.55,7.98,2.71,1.7
C4Sb,화합물,2,41.17,1.6,7.76,14.07,9.46,17.64
CrSeYTlAg3,고온,5,92.74,1.7,3.45,1.53,7.1,156.44
Pd3GaO,화합물,3,144.82,2.6,13.3,7.65,13.94,0.0
Mn2,원소,1,191.73,3.0,9.85,182.67,4.26,1.92
Cs2Y,화합물,2,100.49,5.1,2.67,34.57,8.28,24.05
Cd3N,합금,2,56.21,3.9,6.45,81.31,5.93,12.84
Na2In4,화합물,2,52.17,5.5,11.28,20.51,7.61,6.32
Th3CaTa2Sn2,화합물,4,66.41,3.6,8.56,15.11,3.61,3.25
Ru4Tm2Sn,화합물,3,59.96,3.4,9.5,33.61,4.78,5.25
Cd3H2Tb2Yb3,화합물,4,124.62,4.4,5.27,22.36,6.21,8.13
Ir3Pd3,합금,2,33.81,4.1,6.6,44.02,10.94,5.9
Cd2Ag4,화합물,2,120.67,2.5,10.28,4.45,1.08,3.28
Hg4P2Mo2Al3,고온,4,75.43,3.7,7.51,7.67,13.29,115.25
Fe3Pr2Ho2Cs2,화합물,4,113.03,5.4,5.0,14.67,2.57,12.04
FNiHo3,화합물,3,23.15,3.1,5.11,24.96,8.78,0.91
EuBiHgCu2,고온,4,130.51,1.7,7.68,14.84,3.28,98.32
CePrPbIn2,고온,4,76.38,5.7,8.56,2.8,1.95,136.85
NaSb2,합금,2,97.75,4.7,13.77,32.52,5.47,19.71
Mg2,원소,1,178.51,1.0,21.03,40.97,6.29,5.6
Zr2CeRe3BiGa4W3,고온,6,34.28,6.0,4.54,13.53,8.21,126.7
Al2Ho2Zr2H3,고온,4,78.81,3.6,4.17,10.79,7.67,98.91
Li3Hg,수소화물,2,58.82,3.7,4.72,74.63,0.25,168.59
Ru2HLuTl2Sb2,고온,5,119.91,4.3,4.05,3.19,1.11,67.6
Ge2In3Mn3Se,화합물,4,87.9,4.0,2.74,45.66,0.43,3.91
NNb4F2Eu,화합물,4,71.03,2.4,13.68,11.45,1.2,2.92
Eu2,원소,1,183.16,2.0,5.92,185.18,9.14,1.04
Sr2Ir,합금,2,173.41,3.4,12.54,78.95,2.82,7.65
Ca2SeS,화합물,3,116.92,3.3,4.2,39.95,1.42,4.66
Cu3Cd,화합물,2,120.77,5.3,6.04,11.55,8.87,9.29
La4Pb2Te4,화합물,3,37.31,4.9,12.17,16.05,7.28,4.59
Zn2BaNi3Ce,고온,4,69.23,2.1,5.62,1.81,2.05,127.07
Pr3Ce2,합금,2,155.17,4.7,15.79,18.92,4.97,16.08
Se3As3TeCe3,화합물,4,131.46,4.4,3.51,1.76,2.17,16.51
MgSiH,합금,3,67.18,3.3,9.18,130.66,2.24,9.56
NdLiB,화합물,3,19.81,5.9,13.58,38.53,6.82,20.23
P2H2HoGe2,고온,4,98.35,5.7,7.87,13.75,2.94,129.83
AuCe3,화합물,2,64.01,3.9,6.94,20.19,5.84,7.87
TbPb4,수소화물,2,25.71,3.5,1.64,45.88,3.83,208.49
HgRe2Sr2,합금,3,91.5,1.9,9.45,128.87,8.02,5.23
Eu3C2Na3Nb,화합물,4,59.49,1.9,2.72,21.23,5.69,3.83
OsB3Hf2Na2,화합물,4,140.92,4.9,6.37,25.28,12.39,8.43
Nb3SiTe4,화합물,3,131.24,4.0,12.37,46.49,14.46,6.2
Nd3Ca2Pr2Mg4In4Er,고온,6,93.09,3.9,7.71,6.95,4.14,100.84
Tb2Sb4,화합물,2,141.04,4.1,2.23,16.82,4.23,24.74
Y2LuRbOs3Tl2O3,고온,6,131.33,3.6,8.5,9.92,14.9,138.47
SiBa3In,합금,3,148.39,1.7,8.82,90.72,12.33,1.86
TiMn3EuYb,고온,4,108.03,5.5,4.39,1.22,10.36,131.26
W2,원소,1,34.76,2.0,21.07,57.55,2.57,4.48
Li3Sr3Cr4Dy4Sn3,고온,5,86.42,5.1,7.33,12.32,0.23,69.7
AuSb2,화합물,2,105.98,5.5,6.23,43.74,10.91,4.38
Pt3SeTe4,화합물,3,96.95,5.2,10.44,15.71,1.06,0.0
Er3HgTa3,화합물,3,109.51,5.2,6.31,7.82,2.64,6.21
NaTi2K2C3FeMo2,고온,6,35.36,4.2,4.9,14.81,12.99,161.83
Li2,원소,1,173.37,4.0,6.26,148.8,4.28,6.15
Ru3Pr2,화합물,2,131.66,3.2,6.2,1.58,1.47,26.27
Fe2TmHo2C4Li4,고온,5,44.71,5.3,3.65,1.18,9.4,115.14
B3C,화합물,2,120.41,4.2,13.17,36.46,8.06,12.74
PtAg4,합금,2,57.12,3.9,8.57,12.79,6.34,13.41
Er4HfSr2,화합물,3,121.98,3.6,13.8,9.21,7.29,21.77
VFe3,화합물,2,37.5,2.6,6.98,30.23,3.9,5.73
Cr2Ru3Hg2Zn4SiLu3,고온,6,101.74,5.4,5.36,2.69,7.99,102.28
Ir4KTa2RbF,고온,5,43.58,1.9,8.29,12.35,5.54,154.43
Fe3TlHf4Nb,화합물,4,111.42,2.3,1.68,46.62,5.88,1.65
Mg2Lu,수소화물,2,52.51,2.6,2.54,13.75,2.53,178.72
Rh4Al3Hg2,화합물,3,127.69,5.7,10.07,27.0,0.46,15.76
Sb4,원소,1,133.71,4.0,9.08,180.85,8.04,7.32
Au2Pd3Sn,합금,3,175.79,2.8,4.23,102.92,1.96,5.6
U2Yb2C2,화합물,3,156.5,5.4,10.75,46.46,3.16,22.86
FSm,합금,2,117.15,4.0,3.01,37.36,4.03,6.96
VIr3Au2LuOs,고온,5,50.31,2.8,4.96,3.42,6.41,154.53
Er2H3Ni3Se3,고온,4,138.87,4.5,6.51,3.4,6.82,78.74
Rb2HfH2,합금,3,102.23,2.6,11.33,106.0,11.27,4.6
Yb2Ga3O2,화합물,3,33.62,2.3,3.76,17.92,5.1,30.05
Ge2Zr,화합물,2,94.16,2.7,1.52,12.78,0.71,3.29
CoSnScBEu2,고온,5,109.5,2.2,5.85,3.17,4.02,120.31
CrDyMgHg4,고온,4,32.17,2.9,7.87,12.28,0.91,47.12
NbAgU2Pd4,화합물,4,153.76,5.5,11.11,47.38,12.41,13.97
RhAs2Cd2CeCo,고온,5,35.25,2.1,5.47,7.71,11.5,73.65
AlNi2As,화합물,3,61.21,3.4,6.16,39.64,2.65,21.06
Fe2PbPd3,화합물,3,18.27,4.7,11.42,31.71,8.54,5.16
AlSc,합금,2,144.31,4.4,10.97,140.99,9.27,14.13
Mo4MnSm,합금,3,62.46,5.3,3.42,13.9,10.67,10.58
MoHo,화합물,2,82.49,3.1,4.51,43.97,13.47,1.71
VK4,합금,2,134.25,4.0,5.09,35.51,5.36,8.23
Tm3,원소,1,137.51,3.0,18.34,339.42,7.6,0.0
Ag3Ba2,화합물,2,34.15,4.6,10.21,16.12,7.0,21.45
Sr2,원소,1,85.66,4.0,7.45,399.41,8.6,0.0
Cr2U2KCo2,화합물,4,52.38,2.7,13.33,43.42,2.32,9.52
B3Er3In3,화합물,3,150.2,2.6,9.44,31.39,3.22,3.6
Cd2O2,수소화물,2,35.33,4.2,6.68,74.13,1.2,115.64
TaLaY2,화합물,3,32.91,4.6,9.11,40.8,13.3,11.04
Bi,원소,1,61.89,3.0,20.18,301.73,8.17,10.99
Au4NdCdN2,화합물,4,159.8,4.7,9.58,48.87,8.13,6.77
Dy2Re3Rb3BTm3,고온,5,101.52,3.1,3.91,7.91,14.31,112.13
Pt2SCs,수소화물,3,48.41,2.7,4.05,74.5,8.27,207.03
Ni2Os3,화합물,2,119.75,1.8,10.63,43.39,12.39,16.24
Fe4AgOs3,화합물,3,109.45,5.9,6.6,19.3,4.8,19.77
Sc3Ta3Mg3Cu4,고온,4,69.04,4.8,3.39,13.2,5.84,51.7
Rh3H2,합금,2,136.15,3.0,12.71,59.84,4.9,6.15
PdNd4,화합물,2,89.36,4.9,8.94,38.53,8.34,6.92
C4DyLa3,화합물,3,89.81,4.7,3.48,14.26,3.99,12.05
Os,원소,1,40.32,3.0,12.51,190.95,3.38,6.62
ReTh2Zn2Nd,화합물,4,118.12,5.9,4.15,4.79,10.06,7.6
TiPb,합금,2,43.34,5.4,12.66,136.02,10.16,13.92
Sb4K4,화합물,2,68.65,3.5,6.66,9.7,14.2,4.72
In3S2TlMn2W2Eu3,고온,6,95.42,5.4,5.85,3.94,14.55,117.44
TeRe,합금,2,69.1,5.2,12.4,101.17,2.64,1.83
KRuSCs4BTb4,고온,6,98.44,5.9,7.83,12.01,13.24,137.14
P2,원소,1,229.07,2.0,5.2,253.21,1.41,4.54
Rh4Ni2,화합물,2,42.02,4.0,13.42,3.79,7.47,5.47
Mg,원소,1,74.31,5.0,5.69,295.38,4.23,2.85
CoF3YbPt,고온,4,108.62,2.1,7.0,7.1,0.66,117.68
Co4CsP2AgHoCu4,고온,6,77.38,1.8,4.3,1.02,2.31,122.92
Ti3MgOYb2,화합물,4,11.43,3.5,5.39,34.86,1.38,6.93
Hg2Sn2AuB3Se,고온,5,125.12,5.4,8.46,4.86,1.85,35.87
SiCu3,화합물,2,149.47,5.3,10.62,34.59,2.13,23.33
SMn,수소화물,2,45.37,3.9,5.32,78.68,9.11,101.71
Rb2N3V4Pb,화합물,4,101.19,5.4,10.61,6.01,2.57,10.1
MnPr3Dy2Si3P,고온,5,86.42,5.2,3.73,9.06,1.04,122.57
EuAl3Se3,화합물,3,62.52,3.4,8.31,44.53,13.81,10.82
F2Cr3Au,합금,3,116.78,5.7,6.02,63.35,1.21,8.66
Ga2Lu2Ag2Co3,화합물,4,11.15,3.2,11.91,1.92,3.87,13.39
BaPAu2,합금,3,99.45,5.0,6.55,60.35,11.04,6.15
Ni4Sc2H,화합물,3,42.36,5.3,1.97,24.88,13.13,11.04
YbCa3,화합물,2,74.27,4.5,10.65,12.76,6.57,12.5
MgYb2Fe2,화합물,3,144.31,3.8,4.62,19.67,10.11,3.6
Lu3,원소,1,75.33,4.0,20.28,119.67,5.77,2.9
CsNiV2,합금,3,74.88,2.3,14.3,81.71,12.45,2.41
Ag2Pb2Cs,화합물,3,43.46,4.2,3.5,15.46,7.04,14.6
Fe2Lu4,수소화물,2,42.61,2.0,3.62,64.83,12.66,196.0
Nd4Lu2,화합물,2,107.32,1.8,9.65,41.92,6.57,7.96
TmW3,화합물,2,135.47,5.2,8.32,18.47,7.2,12.32
HfGa,화합물,2,122.86,4.5,8.3,17.57,10.12,7.07
MnO2Th2Pd3,화합물,4,22.41,4.2,12.63,1.73,12.87,21.07
BiNi3SeK2,화합물,4,141.83,5.6,12.53,45.35,4.69,13.77
Ge3SnPr,화합물,3,47.6,2.6,12.03,3.63,13.24,3.33
O4Ge4,합금,2,64.08,2.5,9.2,136.19,11.15,4.84
ReRbBe4,수소화물,3,8.44,5.9,4.95,59.82,1.08,113.56
Tl4EuBe,합금,3,126.58,4.3,15.61,93.35,8.76,14.94
HoAu4Mn2,화합물,3,54.84,4.5,3.56,36.33,13.65,5.73
Er4,원소,1,16.01,4.0,10.39,10.62,4.9,6.48
HfTh2,합금,2,101.4,2.2,13.89,80.09,1.9,1.3
Th4FeZnLi2,고온,4,57.93,2.8,8.24,4.05,6.96,111.0
Sb4K3,합금,2,148.2,4.2,15.87,133.83,10.04,7.76
Co2HfSb,합금,3,126.44,2.8,11.91,103.65,7.38,1.73
TlZnNi2Ce3,화합물,4,38.11,4.6,8.06,35.98,4.99,10.76
Fe3,원소,1,159.05,4.0,5.98,184.04,9.51,3.34
GaTb2,합금,2,118.62,1.8,4.19,115.2,5.44,0.0
Th2Al3Mo3AgBe2,고온,5,103.88,5.9,8.39,2.52,5.51,51.21
F2U2TaBaRe4,고온,5,42.69,5.1,4.87,10.08,10.18,54.58
Bi3B2Lu2ZnDy2Pd,고온,6,52.79,3.9,4.46,11.83,5.74,77.33
Ti2PtLiNa,고온,4,73.08,3.9,3.92,7.01,6.54,108.68
Ce2OsN,화합물,3,80.51,3.3,1.98,42.62,4.52,3.17
Si3,원소,1,234.84,5.0,12.09,247.85,6.23,0.0
Mo2C2Ca2W3Hf3Nb,고온,6,32.71,3.2,8.19,13.93,11.52,125.71
IrHf3Sm2Sr2Tm4,고온,5,89.13,5.3,4.65,12.82,5.67,37.6
OsNi2Re3Ca,고온,4,49.81,5.8,8.66,9.29,13.29,66.49
AgW3Au3Te4,화합물,4,118.98,2.3,5.51,17.3,13.77,18.06
Co2Ca3,합금,2,34.37,2.5,8.13,36.28,6.56,12.91
ZrSbCBi2Mo3Nb,고온,6,134.05,4.9,8.79,10.02,14.36,118.48
Ga2TaCoAg2,화합물,4,42.51,2.9,6.53,29.76,14.58,11.88
DyBaK,수소화물,3,20.32,4.5,5.67,78.87,7.85,280.25
Ti2HgCd4,합금,3,163.49,4.2,3.72,51.0,9.46,6.32
Cs4MnPt2,합금,3,168.84,3.1,4.61,80.8,5.62,6.45
SmRh2Ta,합금,3,46.1,2.1,4.85,34.56,0.5,11.01
W2CaH4Sc4CeTh,고온,6,114.91,2.3,8.21,1.23,1.37,94.23
SmHg2,합금,2,28.88,5.1,14.46,48.23,9.4,14.46
Al,원소,1,93.76,2.0,4.52,38.2,8.52,0.0
Cs3Si2,수소화물,2,54.3,5.0,3.15,13.66,12.55,229.53
Ce2,원소,1,203.36,1.0,21.27,97.57,1.35,13.27
Cu4YbN3Mg4Sn,고온,5,126.39,3.7,3.26,14.77,14.43,120.82
AlErRe,화합물,3,49.81,3.7,5.04,36.48,9.18,5.87
Sn2GeLaCsRb,고온,5,42.08,4.5,4.08,2.89,1.76,114.82
Ho3VEuBi2,화합물,4,44.21,5.0,9.71,49.34,1.4,8.06
Er3Ir2Rh3In3AgTa2,고온,6,114.72,2.3,4.34,3.88,0.46,28.43
Ni2Ta2Tm3GeMo2Ca3,고온,6,63.17,1.6,4.16,7.53,9.66,88.63
Sm,원소,1,9.51,3.0,5.72,109.65,1.45,1.64
H2,원소,1,101.23,5.0,6.44,15.45,7.21,5.92
Mn2CoSr,합금,3,141.75,1.9,3.82,64.66,0.13,4.13
Yb2KPr2Co3,화합물,4,14.98,4.3,11.31,49.81,0.56,12.23
Ta2B3Sm2Tb,고온,4,138.41,4.5,5.13,14.59,11.73,47.87
Au3NdMn,화합물,3,22.61,3.5,5.68,10.31,13.41,6.82
RbTi,화합물,2,24.85,2.8,1.88,20.57,11.53,6.65
Si3Cs3,합금,2,132.04,1.8,5.88,118.9,10.18,10.38
Sr3Eu3Tl3Te2Dy3,고온,5,61.33,2.8,5.26,2.62,12.62,54.85
Fe3Sn2,수소화물,2,7.15,3.5,4.92,42.96,14.18,127.81
HoCs2,합금,2,154.89,1.8,4.9,12.84,12.64,0.0
NdPt,화합물,2,137.18,5.0,5.0,38.48,7.19,6.26
Li2Ga2,합금,2,94.94,2.8,3.76,90.78,12.27,17.82
ZnBi,화합물,2,56.81,3.6,8.93,17.43,10.68,7.76
Cu2Sc2Mn4,화합물,3,118.58,2.0,12.43,38.73,2.17,12.07
NCaLi3,합금,3,31.28,5.9,3.6,115.67,8.63,12.58
Bi2Y,화합물,2,48.49,4.6,10.8,9.0,2.92,16.01
YHf,화합물,2,84.86,1.6,2.51,1.84,2.67,14.57
Cs3Sm3Bi2Lu2,화합물,4,18.14,3.7,11.54,21.52,7.01,4.74
CsHN3Os2,화합물,4,34.61,3.3,3.76,4.55,6.55,4.61
La2,원소,1,85.04,5.0,13.1,241.68,3.59,1.86
Er3Na3HB3AlCs3,고온,6,59.09,4.6,4.35,10.22,9.31,100.61
Tl2Ca2As,화합물,3,18.34,2.1,5.61,12.31,4.21,5.29
H2HfRe2,화합물,3,154.52,3.8,11.09,36.5,1.4,5.8
Y2,원소,1,156.83,2.0,6.44,118.27,8.37,2.37
PrCeV2Te3,고온,4,51.54,4.8,4.7,6.9,6.37,58.94
Re2Fe,수소화물,2,42.9,2.3,6.23,50.17,3.14,266.72
As3Na3Si,합금,3,152.42,4.4,12.16,61.96,1.85,12.67
Ti3TmGe2,화합물,3,100.69,4.2,4.74,36.56,3.45,2.98
RbPdRu2,합금,3,92.23,4.5,7.56,36.58,9.04,5.97
O3In4Be2,화합물,3,151.57,4.1,6.59,31.13,6.32,8.73
TbAl2,합금,2,174.5,4.5,2.38,27.37,11.91,5.88
BiYb4BaTb3,화합물,4,37.92,1.9,2.49,11.02,4.97,3.51
ThLi3,화합물,2,31.51,5.3,7.41,21.7,2.72,15.44
Mn3NaCa2Ba3,화합물,4,109.13,2.5,9.74,6.76,7.99,21.17
Rb3FeK,화합물,3,61.0,3.6,3.06,49.43,9.78,20.1
Nd2Sc2Te,화합물,3,89.64,5.4,7.21,24.81,14.09,43.98
La2Sn2Be,화합물,3,77.64,2.8,7.4,38.25,6.83,34.32
Ir4,원소,1,25.83,5.0,1.01,76.33,4.58,5.22
Mg3,원소,1,74.61,5.0,16.53,120.08,6.86,8.71
Mg2Tb2BaHo3,고온,4,88.39,4.2,7.59,12.75,10.45,150.61
Mg,원소,1,132.65,2.0,6.41,96.6,2.66,3.67
Ge3Hf3Y2Cr,화합물,4,66.77,1.9,9.89,3.16,11.71,5.16
PrRu2Hf2GaZnK,고온,6,76.28,4.3,4.15,1.47,12.04,132.75
Pb3PdAu,합금,3,80.64,2.7,13.73,29.55,1.12,0.0
EuAlTl3,화합물,3,108.97,5.5,3.87,5.3,14.83,11.62
Hg2Sc2Tm2,화합물,3,126.83,5.5,5.4,31.76,13.73,9.97
Th4HgSb2Hf,고온,4,58.85,4.7,3.91,3.17,6.56,64.62
Pd2Pb2Pr2OCa2,고온,5,131.75,5.2,4.03,11.88,13.55,154.31
WU2IrN3,고온,4,130.27,2.5,8.34,7.13,6.94,110.29
Nb4In,합금,2,67.87,2.4,13.61,42.3,10.23,4.85
Zr3Se4Rh3,화합물,3,127.79,4.2,11.96,43.12,4.86,12.37
Ca3LuIr3,화합물,3,155.74,1.6,13.26,28.01,9.22,4.5
TmAu2Ag3N2,화합물,4,88.02,5.0,7.88,45.58,3.21,1.59
Li,원소,1,198.42,3.0,17.16,359.68,3.89,12.03
HgPt3,합금,2,124.96,3.8,3.32,43.71,14.69,10.44
GeTi4NaLiPb,고온,5,87.38,4.0,5.78,8.73,12.31,129.57
TeTmW2Dy3,화합물,4,22.55,4.5,6.46,8.72,7.35,9.7
AuPr,화합물,2,14.26,2.1,10.12,6.88,10.3,2.71
Sm4Zn3Sn4,화합물,3,13.0,2.5,8.28,19.35,6.59,17.28
Gd2CaCErH3Mn4,고온,6,87.47,2.9,3.66,1.71,7.53,96.51
U2C2Zr2Gd,고온,4,55.81,5.3,8.24,8.04,12.43,50.38
Rb2O,합금,2,125.05,2.8,2.73,119.11,7.04,19.84
C2Tm2,합금,2,119.71,5.9,5.77,40.77,9.22,14.42
Ca4Sc,합금,2,61.15,3.1,4.35,8.59,11.38,0.0
Hf2VCr2YbBa3,고온,5,127.72,2.0,7.86,7.18,12.54,48.0
Hg4Sc3,화합물,2,117.88,2.1,10.82,26.52,10.25,18.77
Tb3Ni2,화합물,2,38.38,5.5,11.18,44.63,9.11,9.69
ErBiHf,화합물,3,76.77,3.5,5.81,34.12,14.43,7.1
RuBa4,화합물,2,62.98,3.3,8.38,30.17,6.12,9.74
Ba2Os2AuCu2H,고온,5,74.68,5.5,5.98,4.61,11.2,151.77
Eu3Pr,화합물,2,98.31,3.6,10.93,30.82,11.57,13.43
Sc3Rb,합금,2,136.8,4.9,13.48,146.15,7.45,12.02
ZnAuLu2,합금,3,58.45,3.3,6.92,146.93,8.99,3.98
Zr4CSe3,화합물,3,97.05,5.5,3.46,11.59,10.25,20.25
Rh2DyBaAgSm3K,고온,6,136.01,5.8,3.06,9.43,11.25,129.17
ErDy3Tb3Cu,화합물,4,141.99,5.6,8.61,19.75,4.77,20.53
Te2S2Al2InGe4Nb,고온,6,108.47,2.0,4.42,3.18,12.83,117.26
Li3K4DyHg,고온,4,139.94,4.2,7.25,14.2,13.22,114.95
Be2Bi2,합금,2,174.31,3.2,13.1,148.48,6.43,5.34
Lu,원소,1,223.18,4.0,15.15,324.9,1.85,1.29
YO,합금,2,156.17,1.7,2.38,38.14,7.68,6.91
NS,화합물,2,135.72,5.8,6.9,8.27,4.09,20.17
B2Cr4,합금,2,59.05,4.6,9.57,10.55,4.46,13.43
YHoGd3Th3,화합물,4,70.38,5.9,12.79,48.13,5.21,12.33
Nb4Ce4AlDy3,화합물,4,36.21,1.8,4.07,19.33,13.13,7.58
Mg2Sn3K2Tl2,화합물,4,42.3,5.7,12.74,46.51,8.3,13.52
Gd3Mo2Rb,합금,3,78.05,3.7,12.3,13.79,0.23,6.4
SnAl3Yb,화합물,3,20.42,4.1,8.34,21.66,1.48,3.86
Ho3Na2Hf2,화합물,3,65.16,3.8,9.6,6.85,14.42,5.26
Eu2W3TeCd4,화합물,4,105.07,4.0,10.64,20.45,13.75,7.14
CdCsVW4,고온,4,96.39,5.5,4.37,7.52,3.1,166.47
OsCe4,합금,2,136.36,4.1,4.07,86.28,13.6,2.22
Ge4Cu4Li3TlPr4,고온,5,118.21,5.8,5.45,2.9,8.71,119.15
Dy2Ir3U,화합물,3,45.14,5.4,7.08,34.23,0.12,7.86
F2Fe3Hf3,화합물,3,124.5,4.5,2.75,18.91,5.8,3.97
O3BaCd2Ru,화합물,4,73.67,3.9,10.4,44.7,0.15,10.3
CoGa2Sb2,화합물,3,27.35,1.8,9.14,13.43,11.66,4.41
ThRh4,합금,2,108.58,5.2,15.78,108.54,4.52,13.03
Zr3Ga3CuTl4,화합물,4,126.71,1.9,10.12,33.92,12.58,0.0
Eu2Fe2,화합물,2,104.7,1.7,6.58,23.6,14.61,3.25
Cd2Ta2,화합물,2,59.74,3.8,1.67,3.48,10.39,12.59
Nb2SbBe4,화합물,3,133.36,5.2,4.38,24.75,3.38,6.54
Ir2WBi2EuFTl,고온,6,89.44,1.5,4.41,9.25,8.88,128.9
IrAg,화합물,2,16.87,5.5,9.57,15.26,14.72,5.61
NdC3Tb2,합금,3,22.08,1.7,15.44,130.11,11.62,4.15
N2Co3Sn4,화합물,3,114.21,4.3,6.47,35.21,11.24,8.48
Ga2Sb2IrGd2,고온,4,46.45,3.5,4.96,5.46,0.85,137.05
As2Ta4FeH2,고온,4,91.26,3.7,8.53,11.05,6.67,37.56
ZrIn,화합물,2,21.49,4.2,11.7,27.93,10.82,10.68
Be3Os2RuLa2Ag2Sc,고온,6,40.44,4.8,8.46,12.78,10.94,158.7
VHo,합금,2,91.83,4.3,6.69,61.78,13.65,3.18
GaNd,화합물,2,87.62,2.8,1.9,4.82,7.45,8.39
Ga2SiAu2NiH2Y3,고온,6,98.11,4.2,8.45,13.33,7.06,42.6
Se3N2K4U2Cr2,고온,5,64.23,5.9,7.78,5.7,4.43,101.46
PPr3V,화합물,3,86.03,3.6,6.2,47.71,1.63,15.95
C3RhLi2Os2Lu2,고온,5,33.17,1.8,6.65,4.47,5.03,145.83
OAs2Cu,합금,3,67.39,5.9,8.05,31.94,11.43,4.65
TmTe4Cs2Zn4Ir3,고온,5,70.76,2.0,5.16,4.62,1.76,35.77
Sn3CeTeCa4,화합물,4,70.41,1.9,6.72,12.58,6.72,2.33
RuLu3,합금,2,120.16,1.9,6.9,13.17,8.71,20.46
PN4In3,합금,3,162.49,4.5,4.19,91.86,13.8,0.68
K2V3Ho2,화합물,3,85.71,1.7,13.27,37.34,3.07,5.55
SeTe,합금,2,179.45,5.6,13.86,34.67,4.41,13.92
Sr4LaPb3,화합물,3,88.99,5.4,1.72,27.43,2.68,8.67
Ba3CeEr,합금,3,39.11,3.2,4.82,95.76,7.54,6.93
Ni2ZnN,화합물,3,58.71,3.8,9.02,42.44,6.6,5.74
Te2Sm,화합물,2,25.16,3.6,5.3,36.53,3.35,9.57
YbFeMg4,화합물,3,61.56,1.7,10.65,43.54,13.03,11.14
Tl2Se,화합물,2,143.44,4.2,8.32,27.29,14.54,9.97
Tl4S2TiBeRe2,고온,5,92.17,3.2,5.27,1.3,3.61,137.6
PdCr2Ag2SMg,고온,5,134.53,1.5,3.5,5.14,8.16,37.67
AsUS2Hf2,고온,4,52.19,3.4,7.7,10.84,6.71,68.89
KAu3Al2,화합물,3,159.06,3.2,2.37,35.43,11.3,7.43
Yb3In2PbGd3Fe2Y2,고온,6,133.24,3.1,3.25,14.11,9.18,88.52
RhPr,합금,2,72.68,3.9,2.93,122.25,1.25,7.74
HgGe2,합금,2,147.28,3.5,2.57,83.22,1.95,9.85
Ag3Cu2Y2Pt,화합물,4,82.43,4.0,9.36,8.11,6.71,16.34
NaHf2RhEr2,고온,4,34.28,5.6,3.41,14.04,7.35,91.12
Rh2Nd2Cs4,합금,3,34.16,3.1,12.25,113.57,3.14,2.87
Nd2,원소,1,232.01,3.0,10.24,225.58,9.24,0.38
GdSe,합금,2,115.34,4.0,11.08,85.67,9.78,7.64
Hg3MoScOs,고온,4,45.51,4.7,8.44,5.23,14.86,33.46
GePbB4,화합물,3,75.1,2.6,9.65,35.38,3.98,2.49
As2Y3,합금,2,74.56,3.0,8.18,143.46,5.01,0.1
Ge3TlCoEr2,화합물,4,31.03,2.1,2.98,38.99,7.32,3.42
Fe2La,화합물,2,112.26,5.8,2.2,47.12,11.91,7.23
In2NbV3,화합물,3,105.02,3.9,2.41,43.15,8.74,12.76
SrGa3,합금,2,35.3,4.4,12.28,149.08,8.36,5.06
Ge3CaLuSrK3,고온,5,57.9,4.2,7.13,8.1,13.24,129.56
W2Ce,화합물,2,50.5,3.5,8.08,32.64,6.0,3.19
CuZr,화합물,2,112.26,1.7,10.38,46.36,13.1,4.12
B4,원소,1,65.65,2.0,1.48,140.27,8.22,0.0
H2Na4Pr3,화합물,3,150.57,5.0,4.03,33.37,13.08,6.53
RbIr2GdSi,화합물,4,117.02,2.7,4.28,28.45,4.58,4.84
Na3Si4Ce4P2,화합물,4,117.43,5.9,10.31,35.15,2.73,14.99
Al,원소,1,195.81,3.0,9.23,329.91,8.23,9.63
OsThRh2Hg2AlFe3,고온,6,58.15,4.9,3.56,12.46,4.03,131.07
Ag2PtF,합금,3,107.78,3.7,4.83,53.18,2.38,7.92
V3Dy2Hg2,화합물,3,51.5,2.8,5.13,26.39,4.17,6.39
Tm4DyBe3Mn2,고온,4,99.38,5.0,6.5,4.88,8.25,157.01
Re4HgPd2B,화합물,4,127.99,2.6,12.7,27.69,2.75,0.0
PdFe4Gd2Sn,고온,4,94.25,4.4,3.82,8.93,12.84,110.54
BiCs2Ir3,화합물,3,94.39,4.3,5.51,14.47,3.94,4.7
Yb4B,화합물,2,84.45,3.2,2.12,49.79,3.97,1.52
Na2Pd2CCa2Ni3Te,고온,6,56.63,2.0,3.2,3.72,5.49,46.27
Nb2InNd3Fe,화합물,4,83.09,2.0,5.11,30.74,13.88,8.13
Tb3TmBa,화합물,3,137.35,2.3,9.88,32.71,12.36,31.18
F4Sn3CsO3TlH,고온,6,112.79,6.0,6.57,9.2,10.56,90.37
Mo4EuNdY2,화합물,4,31.44,3.8,10.82,18.85,7.07,6.35
Cr4Ag2Sr4,화합물,3,48.05,5.1,4.41,15.71,14.09,11.89
Mn3Ba2BeAu2,화합물,4,145.89,3.6,9.94,28.74,2.79,3.38
PrRhAg4Yb3C,고온,5,109.22,4.9,7.5,6.03,9.21,118.92
Re3SCH2,고온,4,97.2,5.1,5.87,8.93,14.62,50.1
Ir3Sm3Os,화합물,3,82.77,5.7,2.26,43.68,13.02,16.33
Nd3FeS4,화합물,3,104.56,5.7,1.85,46.91,6.27,3.73
ErHo3AgCrYb2,고온,5,75.32,2.3,6.88,3.96,13.77,148.81
TbBi4Pd,합금,3,38.74,3.2,4.4,99.34,1.41,14.87
ZnOs,합금,2,138.7,5.7,9.74,27.69,14.34,12.31
GdFNi2,화합물,3,149.29,1.7,1.74,38.61,2.78,18.18
NdLiTm2AsSe2,고온,5,128.72,2.3,5.64,14.42,12.4,28.58
Se2HoCrGe2Ta2Co,고온,6,138.24,4.5,3.15,14.93,2.61,54.63
ErPb2,화합물,2,68.18,4.7,12.23,44.56,8.43,42.55
Tb4Mo3Se,합금,3,60.56,5.6,7.89,56.73,4.76,14.28
Fe3Pd4Mg,화합물,3,24.04,3.1,11.66,29.67,1.3,11.06
Mo2Pt2,합금,2,176.37,2.8,7.24,70.28,0.92,10.24
Cu2B2Pt2,화합물,3,103.98,3.0,10.26,26.03,14.26,11.81
K2BaTeRe2Pt,고온,5,114.13,5.5,6.43,1.97,11.1,29.14
Pd2,원소,1,17.4,2.0,14.51,28.14,5.99,3.4
LuK2AlZr2Hf4,고온,5,80.63,2.1,3.31,6.44,8.35,146.46
Mn3NaTeNb,화합물,4,14.47,2.1,5.79,27.19,10.97,5.41
Ba2H2,화합물,2,122.37,2.6,3.25,43.37,5.69,15.91
HoMg2,합금,2,64.26,5.3,7.89,51.96,1.64,8.04
FeIr,화합물,2,55.18,3.5,5.05,29.7,5.34,14.25
PdNd4,합금,2,103.99,5.9,13.51,18.8,9.86,9.05
Ca3B3,수소화물,2,1.11,5.8,5.81,40.1,6.41,167.18
Cr3ErSeSb3,고온,4,93.39,4.8,6.83,5.66,7.48,43.06
AgS2O3As,화합물,4,56.05,3.7,2.81,46.38,4.33,8.27
Ho3Pd4P,합금,3,107.74,2.6,3.13,53.4,8.85,0.0
Au2Sn2B2Ni,고온,4,36.93,5.5,7.35,12.85,9.25,56.3
ScGd4Lu,화합물,3,106.06,5.1,11.66,2.53,8.01,8.5
C3Ce2,합금,2,44.97,3.4,12.48,130.03,8.19,15.69
Pr2Ca,화합물,2,18.39,1.7,3.36,47.18,0.63,11.39
MnYb2NdCrS,고온,5,43.14,4.0,8.42,10.53,13.33,72.14
Pd2,원소,1,136.78,2.0,8.59,209.88,8.53,6.83
CsOs,합금,2,161.15,5.6,7.24,126.75,12.63,6.88
Ir2Hf3W3Sc3Cd2,고온,5,63.14,4.7,5.59,11.33,2.95,79.83
AsOsCr,합금,3,120.24,5.9,6.32,44.36,5.85,10.94
Hf3Dy2,합금,2,69.88,3.4,14.98,16.33,14.3,6.24
MgRhBaBi3,화합물,4,53.24,3.4,7.37,7.75,4.12,12.31
UN3Al2Mg,고온,4,84.32,2.8,3.38,4.13,5.96,60.12
F3HfPb2,화합물,3,148.45,3.2,5.12,46.59,12.21,3.01
Se4Ag3,수소화물,2,46.13,2.9,5.64,38.27,14.81,129.39
PrNd2Te,화합물,3,18.37,3.3,11.05,5.74,0.21,4.62
Al4,원소,1,219.5,4.0,6.46,90.78,7.83,1.02
Gd4Ti,수소화물,2,9.48,2.5,6.53,28.15,0.72,280.85
SbPb3Y4Au,화합물,4,157.36,5.5,8.79,0.51,1.96,17.27
Ti2U,화합물,2,104.37,2.9,9.86,12.42,7.56,8.97
TiP,화합물,2,33.15,5.5,13.21,49.57,6.98,13.71
Eu4Hf3Ni4Fe2,화합물,4,27.87,4.0,6.25,36.09,7.05,28.14
Os2Tb3,합금,2,147.28,1.9,14.9,118.35,9.1,0.73
Zn3,원소,1,169.69,3.0,14.27,139.13,2.05,5.36
IrAg,화합물,2,127.0,2.2,7.05,23.99,6.05,16.43
BCe4Ca2Na4,고온,4,43.72,5.4,8.8,12.19,5.56,135.88
Gd3Er4Sc,화합물,3,91.52,4.4,8.89,18.6,10.35,29.0
Pb3Mo2,수소화물,2,15.76,5.4,3.17,45.96,13.95,172.1
NiNb2B2,화합물,3,129.46,6.0,2.99,47.77,2.68,23.08
ThZnSm4Se,화합물,4,30.47,1.9,4.11,37.5,1.64,5.32
VBeZr,합금,3,85.35,5.7,2.53,100.66,7.36,3.09
Cr3S3Sb,합금,3,127.5,3.3,3.59,112.94,10.67,2.23
F3KYb3,화합물,3,154.74,5.0,1.57,41.85,6.81,10.51
P3Tb3Te2Li,고온,4,137.05,2.6,8.65,11.37,2.8,144.71
ZnU2FeHo3,고온,4,32.48,5.7,6.31,10.21,3.58,72.79
Ir2Mn,수소화물,2,28.52,3.0,4.03,26.3,9.82,196.59
NRb2Nd,합금,3,161.5,2.7,5.34,112.77,1.12,2.65
Tm2AuCuCeV2,고온,5,54.42,3.0,8.64,11.8,11.89,90.9
Eu2Ho2GeTe2,화합물,4,85.82,4.9,2.66,1.72,14.72,4.87
Ir3La2,합금,2,145.8,4.3,4.11,39.7,9.71,5.46
As3La2F2Au,고온,4,111.19,5.9,4.2,3.57,14.85,74.23
Fe2Hf3Os,화합물,3,103.65,2.2,13.39,45.18,6.43,13.38
RuZrMg,합금,3,105.53,2.6,9.06,106.46,13.58,3.83
DyS2Ti2,화합물,3,79.94,2.9,4.01,21.0,14.92,18.09
Ga3SOSn2,화합물,4,48.27,5.9,13.96,28.4,12.79,7.83
AuLuPd2Co3,고온,4,74.81,2.6,7.11,4.4,13.01,162.69
Os2Na3Pd2Cs,화합물,4,81.13,3.4,8.96,6.73,7.95,1.58
K2Ce,수소화물,2,48.9,5.4,1.41,7.49,4.9,166.83
Au3,원소,1,195.98,5.0,6.77,367.15,6.82,6.42
Yb3ScNb,화합물,3,33.16,2.5,12.91,34.65,6.53,3.08
GaSi3Re4,화합물,3,155.3,4.1,9.4,5.09,12.47,24.83
Pb2Au,화합물,2,31.9,4.3,2.59,49.84,12.65,24.99
FeNi4,화합물,2,31.72,5.4,7.66,27.91,1.74,17.52
Nb4Os3Rh,화합물,3,149.36,4.9,6.38,29.51,11.93,21.72
KHfLi3W,고온,4,80.09,4.9,6.45,9.91,1.84,109.65
W3UY3OsP3,고온,5,78.75,2.4,5.94,14.06,4.39,80.31
RbCu3Ta3Tm4AgTh,고온,6,57.0,4.3,4.43,8.65,6.86,71.67
Bi2Os2As2Cr3,고온,4,90.42,2.2,5.47,2.31,13.28,90.1
La2TaTm3,화합물,3,101.2,3.8,11.96,5.84,1.91,7.98
Mn3Ti2Re2Ru3,고온,4,93.99,4.6,6.7,14.55,2.59,163.22
AgAu2Cr3,화합물,3,159.68,5.0,3.2,26.53,13.01,11.8
Na3V3Lu2,화합물,3,74.18,4.1,6.07,17.75,6.78,16.01
BFePd3Be2,화합물,4,39.74,4.2,11.19,11.02,4.16,5.98
HAs2,화합물,2,70.52,3.2,4.72,34.83,5.54,0.91
U3Ca4Cd2Pt3,화합물,4,122.29,5.4,8.13,28.48,1.45,7.3
KBa,수소화물,2,28.32,3.6,3.61,11.98,14.58,197.45
VNb3K4W2,화합물,4,83.57,5.4,8.16,35.74,7.38,20.48
LaFe,합금,2,43.93,5.3,8.2,147.39,13.64,8.12
PdSbEr,화합물,3,155.93,4.0,8.38,45.38,6.41,17.98
Cd3,원소,1,173.02,2.0,13.09,66.03,10.0,0.0
Th3As2Gd,합금,3,85.99,5.5,2.86,83.8,6.32,6.91
Nb4Sr2,합금,2,95.45,3.2,2.96,54.4,10.74,0.35
NaC,화합물,2,91.56,4.0,5.85,7.78,14.85,12.27
Ba2BZn2,화합물,3,54.01,2.6,9.49,7.96,10.73,3.09
LaEr4Cs4CoAu3,고온,5,116.83,3.9,4.41,3.39,13.99,150.61
N2Yb2EuP2Be3Hg2,고온,6,86.38,3.4,4.86,7.03,12.59,84.12
SnDy,화합물,2,18.8,2.5,5.61,14.49,2.33,17.86
ZrTh2Nb3,화합물,3,155.86,5.1,11.32,25.21,10.01,21.01
KGa,화합물,2,141.41,5.4,6.08,25.04,13.71,9.86
Fe3Ti2W3CrHo,고온,5,107.38,5.5,7.29,4.93,0.15,109.65
Mg4,원소,1,152.56,4.0,21.3,329.38,8.41,7.34
K2,원소,1,135.3,4.0,9.76,348.87,1.13,8.39
F2Tb4Mg3NiFe3,고온,5,83.55,2.7,5.16,8.44,1.47,104.0
AsMgS2,화합물,3,147.27,2.4,6.38,39.85,2.62,19.27
LaBi2,합금,2,158.79,5.7,12.16,45.29,6.77,9.07
TmBeN,합금,3,119.01,4.0,4.47,51.37,7.5,5.74
H2PFHfS,고온,5,108.31,3.5,4.35,2.83,9.33,82.62
Be3AlHg4Ce2Cs4Y,고온,6,92.4,3.7,7.52,9.99,6.99,78.6
Lu2Ga3Tm,화합물,3,107.69,3.3,2.32,43.29,14.64,4.2
Bi4BH4Ir,화합물,4,141.15,5.2,13.71,49.74,9.45,7.9
Ag2N4CaCo3,화합물,4,145.76,1.6,11.76,16.21,1.5,10.71
Bi3Be4,수소화물,2,20.53,4.3,7.43,21.48,5.5,187.85
W3OsSe,수소화물,3,15.17,5.2,3.45,20.52,3.3,241.74
Au3Al2U2,합금,3,110.68,1.8,13.91,95.4,10.11,3.97
Cs2Gd2SbC2Tl2Al,고온,6,43.39,2.2,7.41,8.65,13.84,135.79
LuPt2La2,합금,3,141.44,1.8,12.29,32.72,13.57,12.45
WNa3,합금,2,63.0,1.5,8.05,99.03,11.23,1.43
TbDyV,화합물,3,158.14,4.7,2.36,42.4,14.79,8.63
Ba2Cr2,화합물,2,29.74,1.8,2.09,49.45,8.24,2.87
Zn2CeCoYb3Sc,고온,5,75.2,2.5,3.59,8.12,3.89,89.23
As4Sm2,합금,2,61.97,6.0,6.77,122.56,2.08,5.73
CuScS2,화합물,3,99.62,3.8,3.64,36.66,2.68,7.72
Ir3CaNSm4Ho4,고온,5,83.77,2.1,3.84,9.38,7.83,93.78
AuSPr2PSc2Nd3,고온,6,43.82,2.2,8.9,1.42,4.83,83.83
Zn2Fe3,합금,2,132.25,1.9,13.78,140.11,6.77,7.41
HoRuZn2,화합물,3,71.42,1.9,2.81,34.57,10.27,7.32
GePb2,화합물,2,118.64,5.0,11.72,15.57,9.57,11.26
Re3Na2,합금,2,150.18,2.3,12.33,126.01,3.18,5.24
AsHg4,수소화물,2,24.98,1.7,2.49,78.95,8.15,112.61
Li4InSe2ReW2,고온,5,91.66,4.6,7.75,8.36,7.61,63.7
Cd2Hf,합금,2,39.77,4.9,2.6,128.24,4.76,7.98
Sc2GaN3,합금,3,123.08,4.3,8.59,145.25,9.78,5.48
Lu3Ti3,합금,2,95.16,1.5,13.16,8.59,3.94,0.0
IrErTlRe2Ga2Pt3,고온,6,100.75,2.9,8.52,7.27,8.47,50.66
As4C,합금,2,29.38,2.1,4.54,92.48,13.2,13.06
Si2V,화합물,2,72.74,5.0,1.7,16.56,1.1,12.07
TeONbGd,화합물,4,88.93,4.1,5.93,8.1,8.17,6.18
Nd3Se2Ti3,화합물,3,90.99,2.7,4.11,8.41,14.54,1.71
Sr,원소,1,87.92,2.0,21.1,333.53,7.22,4.1
AgPt2Co,합금,3,58.09,4.6,4.77,140.14,3.84,7.06
Lu4Sm2Se3Ta3Zn2,고온,5,106.16,2.2,5.04,1.8,6.73,137.81
AuMo4OsS3BiCr,고온,6,39.54,2.8,4.2,3.28,10.63,77.18
Ba2OGeNi,고온,4,85.16,2.8,8.57,3.44,13.43,156.4
Zr4,원소,1,207.53,3.0,15.76,44.66,3.04,0.76
Ga2B4P3,화합물,3,33.28,2.3,3.88,0.79,0.75,0.0
Si4TiH,화합물,3,66.67,1.5,1.75,28.59,1.56,6.73
Sc2Er3,합금,2,124.36,4.5,8.04,103.15,13.57,34.77
Sm2C3Pr3Ge,고온,4,115.92,4.4,3.85,11.98,4.64,43.6
Ni2Tm4Sb4P,화합물,4,62.55,3.9,12.56,47.38,1.56,7.01
Fe2,원소,1,135.43,3.0,20.22,329.48,1.74,5.19
WNd2TaIn,고온,4,74.08,3.7,4.44,1.95,1.03,83.08
ThTi2,수소화물,2,8.39,5.1,5.25,72.02,4.59,193.57
Lu,원소,1,193.17,2.0,19.53,20.26,2.15,5.02
Ca2F4H2S,화합물,4,105.56,1.8,10.56,6.56,12.0,0.0
CoTaBiPt,화합물,4,146.69,4.4,3.58,5.95,11.24,11.34
Cu2Mo4Mn,화합물,3,81.39,3.3,10.93,29.28,2.45,11.65
GaLu2,합금,2,48.03,4.0,5.02,42.82,3.14,6.32
CoV4BiPb2,화합물,4,79.96,2.2,8.25,31.9,11.93,4.13
NbAl3,수소화물,2,57.91,4.5,3.29,14.6,6.36,152.33
Cu2Ti2,화합물,2,115.86,2.4,5.9,14.44,10.68,13.88
Cs2Al2,합금,2,115.27,1.8,12.54,51.42,11.64,6.2
Hf2Li,화합물,2,137.26,2.2,3.28,21.81,8.78,16.91
OLa2Mo2W2,화합물,4,112.11,4.9,4.45,17.39,13.39,5.69
Ag2GaZnZrAs2,고온,5,65.46,4.6,8.44,7.54,14.55,129.91
AgH,화합물,2,68.15,2.5,4.58,41.44,0.88,0.5
OsBe,합금,2,26.9,3.7,4.49,23.75,0.15,7.52
Ir2Sr,합금,2,154.55,2.9,5.89,117.14,3.1,4.94
Cs3B2Ir2Ni2,고온,4,59.86,2.7,3.94,5.9,9.59,163.55
Pt3Nb,합금,2,162.59,2.5,2.93,18.78,13.08,3.57
Se3Pt2ReTb2F3Al,고온,6,111.98,3.9,8.88,2.79,10.6,164.37
Os2Tb2Mg2,합금,3,45.1,1.9,12.42,82.69,2.91,0.5
LiMo2,화합물,2,33.32,4.6,8.69,48.19,0.99,2.9
SmV,화합물,2,121.69,1.5,8.34,11.83,9.76,1.44
V4Sr3Ho3Mg,고온,4,108.41,2.9,8.35,10.76,4.28,81.25
MoBi3TlH3,고온,4,55.89,3.4,3.08,12.25,14.41,161.16
Na2Ho3Ce2,합금,3,41.17,1.9,8.43,80.33,3.42,0.0
Os2Pr2As,화합물,3,58.87,3.7,11.43,13.76,4.66,11.57
FPb3,합금,2,47.49,4.7,12.02,90.3,13.88,6.18
Tb2MgS4Cs2,화합물,4,155.66,5.4,6.72,30.23,7.82,22.29
S3Ce4,화합물,2,22.05,3.8,9.04,9.49,10.75,21.48
Cu3HGd2Dy2FW3,고온,6,127.96,5.6,4.08,4.37,3.13,84.16
FePr2PbHf2O4,고온,5,64.85,4.5,4.57,2.13,14.22,145.85
In2Y4,화합물,2,36.92,4.3,7.77,24.71,5.2,8.35
CeY2Hf2,화합물,3,54.92,5.1,1.56,40.02,12.52,14.09
Tl2Te3Sb3LaNbAg,고온,6,94.53,4.7,6.43,14.24,8.61,113.38
Ir2Ge2In2SmAl,고온,5,31.56,4.1,4.73,12.24,4.11,32.17
Ti,원소,1,47.39,5.0,2.03,170.96,2.8,7.89
CrTi3Sn4B2,화합물,4,11.19,1.9,4.81,16.1,13.01,1.84
Yb3Nd2Ba,화합물,3,48.32,4.3,9.92,5.15,13.31,10.36
FeHf4,합금,2,141.59,4.7,2.55,110.23,2.37,5.38
Ce2ErW3,합금,3,21.31,1.7,6.17,29.31,0.46,7.79
Eu3,원소,1,214.92,1.0,6.79,370.38,8.6,0.79
U4Se4Pr3,화합물,3,78.57,3.5,4.13,33.35,11.86,8.8
W2TmRe2,합금,3,120.83,5.6,3.36,14.5,3.36,3.77
Gd,원소,1,143.01,2.0,10.07,357.04,5.47,0.0
ZrPd2,합금,2,37.53,4.1,3.34,83.38,0.93,4.41
Mo2NaGe3C3Gd3Pd,고온,6,104.47,2.7,7.89,13.1,12.49,106.14
CeK2RbHg,고온,4,72.78,2.0,6.25,2.73,5.2,103.07
Cd2Ho2,화합물,2,124.56,4.4,4.86,6.23,1.12,0.9
La2U2Al,화합물,3,128.12,1.8,4.5,20.84,14.4,2.98
CaFSi,수소화물,3,14.19,5.4,7.04,16.38,4.2,198.97
Ce2Te3Hg,합금,3,170.3,3.8,6.65,131.43,13.52,2.3
Ge3AgCs4,합금,3,115.35,4.1,14.38,143.94,9.73,7.24
La3MnZn,화합물,3,76.18,4.0,11.23,10.98,13.02,4.86
F4Bi3,합금,2,54.74,5.1,4.35,125.32,4.71,12.42
GdYbSn3,화합물,3,112.91,1.8,4.2,11.08,12.77,3.83
Sb3Ag2Y2Ga2,고온,4,124.12,5.6,6.42,13.05,13.03,61.67
LaFU3,화합물,3,58.16,2.3,3.0,26.08,8.27,6.46
FeMnGd4Co,화합물,4,118.43,1.8,12.75,37.25,5.17,6.5
ReH2Pb3Tl2Th,고온,5,108.19,3.4,7.24,1.88,9.59,73.67
O2,원소,1,17.81,5.0,10.37,135.02,2.11,4.94
Pd2Th2,합금,2,114.36,2.9,7.12,85.69,14.8,7.11
Th4Er,화합물,2,141.0,1.8,6.02,47.32,7.08,8.27
BC3Pd2,화합물,3,109.56,3.3,6.69,18.98,1.88,12.78
F2,원소,1,225.88,3.0,9.86,355.79,9.64,0.09
W2F2FeRb2,화합물,4,71.33,4.4,3.63,29.12,13.6,27.21
S2Te,화합물,2,26.84,2.0,5.67,15.57,1.78,16.98
Sn4PbAl,화합물,3,110.63,4.0,12.64,2.15,10.56,16.43
Sm2MnHgNd3,화합물,4,117.15,3.1,13.04,19.77,6.31,25.76
Ga3V2N4,화합물,3,139.7,3.0,3.71,19.12,1.36,13.2
YbAg2,합금,2,91.95,4.2,6.58,90.01,12.85,8.36
Hf2TmNb,화합물,3,132.66,1.7,2.27,30.95,3.81,6.05
Al4W2,합금,2,100.43,2.9,2.78,53.14,2.71,5.7
SiTh3Sc2Dy,고온,4,42.97,4.2,7.39,12.69,3.74,106.12
HgB,화합물,2,38.49,4.7,12.09,1.34,7.32,9.92
Zn2AuS2Zr2,화합물,4,46.2,3.6,12.01,42.19,7.38,3.05
OsZr4Co3Ce,고온,4,110.87,6.0,5.79,9.76,7.63,64.33
SGa,화합물,2,35.14,4.7,10.75,31.92,9.44,3.5
TiTh4Mg,화합물,3,41.43,5.9,6.78,37.3,8.04,17.69
AsNb2Na3Er2Gd2,고온,5,61.48,4.6,4.76,12.73,10.26,107.53
La2GeS4V2,고온,4,109.9,5.0,6.08,13.87,14.31,107.26
Nd4Be3S3F,화합물,4,19.77,4.9,12.41,18.17,14.25,5.74
Zn2,원소,1,118.5,3.0,3.06,391.42,3.5,1.33
Sm2S,화합물,2,68.96,5.2,10.55,30.62,13.09,2.71
Al3P3ThNbMo2K,고온,6,105.25,3.9,8.93,9.8,8.3,119.86
Sc2IrSr3,합금,3,179.64,1.9,6.63,103.97,5.03,8.52
PrCa3,합금,2,80.77,2.3,15.97,141.81,10.19,1.74
Te2ZrBaF3Mg3Rh,고온,6,124.22,2.4,4.94,8.07,12.14,55.48
La,원소,1,150.51,1.0,10.01,230.16,7.59,0.74
Tl3BeNa3C3,고온,4,100.43,3.1,7.44,8.18,1.48,58.25
SeRe2Ga3,화합물,3,29.55,2.0,4.84,25.98,12.52,10.74
U2CReNb3,화합물,4,29.98,1.8,1.76,3.45,11.57,2.51
Er4,원소,1,138.72,3.0,10.15,182.7,6.79,3.26
BaMn3Th2IrGeC,고온,6,81.99,5.4,3.07,2.26,13.99,67.79
Mg2Na3,화합물,2,14.04,5.4,3.93,19.48,11.6,8.82
V3Ag3Mn3,화합물,3,16.94,2.8,9.82,40.93,15.0,11.65
Si3OsV4,화합물,3,158.57,3.8,11.02,9.71,4.26,20.46
Au2RuCs2Ho2,화합물,4,56.65,5.7,12.9,6.78,12.47,19.05
Ti2P,수소화물,2,54.02,2.0,1.03,60.81,5.59,224.78
Co2Re2Ta2Mg4,화합물,4,24.23,4.3,12.02,8.06,10.38,33.09
As3Tb3Rh2Ho2,화합물,4,77.42,3.1,14.0,45.14,13.49,3.69
MnAs2,수소화물,2,56.37,1.9,6.2,73.36,8.0,127.28
U2Fe3Y4Co2,화합물,4,126.04,2.9,8.3,2.02,1.81,2.91
Cu4Ni3Dy,화합물,3,141.27,3.6,9.94,30.75,4.19,23.69
Ho3Ir2,합금,2,167.4,5.3,2.02,72.54,0.56,0.87
Re3Nb3CaEuSrLu2,고온,6,79.52,3.3,4.19,13.55,12.82,85.07
BiHf4Pb3Tm,화합물,4,45.06,4.2,11.46,12.99,1.22,7.32
Ba2Rb2O,화합물,3,66.21,4.5,5.35,11.8,6.74,5.5
Bi2DyGaCd,화합물,4,30.17,4.7,10.99,37.32,7.71,11.42
Si3La2,합금,2,125.6,3.2,14.74,143.72,12.58,4.02
GeSi2W,화합물,3,29.75,5.0,5.67,25.54,14.34,4.45
Ru,원소,1,215.42,3.0,7.6,355.56,1.42,0.12
FeTbTe2Y3,화합물,4,56.0,5.3,3.66,46.73,9.55,10.45
Gd4Ta2Ba3,화합물,3,109.96,3.1,7.21,49.38,12.77,25.44
Co3F4Cs,화합물,3,81.02,4.7,10.02,38.79,6.85,8.73
AgIr2Li3SrV2,고온,5,104.09,5.6,4.23,11.73,12.19,130.83
Nd2Ge2Ho2Sb2V3Al3,고온,6,131.43,3.1,4.49,2.31,12.54,157.74
Pd2F3HfMgEu3,고온,5,74.83,4.9,3.51,9.61,10.45,139.36
Pr,원소,1,98.3,3.0,13.68,317.09,2.66,0.53
WZr,합금,2,79.56,1.7,4.21,22.21,14.29,0.0
Ni2Er2Dy4H,화합물,4,125.05,4.9,11.66,49.86,7.54,24.37
Eu4Os4GaU3C4,고온,5,97.73,5.1,3.43,5.31,4.63,133.45
Ga3MnWMg4Zr2Er2,고온,6,75.13,3.7,3.21,4.65,9.7,166.7
Sb4S3ScGd4Os2N3,고온,6,117.0,4.0,7.45,13.71,10.01,89.78
WBi4,화합물,2,18.1,1.7,12.55,11.86,10.62,15.07
B2Tm2Se2,화합물,3,65.22,4.4,2.99,37.63,2.16,15.01
Ca2WAsSr,화합물,4,45.74,2.2,1.86,39.26,3.08,6.01
Zr4InRb4,합금,3,45.47,6.0,14.37,52.26,5.75,5.18
Mg3,원소,1,159.19,2.0,11.86,366.07,6.94,1.82
F3TaRuNdBa4,고온,5,58.77,2.7,6.69,13.12,4.04,91.14
Tb2Nd2,합금,2,170.57,3.7,13.75,15.48,1.99,13.99
SrCo,합금,2,155.11,3.4,7.01,54.3,1.13,18.7
Ga3Zn4,합금,2,46.28,3.1,8.43,10.52,2.83,1.34
Ba3SeGd3U2,고온,4,110.68,2.9,3.28,12.73,14.16,76.64
NMg4,화합물,2,47.46,2.0,3.74,27.03,6.15,26.55
YCeC3Co2,화합물,4,97.67,2.7,3.35,45.79,8.79,17.01
LaGdTmKZn2,고온,5,107.76,1.8,3.28,5.67,14.8,158.38
Na3Pd3Rb2,화합물,3,32.99,2.1,10.72,32.13,11.13,4.52
Si3F4Ag3Dy4,화합물,4,148.89,3.7,6.08,16.03,4.62,29.19
C3,원소,1,53.6,4.0,3.49,244.7,7.12,4.85
TbZnEr2,합금,3,51.06,4.2,8.89,34.33,10.13,2.32
Bi2LaY2CdB4,고온,5,68.77,3.3,6.08,9.77,7.79,103.3
Cr4CdNd3Cu,고온,4,128.14,1.9,5.24,8.33,9.6,117.72
H2Sb3Nd3Cu,화합물,4,77.26,3.5,6.04,26.29,3.1,7.81
Hg2Co2Zn3Nd,화합물,4,156.5,2.7,7.28,11.63,9.77,14.85
MoGa2,화합물,2,35.48,4.3,2.57,13.62,2.8,5.84
La2,원소,1,78.53,2.0,4.12,383.66,3.64,3.39
Os2Cr3,합금,2,37.36,4.9,5.08,49.98,6.0,6.26
In3Sc3Os2,합금,3,31.54,2.8,15.8,56.42,3.36,4.7
KTb,합금,2,96.13,3.3,10.95,144.28,4.58,1.27
Te2Si2Os3Mo3,고온,4,39.63,4.5,5.01,7.64,3.82,129.37
Os3Tb,합금,2,127.14,2.5,8.69,122.08,9.98,6.37
LiNb3V2,합금,3,34.11,1.8,10.27,77.07,14.79,30.14
O2Co,화합물,2,98.17,4.4,12.75,3.39,11.3,17.77
AuZn3Na2Pr2Ca3Ti3,고온,6,43.97,3.7,4.84,5.46,10.54,143.09
S3DyTe4,합금,3,40.37,1.7,13.82,36.33,9.92,2.89
Pr2,원소,1,230.98,1.0,14.59,181.27,5.15,2.23
Ce2Tb2,화합물,2,103.89,2.6,5.98,41.07,9.11,16.36
LiMo2Au2Yb,고온,4,69.82,2.4,3.07,8.53,0.97,35.14
SbIr2,화합물,2,90.24,3.3,4.43,30.98,1.89,8.36
Re2FeHSrPd,고온,5,66.14,4.0,3.84,11.43,11.56,127.26
Zn2Ce2,수소화물,2,45.13,5.8,5.03,22.21,11.26,285.43
LaNa3EuS4U,고온,5,77.2,2.9,4.61,13.86,12.77,152.14
Eu3Ru2Er3Cd2,화합물,4,126.22,3.3,3.4,14.43,14.98,10.34
EuFe2,화합물,2,112.42,2.0,12.68,47.84,7.81,5.58
Mn,원소,1,49.83,2.0,17.3,270.03,6.57,3.45
BaY,수소화물,2,54.25,4.1,2.85,11.95,9.16,167.6
Y2RuTl,화합물,3,49.94,2.4,12.23,15.66,1.22,7.7
AsOs4Dy,합금,3,71.08,4.7,5.93,55.96,12.51,4.33
Sb3K2S,화합물,3,108.37,2.5,5.27,21.55,8.56,12.42
N3Zn3,화합물,2,19.8,2.6,10.42,44.87,4.93,7.39
Mn2S2,화합물,2,19.44,2.9,11.71,23.33,6.27,6.95
TiInTe2Na4,화합물,4,55.66,4.2,6.29,24.61,11.51,4.46
Eu2Mg4,화합물,2,155.55,2.1,5.18,18.41,1.46,2.39
PdSnScDy3Y2Hg,고온,6,94.18,5.2,3.82,11.31,0.86,70.62
NaNb2,합금,2,143.92,3.8,12.32,29.36,6.63,10.75
Au3CaCu2Ce,화합물,4,104.1,4.5,4.63,46.69,1.1,12.48
B2Pt2Na2,화합물,3,96.69,3.1,2.03,19.97,0.53,5.53
IrC,화합물,2,64.89,5.0,8.25,12.48,7.54,7.42
Ce3SmP2Rh2CaPd,고온,6,70.33,4.6,5.47,14.01,8.7,87.17
Os3Rb2Tm2,화합물,3,149.66,4.9,10.22,29.97,2.81,3.18
CrLu4PRe,화합물,4,16.41,4.3,5.74,21.68,0.84,10.02
Cr2Si,합금,2,173.99,3.8,13.36,15.3,14.23,7.26
As3Eu2Nd2Ru,고온,4,35.18,5.0,6.92,2.6,14.17,37.46
N4Mg3Er2,화합물,3,81.33,5.0,5.55,41.0,10.43,21.18
CaCdLaCs,화합물,4,114.2,4.0,13.54,26.04,11.98,7.43
Cd2,원소,1,176.48,2.0,9.25,372.23,4.29,0.14
Pt2Se3,합금,2,55.26,2.1,7.56,120.33,14.0,10.68
Os2Se3Zn2Sr2,화합물,4,134.85,1.7,7.55,29.63,2.44,0.0
Re3PAuTm2H2Yb2,고온,6,135.56,5.4,6.86,14.03,8.61,97.6
Si3Pr2,화합물,2,152.44,3.0,10.78,40.34,4.02,22.96
PdEr3GaO2Al4,고온,5,101.01,4.9,8.59,8.85,12.41,88.71
Sb3As3U2,화합물,3,39.19,2.2,3.9,15.38,2.11,1.54
Re2Lu3,화합물,2,98.84,2.7,4.1,18.34,13.66,5.2
Ni3P2,합금,2,71.7,2.6,13.33,57.7,6.34,6.25
Li2CuFSm2Al3,고온,5,115.9,2.7,4.92,14.13,12.61,134.31
Ge4GdOs3,합금,3,83.55,4.1,11.93,75.93,11.67,9.11
TeNRu2MoMgHf,고온,6,81.14,2.5,7.87,2.63,6.11,154.53
AuMn3VPb4AsNd3,고온,6,123.45,2.5,4.57,7.52,14.73,36.83
AsTmCu3Hf2Dy2,고온,5,65.29,2.3,5.2,2.73,13.5,135.3
Ce2Dy2UCa4,화합물,4,72.63,2.0,8.16,39.36,14.98,0.0
CeTlNa2,화합물,3,156.74,2.5,4.63,32.74,14.12,8.02
La3YGd4Ce3,고온,4,80.25,4.7,4.69,1.34,7.26,51.53
Ca3Nb,합금,2,68.59,5.4,14.82,128.91,13.46,7.4
LaMn,화합물,2,96.84,4.6,6.51,26.97,10.93,1.75
Zr2,원소,1,139.11,3.0,6.9,36.91,1.67,1.77
BSm2RbHf,화합물,4,33.1,2.8,9.28,3.49,2.57,12.69
Si4NaTh2,합금,3,150.19,4.0,5.25,58.87,7.96,2.05
Zr4Pd,합금,2,161.68,2.0,11.52,131.59,10.57,1.86
RuEr4Pb4,화합물,3,20.14,2.9,10.44,45.72,1.98,11.74
IrDy4Y3,화합물,3,68.78,5.2,2.35,34.74,6.14,16.43
S2Pt2Tm3Tb3,화합물,4,151.98,1.9,4.75,31.21,14.64,1.31
Si4,원소,1,113.4,4.0,12.0,111.6,5.28,1.55
VRhPt2,화합물,3,85.05,3.1,10.5,29.61,4.88,0.31
Ba2Ta2,합금,2,169.98,3.7,6.84,106.2,11.5,4.42
U2InCa3,화합물,3,25.87,3.8,8.0,31.53,9.47,5.5
Fe4Ge4,화합물,2,132.34,4.0,2.74,27.75,14.65,11.34
AuSe2,화합물,2,92.83,5.9,6.51,15.23,5.94,10.22
Se4Sn2YSi4CTa2,고온,6,31.81,4.6,6.21,8.64,1.04,52.31
ZrAs4Pb2,화합물,3,26.22,5.0,8.47,27.78,14.62,7.86
ErIr2Cu2Pb,고온,4,48.1,2.0,6.85,13.04,14.52,49.27
CoLa2Bi2Te,화합물,4,103.74,2.0,11.31,15.63,7.38,7.6
Rh2La3,화합물,2,122.9,5.5,12.51,2.66,2.07,20.96
InTi2,화합물,2,80.3,4.1,4.93,1.39,14.64,13.7
C,원소,1,25.28,5.0,4.79,287.51,5.79,5.45
Co4FCe2In2,화합물,4,120.66,1.9,7.66,22.79,15.0,1.31
BaTh,화합물,2,68.69,4.6,3.96,48.33,0.77,15.42
InU2MoTe,화합물,4,26.56,1.9,6.06,19.54,11.46,8.7
Te4U4,합금,2,47.47,2.4,9.98,12.71,9.85,10.78
ErF,합금,2,90.74,5.0,4.1,36.74,10.81,49.32
Tb2Tm3Nb3Ba3W4Os2,고온,6,52.66,3.8,7.22,4.89,14.42,147.39
Ru3Hg2,화합물,2,157.96,3.9,10.25,33.59,12.96,16.38
Cd4Y4,합금,2,129.23,4.4,4.23,65.32,3.92,12.66
InTaGd3,화합물,3,121.71,5.1,4.64,14.13,11.83,31.44
Au3Sn4Lu2Co3,화합물,4,85.62,1.6,4.54,42.54,6.4,4.22
P3Y2Hf4Pb2Pd2U,고온,6,92.9,3.9,4.14,1.47,14.86,59.73
Li,원소,1,76.33,3.0,6.87,331.94,9.97,3.96
AuDy3Mg2,합금,3,167.93,4.3,14.8,133.34,13.36,23.11
CoHo2Ca4C2,고온,4,130.81,3.8,4.5,4.28,0.36,95.73
Be4,원소,1,125.05,5.0,0.57,154.42,5.88,6.58
WGe,합금,2,118.07,1.9,5.27,6.46,12.35,7.03
Sc2La,수소화물,2,19.78,4.0,1.93,77.81,3.5,193.91
K2BiTh3Re3,화합물,4,129.27,5.0,8.4,27.54,4.95,24.86
S4Ca2,합금,2,85.87,2.1,7.7,88.06,2.84,4.43
Nb,원소,1,197.25,2.0,12.68,103.75,6.29,1.25
F,원소,1,106.06,2.0,19.53,280.07,3.79,0.0
Li2W4,합금,2,37.71,1.5,5.28,119.12,11.94,0.0
GdGe4W3Al3Cu3,고온,5,114.14,2.8,5.92,2.49,12.99,64.94
MnSn2Yb2,화합물,3,53.22,2.2,7.16,45.12,13.59,10.61
PbCrN4Mo3,화합물,4,39.06,3.8,10.81,2.45,3.01,4.42
Hf2Sc2Fe3V3Tb2,고온,5,105.08,5.0,8.73,12.37,7.18,63.19
Ca3Pd,화합물,2,136.38,2.6,10.89,21.5,11.36,1.23
Cu4BaCr2,합금,3,103.7,4.1,4.3,98.02,14.08,3.07
Li2Cd3Na,화합물,3,84.67,5.2,10.95,35.52,1.42,8.44
EuTm4Se3P2Dy4,고온,5,111.97,4.7,8.56,1.84,5.37,52.86
Ta2HgMg2ThU2,고온,5,61.77,3.9,6.06,4.21,3.85,46.48
Os,원소,1,139.67,4.0,6.26,47.19,7.55,4.06
Pr2RhNdW,화합물,4,135.88,4.7,8.6,10.54,12.6,8.15
NaCu,화합물,2,111.47,3.1,8.06,24.21,8.33,2.96
Mn2ODy2LaAs,고온,5,47.13,3.5,4.86,4.62,6.37,150.47
Ru4LaV,합금,3,45.74,3.1,5.53,7.22,9.57,13.78
Ba2Pd2,화합물,2,139.04,5.2,8.47,35.74,5.92,30.89
As3CoMoSe,고온,4,120.94,3.9,3.73,2.55,12.99,107.15
W3Sc2Pd2,화합물,3,124.02,4.2,5.81,23.63,6.11,12.57
N2C,화합물,2,17.2,5.1,2.61,37.49,6.14,7.14
N,원소,1,159.6,5.0,1.26,21.01,5.36,7.36
Co2Ba,합금,2,27.7,3.2,3.41,59.44,6.7,2.45
Sc2Er2Sr2Hg,화합물,4,149.19,5.6,4.22,8.04,12.41,7.78
EuHHo2Cs2,고온,4,85.44,2.5,5.77,3.48,9.54,107.54
Cs2CeY3Lu2,화합물,4,22.32,1.5,3.81,35.39,8.2,3.44
SbYb3Os,화합물,3,39.1,2.4,6.92,40.85,3.68,26.43
SbP,화합물,2,12.73,5.0,12.66,22.24,0.29,9.43
BeSn2,합금,2,33.59,5.8,4.72,10.6,13.0,17.21
Zn2Ho2EuO4,화합물,4,16.38,4.0,3.45,24.91,14.2,48.9
CaZr3CdPb2As2,고온,5,93.03,3.5,6.74,1.29,8.37,100.96
MnBe3La3Ho3BW2,고온,6,47.69,6.0,7.23,11.61,0.64,166.25
NbTb,화합물,2,26.56,5.3,12.12,43.04,11.49,6.28
Sr4Ru2H3Sn2,화합물,4,22.07,4.2,7.32,5.85,1.39,9.7
Ho2Na2,합금,2,153.17,4.3,8.88,80.63,8.39,8.76
Ta2LaH3Eu2,고온,4,45.68,2.7,6.8,1.46,6.91,77.68
C2Na3,합금,2,44.37,3.8,14.07,101.4,3.05,7.32
Ir2Gd2Nd2BeV,고온,5,92.68,5.9,5.3,5.27,3.52,74.76
TbBiLu3,합금,3,162.14,1.9,3.63,126.66,9.11,3.52
TmFe3Os3Y,고온,4,80.59,5.3,3.44,9.79,12.94,154.3
YbPb2Th3U,화합물,4,98.04,2.2,3.8,46.43,8.42,5.15
Sn3SiGd3P3,고온,4,48.51,3.4,4.05,1.68,14.62,49.75
Li3HgEu,합금,3,72.44,2.2,2.01,97.47,9.09,2.25
MoHo2Pd,화합물,3,44.99,2.8,5.07,30.91,10.82,27.97
Pb2Hg3,화합물,2,124.11,5.3,11.85,26.47,7.14,14.59
Ga2La2CTe2Th3,고온,5,67.93,3.5,5.96,5.16,11.03,36.68
Pr3Cd2,합금,2,47.66,2.2,8.72,136.2,8.08,9.28
Al4Os,수소화물,2,56.53,2.6,3.12,43.35,1.14,203.12
HRb2Sn4Rh,고온,4,61.05,3.2,5.45,10.73,2.15,85.78
Pt2Pd,합금,2,165.32,2.9,10.22,144.86,2.19,2.45
Tb2NbLuTe4Ce3,고온,5,107.7,2.3,3.92,3.77,13.74,101.17
Ge4CeB2,화합물,3,72.45,5.9,2.2,22.64,8.7,10.37
Zr2CrLi,화합물,3,99.9,3.3,1.94,12.7,2.35,13.89
InRu2,화합물,2,150.32,3.0,10.63,45.69,12.88,5.65
Dy2B2Li2Zr3,화합물,4,112.91,5.4,6.26,46.65,10.66,7.51
Pt4Pd4Ge3H2,화합물,4,130.83,4.9,7.28,21.78,8.9,10.79
Pd2Tm,화합물,2,87.78,3.0,10.7,46.04,9.66,24.1
NaNi4,화합물,2,112.34,3.1,12.56,14.52,11.49,2.86
Te4YbZr2Be3,화합물,4,27.89,5.0,8.01,24.79,0.27,1.56
C3KPr2Dy,화합물,4,78.76,2.5,8.71,40.65,13.05,14.94
Te2,원소,1,32.85,2.0,13.62,207.23,3.83,0.0
Be2Hf4F2WRb3Te,고온,6,90.17,1.8,5.08,13.02,8.25,53.92
AlN,화합물,2,128.6,2.0,3.23,16.53,5.04,1.32
Sb4U,합금,2,179.95,4.9,9.44,127.85,12.09,6.85
SmLi,합금,2,42.5,2.6,6.87,47.28,14.22,1.19
GdTh3MoSi4,화합물,4,155.07,2.2,8.35,36.38,4.28,2.76
Cr2Sn3InH2O2,고온,5,127.71,5.8,3.18,6.11,5.94,153.5
Ba3Si3Ho4Sr2,화합물,4,149.53,4.6,8.21,17.37,0.98,8.75
DyPt4CuTh2Lu2Se2,고온,6,101.19,5.4,3.1,2.79,6.12,55.55
Sn3Se,합금,2,32.62,2.0,7.92,13.15,12.03,5.72
F2AlCe2,화합물,3,150.3,3.4,2.22,27.63,3.04,0.28
GdYb2Ge,수소화물,3,57.6,4.5,2.5,61.24,9.55,211.85
Li2Er3SmYb2,고온,4,67.5,5.3,7.38,13.24,1.39,158.89
ZrIr2Fe,합금,3,78.17,3.9,9.39,123.67,2.84,7.73
In4Ti2Dy2Cr2,화합물,4,129.5,5.9,6.41,31.87,7.44,25.94
Tm3Ta2Fe4,합금,3,57.22,3.6,15.75,61.41,14.74,4.16
Ga2Li4,화합물,2,130.11,1.9,1.98,46.45,1.09,1.07
Ag3Bi3La2Er4GdHo4,고온,6,58.4,5.6,6.79,10.0,6.96,109.16
Co3Cr2Cs2VTa2,고온,5,114.02,4.5,4.02,9.88,13.28,50.69
Li2MoSb3,합금,3,54.28,5.7,3.44,83.31,1.62,20.36
FeSi3MoDy3Tb4,고온,5,95.72,3.1,6.44,13.96,9.43,152.96
HfIr,화합물,2,89.72,5.9,13.32,49.55,5.09,13.5
LuCa3ZnNb3,화합물,4,38.21,2.4,12.63,8.38,1.39,0.0
CaBaBe4Sb,화합물,4,140.28,4.9,3.51,49.12,3.59,9.56
S3Ga2Os2,화합물,3,107.06,2.1,8.85,36.17,13.96,17.42
Ca2Pr3Ta3,화합물,3,47.02,2.1,11.15,21.41,12.01,3.6
Fe3Ce,화합물,2,69.12,1.5,8.79,41.9,12.85,7.83
InTh2Be,화합물,3,58.09,6.0,7.07,23.73,0.98,25.02
C2Be,합금,2,78.11,5.7,2.02,50.08,8.26,6.37
Bi3Cs3Re4Sb2,고온,4,91.63,3.4,5.2,10.6,0.5,126.73
Hg2B,화합물,2,135.88,3.7,2.42,40.24,9.16,4.19
LuTi,합금,2,70.39,5.7,14.57,119.14,12.02,9.2
Rh2Sb4Mn2Fe2Ta,고온,5,114.02,5.4,6.56,4.55,9.97,93.55
TmNb4Mn2Cs2,고온,4,59.09,5.7,4.52,3.34,12.02,79.71
IrLi2KY2U3,고온,5,97.21,5.2,3.64,5.48,4.57,109.3
Li4Au3,화합물,2,149.41,2.8,2.86,23.22,4.78,6.02
Rb2Ba3Pt3,합금,3,58.73,6.0,9.36,11.3,8.4,18.32
PrK2Mo2,화합물,3,47.68,5.2,2.9,38.13,0.12,7.21
Gd3Nd3,합금,2,61.94,3.8,3.3,59.06,2.4,10.99
ReNdSmCe2Cu3Pt,고온,6,80.25,5.5,4.4,10.94,2.75,64.14
Tm2Tl3Dy3,합금,3,20.02,1.8,11.3,70.52,13.56,4.38
Nd4Dy3,합금,2,69.95,2.5,11.61,43.94,10.6,1.03
Mo2Ca,화합물,2,27.17,3.2,12.98,39.27,0.84,12.7
Hg3KPrAu3,화합물,4,38.42,4.6,10.47,38.35,13.56,22.78
Yb2HGd2Ce,고온,4,47.76,4.5,7.95,5.48,7.82,143.06
Rh4Li3,화합물,2,68.28,1.5,7.05,15.26,1.47,28.95
SeNi2,합금,2,69.7,5.8,3.18,143.09,4.99,1.24
OsO,합금,2,99.19,1.7,5.21,26.95,12.03,3.42
OsB,화합물,2,148.13,3.2,10.53,29.92,1.19,4.61
Al2Zr2Ho3,합금,3,78.97,2.4,3.52,148.78,14.48,4.68
Te3Rb3,화합물,2,130.5,2.6,4.26,16.08,10.13,8.35
N3Co4,화합물,2,137.46,1.6,6.34,37.94,2.85,6.79
Fe2AlDy2,화합물,3,87.79,5.9,2.72,18.54,6.83,5.49
BeMn4HW,고온,4,113.54,5.0,5.43,6.59,6.66,44.27
DyFeTe2Rb2,고온,4,36.43,2.9,6.48,9.98,12.72,155.06
Cs2EuK3Se3Lu,고온,5,51.14,2.9,6.27,14.32,6.84,94.68
ScGa2Ta4,합금,3,146.53,4.2,10.92,30.96,7.15,8.07
HoGd3,합금,2,41.23,2.7,8.84,119.98,13.72,5.99
LuZnTe,화합물,3,45.93,4.7,12.84,4.89,7.88,6.56
Tl4Ga3Ge2In2Rh,고온,5,129.09,5.8,4.66,1.51,9.31,83.73
Tl3Os2,수소화물,2,15.64,5.8,3.55,55.54,9.99,115.38
RbNa3BeZrZn4,고온,5,60.69,5.4,4.5,15.0,14.35,77.07
Mg3PTe,합금,3,144.87,2.4,3.58,14.9,0.63,1.52
Ag2GaIr2Sb2TlZr2,고온,6,48.9,5.7,5.34,14.44,9.28,107.87
CdYb2Cs3,화합물,3,148.2,5.0,8.69,24.07,11.52,9.64
H4,원소,1,216.79,4.0,21.23,38.79,4.12,0.05
TlTi2Zn3Nb,화합물,4,122.66,3.6,5.9,29.96,13.61,1.35
Rh4,원소,1,148.85,2.0,11.52,123.89,4.24,0.0
HoLa3Cu2,화합물,3,106.17,1.5,8.53,28.54,2.4,0.0
NbZn3B2F,화합물,4,22.92,3.0,8.17,38.61,5.36,3.4
YbBeIn2Se4,화합물,4,18.82,5.9,11.35,12.13,8.12,28.52
Ge2UFe4,화합물,3,121.05,3.6,11.54,25.44,8.89,8.13
Ho4AuBeNbTl3,고온,5,81.78,4.3,3.36,1.4,14.48,52.5
Cu2Tm2U,화합물,3,154.85,3.2,11.55,24.27,2.85,33.67
O4Hf3Tb4,화합물,3,137.56,1.5,8.45,41.7,4.03,14.81
Re3GeLaBe2,고온,4,124.95,3.0,4.8,5.8,2.04,132.07
ZnHg2Mo3Ru2,고온,4,56.86,5.6,5.21,4.65,2.38,64.35
SeCe2,합금,2,38.63,2.8,8.55,39.0,0.29,5.36
SbAg3Th2Zn3,화합물,4,25.66,2.7,11.62,37.96,13.33,8.42
Pd2Hf3Sr3Re,화합물,4,45.83,3.2,11.14,18.9,3.7,21.39
Si2,원소,1,223.83,3.0,5.72,66.99,8.67,0.0
F4Hg2Tm3Cd2,화합물,4,100.37,5.4,7.38,0.63,14.5,9.43
TeTl4BiSe,고온,4,94.32,5.2,4.4,13.36,3.3,54.99
In3Au,합금,2,56.1,5.8,6.92,39.23,11.13,17.26
TlNbSr2Si4Hf3Mg3,고온,6,37.91,2.8,3.76,3.6,6.05,42.83
Cu4W4F3Er,고온,4,100.58,1.5,3.13,1.38,9.0,68.38
PBeTiTa2Sb2,고온,5,79.22,5.9,5.46,10.09,14.22,109.83
Li2Rh3,합금,2,123.14,2.7,5.3,121.88,11.76,0.0
Cr4N3TlV,고온,4,82.98,5.8,5.65,13.58,3.71,111.25
Ba2Rh3Li4,화합물,3,63.73,3.6,3.09,30.06,9.74,3.66
K3N3C2,화합물,3,139.17,1.9,6.81,16.09,11.19,9.75
Os,원소,1,130.33,3.0,4.65,91.71,9.43,5.59
Al3,원소,1,39.03,4.0,4.1,251.26,1.85,8.2
Au3Pd2Gd,화합물,3,39.22,4.1,10.12,28.69,1.29,11.18
Ag3CuSe2W,화합물,4,19.46,5.9,10.4,11.49,0.65,12.87
AsBa,합금,2,41.55,1.5,15.63,25.76,6.01,1.97
Nb2Lu2,합금,2,107.82,3.9,9.33,49.54,7.47,4.8
Ba3Gd2,화합물,2,91.9,2.6,10.19,46.13,6.5,20.9
Sc,원소,1,19.12,4.0,10.49,166.4,4.46,8.16
RbBe3Ce2Y2,고온,4,91.19,4.7,5.09,1.65,9.14,164.37
Cs,원소,1,218.76,3.0,1.32,114.35,1.44,0.0
Sc2Ag2,합금,2,154.95,4.2,15.01,116.24,4.79,13.27
Au3Gd3,화합물,2,144.46,1.9,10.65,45.78,10.92,10.24
SeBCe,화합물,3,58.65,2.8,9.07,46.55,2.45,6.1
Sr4CoSn2,화합물,3,49.43,1.6,7.71,45.18,3.84,4.16
PtTb3Ni,화합물,3,151.49,2.6,11.71,19.23,12.3,11.84
PdV,수소화물,2,18.37,5.1,6.64,25.26,6.78,270.13
MgSbTl4,화합물,3,29.0,5.9,11.07,29.18,6.97,28.62
As3,원소,1,158.19,1.0,10.51,9.11,3.87,0.73
Zn3Te3Ta,화합물,3,155.55,2.4,3.33,40.01,5.97,5.32
Fe2HgGd3Os3Li3Ba2,고온,6,129.37,5.4,3.36,6.49,8.49,112.06
Se3C2,화합물,2,129.58,5.3,10.62,14.56,0.29,3.2
Lu2Co3,합금,2,59.71,5.0,4.41,120.99,11.85,4.29
O2HCdV2Tb2,고온,5,105.07,3.0,6.0,10.3,12.74,88.53
RhHf2VZn,화합물,4,97.63,4.5,6.14,42.93,5.12,16.8
La4Hf3Ir2,화합물,3,102.96,5.4,1.7,33.7,4.98,15.97
Be,원소,1,180.2,3.0,12.0,326.2,8.55,3.33
MgMo3,합금,2,87.87,5.5,6.78,90.57,12.56,4.92
Hg3Mn4Be2Si,화합물,4,46.35,1.9,9.14,34.89,0.86,8.55
LiCr,합금,2,139.48,4.1,9.29,28.23,13.54,3.73
CeBi2Ba4,화합물,3,15.06,2.6,2.41,5.82,0.57,3.81
Bi4K,화합물,2,124.63,5.3,3.23,32.1,11.68,8.72
H2Be2Na,화합물,3,95.06,4.4,7.22,32.22,0.22,5.61
HgMn2Ru2TiAg3Mg3,고온,6,139.72,4.2,5.5,11.82,2.79,99.56
Se3MoAu2HAs,고온,5,44.48,1.6,3.91,7.19,6.01,114.57
Ba3Dy,화합물,2,96.06,4.3,13.7,32.78,12.58,5.0
Eu3,원소,1,207.99,4.0,6.73,273.69,4.13,6.9
Cd2Hg,합금,2,76.89,5.0,13.38,135.12,2.31,9.56
PbBe2,화합물,2,126.36,5.8,8.12,47.46,14.43,9.53
H2Y3,합금,2,177.09,2.4,5.64,112.93,3.84,5.69
FCr3,수소화물,2,52.35,5.7,6.48,60.91,1.19,122.61
Sb2Gd4,합금,2,125.19,3.8,12.33,144.44,10.76,3.58
Ho3Ce2Cr3,화합물,3,41.45,1.9,11.77,7.0,9.47,0.51
Pd2Th2Tm,화합물,3,86.78,1.7,8.14,21.06,4.49,35.95
Mg2Cu4Pd,화합물,3,132.2,4.6,2.76,39.04,2.12,12.59
Tm2ScN,합금,3,159.08,5.6,12.78,62.29,5.24,2.32
Ho2Nd2Tm,화합물,3,86.91,5.8,12.54,22.79,4.11,3.36
Pr2DySe,합금,3,52.68,1.6,2.51,53.95,2.45,0.0
GeTa3Th2Ru3,고온,4,60.52,2.9,8.97,4.54,10.28,146.98
Ru3,원소,1,186.46,1.0,21.51,218.93,9.63,6.49
Ce3Mg4HgFe,고온,4,68.22,3.0,6.06,5.18,14.1,89.54
Mn2Nd2Sn2Mo3Na,고온,5,90.14,4.3,7.21,3.4,11.29,40.4
Zr2SeS2Re,화합물,4,58.73,5.7,8.61,17.05,12.85,10.65
Na2ThK2Hg2In3,고온,5,94.83,3.0,8.24,14.79,13.25,157.85
As2,원소,1,55.93,2.0,2.34,112.17,9.72,2.83
C2SeY2,수소화물,3,13.36,5.2,1.96,52.28,2.41,292.26
ZrHgErCr4,화합물,4,109.6,3.8,2.91,21.42,0.27,9.68
Zn3Ca3,화합물,2,51.26,3.8,10.9,2.73,8.25,2.12
Ti3Hf2Mg3,화합물,3,146.86,4.8,11.29,37.88,0.61,11.6
Sm,원소,1,12.39,5.0,6.04,199.56,2.68,0.0
Au2Pt3Ta2,수소화물,3,1.73,3.0,6.37,29.19,2.28,140.12
Fe,원소,1,8.8,4.0,13.45,352.04,0.84,2.6
Zr2U2,화합물,2,88.25,2.3,3.51,37.8,11.85,0.17
FGaC2Re,화합물,4,24.45,3.2,12.92,14.31,2.9,16.83
Hf3KUCNCr2,고온,6,42.98,5.1,3.88,2.56,6.31,99.35
TlAg2Hf3,합금,3,40.55,2.5,14.49,64.73,1.71,0.0
Nb2SnPt2,화합물,3,52.19,2.3,7.12,23.93,10.61,5.53
Th3Ca2C2Tm4,화합물,4,108.23,2.9,13.88,18.58,12.34,4.47
NNaCo2,화합물,3,105.46,2.8,11.9,33.21,6.0,1.27
Tl4,원소,1,162.46,4.0,20.42,266.02,5.09,2.9
Cr2Zn3As3,합금,3,143.77,1.9,3.97,135.22,2.93,0.0
Mo2N4,합금,2,23.94,5.0,10.09,106.88,12.49,16.62
SGa3Rb4GeFeBa,고온,6,91.84,3.9,7.82,12.37,13.64,55.03
BeEuHg,합금,3,104.85,5.2,4.12,140.08,12.17,6.06
ThHfSrSb,화합물,4,159.1,6.0,6.11,29.93,9.51,38.94
Sm2HfMg3,합금,3,154.16,3.2,15.75,91.65,11.63,4.94
Al2Ta3ZnSn2O2La2,고온,6,134.82,3.7,5.27,14.72,8.26,69.46
Al3TlPd3Tb2,고온,4,50.12,5.7,6.64,7.09,9.06,64.1
SnMoSb,화합물,3,82.39,2.6,7.18,1.5,2.23,12.34
Cs2Ru2In3,화합물,3,114.81,5.6,1.9,5.43,3.14,2.64
Eu4OsNa2,합금,3,65.8,5.5,7.71,24.49,6.32,8.75
Sm2,원소,1,190.12,1.0,4.08,326.64,4.17,0.0
N3HgCd2,합금,3,145.31,2.0,5.99,28.53,8.86,1.45
NiTa2Al3,화합물,3,80.05,4.1,8.97,3.06,10.23,12.98
Th2InPt3,화합물,3,81.76,5.2,5.63,5.69,3.34,13.07
CaOs4BaSr,고온,4,32.95,3.6,7.89,8.37,3.79,45.82
LuNd4Ge4,화합물,3,16.26,1.9,1.84,9.4,0.69,4.7
Fe2CoNi3Ru,화합물,4,72.28,5.5,5.54,17.99,14.45,16.48
B2SnLi2,화합물,3,32.98,2.9,3.35,36.85,6.71,5.52
O2Si,화합물,2,58.25,1.8,11.73,20.44,11.19,2.09
HHg2,합금,2,161.41,2.3,12.96,145.92,8.61,1.01
Dy2Ce2,화합물,2,86.15,2.2,11.15,39.67,10.05,6.97
WOAl,화합물,3,75.18,4.1,11.52,8.4,4.93,32.73
GdZr3Mn,화합물,3,80.9,5.6,5.98,37.43,11.88,6.13
Y2Pd3SAs,고온,4,105.32,3.2,7.25,12.8,12.08,152.17
P2AlSi4Mo,화합물,4,32.49,4.0,12.02,4.33,3.5,12.69
Nd,원소,1,102.45,2.0,5.6,42.41,6.5,0.0
Mg3Ag3Y4Ga3,화합물,4,129.07,5.9,8.33,39.62,2.32,4.83
K3Sc,화합물,2,65.22,6.0,2.87,27.17,14.3,26.93
HBiMn,합금,3,138.88,5.5,2.22,102.92,4.91,0.0
C3UK4Ir,고온,4,108.36,2.1,7.03,8.57,5.29,55.18
Ge2Re,수소화물,2,1.86,4.7,6.02,68.15,12.33,192.88
TmK3FSe2Au3,고온,5,116.67,2.4,5.67,14.26,11.82,38.3
Be3Co2,합금,2,157.44,2.9,15.09,111.34,11.11,1.96
Te2SmCu2Tb4Fe4,고온,5,75.73,3.1,7.14,5.17,2.37,94.09
Cu2Re2,화합물,2,29.52,3.7,3.81,25.12,6.35,4.1
Ag3FeSi4,화합물,3,52.86,5.9,9.19,32.78,2.89,12.26
TmAg4,화합물,2,47.7,4.5,4.32,21.19,9.41,8.3
W4Cu2RbAgSb,고온,5,94.52,1.6,4.86,6.34,5.23,74.64
LuAu3Co,화합물,3,15.49,3.9,10.15,37.36,7.74,5.73
Ru3Zr2Sr2,화합물,3,90.8,4.6,2.46,38.53,4.68,8.16
Tl4Y,화합물,2,32.02,2.6,11.71,19.61,12.32,14.42
Cu2Pr2Gd2Dy,화합물,4,40.03,5.7,7.02,0.6,1.88,6.29
V3O4,합금,2,165.58,1.6,9.14,101.05,6.7,0.0
PO2ZrB,고온,4,97.91,2.2,8.58,5.35,13.18,123.83
N2Te3,화합물,2,30.41,4.5,2.25,31.64,8.89,6.17
SrSb3Pb,화합물,3,98.13,4.6,8.28,5.73,5.8,3.39
Rb4Rh2Cu2,합금,3,27.97,5.5,9.41,86.79,4.66,7.76
SiLaTl2Cs2,화합물,4,52.33,3.2,13.47,12.7,1.4,7.95
Cr2Rb,합금,2,95.36,3.7,3.05,119.73,5.12,4.17
Rh3,원소,1,129.51,1.0,9.49,365.67,1.32,1.7
SrTa3TbIn,화합물,4,68.39,6.0,4.69,24.99,5.84,5.92
TlIn3Re2,화합물,3,79.23,5.9,5.06,20.01,1.45,10.09
LuAs4,화합물,2,16.77,3.5,3.8,4.83,9.76,1.25
CuSi3Yb3,합금,3,46.75,4.4,4.15,24.59,3.47,8.35
HAu2,화합물,2,18.24,2.3,9.78,41.96,5.23,3.33
Tb3Zn4Bi,합금,3,143.63,4.3,8.53,131.94,4.78,4.16
RhC3,수소화물,2,11.12,3.1,3.73,53.03,6.27,193.91
Al2PbNi,화합물,3,152.38,3.3,12.82,40.42,1.15,18.82
Zn3LaSr2,화합물,3,26.74,3.4,3.49,20.89,4.06,2.39
Yb4Ir4Hg4,화합물,3,65.57,2.1,10.62,35.34,2.16,1.29
Hg2W,합금,2,120.22,2.8,6.15,115.86,13.08,4.2
Cu3MgLi,수소화물,3,54.2,3.0,1.03,76.82,14.99,228.31
Cr4Be2Ti3Nb,화합물,4,29.44,3.9,9.27,13.78,9.16,4.76
CrAl2B2,화합물,3,120.83,2.4,9.11,46.77,12.22,9.26
Nb2Ce3Mn2Ag2,화합물,4,152.39,1.9,7.75,36.25,12.43,24.31
Co3,원소,1,27.18,4.0,7.03,72.91,6.47,0.0
O2CsSeNiN2,고온,5,69.93,1.7,4.49,6.66,5.76,156.88
Te2CeNd4Ag,화합물,4,44.87,3.8,2.32,25.84,12.6,33.38
As3Mg2Th3,합금,3,174.66,2.3,15.24,145.62,11.99,10.81
Co,원소,1,130.04,3.0,2.53,123.96,1.81,3.19
Be2Se3Tm2,합금,3,134.74,5.8,12.02,29.2,1.45,20.93
NdZnTaPb3Si4,고온,5,132.47,1.5,4.15,2.75,11.31,66.08
Cu3Rb3,화합물,2,108.23,4.6,2.89,21.27,9.37,21.89
Sc2AlZr3,합금,3,175.92,3.0,12.21,48.77,4.22,1.67
Ba2,원소,1,197.13,4.0,20.83,305.85,5.09,6.75
P4YbZr3,화합물,3,35.47,4.9,9.32,37.01,6.54,28.79
FLu3Mo2,화합물,3,14.44,5.8,3.57,30.44,2.9,20.27
Tb2Tl,화합물,2,18.67,3.0,7.22,5.26,5.5,7.75
RhLi,화합물,2,104.23,2.9,2.57,18.58,8.73,9.08
NiSe,합금,2,137.91,2.1,3.35,41.21,0.29,13.61
Ti2VDy,화합물,3,54.91,4.5,3.3,35.43,14.85,11.5
SbC2Cd2,수소화물,3,48.82,5.3,5.49,75.41,0.15,151.84
Tl4Ta,합금,2,23.12,1.7,2.65,71.9,7.45,7.89
AuEuLa3Ag4,화합물,4,108.24,4.4,13.01,40.87,5.26,1.43
Lu2Ta,화합물,2,146.06,4.8,9.2,49.94,6.78,10.57
Ag2Mn3Er,화합물,3,39.4,4.0,8.1,30.59,2.68,13.76
F3Te4,합금,2,101.17,2.8,2.81,106.29,1.99,6.54
Be3PrTa3Cr,고온,4,78.62,2.5,7.63,3.69,11.74,34.68
UCaSb2Be3,화합물,4,127.42,1.7,1.81,37.77,6.25,9.26
Sr2HfP3,화합물,3,47.45,2.3,1.56,6.23,0.67,9.12
KZr3Sr3,화합물,3,11.32,5.9,2.64,14.06,3.89,15.59
Sn4Pd,합금,2,149.32,4.2,6.47,40.0,1.63,5.85
SnHo,합금,2,157.68,2.2,9.6,91.87,1.02,26.82
Zn2V,화합물,2,26.63,4.5,9.91,48.79,1.46,5.35
Cd3TbLu,합금,3,173.04,4.7,14.14,94.3,14.22,11.31
Ta2Ag2,화합물,2,132.12,3.3,11.71,28.07,4.49,21.6
Hg4BRb2,화합물,3,103.91,3.9,6.02,36.07,10.84,9.56
RhCrNYb4,화합물,4,126.87,3.2,8.23,31.89,10.05,11.77
Ag2TmNa3,화합물,3,89.16,2.7,5.32,25.59,12.64,9.11
Y3P2BiLi,화합물,4,108.78,3.2,7.23,45.69,2.2,27.82
Na2Pt,합금,2,108.65,5.4,4.33,42.99,14.26,4.14
Cu3Co2H3,화합물,3,35.42,4.0,6.42,14.93,9.18,12.46
CdLa3,화합물,2,69.05,3.1,8.8,17.35,2.2,12.11
As4SiNb2,화합물,3,114.29,4.2,13.93,9.31,3.01,4.26
SmH,화합물,2,115.45,2.6,10.29,49.15,3.37,1.29
Cd2HC4Re,화합물,4,39.64,2.9,9.44,29.23,1.83,6.15
Ge3Er,합금,2,44.21,2.5,12.6,14.11,5.24,4.19
Se2S2Sb3,합금,3,129.2,5.5,12.92,60.26,9.55,7.3
Th2,원소,1,208.76,3.0,5.51,261.83,7.99,1.0
Os4GaFeSe4Ru2,고온,5,58.98,5.1,3.34,5.21,10.49,74.11
Rh2Ga3K,합금,3,84.36,2.5,13.06,8.78,9.61,5.2
ScPd,합금,2,156.96,2.0,8.24,108.03,12.16,2.84
Ba3Mn2,합금,2,30.77,5.8,13.79,98.76,10.54,8.25
Zn4MoNb,합금,3,111.91,3.6,14.07,70.58,2.52,6.32
Yb3Ru3Th3La2,화합물,4,35.26,1.8,10.22,35.73,14.1,14.71
Tb2,원소,1,192.97,5.0,7.08,140.26,8.92,1.12
Ir2Y,합금,2,105.66,4.6,7.94,130.62,2.32,13.84
Pt2CoN,화합물,3,99.17,1.9,7.62,41.34,8.14,8.62
Sb2Cd2,화합물,2,67.7,4.7,5.16,1.87,12.96,9.43
Be2W2Pd2Mg3,화합물,4,64.43,2.7,6.28,35.36,7.6,7.02
Cr2S2Pd4,화합물,3,54.23,4.3,5.13,49.08,10.37,22.62
Pr4AuHg2,합금,3,112.8,5.3,7.24,67.36,14.94,17.06
Lu2Zn4,화합물,2,55.18,4.4,2.94,34.56,12.77,2.9
ReHf2Te,합금,3,95.64,2.0,4.81,118.21,12.82,2.32
FOs4Te4,화합물,3,12.5,2.6,2.65,46.13,4.39,1.32
ScGdO3Os,화합물,4,33.14,5.3,2.72,7.4,5.79,4.71
Nd4As3,합금,2,51.71,3.9,5.0,92.52,9.22,5.45
Sr3Mo4Er2,화합물,3,38.75,1.8,5.75,46.57,2.84,13.33
Pr4CCr3SnBa4,고온,5,78.07,5.1,5.31,3.94,12.95,110.09
PrPBe4,수소화물,3,18.62,1.7,3.22,67.36,12.1,120.96
Yb2SrN2,화합물,3,66.32,4.1,11.07,45.74,13.86,9.85
Ho2Ba3K3P3,화합물,4,48.22,5.0,1.59,16.46,1.45,3.4
Bi4Nb,합금,2,173.47,4.4,7.84,125.11,8.76,5.5
Yb3Be,합금,2,159.93,5.9,11.99,19.1,12.55,8.72
RuGa3Nd3,화합물,3,94.93,4.0,4.99,21.32,7.69,27.52
In2As3Sb2,화합물,3,60.77,3.7,6.92,21.79,0.74,11.99
Cs3SeScS2Lu3,고온,5,110.47,2.8,3.03,4.48,2.37,84.14
Pb2Se2BaNb,화합물,4,138.54,4.1,10.71,10.99,13.83,25.1
Au2PtAl,화합물,3,156.7,5.9,2.74,47.93,2.2,10.34
RhNiGd3,화합물,3,90.04,3.5,11.82,24.12,3.45,11.57
Sm2CuBi3Sn3Tm2,고온,5,101.17,3.2,5.92,6.56,8.39,58.07
Ho3Dy,화합물,2,156.58,4.5,13.58,44.5,13.72,9.52
H2S2Fe3,화합물,3,141.01,2.8,8.93,28.54,10.56,4.91
Yb2BTl,화합물,3,128.61,1.7,13.87,7.98,6.38,4.01
Zr2Y2LiPb,고온,4,118.01,4.8,8.24,9.78,10.96,116.68
Na,원소,1,170.69,3.0,20.11,275.75,5.07,2.53
ZrSn2AuW3,고온,4,81.71,3.5,3.68,8.97,1.15,159.2
Pt2K3V2N3,화합물,4,141.23,3.3,6.61,16.38,6.58,4.61
PrRuYb3Ba4,화합물,4,99.11,2.0,5.08,33.07,6.1,13.28
W4C2Zr2,화합물,3,62.1,2.2,5.69,22.38,3.44,5.43
Nb2H,화합물,2,84.32,4.9,13.81,46.98,14.75,8.43
Ba,원소,1,206.06,5.0,1.88,10.62,8.7,4.97
O3Sm4Er2Cr2YbC3,고온,6,61.02,2.1,5.8,6.72,10.16,143.2
N3Sn4K2,화합물,3,59.86,5.9,4.73,33.06,10.07,24.03
Li4Be,화합물,2,88.42,5.0,11.9,30.85,2.62,2.57
Ce2Au2,합금,2,146.75,5.4,6.24,106.05,3.05,19.42
Cr3Nd3Se2,화합물,3,35.67,5.3,1.83,39.8,13.74,31.65
ErF2Fe,화합물,3,145.82,4.4,8.22,46.39,0.48,27.14
Ta4Sr2S2Li,화합물,4,35.45,4.9,12.15,1.33,10.55,15.15
Fe4SOs3,화합물,3,26.52,5.9,9.08,37.27,5.17,15.76
CoSi2Li,화합물,3,116.89,3.7,8.69,33.75,3.75,15.2
S2Be2,수소화물,2,40.13,5.1,4.17,35.29,4.73,292.41
Cu2Nb,화합물,2,63.71,3.9,8.82,26.41,3.56,0.0
U3Gd2Sr2SmO2,고온,5,124.94,4.4,6.36,3.62,0.84,68.82
Sr3Re3,합금,2,152.44,4.9,14.82,24.16,3.71,3.86
Cu3BeCs4S3,화합물,4,19.96,2.4,1.82,42.23,7.79,1.29
CrSm4Be,화합물,3,16.11,4.5,12.64,9.72,2.61,6.6
Li2H2Ga3,화합물,3,72.7,1.6,10.56,19.83,2.79,22.3
CeF4Ni4Th2U2As4,고온,6,111.14,2.9,3.77,13.57,10.37,45.34
C3,원소,1,104.81,3.0,9.38,287.68,2.5,2.84
Sm3,원소,1,199.35,2.0,20.69,132.41,7.19,0.0
Au4PdK4SnEr,고온,5,31.57,3.7,6.22,14.33,11.29,70.86
Cs2Cr4,합금,2,29.13,1.8,14.29,35.43,14.58,5.37
RhCuDyHf4,화합물,4,76.24,1.6,11.35,46.55,7.17,6.01
AlSr3Hg,화합물,3,97.74,1.9,1.96,14.75,8.64,6.39
Ta3FSn2Os2MnN4,고온,6,43.06,3.9,5.5,9.27,12.19,39.89
GdHo,합금,2,83.39,1.6,15.1,74.32,8.56,1.71
Cd2Te4,합금,2,50.34,3.2,9.37,57.26,3.28,12.92
Nb3Ag2K,화합물,3,105.14,4.6,3.51,40.89,1.41,6.23
Cr4Gd2Lu2Zr2Pb,고온,5,113.98,1.9,3.51,14.0,3.0,91.6
IrV2Nb4Tb2,화합물,4,147.55,2.6,12.44,6.98,12.01,10.44
PrAgBi2,화합물,3,38.26,4.3,5.22,29.95,11.81,10.61
ZrCe3PEu,화합물,4,122.52,5.2,2.92,28.08,0.41,19.8
Y3AlGe4RbIr3,고온,5,61.95,4.1,8.58,1.75,4.69,110.92
Hg2S2LiCd2Co2,고온,5,47.91,3.8,5.62,12.46,11.21,116.52
Gd2Yb3,수소화물,2,14.02,2.1,1.86,30.01,13.14,237.91
K,원소,1,183.75,4.0,16.83,230.37,9.76,6.29
TmWIr2,합금,3,141.89,2.4,11.17,65.54,12.3,7.42
ZnW2Be2,화합물,3,87.02,2.5,11.4,38.22,0.29,10.85
As3LiSm3C2Ru2,고온,5,56.94,5.5,5.72,3.09,6.84,75.45
SnAu3,화합물,2,48.73,2.6,8.15,40.58,5.74,12.27
Hf4Fe2Ga2,합금,3,53.81,3.4,9.5,117.16,12.59,2.86
Lu2Mo4ThDyCd3,고온,5,90.21,3.2,4.55,2.25,7.14,62.31
Sc3,원소,1,15.12,2.0,21.92,122.49,6.67,0.0
Cu4Li,화합물,2,96.64,5.5,9.96,3.23,5.78,14.74
S3Ba3Be4,화합물,3,47.72,5.9,10.21,46.51,11.38,14.88
MoGaNa4Cs2,화합물,4,150.14,2.8,12.67,44.74,4.09,9.12
Eu2AlTh2Nb3,화합물,4,36.53,5.2,4.11,21.21,10.76,15.9
BeV3Tl2,화합물,3,47.75,1.8,13.01,42.09,7.82,9.01
LiN2Tb,화합물,3,26.31,5.7,3.54,37.42,11.0,11.18
Ho2Tb,화합물,2,102.22,5.5,5.89,44.8,1.55,5.22
Sr3LiCrF2,화합물,4,32.82,2.9,2.9,20.92,8.19,13.74
VSi4Sm4,화합물,3,27.07,5.9,5.9,4.7,3.84,10.33
Hg3Bi2Al,합금,3,36.79,5.4,9.32,32.55,8.6,9.27
La2Mo3Pd3,합금,3,125.35,4.0,13.87,82.57,9.21,8.79
Ca3N2Sn3,합금,3,155.22,3.9,6.16,128.21,7.82,3.74
Ti3C3,합금,2,52.24,2.0,15.72,105.36,6.71,3.36
YbZr2B,화합물,3,48.59,1.6,11.94,21.18,13.8,4.17
O2FeGe2Nb3Pb3Er2,고온,6,87.12,4.9,5.87,1.01,7.76,149.93
Co2Ce,화합물,2,81.29,2.8,6.43,39.64,10.03,2.07
Sc2SDy2Er,고온,4,65.98,5.7,7.66,2.73,7.39,153.32
Th2Sn2,화합물,2,38.93,5.8,7.12,27.98,4.28,9.84
AlV2Si2Zn,화합물,4,122.81,5.5,9.23,46.69,13.82,11.55
SiCd2,화합물,2,139.8,1.9,9.3,26.63,12.64,20.94
Os2TbO,합금,3,105.21,5.9,14.39,47.98,1.77,7.01
Hg,원소,1,67.5,5.0,0.75,244.42,1.75,8.87
MoNa3Cs2,화합물,3,30.96,5.4,13.33,25.28,10.19,29.9
Er2Ge,수소화물,2,41.68,5.8,1.91,34.26,13.88,113.41
Lu2In4Ho2,합금,3,140.67,4.3,14.1,66.33,6.33,1.1
H,원소,1,77.01,3.0,1.46,217.65,8.78,0.0
HGe2Au3Ir,고온,4,84.34,5.2,7.3,3.6,2.54,94.53
Si3ZrTb2,합금,3,142.5,3.6,3.94,121.51,6.4,3.88
Ru3RhSB2,고온,4,45.47,2.4,5.24,11.12,13.78,142.92
Te2GeTm2,화합물,3,105.2,2.6,4.09,21.01,9.57,0.07
Th3Y2AgIn4,고온,4,90.21,2.4,5.49,11.32,2.89,96.69
Sn3Ag2,화합물,2,123.41,5.3,4.26,35.56,3.86,5.78
LuSc3OsRb2,화합물,4,110.12,4.9,4.48,27.94,7.07,17.75
Ba2Er3Cs4Au4,화합물,4,79.91,3.2,2.13,18.42,3.58,6.79
Eu2Cs2C3Sb2,화합물,4,123.33,2.3,12.14,10.07,2.51,8.17
V4Re4In,화합물,3,116.15,3.5,2.29,11.07,5.28,2.46
Zr3Ni3,합금,2,54.01,2.8,11.0,14.98,6.01,8.36
H2Al2,화합물,2,84.0,2.4,1.76,29.83,4.51,10.9
Dy2SbMn2Be4,화합물,4,132.05,5.6,4.08,17.4,11.29,15.56
Th3Ge3Fe2As2U,고온,5,105.39,2.0,4.46,4.07,5.52,121.64
Mg4CrLa2Al3,고온,4,39.66,4.9,8.48,6.69,12.86,139.87
U2HSc,화합물,3,32.13,5.0,2.53,6.98,6.63,11.4
Sr2La3B2,합금,3,159.39,4.7,14.31,76.99,4.49,1.29
Te2BaMoCd,화합물,4,44.19,4.3,13.87,38.0,14.98,9.57
O2V3ScTb,화합물,4,27.94,4.4,13.18,12.8,8.39,16.19
Tm3SiTh2La,고온,4,54.82,4.4,8.97,11.98,10.14,99.03
FeGe2HgLa4VSi2,고온,6,109.59,5.5,8.4,13.08,9.09,83.97
Hf2,원소,1,182.25,5.0,16.75,250.07,8.98,8.07
SbY3ZrNaCu2,고온,5,68.64,5.3,4.21,2.75,3.78,132.94
Rh4,원소,1,148.28,5.0,12.08,339.01,8.91,10.2
Au3Yb2,화합물,2,47.36,1.8,11.06,47.13,9.53,1.63
Zn4Sn2Au3Hg,화합물,4,29.72,3.4,11.69,45.79,12.59,10.33
Se2Co2,합금,2,146.11,2.2,12.77,49.36,11.03,6.85
Si3P2Sb2InPd3Ba2,고온,6,44.14,2.8,7.73,13.48,4.31,120.82
Nd,원소,1,50.55,3.0,20.04,323.45,9.53,6.07
Li2Mo,합금,2,52.07,5.9,7.06,120.5,12.88,5.4
HfRu2PCd,화합물,4,43.53,3.8,10.65,38.32,13.24,12.29
Be2Cu2,화합물,2,103.87,5.5,8.62,15.4,4.83,12.97
NLu3Hg3TiEr3Y,고온,6,44.28,3.4,7.49,13.32,11.52,104.57
CGdAgIr2,화합물,4,61.97,3.3,5.97,40.42,0.86,3.07
SrAlTh,화합물,3,49.77,5.5,10.29,45.47,2.83,36.56
Pd4Tl2Bi3,화합물,3,97.7,2.9,7.23,41.09,11.33,5.17
F,원소,1,171.14,2.0,8.11,102.68,0.53,3.11
DyScBa2,합금,3,40.84,1.7,15.51,140.33,3.05,0.0
Ti3Ge4,화합물,2,18.23,5.8,11.38,41.22,5.1,6.16
LuSm,화합물,2,149.47,3.2,3.48,21.49,12.15,2.9
Li3Zr3K4,화합물,3,158.89,3.9,12.49,26.5,2.89,14.42
Cu2Ru3Mg3SbFe3,고온,5,42.7,4.2,8.87,4.97,8.42,140.88
VSeZn3,화합물,3,93.9,3.9,6.4,12.32,3.4,6.99
Sn,원소,1,65.38,4.0,2.34,268.4,4.75,3.05
N3Gd,합금,2,107.59,2.3,2.83,99.78,1.25,7.55
Sr2Sm2Nd2Mg,고온,4,63.99,4.4,8.58,6.75,14.25,88.37
CTh2,화합물,2,64.85,5.8,10.1,12.81,10.31,14.03
Nd2Tl3HoPrCe4,고온,5,63.24,4.0,4.52,13.54,2.46,140.46
Ti2Cd2,합금,2,169.15,1.5,5.04,11.2,2.97,0.0
HSr,수소화물,2,17.71,2.9,6.74,62.81,10.3,267.86
Mo2Rh3,합금,2,43.39,2.5,10.75,57.33,7.12,2.14
Cs,원소,1,59.7,2.0,17.87,77.87,3.76,9.91
NMn,수소화물,2,28.47,3.7,3.69,64.27,10.7,114.91
Ru3OsCs,화합물,3,41.23,5.9,7.29,21.4,6.16,23.14
HoCeSb2,화합물,3,40.21,4.5,8.97,19.37,14.4,13.14
AlRb,합금,2,149.88,3.3,11.07,147.62,12.78,7.01
FBaGaSe2,화합물,4,31.46,5.4,7.3,22.21,7.37,5.39
Ru3Ir4LuRh2,고온,4,138.0,5.2,6.78,2.84,2.39,107.25
La2Th2Nb2,화합물,3,113.13,2.2,11.64,28.79,1.64,7.72
HfPt3,화합물,2,142.52,3.5,10.41,48.67,8.13,9.53
Os2H2W4,합금,3,164.35,2.3,7.52,110.59,0.2,6.4
Pr2B4Se,화합물,3,90.76,1.6,10.22,27.35,9.89,0.0
DyRh,화합물,2,38.92,2.7,5.14,35.08,4.9,7.5
GeCs3,합금,2,119.96,4.1,13.3,11.87,6.85,13.04
B2Na2,화합물,2,97.98,4.7,6.78,28.5,13.31,12.7
Ir3Sc3Sb4,합금,3,66.89,4.3,10.81,61.02,12.78,3.77
FeZrMoNa2,고온,4,130.85,4.6,5.36,10.63,2.13,161.81
W2NaRb2V3,화합물,4,99.31,2.3,7.17,19.11,7.29,13.75
W2SmHo,합금,3,29.19,1.8,15.13,129.78,13.67,4.83
H2PIn2,화합물,3,100.76,5.9,1.84,39.45,9.47,12.69
SeNb4Mo,화합물,3,109.99,1.9,2.4,28.02,2.67,13.64
TeTl2F2LuZrPr,고온,6,92.62,1.9,8.53,13.03,11.78,105.45
TeLu2,수소화물,2,10.94,1.9,2.68,64.67,11.99,145.87
As2YbIr3,화합물,3,112.84,5.3,8.67,26.29,5.24,11.45
Ir2Li2HfTlNa,고온,5,38.06,5.6,3.1,11.21,7.47,145.82
Pr3RuY,화합물,3,68.54,2.1,7.65,42.9,3.41,5.48
Eu2Na,합금,2,52.31,4.7,4.09,130.09,9.9,4.15
Er3P2,화합물,2,120.45,2.7,9.06,26.94,11.96,21.84
HfPb,화합물,2,58.62,2.1,4.58,11.04,5.25,3.46
Rh4Ga2,화합물,2,18.7,5.3,6.88,29.79,12.86,2.74
Lu2F4Ga3Au2Zn,고온,5,60.21,3.0,4.03,1.18,3.58,65.4
La3Yb3Ca,화합물,3,148.34,5.8,10.62,12.01,7.62,28.38
Na4C3PCe3Nb3,고온,5,89.88,4.6,6.54,2.58,1.72,71.48
CoLu2LiAg4Dy,고온,5,39.86,2.6,8.39,13.48,11.47,28.89
U2Hg2,화합물,2,140.95,5.0,11.37,0.56,7.86,6.35
Te3WS4Cu4,화합물,4,15.79,5.6,8.23,36.19,8.44,33.04
Ca2SMg,화합물,3,131.15,4.9,7.94,35.09,13.34,25.42
SF2Co,수소화물,3,49.8,2.1,1.87,18.89,13.78,215.21
AuAl2H4,화합물,3,94.94,2.8,1.67,28.89,2.21,0.89
Co2,원소,1,108.65,4.0,0.96,388.65,5.17,6.33
Ce2OCa2,화합물,3,34.78,3.6,12.02,33.06,3.98,25.18
Mn2Bi2,화합물,2,94.99,1.6,8.83,17.88,12.12,0.0
Sm,원소,1,44.03,3.0,9.79,17.42,7.11,0.0
Ga4,원소,1,72.25,5.0,10.56,160.53,4.09,5.62
SnP3Se4,화합물,3,121.28,5.1,9.32,36.91,9.13,8.08
B3Eu3Sb2Au,화합물,4,15.48,4.8,4.24,23.35,0.45,20.59
Re2Ce2Sc,화합물,3,63.27,1.8,6.85,7.17,4.2,16.84
Fe2CoNb2,합금,3,67.03,4.3,5.41,29.67,2.14,13.66
YbTh4Co,합금,3,89.7,3.5,11.17,20.84,11.04,3.9
TeMn3,화합물,2,95.11,2.8,8.94,23.9,0.14,0.09
YHf2,화합물,2,147.97,2.4,6.37,15.48,6.32,5.26
VFe,합금,2,71.33,3.9,4.61,79.84,5.9,8.09
Zn2CSi2,화합물,3,154.85,5.3,6.98,1.8,12.78,3.17
Mo2Pd3,화합물,2,44.58,2.8,12.8,26.71,1.96,14.82
Re4,원소,1,202.86,4.0,14.09,114.98,6.68,3.46
U3O2,합금,2,100.64,2.2,10.75,125.73,14.39,1.95
Rh,원소,1,143.45,4.0,21.44,48.54,4.74,4.75
DyAlNP3Tb2,고온,5,83.03,5.0,5.81,14.29,0.17,156.37
Mn2Ce2LuTbLa2Mg,고온,6,37.26,5.9,3.78,1.45,3.93,165.22
Te4BiSm3AlCa2H2,고온,6,138.97,5.6,8.86,4.65,1.53,43.29
HoRuPb3P,화합물,4,43.33,4.4,9.06,11.97,5.7,4.27
ThBe4,화합물,2,128.84,1.8,13.77,16.03,12.8,10.26
NdTi,화합물,2,153.57,5.9,4.18,12.55,7.02,7.53
NBa2Pd2Rb,화합물,4,15.71,4.2,3.6,2.8,12.22,10.03
C2,원소,1,215.2,5.0,21.57,380.34,1.95,6.62
F2RhTm,화합물,3,136.43,2.6,2.64,31.58,0.96,4.36
Tb4Al3Zr3Nb3Cr2,고온,5,30.49,3.9,8.26,1.19,12.07,98.65
Sm3C,화합물,2,83.41,1.6,4.56,30.61,7.96,3.16
Lu2Y2,화합물,2,153.31,1.6,7.1,49.93,7.04,0.84
Ru2PdMo2,합금,3,161.41,2.0,15.78,75.79,6.46,9.33
CuTm,화합물,2,102.91,2.0,4.08,7.52,8.9,0.0
CsOs2Hg,화합물,3,126.85,4.7,4.43,34.84,2.11,14.05
As3Sc2Ag3Ba4Ca2,고온,5,80.99,3.7,8.54,11.24,6.03,155.25
Sr2Rh2,화합물,2,126.58,2.6,6.77,18.37,14.21,7.64
Ge2O2LuRbGd3,고온,5,133.11,2.6,6.95,11.64,6.92,62.12
H3Si3Ga2,화합물,3,10.69,4.2,8.08,49.37,3.76,20.12
InRePr4TmAgMg2,고온,6,77.62,2.3,6.36,10.81,1.23,121.55
TbSb3,화합물,2,16.8,3.6,4.44,25.48,5.25,19.01
GdHo2,화합물,2,10.24,3.8,11.61,15.88,7.52,4.47
Gd4Li4,화합물,2,159.31,3.7,12.61,26.13,2.39,21.5
Zn3SIn2Y4HRe3,고온,6,81.59,5.9,5.29,14.57,14.99,125.4
Ru3Ce3F2,수소화물,3,27.34,2.5,1.37,76.37,14.98,142.6
F2,원소,1,19.08,5.0,14.77,129.42,1.9,1.38
Dy2,원소,1,221.28,4.0,2.69,74.7,3.15,1.7
Na2Re3Tm3Pd,고온,4,31.28,4.4,6.11,10.32,1.81,66.99
La2O,화합물,2,118.84,4.9,5.15,0.7,9.18,6.84
OsGeFe,화합물,3,57.53,4.1,9.3,9.79,13.92,22.1
SmU2Re,화합물,3,22.64,4.0,12.84,33.09,13.84,19.55
Hf2Gd,합금,2,22.98,4.5,10.96,24.62,10.16,12.09
Cs2Ag2RhH,고온,4,30.43,2.8,7.94,4.53,9.08,133.54
In3Ti4LiFNd,고온,5,103.93,3.3,4.93,7.09,2.59,109.44
FGdNi2Sm,화합물,4,153.24,2.9,4.6,36.55,12.54,12.7
SeRhNd2Ce,화합물,4,21.89,4.2,2.61,20.75,3.44,6.13
MoAgRu3Ni4,고온,4,104.05,5.6,5.74,3.02,5.91,115.52
Cu2,원소,1,117.47,1.0,2.41,47.95,3.91,0.0
DyTb2Re2GaZn4,고온,5,134.58,1.8,6.35,14.18,3.26,118.61
CdPr3,합금,2,174.51,2.8,6.6,97.55,8.93,0.0
Pd2NiSePt3,화합물,4,154.7,2.2,8.83,29.88,8.22,4.53
SnSc2Pt4Ru,고온,4,51.6,2.4,8.22,10.08,6.71,96.68
CeS,화합물,2,153.91,4.8,8.05,19.36,4.44,18.4
Al2Si3F3Rh2,화합물,4,52.62,3.2,6.33,32.65,4.59,15.03
Pt2Y2Sb2,화합물,3,57.12,1.9,5.11,21.22,8.37,5.58
P3Au2Zn2Nd,화합물,4,84.65,1.7,6.23,49.31,4.98,5.61
Cu2Na2Ho,합금,3,26.06,2.8,5.32,12.21,1.12,7.48
Pt3Os2,수소화물,2,45.03,5.2,5.31,11.65,13.18,175.43
W2SHf4TaP2,고온,5,80.45,1.9,7.87,10.89,1.14,36.37
Re3Gd,화합물,2,14.34,3.7,4.2,41.17,13.14,30.47
CsRhMg3Mn3,화합물,4,148.56,4.0,12.16,28.53,5.66,16.17
Pd,원소,1,49.19,2.0,11.94,307.13,1.21,0.0
Lu4,원소,1,114.94,2.0,4.83,172.81,9.88,2.11
Er3P,화합물,2,102.51,5.5,11.58,39.04,1.66,35.41
Pr3CdZn4Cs4LuRh,고온,6,98.1,3.8,3.49,12.77,5.12,74.91
Ir2Y2Ca2,화합물,3,16.04,2.2,8.5,23.69,0.19,7.99
SnSmCr3HgCu,고온,5,40.75,1.5,7.73,1.67,11.96,31.92
V3,원소,1,171.67,4.0,12.43,312.03,2.14,3.39
RbRhU4,화합물,3,84.01,4.6,13.26,8.22,12.59,25.58
InYb3,합금,2,151.29,1.6,8.75,18.18,2.69,1.26
Si2Tm,화합물,2,122.23,1.7,2.76,0.51,10.76,4.78
O,원소,1,174.1,1.0,0.95,206.74,1.92,0.0
Li2BaTa2,수소화물,3,7.75,2.9,6.05,14.59,6.93,249.75
VSb2Ca3,합금,3,43.4,2.4,8.69,64.51,0.18,6.14
VTm2LaMoTh3,고온,5,90.83,4.3,8.39,7.38,14.42,106.33
ErSRhYb,화합물,4,50.58,2.2,5.09,4.75,12.33,12.22
TiS,수소화물,2,16.32,5.4,7.19,48.52,0.25,150.98
LaTe3FeBe,화합물,4,41.72,2.9,2.85,17.25,11.95,9.05
S2Tm4PtNaU2Ce4,고온,6,67.55,5.1,7.93,2.77,5.88,123.05
Tl4,원소,1,104.42,2.0,19.69,147.33,7.62,4.38
Zr2Lu2CsIr3,고온,4,35.72,3.8,3.16,5.76,3.3,134.33
MoTiP2TePb,고온,5,49.55,3.4,8.31,11.31,3.4,107.14
Os4Ca,합금,2,137.7,4.1,6.73,8.66,3.69,4.24
Na2Sr2,합금,2,41.92,4.7,4.56,6.94,5.5,9.17
W3EuBi3,화합물,3,139.14,1.8,8.37,35.36,14.1,5.55
U3CsH2Sm4MgY2,고온,6,33.2,1.9,8.41,3.2,9.91,63.86
U2CTi4,화합물,3,93.85,3.2,9.93,42.41,12.62,9.42
Mn3Hf4Rb2Ta3,화합물,4,54.18,4.8,13.03,40.93,11.91,10.33
Pb3Ta3Lu4,합금,3,176.9,2.4,11.33,149.82,1.44,5.13
Y2,원소,1,86.34,4.0,12.25,32.16,3.24,2.78
Se2Si3SbH4,고온,4,35.46,2.8,4.08,11.82,8.65,72.54
Tl3Th2Pd3,합금,3,127.14,3.3,8.36,62.54,7.86,1.7
In4As2H2,화합물,3,27.7,2.3,8.95,29.22,8.09,4.46
KMoTl2Er,고온,4,93.58,4.8,7.16,13.55,11.78,39.17
Er3O2,합금,2,80.09,4.7,6.05,80.41,9.16,10.26
IrPr4DyW2,화합물,4,14.91,5.3,6.91,36.0,8.08,20.29
Cd3,원소,1,215.09,3.0,15.91,53.09,9.48,8.48
Zn2S3,화합물,2,12.25,5.9,12.93,19.42,8.86,14.02
ZrPt3,합금,2,41.47,5.7,11.6,66.95,10.13,4.79
BaGaZr3K3Ce3Na2,고온,6,41.59,2.1,8.26,5.24,7.06,36.18
ZrTl3NB,화합물,4,91.55,4.5,12.95,42.55,12.4,10.13
Er2Ho,화합물,2,133.37,4.7,12.6,18.19,10.8,13.45
Nd2Rb2Yb2Cd3,화합물,4,17.21,5.5,12.57,37.4,10.86,52.64
B2Au,합금,2,23.98,1.7,3.03,11.53,11.29,8.49
GeRh2Ir2Gd,고온,4,136.17,1.7,7.08,5.97,7.32,139.0
Ho2B2TiGd2,화합물,4,128.5,4.8,3.82,8.33,0.66,3.53
Cr4Yb2,화합물,2,70.02,5.7,10.54,29.36,14.67,16.05
H4Sn,합금,2,151.92,1.6,13.16,79.14,8.2,0.0
La3Ba2LuSi,화합물,4,17.26,4.4,4.55,18.79,0.76,3.81
PRe2,합금,2,122.48,2.0,10.51,26.99,1.08,2.06
Be2Yb2Cu,화합물,3,18.9,3.9,2.86,25.42,2.83,4.81
PtFe3,합금,2,162.89,1.8,14.65,130.48,11.28,21.36
Co2K2LuTaU4Gd,고온,6,132.51,2.2,8.43,12.68,0.4,126.86
BaZn2,합금,2,70.34,2.2,10.8,148.22,0.95,11.04
Li2F2Th2Ru4V2,고온,5,94.42,4.4,3.9,2.4,12.09,91.09
Fe3Cd2GdAl,고온,4,77.2,2.1,5.49,8.74,6.85,53.61
Mg4Mo2,합금,2,156.64,1.8,7.2,133.16,0.66,4.73
F4Yb3Re3,화합물,3,130.27,2.0,6.22,0.56,7.36,3.93
DyCaAg4,합금,3,179.32,3.8,5.52,139.79,9.56,4.4
KCd3As2,화합물,3,133.91,5.7,8.36,2.27,11.44,3.05
SrZr3,화합물,2,138.79,5.8,11.41,34.88,12.86,5.92
B3O2GaPd,화합물,4,139.18,5.1,9.65,3.7,6.04,3.35
Ba2Th3N2H3,화합물,4,134.8,4.4,10.1,13.13,10.29,5.36
ReSm2S2Pt3,화합물,4,55.11,5.6,1.78,22.25,1.83,12.46
UMgB2,화합물,3,59.96,5.5,11.66,28.69,7.96,9.16
Y2Fe,합금,2,154.38,4.6,3.62,143.71,0.15,9.0
ScPd4Pb2,화합물,3,47.3,3.6,3.39,1.89,8.03,6.66
La2FO3,화합물,3,73.33,5.6,13.46,16.87,3.8,16.77
Sn3CrHf3Ru3,화합물,4,22.35,5.7,2.37,5.46,6.79,12.81
B3Mo3V,합금,3,31.17,4.1,9.35,69.41,10.25,19.04
RbSb4Na2,화합물,3,94.66,5.2,6.51,9.49,2.38,4.34
PbH3,화합물,2,112.8,5.9,8.08,47.71,8.71,14.26
Ta2,원소,1,41.69,3.0,3.49,57.44,5.29,0.0
TbSn2,화합물,2,118.66,4.4,5.18,43.82,2.0,16.8
SmGaWHg2,고온,4,116.6,5.4,3.05,4.76,11.45,135.47
TaCsHf2FeMo2,고온,5,112.88,4.9,8.96,12.84,11.76,110.95
Hf3HMo2,화합물,3,10.64,5.3,3.68,47.18,11.81,29.5
PrYb,화합물,2,108.32,5.0,7.04,41.68,9.3,5.26
Li3,원소,1,90.41,3.0,9.85,318.26,3.12,3.81
S2Nd2AgDyPt4Li3,고온,6,72.22,5.4,5.72,2.7,12.5,106.85
In,원소,1,196.59,4.0,20.04,137.91,6.77,1.99
K2W2FeAl2,고온,4,97.94,4.2,8.08,14.75,7.86,133.35
Ir2Ge2,화합물,2,87.1,2.2,5.43,3.23,14.88,8.38
DyYTmS,화합물,4,48.44,5.3,3.22,21.1,3.92,7.29
ErTl2P2Yb,고온,4,118.56,5.5,5.17,1.13,11.37,114.52
Ti,원소,1,123.66,1.0,16.93,159.23,3.88,5.47
Pt3Ho2Hg4Mo2,화합물,4,97.45,1.8,6.94,34.02,14.71,11.53
Os2Ba4,화합물,2,116.64,2.9,10.48,9.97,6.93,24.76
Nb3Sr3Rb,합금,3,85.13,2.4,4.16,48.33,4.85,2.79
CdC3Re,화합물,3,93.44,2.4,12.22,45.07,5.37,2.81
AgMg2,화합물,2,30.38,3.2,3.7,37.57,6.86,7.02
Mo4Er2,화합물,2,49.34,3.2,3.98,42.52,8.18,14.67
Hf2,원소,1,121.28,4.0,15.79,43.51,4.6,2.55
As2Ta4Hg2CSm3,고온,5,111.81,2.8,7.77,1.68,10.53,113.44
C2Th2,합금,2,49.83,5.4,7.8,29.54,10.19,21.44
Ir2Cu3,합금,2,40.22,5.9,13.01,29.22,2.39,26.46
LuAu,합금,2,103.01,4.0,3.47,124.55,10.18,5.44
Zr4,원소,1,172.02,5.0,16.96,240.99,6.9,0.67
Sn4C2,합금,2,118.66,3.3,13.44,98.44,9.98,18.03
CaCo2,수소화물,2,21.36,2.6,6.63,58.29,13.75,153.86
BeTi4O,화합물,3,155.53,2.5,7.64,9.64,4.84,7.33
Ni2LiHg,합금,3,171.17,5.0,10.39,22.11,12.76,27.89
RuCu,합금,2,111.87,2.8,6.39,98.54,7.28,6.86
CuAg3Ga2,화합물,3,40.3,3.8,11.66,17.31,10.86,0.54
C3HgTe3Au2Tb,고온,5,115.67,2.7,6.11,11.9,4.9,125.36
TbRuSr,합금,3,141.18,3.9,6.86,28.6,10.29,7.08
Y2,원소,1,41.27,5.0,14.17,113.63,4.24,0.0
Zn3Ru,합금,2,102.96,4.4,15.35,14.0,0.79,6.4
Na3,원소,1,234.62,3.0,17.1,127.76,4.02,0.0
Bi3Th2,합금,2,44.0,1.9,8.7,6.31,11.41,4.2
Zn3PdGe4Yb,화합물,4,67.46,1.6,11.26,16.05,5.61,5.27
Bi3O2,합금,2,144.63,2.8,6.85,91.57,1.73,8.61
Mo3LuAu3,화합물,3,32.11,2.9,1.76,10.41,3.13,10.53
Ti4Pd2Er,합금,3,48.77,2.7,7.46,68.4,11.44,5.0
TmAs4Y2Au2,고온,4,125.82,5.5,6.6,11.04,10.63,133.03
NiMnB2Pt2O4,고온,5,119.1,4.8,6.86,11.39,9.36,54.9
Be3Sr,화합물,2,103.91,3.5,4.43,19.54,8.41,4.35
FCa3Ti,화합물,3,48.99,2.5,7.97,16.23,13.35,0.08
CuPr,화합물,2,135.07,3.7,9.83,11.53,10.26,8.24
Tl2Gd,화합물,2,113.79,4.5,1.74,11.02,8.32,4.55
WFe2,화합물,2,137.67,3.4,11.76,7.72,13.48,9.25
Cu2TeSc4Ni,화합물,4,78.48,5.7,8.06,26.39,11.66,4.71
Zn2Hg3Nb2Na,고온,4,38.33,2.9,5.98,2.74,3.66,100.18
SbBe4TbGd2Tm,고온,5,98.38,2.4,3.27,12.43,5.51,79.44
NbMgTh4Tb2,화합물,4,27.81,4.5,13.49,1.96,5.13,13.08
AsScPd2,화합물,3,143.76,3.2,4.44,18.57,10.56,4.84
ScOs3,합금,2,168.23,1.7,3.05,141.57,12.91,9.83
Cu2Na3V2,합금,3,87.13,2.8,9.64,78.23,11.18,7.57
SnB2Gd2,화합물,3,41.55,5.8,4.93,12.61,7.99,12.84
Pt4Mn2,합금,2,158.46,2.4,5.8,94.66,10.96,0.0
LaAg2Sm3Si3,고온,4,86.05,4.2,8.5,2.85,1.71,134.67
Os4Al3,합금,2,28.54,3.0,9.32,92.99,4.96,4.0
ReCa2Mn,화합물,3,44.78,4.4,13.26,10.43,1.9,6.77
Sm2As3Se,화합물,3,120.11,5.2,11.62,37.6,12.91,17.12
Th3F2Pd2C3,화합물,4,26.29,3.4,8.47,5.25,14.89,13.74
PdNd2Pt,화합물,3,137.07,3.6,13.67,12.06,4.96,17.71
Re2PbCo2BiY2,고온,5,73.99,3.9,5.39,8.17,11.9,91.41
Fe2Te2,화합물,2,85.41,2.4,6.36,12.22,3.31,4.74
Se4Na4Sm3Dy,화합물,4,66.51,5.6,10.72,10.25,0.84,8.4
W,원소,1,189.29,4.0,21.5,163.63,7.97,0.0
Te3O2Sn3,화합물,3,106.59,3.2,8.11,34.0,9.01,19.04
Th3DyCoNi2,고온,4,58.72,4.1,5.97,8.19,1.48,32.59
S4Pb2MnIr2,화합물,4,98.37,5.5,13.48,34.98,8.1,9.49
Cu2BTl2Sr,고온,4,72.81,3.6,7.9,4.19,5.44,162.33
Nd2Sn2,화합물,2,24.71,2.5,9.92,23.46,11.29,5.97
CAg2Ba2,합금,3,135.28,5.7,15.82,27.82,0.86,12.59
Hg4,원소,1,47.43,3.0,19.86,353.91,9.87,0.0
TbAl,화합물,2,101.59,5.3,1.79,33.82,4.72,19.8
Mo2Dy3HP,화합물,4,11.19,4.1,5.4,18.02,14.74,13.31
W3HoZr4Sn,고온,4,42.05,3.7,3.14,1.43,13.93,110.56
In3Cs,화합물,2,113.71,3.5,2.85,25.71,7.92,9.11
Ag3OsDy2,화합물,3,54.59,2.7,1.8,6.21,1.42,10.72
YbBiCu2Os3,화합물,4,51.57,4.5,13.64,23.88,4.69,12.19
FeH3,화합물,2,66.39,5.4,11.1,39.94,6.04,8.97
RhSb2In3,합금,3,93.56,1.9,11.5,19.89,9.31,3.14
Zr2Ag3,합금,2,92.21,2.8,8.18,76.22,1.21,4.2
La4Ti,합금,2,111.42,3.7,11.81,16.26,2.47,1.99
Eu3,원소,1,106.5,3.0,3.92,301.43,7.95,2.63
Dy4Si3,합금,2,132.16,2.3,8.92,47.28,9.91,5.96
N,원소,1,227.45,1.0,5.61,2.63,9.83,0.0
NaMoCu,화합물,3,146.54,4.0,12.5,11.6,12.24,3.77
U4Sc3PGa,화합물,4,74.41,5.9,4.98,23.01,11.68,15.3
Si3Pd,수소화물,2,15.99,1.6,6.42,73.42,11.83,206.33
BaSm,합금,2,135.47,5.6,3.08,138.2,7.41,3.31
Cu2TmEu,화합물,3,25.75,5.1,6.22,32.05,14.06,2.24
Nd3Cu2MoSb,화합물,4,121.93,5.6,3.03,38.35,6.32,12.11
Tl,원소,1,17.42,4.0,6.03,120.71,9.67,4.8
CsFeHf2Si2PrO2,고온,6,93.36,5.2,7.69,13.32,10.07,110.72
Pb2,원소,1,199.92,1.0,20.05,121.42,4.7,1.83
Na4NdRhGa2ZnO,고온,6,113.51,4.3,5.08,3.94,10.64,60.83
Ge3Hg3Pr2PtSi2Mg2,고온,6,90.89,3.5,8.36,14.25,8.83,106.95
Ag2Au3Y2Ti4,화합물,4,129.93,5.8,7.6,47.36,4.45,18.06
In4RhTb,화합물,3,51.68,2.1,8.75,31.85,10.46,22.25
TmS3Os4,화합물,3,145.81,3.2,4.62,16.99,0.4,2.17
SeHRhZn,화합물,4,40.38,1.6,2.68,48.19,14.95,1.54
SV3,화합물,2,28.26,4.7,13.79,23.94,3.6,6.61
Lu2,원소,1,11.02,2.0,4.72,383.99,3.51,1.23
In,원소,1,62.16,4.0,19.75,30.77,6.68,5.96
Re2Pr3B2,화합물,3,108.56,4.2,12.73,27.96,1.55,3.11
Ca3Au4,화합물,2,33.22,2.5,7.76,25.61,8.27,19.67
Lu2K2Pr2ReW3Zr2,고온,6,35.35,2.1,7.7,1.39,3.75,139.91
FeOs3Rb2,합금,3,124.4,4.2,12.52,116.73,0.59,6.61
ThDy2Sb2BaY2,고온,5,126.33,2.4,7.25,11.24,8.01,50.89
N2Ta2As2,합금,3,59.18,3.4,14.26,76.88,1.74,5.31
Mg2Ge,화합물,2,29.75,3.9,13.19,5.86,2.35,4.16
HCd3Ag,화합물,3,26.71,1.9,8.61,16.18,13.79,27.8
La3PAg,화합물,3,121.16,4.1,5.4,23.46,7.14,4.88
Ni2Ge2,합금,2,98.2,4.0,4.11,137.01,7.41,5.16
AlOs2Hg2,화합물,3,154.84,4.8,13.33,37.03,9.72,8.4
Dy4TaHg3Gd2Lu3,고온,5,103.24,3.5,4.93,11.38,10.46,45.38
Fe3Ta,화합물,2,127.71,3.8,3.03,12.23,2.86,7.02
P2RhIr,화합물,3,82.77,3.0,12.12,32.68,5.61,2.02
Co4S2Y2Cd2NiAg3,고온,6,136.93,2.8,5.97,7.69,0.97,84.47
Sm2Ba4In4,화합물,3,150.24,2.1,5.5,46.5,6.1,1.72
Al2Fe2OSi,화합물,4,156.58,4.5,8.72,29.97,14.21,6.97
LaV3Te3,합금,3,68.68,1.7,4.18,86.75,11.66,4.95
SiCd3LaMn3,고온,4,32.83,4.3,8.32,3.2,2.94,83.83
Th2Al2Lu,화합물,3,65.04,2.0,7.23,3.56,14.07,0.0
Pd3Tl,합금,2,96.85,1.6,15.15,134.15,6.25,0.3
Ge3Lu2,합금,2,118.01,3.8,6.2,83.67,14.11,9.85
Ce3SrNbTa2Ca,고온,5,108.05,2.9,3.78,2.18,8.71,69.59
Hf2,원소,1,110.5,5.0,10.64,336.15,3.97,6.03
HoH3Cu2,수소화물,3,45.67,2.8,3.52,53.16,3.34,231.27
AsRe3Mo2,합금,3,138.68,3.7,2.06,67.88,7.49,12.26
GeEu3Li4Hf3Te,고온,5,101.27,2.6,6.38,6.92,6.96,94.71
Li2Pt3,화합물,2,63.59,5.9,1.74,49.98,8.71,6.33
Cd2Sn2Ba2,화합물,3,33.86,4.8,13.7,31.99,7.39,40.14
Mo2Nd4SrZnCr2,고온,5,132.95,4.5,7.22,8.16,8.18,151.84
Ni2U,화합물,2,113.12,3.0,2.2,21.48,2.81,3.4
RePb3LaPd2,화합물,4,68.88,5.7,4.56,16.42,9.3,6.77
H3,원소,1,202.8,1.0,20.82,296.41,3.57,0.0
H,원소,1,233.84,3.0,6.9,342.14,0.62,6.02
Re2NbRu2,합금,3,114.8,1.6,9.64,71.94,14.15,0.0
Ce3Eu,화합물,2,19.48,4.1,12.89,28.97,6.0,6.3
ZnK4,합금,2,59.45,3.1,12.86,115.24,12.73,8.12
CoTaAl,합금,3,104.15,4.4,2.42,42.43,13.19,5.39
BTlY2,화합물,3,139.31,4.7,6.31,4.69,1.82,18.35
SeTbEu4,화합물,3,97.41,5.8,7.74,21.78,12.49,13.03
Fe2CaSm,화합물,3,53.34,4.4,4.4,36.82,13.91,11.46
TmY,합금,2,168.53,1.7,14.45,71.72,7.74,7.72
Ir,원소,1,219.1,3.0,4.0,259.32,1.43,0.8
N3Ag4B2Tb3,고온,4,120.31,4.2,3.78,5.79,3.75,143.03
Os2Bi3Te2,합금,3,132.75,3.4,7.76,97.64,14.62,6.5
PtY2InCe3Rh2,고온,5,32.48,3.9,8.06,8.42,10.08,160.35
ZnNi3Nb2Lu2,고온,4,91.22,3.7,7.26,9.41,1.46,70.6
NbLi4PrBeRbPd3,고온,6,75.64,4.3,4.59,10.79,6.65,139.46
Tb2Ti2,합금,2,57.76,5.3,10.91,86.13,9.43,11.85
Mo2Mg4OAs,고온,4,101.21,5.1,5.22,9.5,8.68,165.99
Sn2Au2Ag2Nd3Na3Cu,고온,6,69.98,5.4,7.46,10.32,4.99,41.98
AlLuH4,화합물,3,143.12,4.2,5.76,35.04,9.57,9.58
Te3O4K,화합물,3,22.9,2.2,3.31,9.36,9.8,25.86
Tm2Ho2,합금,2,91.66,2.9,8.13,37.78,1.37,1.59
Pr4Pb4,합금,2,35.19,2.0,7.73,135.56,12.7,8.71
H2Mo,화합물,2,71.05,2.3,8.62,17.44,10.65,6.73
Te2FeSr3Pt2,화합물,4,23.67,3.2,10.64,38.35,3.62,18.1
B2NYb2,화합물,3,25.88,1.5,4.12,37.26,14.19,3.99
Ir2Dy2Ga4Na4,화합물,4,151.94,2.3,3.37,6.64,13.12,9.18
SmB3Cr2Ag2,화합물,4,103.18,3.3,11.56,31.0,9.55,23.87
P2NAs2,화합물,3,20.45,3.8,3.0,47.77,3.47,20.48
Fe3TaCa3NiF2Dy,고온,6,55.93,4.4,8.99,8.79,7.8,106.19
SPb3,합금,2,176.12,4.0,5.94,81.51,9.8,6.06
CaO4Re,화합물,3,82.38,5.8,7.47,13.39,11.11,28.87
PbHf2,합금,2,114.38,3.2,3.23,59.41,6.72,17.67
TiTb3Pr3,화합물,3,86.75,5.2,12.36,36.88,8.75,17.36
Ir3Tm2Hg3,화합물,3,63.85,3.1,5.55,19.26,13.09,36.27
EuZn4ErPb3,고온,4,45.8,3.5,4.01,9.52,11.97,148.3
P3Y2Cd3,합금,3,88.15,3.6,3.24,105.43,12.71,4.7
NiCe4,수소화물,2,33.51,4.3,3.36,67.06,5.8,202.79
In,원소,1,228.05,1.0,11.33,354.89,2.05,0.0
Zn2Sm2,화합물,2,64.87,2.2,13.79,26.07,7.79,9.2
B3,원소,1,167.86,5.0,11.94,183.61,3.66,9.2
Al2Lu3Pr3O4Pd2,고온,5,69.49,2.1,7.02,5.33,0.76,142.64
Na2Mo2Pt3,화합물,3,99.15,2.4,2.22,45.35,7.22,4.69
Ca3PrLi2Yb2,화합물,4,14.58,5.2,9.23,8.68,6.99,4.26
MoBi3Hf3Lu2N3,고온,5,96.02,4.1,6.1,14.83,2.42,124.23
FW2,합금,2,124.82,4.5,7.65,77.33,9.54,12.66
Sn3,원소,1,229.87,3.0,10.02,295.04,3.1,4.11
Cd2O4Zr3Nb2,고온,4,85.49,4.7,4.93,2.68,10.03,146.5
EuOs4Ho2,화합물,3,124.72,3.7,8.96,18.07,7.35,12.43
UHg3,합금,2,144.61,5.4,4.85,30.14,9.92,3.54
AlAs2Pd4Sr,화합물,4,140.69,4.6,7.95,5.16,4.07,9.25
Ta2Se3,화합물,2,43.3,4.3,9.08,20.48,9.56,17.2
Er2,원소,1,15.15,1.0,15.78,199.44,5.99,0.0
Nb2CeEr2,합금,3,111.77,3.7,11.66,73.6,3.76,8.33
Hf2,원소,1,27.34,5.0,7.53,101.95,3.41,6.18
CoCr3Li4,화합물,3,86.52,1.9,2.61,3.23,7.06,1.91
K2La4Cu2NiPrNd2,고온,6,124.86,4.7,3.28,8.73,0.52,167.54
Sr3Os,수소화물,2,17.85,1.7,7.3,22.84,7.57,190.45
Sr2Lu3,화합물,2,80.16,4.8,4.84,30.28,4.53,11.07
Sc4Pd,합금,2,156.21,2.2,6.14,91.42,10.84,10.93
GdAl2SeRb3Tb2,고온,5,137.1,1.5,6.51,3.76,7.13,44.31
Lu2ScPd2Tm,화합물,4,91.65,2.1,1.6,45.59,3.96,2.45
Se2Ho3,합금,2,164.15,3.0,13.73,106.18,5.29,10.9
MoAl3Er2Se4Zr,고온,5,68.61,4.0,7.29,6.7,14.35,95.2
Ni3Rh2Fe4C3TiNb,고온,6,78.73,4.9,6.78,13.94,3.65,91.95
MgF3Th2As2Mn,고온,5,93.22,4.5,7.37,3.26,7.68,124.07
Rh4PtNa2La3,화합물,4,78.5,2.4,6.53,3.57,5.98,2.31
LiNb,합금,2,149.15,6.0,14.52,104.92,1.04,6.3
Ti4C4,합금,2,57.25,3.8,8.22,130.1,1.1,21.03
RuF2Nd2,화합물,3,146.22,3.7,2.58,41.51,3.1,2.64
Ag2Os2Cd2,합금,3,36.26,2.8,6.25,48.12,2.76,7.21
Bi2Cu2Ga,화합물,3,18.86,2.2,2.78,27.99,5.81,14.34
Er3Nd4PBaCr4K,고온,6,54.61,5.4,4.33,3.48,14.24,112.27
Cd2Au2TbMnMg2,고온,5,79.82,1.5,7.8,13.84,0.95,145.49
Al4Yb3Ga4,화합물,3,60.15,3.4,1.86,41.52,9.04,5.96
As2SiBiLaHMg,고온,6,139.36,4.0,3.18,11.41,2.49,108.61
Rb3U2Sn3YbSb2,고온,5,95.84,1.7,7.04,3.25,4.25,123.43
EuNdPr2Mn2,화합물,4,10.69,2.4,8.51,42.45,0.13,20.19
TaRuTe3,합금,3,62.14,1.8,3.3,75.43,3.65,0.0
Cu2SmYb,합금,3,43.95,5.9,15.0,33.57,0.46,11.45
SmPd2GaSb4,화합물,4,95.08,4.7,2.3,4.91,5.01,2.28
MoLaSi,합금,3,113.11,4.7,7.92,142.71,4.15,5.84
SeSn,합금,2,30.24,5.2,11.35,18.66,3.13,7.6
CeP2Hf,합금,3,132.96,5.1,2.39,101.29,12.38,5.56
HfMg3SrGd,화합물,4,89.26,2.1,5.9,25.57,14.94,27.62
BPtCo2Pd3Y2,고온,5,118.49,5.5,8.84,2.43,3.72,125.4
Hf2Pr2,합금,2,169.53,2.1,7.19,63.99,14.36,14.17
Si4WKN,화합물,4,135.27,5.7,6.28,12.63,9.33,18.93
YbSmCoCr,화합물,4,152.26,1.7,5.68,7.28,1.89,6.9
Te3N,합금,2,135.06,4.5,4.06,100.9,8.78,5.96
Be3AuSc2Nd4Mg2Sn,고온,6,114.59,2.1,4.65,11.97,12.92,125.77
CoMo2Lu3Cu4,화합물,4,101.08,5.2,4.15,48.85,5.69,4.61
Nb3Rb2Sm4,화합물,3,67.75,3.4,8.23,34.48,8.43,28.31
Mo2Bi3HgNb,고온,4,64.44,3.5,5.04,1.14,7.56,68.95
O3F3,합금,2,111.66,3.4,5.2,52.23,14.69,3.93
LuTe,화합물,2,137.83,3.7,13.43,13.08,5.14,19.7
Pd,원소,1,211.17,2.0,21.61,297.28,4.72,0.0
C2PAg4B3Fe4,고온,5,120.05,5.0,8.42,14.71,2.28,157.79
Cs3LuNa2,화합물,3,116.87,5.7,9.14,21.44,2.7,9.22
SH3,화합물,2,126.85,4.2,8.03,36.08,1.81,1.48
Ta2Yb,합금,2,174.81,2.9,15.92,140.49,2.67,6.08
Pt2Se3Hf2,화합물,3,46.73,2.3,10.49,47.69,10.26,3.46
TeOLi2SbMg3,고온,5,55.69,3.2,7.12,14.73,3.64,164.7
Se3CaB3Cr3,화합물,4,40.06,4.4,2.43,22.94,4.82,17.24
RbSe3Be2Rh,화합물,4,87.72,3.3,2.77,43.38,1.13,15.8
Ir2Tb4Th,화합물,3,74.49,5.1,4.12,9.29,6.34,5.69
CoMo2Cr2BPr3,고온,5,58.2,5.7,4.7,10.76,3.7,112.18
Be4Sc2Fe2,화합물,3,89.95,2.6,13.57,44.47,5.78,31.25
C2Hf2Rb3Co4Ge2,고온,5,101.11,2.3,3.94,10.36,0.69,134.55
Sb2N2Pb3Ge3,고온,4,110.65,3.4,5.75,10.3,3.36,137.25
NaFe2Mg3P,화합물,4,67.37,4.4,9.17,19.6,14.43,10.11
Os3Pb2,합금,2,110.53,4.8,7.44,7.21,5.95,6.11
Tl2FePb2,화합물,3,131.61,2.5,2.87,45.05,5.55,1.48
Co2ONaVHo3Li2,고온,6,44.31,2.6,3.46,10.35,8.1,75.71
Tl3Pd2,합금,2,77.37,3.9,3.06,39.68,8.13,2.99
PdMg,화합물,2,141.22,3.1,12.42,15.3,0.59,23.15
Zn2Se2F2Eu3Ho,고온,5,45.83,2.8,3.25,14.51,8.74,121.25
Zn3U3Nd3Er2,화합물,4,46.83,3.8,9.89,15.35,3.11,11.48
TiLa4,화합물,2,10.42,5.3,12.74,14.37,2.96,7.44
AlRuSi,합금,3,31.81,3.8,8.85,81.96,8.16,6.91
Mg3Sb3,합금,2,129.32,5.6,10.46,41.89,13.21,7.63
N2Eu2Nd3Ca2Lu,고온,5,135.2,2.1,8.29,11.81,0.55,55.35
Nb3Te2Cd,합금,3,69.99,5.5,14.03,35.96,5.49,7.32
Pr3Au2,합금,2,108.1,5.7,12.63,43.62,4.67,12.03
TeTb2Rb4Sm,고온,4,79.73,5.6,5.33,14.91,12.06,106.77
Ca3Na2Zr,화합물,3,75.01,2.3,11.81,47.52,4.83,1.67
HgCo4,수소화물,2,48.73,2.5,1.92,16.31,13.6,222.81
Ag2ReNb4,수소화물,3,46.08,4.3,3.92,54.55,14.16,139.49
In4Ge4,합금,2,46.56,5.5,13.76,143.92,8.28,7.03
Fe2,원소,1,81.63,3.0,11.47,89.8,5.81,4.31
Cu2TbBi2,화합물,3,125.35,5.1,13.61,14.4,3.33,4.22
Dy2Al3,화합물,2,139.2,4.1,5.3,16.34,13.81,12.49
Tl4Hf3Mg,합금,3,112.4,3.1,12.83,42.28,7.48,0.0
Zn4LuTiOs2,화합물,4,29.58,4.7,1.89,40.21,5.82,20.79
Tb3,원소,1,86.78,3.0,6.69,286.24,1.1,6.79
Pb3KPd2Er3V2Mg3,고온,6,110.94,2.3,6.16,1.5,8.53,76.62
C3Be2,합금,2,91.2,1.8,7.68,54.4,2.82,2.54
Cr2As,합금,2,36.97,3.6,9.57,137.65,2.52,3.64
W3AgCe,합금,3,125.65,4.1,5.29,54.04,8.85,8.53
NbMo2,수소화물,2,40.33,3.1,2.45,12.86,14.41,176.68
Ti2H3,화합물,2,148.26,2.9,9.68,35.11,9.33,4.29
Au2Os2P3PdSnRb2,고온,6,100.48,3.1,7.94,4.58,2.98,93.98
Ge4NbTa3,화합물,3,91.87,5.6,7.84,46.94,9.87,14.34
Er4Nd3,화합물,2,65.1,1.6,11.47,25.92,13.97,9.94
Mo2Ir2Y,합금,3,38.71,3.3,5.29,69.35,4.61,1.81
CrZn,화합물,2,68.12,4.8,7.41,11.71,1.21,12.48
Pt3CrSi,화합물,3,114.28,2.6,13.71,43.27,11.79,3.08
Ce3PbO2,화합물,3,26.39,3.2,3.63,4.91,4.95,12.71
Pb3Ho2As3,합금,3,165.43,3.9,12.19,121.43,13.65,2.99
Se3Sn3Te3Mn2La,고온,5,66.24,5.8,6.45,10.06,3.2,105.34
Nd3Pb4,합금,2,119.46,4.1,8.53,102.05,4.98,5.99
ScHg3,수소화물,2,38.36,5.1,3.25,21.81,10.92,238.53
N,원소,1,123.13,3.0,16.46,50.58,2.95,1.4
Zn3TiH4,화합물,3,111.54,3.2,11.77,42.46,6.6,13.97
Te3Nb2,화합물,2,75.94,2.1,4.14,14.6,13.06,7.2
Te4Sn3F,화합물,3,49.3,4.2,9.76,9.11,11.25,7.73
SeEu,화합물,2,120.55,5.0,4.59,22.18,0.34,4.43
MnTe3Ti,화합물,3,58.39,2.6,9.76,10.56,7.94,0.49
Tm2N3Ta,화합물,3,17.92,3.0,10.13,32.35,10.26,27.52
Rh3Sn2EuSi3TeFe2,고온,6,127.5,5.4,7.41,2.01,12.61,44.87
TlNdBaSb2,화합물,4,140.12,1.5,5.95,13.78,6.71,3.67
Lu3Th4PV4,고온,4,42.67,4.2,7.16,9.09,2.96,92.23
Tb3Mo2Os3,합금,3,113.8,3.8,10.65,72.47,2.22,1.39
Ce2SeFCo,화합물,4,60.51,4.4,10.04,32.4,0.44,9.91
ZrK2,화합물,2,59.87,3.5,6.93,30.82,14.92,10.85
Mo4Rh2Sc3,화합물,3,134.66,2.8,5.84,45.61,12.02,8.36
Pr2Mg2,화합물,2,70.28,3.6,9.9,35.39,4.6,7.11
KSm4,화합물,2,124.07,2.8,8.49,48.54,0.22,12.58
TaN2,합금,2,75.77,2.0,15.19,106.14,14.76,2.48
Mg4Dy,합금,2,168.72,2.3,9.48,124.32,2.37,0.0
Rh2Ti2,합금,2,81.28,3.3,15.52,149.3,11.8,6.89
BaBeEr2,화합물,3,66.25,3.7,13.01,5.04,14.63,19.85
SeCrSi3,화합물,3,83.35,4.6,12.58,48.99,4.36,11.48
Ga3Tb4,수소화물,2,17.26,4.4,5.4,33.47,5.78,145.67
W2PB2Yb,화합물,4,152.1,3.5,5.22,14.77,1.52,23.74
Lu3,원소,1,211.4,3.0,6.0,180.52,9.73,1.9
FeMo3TbCrZr,고온,5,83.22,5.4,4.73,12.37,5.43,156.71
Ta4PdLu3PMn,고온,5,109.04,3.3,8.67,3.03,3.2,112.03
PtH2WLa2,화합물,4,93.44,3.2,10.87,0.7,8.02,4.64
Ca2Sr2,화합물,2,137.3,6.0,13.98,32.67,7.23,3.63
Sb3Pb,수소화물,2,52.04,3.1,3.48,62.2,14.66,121.08
S2Sc4Bi4P4,화합물,4,133.81,5.3,5.52,29.09,1.62,6.53
OsGe4FeZr3,고온,4,79.39,4.5,6.15,5.12,3.36,61.39
Sn2Nd3Te2,합금,3,127.03,4.4,7.88,49.41,3.27,4.9
HgPd2,합금,2,151.24,4.1,2.9,114.89,2.09,4.23
MoSm3,화합물,2,66.82,5.5,6.26,9.37,11.67,28.96
As3Hf,화합물,2,59.8,1.9,11.36,31.69,5.8,4.26
Fe2K3AlN2,고온,4,129.43,3.2,4.28,1.57,6.23,152.02
S2MgCd3,수소화물,3,56.45,3.1,5.89,25.93,12.38,126.71
Cd2Sr3Cr3H3,화합물,4,157.85,1.6,5.07,20.53,10.34,14.79
Cs,원소,1,124.79,3.0,6.62,362.28,3.57,0.0
Zr4Ce4Sc2Hf2Nd,고온,5,38.34,5.3,6.88,6.63,8.49,51.12
Hf2UHo2Ag,화합물,4,103.21,1.9,12.9,3.94,1.91,26.17
Zn4TlLu,합금,3,131.32,6.0,6.53,31.4,2.46,8.73
ErV,화합물,2,59.73,4.1,4.48,41.6,6.13,4.37
Ru4GdCeK2,고온,4,128.85,4.8,8.89,9.58,3.39,80.51
Tm2V2Nb2Si4,고온,4,125.7,5.6,4.39,4.89,10.19,151.17
SnTe3,화합물,2,157.98,2.9,5.6,17.92,7.52,14.35
Na2Zr2CsSn,화합물,4,15.81,3.8,7.95,2.93,3.01,9.32
Y2Ir3,수소화물,2,11.65,4.6,1.5,78.95,0.56,162.2
KS4Mn,화합물,3,93.02,5.1,6.12,45.2,13.37,9.73
PrIn2,화합물,2,132.58,4.6,10.4,21.74,9.8,19.07
ErPrNa2,화합물,3,12.23,5.8,4.51,21.93,13.01,13.5
Nb2Rh4PrW2Ir,고온,5,104.81,2.6,3.14,4.03,14.44,133.42
Ga3RbPb2,합금,3,78.51,5.9,6.21,85.4,8.63,2.98
BeOs2Zr3,합금,3,64.47,4.2,6.77,128.65,6.33,8.4
SeThGe2Ga,화합물,4,116.39,5.5,8.94,30.18,6.4,31.94
Cu3ZrBe2Yb2,화합물,4,130.87,2.2,10.51,33.32,4.63,2.98
NdGaHg,화합물,3,120.54,3.2,11.72,37.64,14.58,12.89
As3Sm,합금,2,23.25,2.5,5.16,28.47,5.42,10.02
GeOsTm2,화합물,3,11.06,4.4,12.55,33.38,0.47,1.14
SrPd3K4,화합물,3,72.32,1.6,13.9,36.33,12.68,8.38
Si,원소,1,127.53,5.0,3.83,241.77,8.18,7.98
Tl2Ru3Zn,합금,3,147.29,3.4,9.13,75.86,9.42,6.33
ThBa2SMoGd,고온,5,107.51,3.8,6.12,14.49,9.15,158.13
MnLi3OHo3Th,고온,5,36.47,3.6,7.66,11.02,14.86,82.34
Pd3H2,합금,2,100.11,5.8,10.04,16.83,8.61,17.08
Co3F2H2OsP4,고온,5,73.9,5.6,7.44,10.3,12.8,48.32
Hg2Ho3Tm2,화합물,3,67.03,5.1,5.53,29.25,12.03,24.75
NH,수소화물,2,46.43,3.9,5.18,21.85,7.99,140.85
YbAs4,화합물,2,91.89,4.0,5.87,35.97,10.21,3.58
NbZr2FeO,화합물,4,132.22,2.7,3.57,23.73,7.15,9.59
Zn2,원소,1,116.56,2.0,17.83,257.33,7.31,2.08
Cr3Zn3Mo2,화합물,3,46.68,4.4,9.22,33.15,13.31,12.71
RhBi3,수소화물,2,11.87,3.5,2.43,5.18,4.5,246.52
Ag3Cu2V,화합물,3,73.19,3.6,5.86,46.26,14.12,14.17
AuGe4Ho4Pt,화합물,4,148.68,5.0,6.82,8.57,3.34,8.61
ReHRu3,합금,3,162.63,4.6,8.39,70.33,11.82,21.83
PtZr4,화합물,2,98.01,1.8,1.87,48.81,2.88,5.03
DyCa3Se3,화합물,3,123.69,2.0,12.26,1.93,0.76,0.0
BMn2Ta4Li3,화합물,4,102.06,5.5,3.28,12.63,6.6,4.22
Pt2Hf,수소화물,2,27.46,3.6,2.76,51.84,0.21,276.57
Bi3,원소,1,137.04,2.0,17.71,255.39,2.19,7.06
Ir3OsC4,화합물,3,19.85,4.9,2.69,7.1,3.78,8.03
Au2Dy3Se2Sr2Zr3,고온,5,69.51,4.6,4.43,6.16,2.12,55.64
PdLu,화합물,2,31.03,2.9,6.25,0.81,7.93,3.79
Se2Bi2,합금,2,141.15,4.6,4.77,55.15,0.27,6.15
Rb3Ir2S,화합물,3,132.26,5.2,12.11,46.69,7.27,9.13
O4Cr4HCd3Nd2,고온,5,32.48,5.7,8.17,6.09,5.51,159.1
Ho3Y2,합금,2,55.53,3.9,2.07,18.43,7.16,5.6
AsHTb3Sr,고온,4,138.9,4.6,8.13,9.92,7.01,81.41
Au3Nd2PbSi3Pr2,고온,5,102.77,5.5,5.95,2.44,2.61,48.64
RbC,합금,2,93.54,4.2,15.71,52.21,7.35,2.22
PrGd4BaF,화합물,4,115.88,5.3,5.89,32.92,14.89,8.03
Cd2Sb3,화합물,2,33.52,4.8,2.2,30.0,7.68,7.99
As4U2ThRh,화합물,4,85.0,3.1,12.7,46.3,10.64,6.41
DyHfBe3Os3In,고온,5,72.27,5.1,8.03,4.54,13.08,146.43
Sr4Os4,수소화물,2,27.2,3.2,3.31,57.46,3.64,161.55
BeAg,합금,2,69.62,3.4,8.65,59.83,1.54,3.26
MgOsNi3,화합물,3,133.39,4.9,1.55,16.85,6.26,3.93
Nd2Si4Cd2Ru2,화합물,4,52.66,4.5,2.41,23.8,9.4,3.77
LuK,화합물,2,39.47,3.0,7.14,39.68,5.25,14.19
LaCd2,화합물,2,142.18,1.9,8.26,3.4,5.69,26.76
S3,원소,1,136.72,1.0,6.97,386.3,2.16,3.73
Tl2O3As2C,화합물,4,122.29,4.3,2.0,44.03,0.83,9.48
K4HgS,화합물,3,24.1,5.2,8.14,10.15,12.72,3.1
C3Fe2,합금,2,56.16,1.6,13.19,25.03,9.45,0.95
Pr3Tm3MnSb2K2,고온,5,138.2,2.2,7.63,1.85,12.78,39.64
Pb4Nd2Dy3AsSe2,고온,5,88.57,3.2,7.61,8.17,1.52,109.52
BaK,화합물,2,124.34,1.7,13.99,44.25,12.2,7.9
Sr3OsRb,화합물,3,113.45,3.1,7.6,38.72,8.76,7.28
Ce2BPd4,화합물,3,45.24,5.8,12.08,38.39,8.41,13.45
Ca3NaMg2,화합물,3,88.19,3.7,12.5,1.03,8.1,24.41
Na2Te,합금,2,117.27,2.1,6.93,120.27,12.19,0.02
MnCo2WAgAs2,고온,5,127.41,4.1,4.33,7.62,2.82,51.56
Cs3,원소,1,108.84,5.0,10.27,206.38,6.27,9.32
Re2Si2,합금,2,115.31,4.5,5.26,106.93,5.51,10.52
O2,원소,1,30.04,2.0,4.76,345.43,4.84,5.54
PrTl3Ce3,합금,3,179.84,3.7,2.65,69.93,13.9,3.29
Y2,원소,1,212.19,4.0,2.76,139.44,6.91,9.56
Ta2Hg2Mn,수소화물,3,25.22,2.0,6.84,70.54,2.83,220.31
NaSe4,화합물,2,115.59,4.4,13.84,27.49,10.96,20.05
Gd2W,합금,2,111.01,1.9,3.56,9.29,7.16,13.19
CdTi,합금,2,98.09,3.7,3.79,48.61,5.98,10.09
Eu3Os3Ce3SrC4,고온,5,42.98,3.1,6.14,9.14,8.71,126.29
TlCoAl,화합물,3,100.58,4.3,2.4,37.47,13.04,2.11
BeTm2GeNb2,화합물,4,49.86,1.7,4.47,15.43,12.51,3.29
Mn2NbSn3NiB,고온,5,114.27,5.8,8.78,5.23,13.81,116.5
Se2Zr,화합물,2,16.19,3.3,2.71,10.22,4.14,5.06
VO,화합물,2,42.88,4.4,13.75,13.0,1.85,10.27
OsTl,합금,2,20.59,2.2,11.08,133.16,14.91,0.96
Sr2ScAgMg4,화합물,4,39.62,4.9,4.22,5.68,13.43,9.74
Cu2Ce3ReYb2,화합물,4,23.33,5.8,13.51,21.73,13.76,7.97
SbKTaHg2,화합물,4,55.46,3.7,4.31,2.31,11.86,6.03
Ag3AlYbIn2,화합물,4,134.04,3.3,12.95,30.48,7.99,2.58
Os2ErSe4,화합물,3,91.21,5.3,2.39,14.93,3.21,6.66
Ir3,원소,1,86.45,4.0,2.06,197.72,2.3,3.75
Hf3Sn,합금,2,58.75,4.9,15.34,74.73,14.3,15.06
CaEu,화합물,2,118.49,4.5,3.23,43.99,6.38,6.48
Mn2YbGdSr,고온,4,98.99,2.1,3.89,8.79,10.48,89.67
Mo3O2,화합물,2,120.34,5.3,5.9,30.51,5.02,16.93
LiAg3,화합물,2,39.93,5.2,3.06,17.08,9.25,10.9
GeTb2Yb,합금,3,114.48,4.9,14.32,8.19,5.15,4.6
O2Ga,합금,2,167.83,3.0,11.46,17.31,1.06,5.44
Yb3,원소,1,231.93,5.0,13.27,186.65,9.23,13.34
Cd4K2TbF2,화합물,4,69.05,3.0,9.11,40.26,4.43,2.22
Gd4Sr,합금,2,59.19,2.0,12.46,87.44,11.89,7.87
OsSn,합금,2,95.3,2.6,15.25,126.67,14.94,2.75
K2Er4Th3Eu4P,고온,5,48.86,2.4,6.07,14.73,8.09,62.42
Cr,원소,1,23.66,2.0,15.76,348.78,6.99,1.46
Zn2Rh2Bi4,화합물,3,48.55,2.4,12.85,49.04,5.95,13.28
HEu2Nb2Bi2,화합물,4,46.85,3.0,9.02,6.98,2.39,6.05
EuSm3BaP2,화합물,4,156.2,3.8,4.79,13.9,7.12,15.77
V4Dy2Zn3Al,화합물,4,46.04,1.6,13.59,4.33,5.54,11.68
GeFe2Tl3Sb3,화합물,4,145.49,3.1,2.28,36.93,3.14,5.44
Cr3Te2Ir,화합물,3,70.28,2.1,7.48,6.66,10.21,4.64
La2AsCo4Eu2Li2,고온,5,71.21,3.3,5.91,5.52,8.83,61.47
LaSe2Fe2Ti4,고온,4,58.23,4.8,5.9,11.39,9.52,163.49
In2Ru,합금,2,78.48,5.1,4.68,124.19,0.88,0.0
As3N3,합금,2,165.52,4.0,6.59,106.47,5.23,9.58
Zr4Li3Ge2P2,고온,4,123.12,4.6,6.25,9.26,6.22,99.42
S2ReRh,화합물,3,30.19,1.8,6.56,9.18,3.71,10.26
C4SmGe3O2,화합물,4,84.14,1.9,3.81,10.51,1.21,0.53
STm,화합물,2,44.64,4.6,6.48,9.07,3.95,8.84
Ni4FRe2,합금,3,139.15,4.1,4.55,86.48,12.98,9.96
Ca2SeTa,화합물,3,13.12,3.1,3.61,1.39,10.92,1.6
Zr2H2Ru2,화합물,3,39.41,5.5,11.97,15.82,8.3,7.71
FeC,합금,2,32.42,4.7,3.38,138.48,13.77,6.8
Cu2Dy2,화합물,2,125.69,3.0,9.56,2.79,3.97,15.46
Ca4Zn2Te3Bi2SmC2,고온,6,127.25,2.5,3.42,7.15,6.97,158.48
NiBa2Sn,화합물,3,105.74,3.9,8.18,8.74,5.45,6.98
LiCe,합금,2,140.4,5.0,9.58,120.65,1.37,2.71
TlHo2Te3V3,화합물,4,93.19,4.4,10.98,49.63,7.26,7.81
Li4Ho2Sc4,화합물,3,69.19,4.4,3.03,6.53,12.78,6.12
Ge3Au4Yb3Si3,고온,4,57.56,3.1,6.66,5.92,6.79,37.75
Cs2C2Si4,화합물,3,34.61,2.5,6.51,32.06,3.4,8.04
Lu4Sc,합금,2,143.63,1.5,8.93,23.33,7.9,1.41
Be2SiRb4,화합물,3,155.04,2.5,10.18,2.27,7.16,6.25
Ru3Pb2V2La4,화합물,4,110.04,2.8,8.88,36.36,3.49,2.83
Fe3,원소,1,70.76,4.0,3.08,256.69,1.1,2.92
ScTe3Pr,화합물,3,130.52,2.8,11.06,1.98,9.89,7.02
Re4ON2Dy4,화합물,4,128.01,4.3,5.88,19.59,2.63,7.03
CdSn3Li4Nb,화합물,4,115.84,3.3,1.72,14.47,1.27,11.96
Lu4RuOs,합금,3,106.42,3.7,9.61,45.97,0.6,3.7
Rb4Se2,화합물,2,87.01,4.6,6.87,42.92,9.43,11.35
B2Yb2PtLu2,고온,4,132.04,1.6,5.68,6.91,13.46,116.95
Ni4MnCo3W,고온,4,58.74,5.2,8.84,5.38,2.16,154.35
Mg3Tm3La3Sc2U3Ca,고온,6,130.06,4.3,3.82,4.97,11.89,82.55
Sm2CuTe,수소화물,3,33.78,1.8,4.34,50.11,11.89,187.82
Er,원소,1,134.68,5.0,11.82,156.96,3.22,5.4
IrNd,화합물,2,32.03,4.8,10.62,44.72,5.94,11.01
BPt2,화합물,2,77.34,5.3,4.69,16.77,2.84,4.25
Y2Th2W3BeSm2Tl,고온,6,98.32,4.9,4.15,8.37,4.46,87.01
FGe,합금,2,157.7,3.3,6.94,54.02,9.2,4.69
Ir4W2,수소화물,2,41.07,5.6,2.4,67.38,1.41,197.78
KZr2Ca,화합물,3,51.83,3.4,10.01,39.21,6.26,1.61
AgTe4Ti2Y4Hg,고온,5,77.23,4.5,8.22,6.32,11.53,111.19
Si4P2Mg,합금,3,166.94,5.7,12.14,34.94,13.26,14.01
TeLa,합금,2,99.43,5.8,10.7,65.73,12.26,12.6
Ca2Cu3ScAl,고온,4,89.39,2.4,7.38,6.59,8.89,112.87
Zn2,원소,1,110.13,3.0,4.55,160.53,4.17,0.0
AgVAlSe,고온,4,99.8,2.4,8.03,2.18,5.66,111.99
Dy3,원소,1,106.48,2.0,4.09,279.72,2.16,0.0
Si3LuHo2,화합물,3,142.03,2.9,6.8,30.37,2.98,7.51
RePt,화합물,2,107.55,4.5,6.2,49.97,14.69,16.86
Mg2Tb,화합물,2,29.07,4.5,6.87,48.8,13.47,21.06
V2Sm3,화합물,2,110.11,2.3,10.22,11.08,9.66,11.18
Ir2Rb2,화합물,2,44.73,4.9,13.63,10.96,3.34,11.9
Be4Tb,합금,2,90.4,2.5,3.75,7.53,2.76,4.61
Nb4,원소,1,182.66,4.0,18.61,36.66,6.15,3.36
La2Sb2YC3,화합물,4,39.29,3.6,3.58,4.81,13.38,7.73
PZrRh4,화합물,3,141.06,3.2,12.6,6.04,12.06,5.81
Si4Sr4Sm3TiFe4,고온,5,48.19,4.2,3.18,13.94,5.44,33.01
Sm4Ru4H4Ca2,화합물,4,18.0,4.6,12.28,26.39,10.19,21.25
Tb2Zn3S2,화합물,3,107.69,5.4,2.74,7.05,14.05,22.96
Ti3OsH3Pt2,화합물,4,92.8,3.5,12.14,10.53,12.79,4.8
Au2,원소,1,55.72,4.0,11.89,361.98,4.14,3.21
NdMoLa2,화합물,3,102.86,2.2,3.88,46.78,2.89,38.48
Cr4S3,수소화물,2,48.83,5.7,7.31,35.32,1.63,253.25
O2Sm4Tm2TbHf3,고온,5,79.18,2.9,7.98,6.08,10.55,156.98
Cd4Tl2,화합물,2,119.44,3.2,6.67,15.62,10.14,8.13
Au3Pb2,화합물,2,159.24,3.9,9.65,25.2,5.72,25.1
BiGa4CoTl2Mn2,고온,5,127.75,2.0,5.58,8.6,14.81,117.14
GdZrAl,화합물,3,107.87,4.3,2.01,35.54,13.72,7.4
La,원소,1,155.14,3.0,8.09,325.48,3.97,4.05
Sr3,원소,1,65.47,3.0,6.05,398.75,5.73,2.02
Ta2V3Tl2,화합물,3,131.96,4.1,12.24,0.79,10.4,6.58
Yb3Sr2,수소화물,2,56.23,4.1,6.86,43.62,9.88,129.35
CaAu3Al,화합물,3,24.8,4.2,7.94,28.17,3.48,13.75
In3,원소,1,237.84,5.0,5.52,179.69,2.33,4.83
Ga2U2Hg2,합금,3,138.58,4.2,15.45,67.44,0.99,8.93
BeGa4Tl2ErTb2,고온,5,125.02,4.5,8.02,1.73,14.87,89.11
ThAl3Ce2OEr3C2,고온,6,113.35,5.5,5.69,2.41,0.11,142.26
DyHf3Ga,화합물,3,153.92,2.7,9.22,6.0,12.24,4.13
Mg4Se2In3,화합물,3,49.4,6.0,6.39,23.94,3.24,6.65
Nd3,원소,1,194.02,3.0,16.97,263.34,4.9,3.94
Y3Sm2SeTeEr,고온,5,39.76,3.1,3.19,13.93,6.27,48.37
PrDy2Cd2ScIrCo3,고온,6,74.38,2.3,4.28,6.59,9.8,90.15
Si2Ta3K4,합금,3,75.69,4.7,2.79,50.78,3.32,1.05
PdHgZr3Be,화합물,4,109.14,5.7,1.83,39.86,12.21,32.53
VRb,합금,2,153.72,2.6,7.56,43.22,0.51,7.35
Cr2,원소,1,145.62,1.0,8.98,364.79,1.51,0.0
Tb3Re,합금,2,90.02,2.0,10.91,82.3,9.24,1.38
Ni2Ba,합금,2,39.61,3.1,11.14,18.91,8.81,5.26
Hg3RhIr2,화합물,3,116.61,2.4,7.25,46.32,13.39,1.75
O2CoMo,화합물,3,121.76,3.0,7.67,37.64,3.78,13.97
CrSr3OHf3,화합물,4,89.59,4.3,4.37,43.17,1.6,8.37
Co3WSb4,화합물,3,99.76,3.3,3.79,33.2,3.15,6.29
Au3Zr4,합금,2,164.61,1.9,2.72,49.03,12.75,0.0
Tl2,원소,1,150.54,2.0,15.22,49.75,5.53,0.0
Pd3U2,화합물,2,35.64,3.6,7.56,12.19,3.42,13.27
RhBeOs2Gd3,화합물,4,89.72,4.4,12.52,11.12,14.59,14.19
CdMo2BSb,화합물,4,63.87,2.0,8.42,47.99,9.53,2.67
Th3In2KLi,고온,4,114.32,4.8,6.28,4.66,8.67,105.57
Mo2Ca2BNd2Fe,고온,5,129.0,3.1,3.91,9.62,2.82,65.01
CrAg2Lu2O,고온,4,133.36,2.9,7.17,11.09,3.74,126.57
HoRh3Tm4Na3,화합물,4,21.55,3.9,7.71,29.95,10.86,4.44
La2Ag3,합금,2,113.95,1.9,7.78,70.63,14.54,10.02
HoY3Ru2,화합물,3,99.22,4.1,6.53,44.12,9.1,5.78
UTiOs,합금,3,155.64,3.1,4.6,116.76,2.19,0.8
Os2ThLi,화합물,3,108.62,4.6,9.59,37.05,5.35,5.48
In,원소,1,174.72,2.0,20.39,312.08,1.12,4.15
P3InTeO3Zr3Y2,고온,6,103.63,4.0,8.58,6.2,13.2,163.18
Ga4Si2Zn2,합금,3,92.02,2.9,3.2,88.26,10.86,6.51
Tb2CeHg2Tl4,고온,4,69.91,5.9,4.41,4.93,11.59,46.62
TbNaPbTm3,고온,4,125.79,3.3,5.1,9.18,8.83,51.24
Y2CuTi2,화합물,3,138.74,5.2,9.6,26.98,2.75,39.87
CePbHf4Zr2Nb3Sb,고온,6,58.83,1.9,6.3,2.33,11.22,99.58
KMnLa4Ta3,화합물,4,154.19,1.9,12.4,29.76,2.5,14.12
Ta3AgS3Dy3Tl2Mn2,고온,6,48.12,5.1,5.34,10.51,3.56,39.69
Te2Fe,화합물,2,135.42,5.8,8.08,35.67,3.13,12.94
CdAu2Pd2Ba3Se2S4,고온,6,127.04,3.3,4.89,11.06,2.75,59.54
HfPb3Si,화합물,3,121.37,5.7,8.88,38.45,9.74,25.47
AlAu2ZnB2Os3,고온,5,72.64,2.6,7.38,7.16,10.82,127.49
PLi3,화합물,2,139.83,5.8,6.1,4.89,2.69,6.37
Na3Zr2,화합물,2,27.51,4.6,8.0,30.5,10.04,25.87
CdGe2Zn2Mn2ZrHf2,고온,6,106.07,5.6,8.58,12.25,7.87,76.1
S4CrThMo,고온,4,113.2,5.3,6.6,7.45,6.37,161.43
CoRu4,화합물,2,118.94,2.1,10.21,41.81,8.81,10.05
N2CsTh,합금,3,40.61,2.1,2.77,36.21,1.18,4.07
K2Rb3,화합물,2,20.93,3.5,3.46,40.17,0.49,2.91
Ru4U,수소화물,2,1.25,1.8,3.58,65.42,6.56,197.15
VH2HoBaRe2,고온,5,134.9,3.5,8.63,5.37,7.61,84.71
NiAs2Y2IrEuSr4,고온,6,106.36,3.1,6.33,12.5,2.82,75.69
As2,원소,1,133.12,1.0,17.05,119.2,9.5,4.84
Si2ReSc4,화합물,3,81.67,5.2,10.98,30.71,5.89,8.78
Cd4TaAl,화합물,3,56.16,4.8,12.12,2.47,6.79,11.43
Tl4Re3Hf2Ge3Cr2Fe2,고온,6,101.24,4.6,5.19,6.21,12.26,65.17
Sm,원소,1,166.8,5.0,19.37,310.01,7.26,4.85
HfBaSe3AlAsPd,고온,6,97.97,4.4,5.37,11.92,10.08,137.36
GdCd2,화합물,2,117.4,2.1,5.98,36.09,8.42,12.13
Zr4Lu2,합금,2,22.96,5.3,15.45,145.46,0.66,13.21
LaCu3,화합물,2,112.27,2.3,6.92,42.1,1.7,19.88
Ce3Ni2SnAs3,화합물,4,117.98,3.5,13.9,3.63,7.96,4.48
Mn2Pd2LiW,화합물,4,111.9,2.4,3.41,45.93,1.99,8.42
Se2,원소,1,72.8,3.0,11.81,96.98,4.46,2.69
Hg2Re3,합금,2,98.49,4.0,3.64,78.8,11.73,3.41
InBiTh2Y2Si,고온,5,121.75,5.4,3.74,3.24,11.02,152.11
N2Sr,합금,2,46.72,1.9,5.19,24.3,14.58,0.0
SPt2,합금,2,176.09,2.2,6.07,148.34,6.68,7.38
KBHf,화합물,3,16.58,1.9,2.81,5.46,12.53,2.12
Al2Cs4,화합물,2,37.07,2.8,12.02,19.99,12.34,9.26
Mo4WGdCr3Pb2Yb,고온,6,115.45,5.2,3.09,1.9,3.13,124.52
Tl3B2Ir2Fe,화합물,4,144.76,3.9,5.7,25.11,0.77,4.93
NNa4Cr2Ho4,고온,4,86.94,2.1,4.38,2.26,10.29,75.09
Os2LiNi3V4,화합물,4,136.8,5.9,13.15,8.34,10.99,8.3
YbZn2Al2,합금,3,149.89,2.4,2.64,14.37,10.65,0.3
Co3Ru2O2,합금,3,25.63,2.6,13.84,33.11,4.75,2.05
ThPSm3,화합물,3,73.65,4.5,8.07,34.48,0.48,5.48
C4Zr2Eu,화합물,3,49.46,3.9,10.74,19.97,14.3,1.57
HoGdBi3HfPdB,고온,6,123.75,1.6,4.18,9.97,10.81,148.06
W4O2K4Lu,화합물,4,46.97,5.9,5.46,47.44,11.75,16.96
RhEu4Lu2,화합물,3,52.54,1.9,4.33,19.46,1.04,7.73
Os2InRb3,합금,3,119.03,5.8,10.8,36.28,10.88,19.22
As4Si2,합금,2,36.19,2.9,3.45,16.54,14.13,0.0
H3Ce4Pr,화합물,3,62.86,4.4,9.03,31.25,13.12,1.89
Os2Ge3Sb4Ho,화합물,4,99.48,1.5,10.05,4.72,9.61,6.11
Cd2H3,화합물,2,42.33,4.4,5.5,27.28,14.21,5.78
SmGd,합금,2,152.8,5.9,8.43,42.19,0.87,7.72
MoTmB2,화합물,3,62.31,5.8,4.06,0.59,6.2,7.47
AsCeSiW2C3,고온,5,66.77,2.6,3.58,7.08,5.03,158.66
Pb3Se3,합금,2,116.38,2.7,9.69,99.49,3.11,20.96
Li3WSe,화합물,3,69.36,1.8,6.74,40.54,5.79,3.58
Er4K,수소화물,2,14.69,5.0,4.27,17.87,6.77,137.07
Hg3UO,화합물,3,153.1,3.8,7.85,2.33,7.58,10.42
Cu3Se2Li,화합물,3,37.85,3.8,10.94,13.91,14.6,12.19
O3Mn3,합금,2,122.27,3.0,15.35,84.38,0.17,0.0
Na2RuY2Nd4,화합물,4,98.24,4.7,3.67,11.74,5.95,9.76
HoLa,합금,2,106.66,2.7,14.41,14.38,9.08,5.61
FV2,수소화물,2,49.04,1.9,4.39,14.12,3.2,102.42
Dy2Mn2Ta2,화합물,3,48.55,5.4,2.9,25.63,13.75,6.36
Pt2Ce3Cr3Tb2,고온,4,54.79,4.5,7.4,7.7,9.65,129.02
Ho3OP,화합물,3,58.59,3.2,5.95,4.22,8.88,7.86
CuNbSSr,화합물,4,59.36,4.7,10.92,28.8,7.73,5.66
Te4Rb3Ir2,화합물,3,50.95,5.1,5.0,4.76,7.41,5.79
Fe2Sc2SrSe4,고온,4,139.83,4.6,4.47,12.02,13.91,99.64
Si2Nd,수소화물,2,30.31,4.8,4.2,29.4,14.43,189.06
TlGaNa2,화합물,3,13.1,5.5,8.42,24.32,12.11,27.55
HoBaNi3Nd4Zn2,고온,5,84.02,4.7,5.72,6.46,3.21,49.72
Lu4NiErPd,화합물,4,18.87,4.0,1.56,25.31,11.43,16.42
LaNbY2,화합물,3,122.41,2.8,5.34,2.37,6.46,25.05
Cs2Er,화합물,2,54.07,5.1,11.35,28.68,0.87,7.02
U2DyS2,합금,3,96.21,3.9,7.64,40.15,5.08,4.27
W,원소,1,76.62,5.0,17.34,285.19,8.77,6.14
Rb2S2Ti4,합금,3,167.12,5.4,13.73,65.78,13.29,7.67
TeAl2Fe4,화합물,3,79.01,2.7,12.25,21.69,2.25,10.32
Mg4Ba2O,화합물,3,137.54,5.1,7.86,13.44,10.25,43.84
SrIr2Ru4,화합물,3,55.32,4.0,3.94,20.92,0.54,8.39
Ag4Cu2,수소화물,2,10.19,4.3,3.65,16.43,7.86,199.35
HoReRh2,화합물,3,12.77,2.5,7.7,41.02,2.97,5.68
BaSn4Ho,화합물,3,41.07,3.4,10.33,16.9,5.51,10.09
B4Mo2,합금,2,162.41,2.7,5.75,145.81,14.77,1.81
Tl,원소,1,137.96,4.0,17.85,365.28,6.98,0.0
AgHf4IrCsTi4,고온,5,94.55,5.7,4.63,5.05,0.43,101.43
Pr2Cu,화합물,2,90.18,3.5,5.12,42.3,1.06,5.34
PdFe3Pt3BaBiAs,고온,6,131.36,2.2,6.07,13.45,1.62,95.6
ReK3,합금,2,42.21,3.2,6.18,105.73,2.55,1.52
SmSn2,화합물,2,159.93,3.7,8.53,25.08,3.47,9.38
SrNa3,합금,2,118.74,3.8,6.01,15.18,13.24,5.79
MgLa,합금,2,59.21,2.4,4.35,53.91,1.31,1.75
F,원소,1,20.26,4.0,16.51,133.31,2.0,2.67
Cd2ZrCo,합금,3,36.26,4.6,7.11,77.42,5.42,10.27
Cs2BFe,화합물,3,108.0,4.0,5.49,20.76,12.2,3.11
AsSbTl2,합금,3,149.11,2.0,2.95,43.47,9.5,2.48
CsZn2Ba3,수소화물,3,50.56,5.7,5.66,29.77,10.56,248.38
Na2ThTi,화합물,3,77.81,4.8,1.79,45.25,0.41,3.19
PrAg3Ca,합금,3,108.34,2.5,6.82,90.59,14.22,2.48
K4TeDy,합금,3,152.46,4.3,5.03,5.57,7.09,6.86
Sr2Mn2Sn4,화합물,3,104.96,5.5,8.05,16.81,11.66,12.35
Cs3,원소,1,161.53,1.0,9.91,356.95,2.27,0.0
LuHg4Sb3Re3,고온,4,47.82,4.2,5.64,13.49,4.52,161.33
CoU,수소화물,2,32.43,5.0,3.74,75.91,2.76,117.19
UMg3Ga2,합금,3,150.68,1.8,11.0,29.51,10.97,0.0
Sm3In2Mo,화합물,3,97.18,5.6,12.42,42.92,7.73,7.95
V3,원소,1,237.17,4.0,14.08,83.45,9.81,2.58
SmCdPr,화합물,3,123.16,2.1,3.13,4.1,10.5,26.97
Pd3HTa,화합물,3,122.28,2.6,3.42,37.88,4.75,7.11
Hg2NdEu2,합금,3,91.37,3.1,2.12,53.5,1.24,3.38
Pd2Nd2,합금,2,141.78,2.9,8.74,147.35,9.31,3.13
Rb4Ca4Tm2Eu,화합물,4,106.79,5.0,10.61,6.87,11.41,11.93
Sn4YbErGe3,화합물,4,123.14,3.4,2.26,29.79,3.48,5.99
In2Tb2Mn3,합금,3,56.52,3.9,10.16,76.34,6.26,4.04
Ni3Yb4Pr3Li,화합물,4,116.29,2.5,7.03,25.78,3.33,1.17
Ce3Mn4Lu3Pr2,화합물,4,12.18,2.6,11.83,5.73,3.31,1.8
YbSn2Th2Dy2Fe2,고온,5,86.72,2.4,6.58,2.46,1.86,58.97
Li2Mn3,합금,2,33.66,3.2,8.51,133.76,0.8,1.91
Li4LuEu4Ru4Tb3,고온,5,136.02,5.0,5.13,10.61,4.3,99.22
FAu2N3,화합물,3,83.75,4.3,8.38,19.96,4.19,15.7
PtAg4Eu,합금,3,48.86,2.4,2.98,68.58,1.88,0.15
InF2H2,화합물,3,97.59,5.5,11.6,8.45,4.59,5.86
TaBeZnO3,화합물,4,55.44,4.6,11.24,2.9,2.54,15.34
AuPdCeCs,고온,4,61.18,5.9,8.42,11.8,4.0,78.76
Zn2IrAu,합금,3,122.06,3.7,13.21,35.2,1.98,11.33
BiPb3Pr,화합물,3,29.28,5.1,4.06,33.68,0.99,20.13
SFe2Hf,화합물,3,121.66,5.3,6.42,19.56,10.16,18.19
Mg2F2,수소화물,2,35.52,3.1,5.72,14.28,12.17,235.15
N3Al2Bi,화합물,3,19.51,2.9,3.1,15.37,14.32,9.52
SbCd3,수소화물,2,56.91,4.8,2.63,43.98,5.84,119.72
Cu2Dy2Ir2Si2C2Ru4,고온,6,79.64,2.3,4.58,5.44,12.94,46.56
OSn2La2,합금,3,31.17,2.4,4.84,73.8,8.73,6.72
ZrV4Mn4HgAu4,고온,5,62.31,4.9,6.15,6.82,0.67,159.51
Nb2Co,수소화물,2,37.91,5.7,1.26,43.28,3.45,284.73
Sb3F2,합금,2,125.99,4.2,11.34,75.72,14.07,4.99
InHf,화합물,2,42.95,5.6,10.27,6.87,13.91,7.15
S3VCo4,화합물,3,148.14,3.8,12.74,1.12,0.91,20.21
Nb3Cs2U2Na4,화합물,4,103.67,4.7,2.6,33.36,1.06,7.22
Hf2,원소,1,39.36,4.0,19.01,276.47,6.23,0.0
Cu3Ba,합금,2,105.37,3.3,15.76,30.42,1.86,6.97
CeRu2P2,화합물,3,87.92,1.7,9.33,35.39,5.32,2.54
C3Ho3Ba2,화합물,3,41.81,4.7,2.52,30.6,14.97,31.46
PdGd3,합금,2,84.45,4.0,5.02,77.94,2.31,3.85
Pt2ONi2HoNa,고온,5,68.96,2.0,5.89,6.15,12.49,144.33
NdEuSr2,화합물,3,102.96,4.3,2.9,12.18,10.62,15.57
BiLi2,합금,2,72.01,5.8,9.61,51.84,11.91,5.78
Cd2BeZr2,화합물,3,115.1,4.0,12.85,39.68,0.47,19.77
Pd3Ce3Pr2,화합물,3,62.74,5.8,11.44,4.26,6.88,8.83
Sc2P2,수소화물,2,41.84,3.2,2.34,65.1,1.08,205.61
Er2,원소,1,92.69,3.0,18.24,119.38,1.53,0.0
Hg4O4Yb,합금,3,29.04,2.8,10.05,55.93,12.35,0.0
TlAg2CsCo4Sc3,고온,5,104.81,2.2,7.12,8.42,14.88,46.74
N3Pd2Os2SiBe4Sc3,고온,6,133.74,5.8,4.35,1.21,14.94,43.17
Th2H3Dy3Nb,화합물,4,157.71,2.9,12.4,32.91,5.12,10.53
Ge2Tm2Ce3YAl4,고온,5,127.32,1.9,4.56,14.74,3.34,88.76
DyF3,합금,2,107.52,2.0,2.02,16.86,2.03,0.0
Be2SiZr4K4,화합물,4,92.98,2.9,12.54,48.66,13.61,20.07
Ho4Gd3,합금,2,52.62,3.2,9.68,53.16,2.99,12.35
N3Al3Cu,합금,3,136.74,5.0,2.05,35.03,14.75,2.33
Lu2DyBi3Na2,고온,4,46.94,1.6,4.48,4.97,1.31,49.35
Sr4NbGd2,합금,3,100.97,5.8,7.23,56.68,10.8,14.28
SC2,화합물,2,127.83,2.1,6.6,44.29,3.21,13.81
ZrGa2CLa2Si2Al,고온,6,34.26,5.2,3.27,9.48,2.78,111.65
MgO,합금,2,70.61,1.5,7.09,77.74,11.56,9.71
Y2Ti3,수소화물,2,49.73,4.7,2.95,78.7,6.7,283.34
Ho3Tl2,수소화물,2,37.52,5.9,7.28,70.63,10.0,270.38
Be3P2FSe2,화합물,4,92.92,3.9,6.9,21.55,2.48,12.22
FeK,합금,2,67.32,4.2,3.66,32.57,11.31,5.51
UAuEu,화합물,3,83.71,5.3,12.17,39.43,3.06,7.74
Rh4CdNdTe4,화합물,4,159.92,2.1,8.21,13.96,14.3,0.22
P2Au2Y,화합물,3,143.3,2.6,7.99,16.51,12.38,4.16
Mn3Pr4,화합물,2,106.26,3.7,5.65,25.49,3.12,8.57
TiGe4Cu,수소화물,3,53.33,3.8,2.02,7.09,1.31,240.44
Te3As3Ge,합금,3,109.15,3.6,11.33,97.14,0.35,3.32
FCa2Bi2N3ZrP,고온,6,58.16,3.7,4.64,13.69,11.77,52.36
Nb3,원소,1,110.29,3.0,5.27,275.19,5.85,2.38
Fe3OsEu4,화합물,3,78.28,5.0,8.01,4.26,5.77,3.49
P4Li2HgC4Rh4Te2,고온,6,81.88,1.8,7.44,13.07,6.25,137.85
NaCo2Rh2,화합물,3,156.12,2.2,7.15,14.63,11.06,0.0
Cd3Ag3,합금,2,133.48,4.3,11.11,83.37,7.14,13.72
CPr3,화합물,2,90.91,1.6,9.2,1.96,1.79,11.26
Se2Zr2AuSc,화합물,4,143.99,2.8,12.48,31.28,8.93,6.52
Sb2K2,화합물,2,22.83,1.7,11.63,26.78,5.66,0.96
Pd2Ru4Ca,화합물,3,68.1,3.7,4.67,41.36,9.75,23.67
O3Hg,합금,2,32.76,4.3,9.92,47.66,4.16,6.1
Sr3CuYb4,수소화물,3,7.05,3.9,4.78,40.42,8.78,129.44
Mg3NHo2Ag2Tl2,고온,5,86.44,2.9,8.86,8.78,2.05,70.5
Mn4Bi3,화합물,2,80.18,2.9,4.57,19.12,9.53,6.89
Nb2Tl2AlSc3Pb2,고온,5,37.01,2.8,8.84,4.58,11.73,137.74
O4Ca4Gd2,화합물,3,100.83,1.7,11.48,29.47,12.01,5.38
Ho2LiTi3,화합물,3,80.56,1.8,1.58,25.32,2.31,24.57
MnIn,합금,2,137.54,4.1,2.72,45.07,12.98,4.76
Sm2Re2NdV4,화합물,4,132.67,2.1,4.19,4.32,6.92,10.28
H2In2Cu,화합물,3,100.26,2.6,6.04,40.29,11.05,3.77
Ca2,원소,1,68.17,3.0,1.25,24.25,2.07,3.71
HEuAg4Mn,화합물,4,85.92,1.5,4.74,24.11,14.17,0.0
SbMn3IrSm3Rh4,고온,5,84.29,3.5,6.54,11.31,3.69,54.3
La2CeZn3Pb,화합물,4,62.57,2.4,3.01,11.64,13.8,19.86
Sm2Se2Rh3As,화합물,4,89.29,4.4,6.03,4.54,14.91,8.77
CsSeP3Te,고온,4,94.24,2.7,8.94,14.75,10.35,141.66
Ga,원소,1,142.93,5.0,19.7,270.66,8.46,10.51
AsGa3Gd3P3,화합물,4,21.99,4.2,4.22,7.39,2.43,12.12
CoMo3H3Sn3ZnN4,고온,6,98.36,2.8,8.21,2.8,6.3,165.97
PdOs2Pt2Rh4,화합물,4,23.85,4.0,11.36,29.08,7.87,6.42
AgCu4,화합물,2,38.92,4.8,3.56,29.24,10.0,11.68
MgHo3Mo3,합금,3,170.35,2.2,9.8,27.84,6.6,0.0
N4Re2WHfBe2,고온,5,99.11,4.5,4.35,9.76,4.04,42.77
Rb2Pd4,화합물,2,78.64,4.4,12.98,48.3,8.43,8.14
Sb4Ce2Au2USi2,고온,5,70.19,1.9,4.15,6.66,5.55,81.95
SeTbBa4,화합물,3,43.56,3.6,7.66,14.75,2.64,23.22
Sr4Rb2AgZn,화합물,4,19.97,4.3,11.23,3.42,11.94,12.65
ErP3PtAlSm2,고온,5,56.97,2.4,3.97,14.01,11.36,108.68
Ho3Sc3Al2,화합물,3,109.52,2.3,10.42,6.82,12.6,12.84
Fe2SmK4,화합물,3,129.24,5.8,6.78,14.4,9.51,21.72
Tb3Rh2,화합물,2,134.94,4.4,13.42,13.95,7.01,21.67
IrLaYbGd2Mn3,고온,5,61.07,4.4,8.41,10.71,6.64,97.52
As3B,화합물,2,114.27,5.4,8.38,25.09,0.13,0.45
Mg4Sn2Ga,화합물,3,27.26,4.5,4.31,19.02,11.05,9.47
C3EuCu,합금,3,76.53,1.7,6.2,59.85,2.48,8.78
IrOGe3Li,고온,4,52.11,5.6,3.99,13.0,6.63,75.63
Zn4B,합금,2,95.81,2.7,12.17,112.79,11.24,3.98
Cd2Ca2,화합물,2,30.33,1.7,9.1,21.39,5.6,7.4
Ta4Ru4C3,화합물,3,135.52,4.4,10.89,7.17,9.93,19.01
As2TiSn3Pt4,화합물,4,61.17,3.4,9.0,13.26,10.23,12.23
SeMg2V,화합물,3,13.19,4.9,13.88,13.42,10.86,13.99
Bi,원소,1,26.77,5.0,4.84,91.68,4.98,11.74
Cd4NdO2Pb3,화합물,4,155.6,4.6,10.76,39.6,10.99,23.69
NaZr2Ta4NbIn2,고온,5,105.73,1.7,7.05,13.37,7.6,64.29
W2As2F2Zr,고온,4,127.95,3.1,5.89,7.54,6.61,33.13
Al3La4,합금,2,66.85,4.6,10.59,142.43,13.19,13.64
HoCuPb2Mg2Se2,고온,5,57.51,2.6,3.82,4.16,11.66,113.25
WPt2,화합물,2,91.91,4.0,5.25,28.52,10.07,3.52
CrB3SrF4Zn2,고온,5,35.64,5.1,8.68,2.04,0.39,127.5
Os3Ba3Rb3,화합물,3,130.17,2.2,2.95,3.82,5.73,18.25
Cs2ScEu2,화합물,3,59.28,5.5,2.88,43.87,8.48,14.14
SeLaMoSr2Nb2,고온,5,66.69,4.7,6.64,9.94,13.33,106.61
PdY2Pb3S4H2Te2,고온,6,134.84,4.9,7.47,5.2,5.71,94.21
B3K4NBa2,화합물,4,128.5,2.2,7.48,10.43,12.74,5.51
Te2Cr2,합금,2,47.03,5.5,13.96,7.72,12.48,7.25
Ba3La3ReW,화합물,4,90.39,3.4,12.5,9.86,10.44,18.93
Cr3Th,화합물,2,113.68,2.6,10.2,46.25,11.65,0.4
Ce3GeNb2,화합물,3,54.88,5.1,7.83,39.49,12.65,12.74
In4Yb3,합금,2,156.95,2.1,9.74,97.75,12.85,8.96
Bi4Nd3HOSn3Cs,고온,6,70.6,5.1,7.29,10.96,8.37,104.82
Yb,원소,1,233.21,3.0,8.76,26.37,6.3,0.0
Yb2Sn4Bi2,화합물,3,36.52,1.7,2.26,25.12,7.47,0.75
Cr4ErNd,합금,3,108.82,4.6,3.77,110.39,9.93,6.16
NiTb,화합물,2,156.85,3.1,12.68,25.47,4.68,6.05
Li2,원소,1,11.33,4.0,17.14,331.33,2.89,2.47
Eu3Hg2,합금,2,34.75,5.3,10.16,11.9,7.58,14.14
Li3Ag4La2Cr2V,고온,5,47.54,2.4,8.1,3.6,3.61,128.37
Ho3In4Sb3Ta2,고온,4,47.31,2.4,4.19,9.29,4.05,62.99
Mn2Se3,합금,2,121.76,3.5,14.98,137.33,13.88,11.87
UBa2F2,화합물,3,58.85,1.6,1.98,0.95,5.86,11.92
Li2N2Ta,화합물,3,93.12,3.6,8.57,35.93,8.45,2.8
BaIn3TmSrAg3,고온,5,108.37,4.3,4.79,14.93,11.03,100.06
RuCe2Eu2SnTa4P2,고온,6,91.53,1.6,7.46,6.44,5.32,91.15
Sb2H4,화합물,2,64.63,2.6,11.74,10.34,2.37,4.91
Hf2Os2Ni,화합물,3,87.14,3.3,4.7,12.46,2.14,5.3
Hf3SrBYb3,고온,4,119.96,3.8,5.74,13.13,11.8,64.9
Nd3,원소,1,20.41,4.0,11.23,333.73,5.38,5.58
Sr2K2Th2,화합물,3,65.71,2.9,2.52,15.39,3.57,6.09
DySbMnCs4Ce2,고온,5,131.95,5.5,8.02,8.26,6.72,80.86
PHoV2Ca4,고온,4,107.56,1.5,6.01,4.1,9.09,62.04
OIr2Re,화합물,3,49.4,5.8,11.44,41.68,13.02,8.51
Si2SrLi2,화합물,3,83.63,3.3,10.73,45.98,3.53,0.82
ErBe2CuTb3,화합물,4,96.12,1.9,12.16,34.19,9.75,3.18
Sn3InO2Lu4,화합물,4,133.89,5.3,4.06,47.07,1.55,25.08
Hf3TlTb2,화합물,3,122.51,2.1,11.26,34.29,8.26,33.24
Hf4Tl3,화합물,2,117.94,1.7,1.73,31.98,1.5,2.57
N3LuHo,화합물,3,67.91,6.0,7.56,12.22,4.8,52.39
UHo4Se3NTb4,고온,5,122.19,5.0,4.96,9.4,6.24,158.42
CdCr3,합금,2,102.11,4.8,13.83,15.14,2.68,6.56
F3Sn3LaPr2,화합물,4,80.72,4.5,12.14,46.45,12.93,4.17
Er2Mo4Cu,화합물,3,61.33,3.6,5.9,6.52,12.71,16.82
CeB2Lu3,화합물,3,10.4,4.1,3.8,47.88,0.32,15.0
F2Pd2Ni,합금,3,143.83,4.1,3.45,78.01,14.5,5.16
Hg3U,화합물,2,18.07,1.7,6.46,4.99,11.62,6.47
Os4Rh4Si3Tm,고온,4,35.1,5.5,4.0,7.74,7.5,162.92
BeGa2Tm2Mo2,화합물,4,39.56,3.8,9.72,43.85,3.03,12.25
Zr3Zn4Lu3Se2,고온,4,30.75,2.2,5.78,7.31,5.98,42.94
OSr,수소화물,2,8.83,4.0,7.98,51.55,9.75,163.11
Mn2B3Au4,합금,3,74.33,5.3,12.35,117.31,2.11,4.33
Sn4Lu3Ag2,합금,3,85.12,5.7,6.41,17.24,11.23,8.01
C4Ag2,수소화물,2,52.5,3.0,4.52,53.39,3.21,165.49
W4Al4,수소화물,2,56.8,2.2,6.97,34.04,5.16,186.02
Mn4TbNb,합금,3,50.2,3.9,8.12,22.61,2.07,2.86
N3,원소,1,182.29,5.0,2.47,152.2,6.11,2.45
Zr3C2,합금,2,97.06,2.1,11.05,42.64,9.19,1.44
Pr2Ba,수소화물,2,28.57,3.4,2.67,41.27,2.27,284.6
Ho2Pd2,합금,2,124.37,3.8,11.11,84.76,7.6,5.27
AuYU3Os4,화합물,4,13.22,4.6,3.74,47.78,14.41,10.71
F4Tm3SeCo3Li,고온,5,61.68,2.9,3.75,1.69,4.75,45.1
Nd,원소,1,217.95,1.0,3.02,41.65,0.78,0.69
Si3SnS2Cr,화합물,4,138.21,3.4,11.78,8.92,12.16,10.27
Th3W,합금,2,51.23,4.2,9.01,80.66,6.56,7.07
Tm3PtNb3Lu2Re4,고온,5,78.28,5.2,5.8,7.48,4.31,58.94
TaNbTe2Ag2,화합물,4,24.08,5.9,10.34,22.18,3.89,23.21
H2Yb3Sm2,화합물,3,107.16,4.0,9.97,46.6,13.74,12.47
RhInEuNi3,화합물,4,56.77,5.3,7.2,27.72,14.55,28.1
Sb2Dy,합금,2,174.97,1.9,5.74,10.74,11.73,2.22
Mo,원소,1,144.98,4.0,3.37,103.37,5.78,2.11
B2LiTe2,화합물,3,24.01,2.1,5.46,29.12,0.14,22.67
Ti3Re2Mn2,화합물,3,108.36,1.7,8.3,32.14,13.29,6.27
Ir2F3Cr3Er,고온,4,71.47,4.8,3.55,9.48,1.76,169.18
Li3La3ZnFe,고온,4,52.09,1.6,4.88,3.08,14.18,106.41
CdV2Te,화합물,3,103.16,5.3,6.69,25.35,7.64,8.03
La2B,화합물,2,98.65,5.3,11.7,23.89,8.17,6.05
N3CsRh4Ba,화합물,4,98.93,1.5,6.01,46.39,3.8,3.75
SmYOs2Pr2UPb2,고온,6,135.59,3.1,7.91,1.67,2.29,32.42
SOs2,화합물,2,118.23,4.1,4.17,16.04,12.84,0.8
Gd3Pb,합금,2,40.67,4.6,4.08,146.15,4.54,5.05
Mg4Nb2,합금,2,161.59,2.8,13.53,64.39,13.24,19.47
Pd2In2,화합물,2,36.86,2.8,12.37,16.83,7.08,30.29
Cs3Te,화합물,2,152.78,6.0,12.79,12.71,0.84,10.25
Th2LaGe,화합물,3,134.32,5.3,1.72,18.45,10.58,9.67
N3Nd3,합금,2,65.18,2.6,5.35,88.87,7.25,8.29
Lu2Sn3,화합물,2,29.35,2.5,6.55,16.74,4.88,4.14
Yb2LaPb2,합금,3,123.84,3.9,8.25,143.45,2.49,1.49
Si3Pb2,합금,2,113.38,4.7,5.01,144.51,2.86,4.81
Gd2TlRuNa4,화합물,4,77.89,1.6,2.29,23.43,0.7,6.43
Dy3Sn,합금,2,109.27,2.4,11.46,123.91,6.92,3.72
Mo2W3As,화합물,3,73.54,5.9,4.22,22.51,1.23,9.05
P4HfSe,화합물,3,100.06,3.9,3.94,32.18,12.99,15.7
Pr4AuC2Ge,화합물,4,100.94,5.7,4.69,46.9,9.25,12.25
YMnAu4,화합물,3,130.85,1.6,11.05,13.35,3.9,3.81
Os3Cs2,합금,2,124.08,4.9,10.8,114.58,5.83,5.64
WTh2,합금,2,101.35,4.4,13.32,27.96,5.99,8.58
TaCo2Al3PMoAg2,고온,6,124.41,3.3,4.83,10.74,8.23,80.77
AlRhScIn,화합물,4,111.25,4.7,6.18,24.88,6.1,40.88
Nd4RhSr2,화합물,3,139.16,4.0,9.26,8.3,5.82,24.09
Cd,원소,1,77.47,3.0,10.88,221.02,4.8,0.42
NbTb,화합물,2,118.24,2.4,7.71,39.26,10.87,14.48
PbBaPdMg2,화합물,4,75.06,3.7,6.23,46.28,5.89,14.38
Rb2Sr4Tl4,화합물,3,22.96,3.0,12.44,47.73,10.05,10.93
K2Dy4SbCs,화합물,4,23.25,5.6,5.64,10.62,13.91,13.82
Tb4S,합금,2,40.98,2.4,15.09,104.98,14.32,9.2
U3Sn2In,합금,3,144.82,4.1,2.07,81.34,11.01,0.46
UB2Sc2Tb4,고온,4,67.49,5.3,4.49,3.95,3.38,72.83
CsHgF3W2Pb3Hf,고온,6,48.68,3.0,3.94,11.32,2.92,79.2
Pb4Hf2,합금,2,67.81,3.4,2.88,116.86,9.77,2.38
Pb3Ho2,화합물,2,144.46,3.2,2.28,29.37,2.61,15.01
Li3Rh4Nd,합금,3,62.98,5.3,4.58,136.61,11.97,12.31
Au,원소,1,99.45,5.0,5.45,288.19,1.22,9.67
Li4Sm,화합물,2,102.47,5.7,6.7,36.32,9.76,7.2
Lu3Tl,합금,2,32.88,2.3,8.93,145.93,2.5,6.99
ErTa2Eu,화합물,3,33.38,1.5,6.63,23.0,9.33,2.55
Mn2In2Th3,화합물,3,10.08,2.6,5.57,21.47,8.88,12.07
YbTa3Mo2,합금,3,134.08,4.0,2.24,28.16,1.4,11.31
Sc,원소,1,229.83,5.0,0.72,301.18,2.55,3.43
Tm2Cr4CdHg2Sr2W,고온,6,99.96,5.6,5.04,10.73,13.41,38.21
ThK2,합금,2,139.02,2.1,13.65,16.2,3.58,8.82
Lu2UCe,화합물,3,15.42,2.9,12.87,37.97,9.81,6.37
Lu3Ge,화합물,2,88.62,5.2,2.66,47.27,12.95,18.58
S4Ag4FP3,화합물,4,61.03,4.5,11.8,30.86,8.74,16.78
Rh4BaSZn2,화합물,4,146.41,3.8,2.01,25.61,9.75,3.83
Fe3Tm2,합금,2,99.52,2.6,3.22,37.17,9.9,3.6
O2Nb,합금,2,178.63,5.6,12.42,11.41,14.53,6.54
NaBa,합금,2,27.8,4.0,10.74,90.43,4.47,10.91
Sc2Tm3N,화합물,3,32.11,5.9,11.6,16.82,3.63,19.11
Al3MnK2,화합물,3,145.02,4.9,13.17,43.09,3.56,17.13
Yb2PdOs3,합금,3,111.62,5.4,10.33,140.18,9.96,15.9
Ir2,원소,1,168.58,3.0,3.41,152.47,0.65,0.79
Tb2U,화합물,2,55.86,4.2,5.58,41.93,7.03,4.51
Eu4La4Be2,화합물,3,70.74,4.1,5.32,30.83,10.81,10.61
Li2Nd,수소화물,2,9.23,4.3,3.2,45.84,4.05,246.57
Tl2Yb2B3,화합물,3,144.31,3.6,4.1,10.18,8.24,11.38
Zr2Be2,화합물,2,83.92,3.9,4.76,5.87,4.69,4.81
Te3W,화합물,2,139.77,3.3,5.12,1.33,7.7,14.44
GeCa2Sb2Lu3Ho4,고온,5,118.15,4.5,8.13,5.73,11.78,116.28
La2Os2KSb3Er2,고온,5,57.59,2.5,3.13,1.11,14.17,80.47
Ho3Nd2Bi2,화합물,3,127.4,4.7,9.95,9.94,1.82,9.85
BiRe3,합금,2,78.69,2.8,7.6,48.43,6.97,8.32
TbOs3Th2,합금,3,79.98,2.1,11.78,78.75,8.93,8.0
Sb3C2Se2,화합물,3,62.47,4.3,1.76,13.56,1.24,11.25
Te2Zr2Hg2Sc4Ca,고온,5,34.87,5.1,7.37,1.82,13.99,59.04
GeCa2Al2,화합물,3,138.98,3.2,8.1,37.7,2.22,2.0
Ti3,원소,1,102.76,2.0,5.29,350.53,5.43,1.95
C3Sm2ScV2,화합물,4,129.92,5.9,3.8,18.27,13.49,13.17
Cr2LiEu2Nb3Rb,고온,5,82.97,3.3,3.21,7.0,8.67,98.3
YBa3Eu2,화합물,3,159.8,2.0,12.52,41.48,13.02,5.21
F2Nb3,화합물,2,64.39,2.4,2.76,7.07,7.04,15.87
Pt3Fe2,화합물,2,75.48,5.8,3.55,37.66,10.31,14.06
Cr3Gd4OsP,고온,4,104.0,3.1,3.18,3.79,4.03,46.66
Ga4HfBPbUMn3,고온,6,49.15,4.7,3.48,4.06,3.18,132.71
MoTlLu4,화합물,3,81.69,3.8,2.91,14.02,5.08,5.62
LiGa2Yb,화합물,3,38.28,3.9,6.08,43.55,6.72,12.93
Rh3Sc2NaYb3Y3,고온,5,87.21,2.1,5.98,13.27,6.01,119.25
Ru2Pr3C,화합물,3,42.62,2.3,12.99,21.67,5.81,1.66
DyYCs3,화합물,3,30.36,2.8,10.8,18.95,4.45,13.26
TiInMg4ZrCo,고온,5,92.81,2.4,3.55,3.22,5.14,87.13
Sm2Mo4Ho,합금,3,127.46,4.5,4.47,27.73,6.38,7.67
Rb2Rh2B2P3,화합물,4,134.45,3.8,6.4,34.01,5.58,22.1
Te2Co3Yb3Nd2,고온,4,132.98,4.7,4.49,7.49,4.11,119.35
N3PtTi2Re3,화합물,4,27.54,2.6,5.22,46.61,6.72,5.41
Hg4Cu2As3,화합물,3,154.26,1.8,8.3,13.3,9.86,0.0
W2In,합금,2,31.71,5.4,11.47,51.2,5.99,9.99
Os3Ti2Th2S,화합물,4,72.56,4.6,8.82,9.1,8.93,7.67
ZrTe3,화합물,2,120.95,5.6,9.9,34.38,8.25,25.44
RbMg,합금,2,160.67,2.7,5.17,97.91,3.6,10.44
Lu2HoGeNbBi,고온,5,112.48,4.1,5.19,8.72,5.42,96.41
Ru3VSe2,합금,3,114.56,3.4,11.15,110.73,7.83,2.95
SrLi,화합물,2,133.35,4.1,11.95,25.61,13.92,12.86
CMg3Cd4,화합물,3,44.24,2.3,10.82,44.24,1.13,14.23
RuTi,수소화물,2,48.67,4.9,1.64,51.47,14.66,230.54
Sc4Ga2Cr,화합물,3,96.62,1.8,11.03,21.01,13.49,2.06
N3,원소,1,165.31,2.0,11.3,305.46,3.43,0.0
Th2Cs,합금,2,49.71,4.2,7.08,94.84,8.09,0.37
Cu3Hg3,화합물,2,91.3,2.4,13.24,49.6,11.81,6.43
W2O,화합물,2,120.84,1.7,12.85,8.63,5.11,3.87
Pd3P,화합물,2,62.72,4.9,3.33,12.76,7.69,10.91
IrRu2Ti,화합물,3,60.45,2.2,8.6,14.24,7.21,4.07
Al4,원소,1,62.44,4.0,20.49,281.75,8.77,6.45
Cs2GaRe3,화합물,3,77.41,3.3,4.7,38.1,9.31,18.43
Cd2Cs2GdSn3,화합물,4,148.19,2.9,9.54,5.37,7.88,16.22
ReGe2,합금,2,157.19,4.2,2.99,103.94,9.22,7.78
Be2Co,합금,2,118.62,3.4,10.99,141.29,4.55,10.24
Te2Cs2Ru4,합금,3,175.39,4.7,2.08,46.99,14.5,6.23
P2Ba2Cd3,합금,3,137.49,3.2,5.24,92.93,2.77,4.04
Ca2TlIr,화합물,3,73.69,5.6,13.05,12.81,12.18,11.58
Zn3Ni2,합금,2,119.99,5.0,15.65,114.27,11.39,10.61
Dy2As3Ru,합금,3,39.29,4.2,11.29,114.83,8.41,13.47
H3Th,합금,2,166.0,2.9,5.57,128.68,1.41,4.79
Ag2Hf,수소화물,2,15.89,5.6,7.79,70.87,2.06,167.67
Ti2Y2S3RbH3,고온,5,67.66,4.7,6.72,13.15,2.08,96.9
TiTm2,합금,2,156.57,5.1,7.93,109.38,9.26,0.45
RhTa2Rb,화합물,3,55.3,5.2,11.09,1.17,4.7,5.5
Te4Sb,합금,2,105.09,3.3,6.72,19.41,14.64,1.45
YbZn3H2Pb3,화합물,4,126.16,3.4,12.72,23.51,1.64,7.82
Ir3,원소,1,168.96,5.0,18.05,72.63,1.52,6.21
BiSr3Hf,화합물,3,57.66,1.9,11.59,28.07,4.39,3.61
PrSF,화합물,3,59.25,5.0,3.61,47.09,7.86,2.63
Re3NaNiHfTaCo2,고온,6,56.18,1.9,4.17,6.63,4.4,132.62
Zr4Re2Th2,합금,3,61.52,2.0,6.59,66.08,4.54,5.06
Sr3Y4OsGe2,고온,4,34.37,5.6,3.99,8.44,11.79,138.89
HgRbN3ThGd2,고온,5,105.5,3.2,8.56,7.87,3.91,149.37
NPbDy3,합금,3,115.55,6.0,9.14,103.08,5.12,5.87
ScGeNa2,화합물,3,32.86,4.6,12.71,43.01,11.71,14.07
Pd3KCe,합금,3,112.58,4.5,8.56,35.79,6.96,14.52
Ta3Sb2Pr,합금,3,48.73,5.6,10.28,122.36,0.28,4.3
NTlY,합금,3,130.12,3.6,13.65,107.91,4.2,7.25
BiTbSeGe3,화합물,4,60.51,2.6,7.99,22.55,5.65,15.12
SY4Rb2Fe4,화합물,4,136.41,4.4,8.33,42.33,10.94,2.82
NiSn4HfF,고온,4,63.46,2.4,8.37,11.27,2.61,28.73
Al2Yb,합금,2,31.98,5.6,13.82,24.37,13.07,19.95
Pd3Ba2,수소화물,2,18.97,3.8,3.83,16.15,2.29,133.65
HoTh,합금,2,116.44,4.3,7.58,66.66,7.71,5.12
Pd2Cd2AsNd3Pt,고온,5,135.8,4.3,8.43,3.39,0.87,107.51
AuCa4Rb2,화합물,3,77.24,3.5,7.07,14.19,7.24,7.09
Co2Ca,합금,2,120.13,4.3,9.87,134.89,5.35,12.56
SnU2P4Os3Gd4,고온,5,79.44,2.7,8.3,12.59,5.6,41.07
PIn4,화합물,2,43.05,5.3,10.58,41.64,2.69,9.34
Rb3Na2,화합물,2,133.63,4.2,4.79,37.89,13.95,4.63
Au2Sb3Ru,화합물,3,34.2,4.8,11.58,12.38,1.8,7.05
Bi2Yb3Ga4,화합물,3,124.76,3.3,1.6,6.52,11.42,1.28
Ir2Zn4,화합물,2,145.37,5.4,4.78,43.66,8.32,77.46
Cu3TbCoMg4TaSc2,고온,6,62.16,5.4,3.3,11.08,12.82,149.47
O3BNi2,합금,3,147.78,4.1,2.52,63.79,7.33,4.72
DyInAu,화합물,3,124.72,2.0,12.32,19.69,9.81,4.34
ZrZn3MoEr2CNa2,고온,6,90.5,4.0,6.97,12.96,5.44,105.51
Ga,원소,1,127.62,4.0,9.31,184.81,2.56,0.0
Be2Zr4Ba,합금,3,68.93,4.0,6.39,89.5,5.81,5.39
AuRh,화합물,2,41.76,3.6,9.53,4.47,12.97,8.7
In2Pb,화합물,2,88.83,4.9,9.74,38.63,7.92,5.03
ZrSrSi4,화합물,3,45.52,5.0,13.32,24.83,5.73,16.87
TbSbTe,합금,3,42.76,2.2,7.79,78.31,7.67,5.1
Lu2La2,화합물,2,63.79,4.4,5.73,18.5,3.92,28.44
NiB3,합금,2,144.04,2.4,4.75,50.5,0.91,1.78
NBe,화합물,2,89.93,2.4,4.91,1.09,5.46,8.3
Tl3NaMn2Pb2,고온,4,133.38,1.8,8.65,12.65,5.87,119.55
Pb3Ho3Bi,합금,3,133.76,3.8,15.75,87.91,5.17,22.73
Ce2AgPrV,화합물,4,32.08,3.8,11.83,44.33,7.03,5.53
Dy2Tb2,수소화물,2,44.89,4.1,5.3,32.95,1.59,170.33
Tb2N2,화합물,2,144.54,2.4,11.22,14.05,0.33,1.33
ScAgSrF2,고온,4,82.97,4.9,5.61,7.24,2.98,53.77
Nb4Be2,화합물,2,159.98,2.5,12.71,24.43,4.56,6.67
Ag3NbTb3Si2Dy,고온,5,116.19,4.6,3.35,2.86,10.12,121.6
Zr,원소,1,199.74,4.0,9.21,223.53,9.03,4.43
CeN3,합금,2,85.07,2.1,11.8,43.7,4.49,13.29
B3CW,합금,3,20.13,4.7,11.68,70.98,14.56,9.79
RbGa4FSn,화합물,4,93.89,2.1,5.67,39.15,13.0,2.4
TbLu2C4La4SmAg3,고온,6,60.35,2.7,7.76,5.02,8.56,72.59
AsAg3,화합물,2,151.77,2.2,8.81,45.88,10.45,16.02
Co2BInTh2,화합물,4,147.99,3.5,4.2,21.05,4.1,4.26
CRh3Mg2,화합물,3,108.05,5.0,10.29,19.6,11.68,13.2
ZrNBe2,화합물,3,139.74,3.2,1.73,5.45,7.92,8.77
Y3NiRu2,화합물,3,43.89,2.9,1.86,37.41,14.4,4.62
Tm2Ca2,화합물,2,80.87,3.9,9.26,1.73,4.76,7.32
K3SnIr,화합물,3,154.54,4.0,11.9,38.27,4.57,16.57
Th2N,합금,2,120.45,5.7,14.57,77.07,9.39,6.3
Tb2Y2Fe2,수소화물,3,6.16,2.4,7.15,75.48,8.51,207.71
Pt2Hg,합금,2,82.64,3.4,4.43,86.98,7.3,0.0
Te2,원소,1,158.63,3.0,19.27,309.75,7.08,6.58
P2CdEr2Yb,고온,4,84.39,2.4,6.93,13.24,13.38,141.82
SbK2Nd,화합물,3,18.02,2.5,2.15,39.14,3.19,7.47
Cs3Os2SrTa2,화합물,4,118.05,3.6,7.42,45.95,11.79,35.96
CdEuAu,화합물,3,40.24,5.3,10.95,3.78,4.5,11.49
Gd4Pr4Cd,화합물,3,101.43,5.9,12.17,23.08,8.3,7.2
Ho2Sb,합금,2,96.56,5.7,11.05,138.07,13.23,7.33
DyTbNi,화합물,3,120.82,4.1,9.49,38.76,0.63,8.83
ErPbO,화합물,3,82.66,5.4,2.44,6.59,5.79,11.34
Hf2As2,화합물,2,133.84,3.8,10.35,25.24,10.56,4.44
C3O2Pt4,화합물,3,69.31,4.2,4.59,17.59,2.01,13.78
Pr4NbAl4W3Sc2Bi2,고온,6,69.16,3.4,6.17,5.88,13.15,143.45
K,원소,1,192.5,5.0,4.0,208.46,2.67,5.38
UDy,화합물,2,141.27,4.9,10.48,39.53,3.44,3.24
Mg2Ga,화합물,2,119.41,4.2,13.82,4.49,10.76,4.65
ThDy2CaBi2Co,고온,5,85.62,5.5,5.55,12.95,13.56,71.61
Ho,원소,1,118.7,1.0,15.97,116.01,7.55,0.42
Nb3Pd,화합물,2,124.22,2.5,6.88,1.32,13.41,22.57
Ga2NTb3Os3Cu2Ag,고온,6,30.73,5.3,3.81,1.98,10.34,48.66
BeTh3,합금,2,37.06,6.0,5.77,136.07,14.4,14.42
VP3MnRb2Te3,고온,5,119.24,5.6,3.72,8.18,8.6,106.06
Mn2,원소,1,120.24,4.0,8.52,294.51,4.3,0.0
NaCOsEr4Th2,고온,5,34.01,5.9,4.6,13.4,3.17,88.5
Ni2SCa3Ir,고온,4,67.22,2.4,6.48,7.19,5.19,77.26
Hg3C2,화합물,2,142.76,4.3,10.46,42.48,11.45,4.25
Sc3Lu3Ge2,화합물,3,119.78,4.9,6.67,13.38,1.72,20.14
Sm,원소,1,41.76,5.0,11.83,292.34,3.2,3.11
Si2Zr2U4Cu3Cs3Ta4,고온,6,38.91,3.7,6.25,6.44,10.12,43.56
Mg3Ga2,화합물,2,82.02,1.9,4.85,3.14,5.53,4.33
Sr,원소,1,171.23,5.0,14.42,29.33,6.42,7.61
Eu3TaYbY,화합물,4,97.67,5.8,4.64,7.63,0.74,37.3
CrErOs3,화합물,3,63.16,3.0,13.5,40.6,12.71,2.81
YP2,합금,2,173.13,2.2,14.82,89.11,1.72,8.51
As2Pd3,합금,2,54.19,5.6,8.43,20.29,6.14,9.15
Nb,원소,1,222.65,1.0,12.27,252.48,3.48,0.42
ZrDy2Nd2,화합물,3,81.52,2.4,12.13,20.63,1.18,8.66
TmAg3Pt,화합물,3,121.95,5.9,8.82,3.18,2.29,17.62
NGe2Dy4Fe,화합물,4,74.44,4.5,5.95,11.66,4.45,14.18
Nb2CuSi2Re,고온,4,47.94,3.0,3.87,5.16,10.77,153.36
Gd2Ag3Os3H2,고온,4,113.34,4.5,3.13,12.64,7.46,74.83
Zn3CPdCd2,화합물,4,53.54,4.9,13.1,38.05,4.35,7.0
Pb,원소,1,32.24,1.0,18.43,265.21,9.79,0.26
NHf,화합물,2,80.21,4.3,11.73,10.77,0.72,28.63
Ga3SrN2,화합물,3,123.04,4.9,5.76,26.84,6.73,12.51
Be2Dy,화합물,2,48.41,1.8,6.77,44.36,7.38,14.99
KTi2,화합물,2,61.87,4.7,10.62,49.68,9.03,6.76
ErInYbPb,화합물,4,38.55,5.3,11.3,34.42,7.55,15.6
TbHgCsRe3,고온,4,126.91,3.9,7.56,12.01,6.65,121.18
Tl2HIn2,합금,3,144.63,5.6,15.35,86.64,11.63,11.7
S3KEuP3,화합물,4,95.35,3.1,13.92,45.73,11.27,5.15
Au4,원소,1,233.66,4.0,17.17,327.17,5.84,4.13
NiZrHPr2LiP2,고온,6,89.67,4.3,4.87,8.24,13.53,102.8
C2Ti2Sr,합금,3,161.72,4.4,2.2,17.49,12.04,9.15
GaYb,합금,2,171.67,5.6,4.12,51.23,8.77,9.17
LaBa2U4Sb4,화합물,4,86.73,5.2,13.85,27.86,5.11,12.37
IrMn2,화합물,2,60.15,5.7,10.02,26.24,9.15,6.29
Li2As,합금,2,114.0,5.6,8.61,123.23,13.05,10.59
Nd3Si3Ca2O4,화합물,4,13.99,3.7,11.54,45.05,3.57,4.46
ScTm2SeIn2,화합물,4,126.18,4.3,10.67,4.94,9.73,16.79
Lu3,원소,1,196.84,2.0,14.79,268.51,8.68,2.98
GeN4Tb3,화합물,3,119.63,2.2,12.69,36.97,13.38,4.04
Tb3Os3Sn2CSbTa3,고온,6,78.2,4.4,3.92,8.68,4.48,84.65
GaPtAgNa3,화합물,4,11.34,3.4,2.94,7.46,11.39,20.47
Cd2IrRu2,화합물,3,120.68,5.0,10.57,38.99,11.91,21.05
Cs2Cr,화합물,2,141.99,2.5,11.27,25.47,6.27,5.29
LaF3Ge4,화합물,3,138.86,3.7,1.94,2.79,8.71,7.98
Yb2CsZr,합금,3,122.42,4.4,9.89,59.4,1.11,11.27
Be4Er,합금,2,110.86,4.1,5.02,137.02,2.19,4.4
Lu4RuSeBa3O2,고온,5,134.82,3.1,4.14,8.89,10.04,92.83
InNd4Ru2,수소화물,3,30.84,2.8,4.52,37.37,9.38,122.56
Mn2HfMo3,화합물,3,94.85,1.6,4.12,9.62,5.7,4.65
Ir4,원소,1,189.2,2.0,19.26,355.05,2.0,0.0
VSe2,합금,2,112.82,1.5,5.48,115.5,8.27,9.27
Co4NbO4,화합물,3,123.48,2.7,9.46,28.95,10.23,6.32
MnAs4Zr3,화합물,3,51.77,5.5,13.07,39.91,5.88,16.03
Rh2,원소,1,123.71,3.0,17.26,331.45,4.41,2.26
Pr2Cd2Hf3Dy3Te,고온,5,39.37,2.8,7.58,10.66,3.6,105.98
RhBa2Hg,화합물,3,21.72,3.6,13.89,4.66,2.69,18.01
Ba2Se2Zr4Ir2Na2,고온,5,108.67,4.6,6.54,8.78,11.55,137.24
Ag4Tb2OsHg2Sm4O3,고온,6,68.7,3.6,6.71,4.25,11.89,41.93
Th3V2Er2Ce2Au,고온,5,59.92,4.7,3.84,3.85,1.81,135.87
GaCa2,화합물,2,113.76,3.5,3.9,46.88,10.1,0.0
SBi3K2C,화합물,4,38.2,4.8,2.05,34.05,0.42,19.36
Mg4Zr4,화합물,2,136.92,2.4,2.69,39.04,11.4,10.11
Na4Yb4Li,화합물,3,133.04,2.3,4.39,30.75,5.72,6.17
FP2PdEr,화합물,4,144.28,1.9,5.44,21.44,4.41,11.44
ZrPb,수소화물,2,21.96,3.9,4.86,6.4,4.27,208.52
GaCeYSi2Gd3Rh3,고온,6,65.22,2.2,4.64,8.03,6.83,157.76
Ba2Mn2Fe2Au3Yb2Ni,고온,6,139.36,2.0,6.11,4.11,5.29,55.05
ScMo3B2OTa2,고온,5,131.24,4.4,5.7,7.53,4.35,53.21
U4Er3,합금,2,48.83,2.3,13.06,51.96,5.85,11.43
Bi3C2Cd,합금,3,24.92,3.7,11.86,31.09,10.47,18.31
BaSn4,화합물,2,102.16,3.5,7.38,2.28,3.07,22.64
Er2Tm3Mo2In,화합물,4,35.18,3.4,10.19,13.89,2.95,15.67
Zn2MnInPt4,고온,4,127.89,2.2,6.35,6.59,4.2,161.55
Si2Sr,화합물,2,57.94,3.6,2.81,15.83,5.37,13.49
PdAlKEr3,화합물,4,78.23,5.9,8.58,7.34,5.26,5.4
Mn2Er3N3,화합물,3,138.39,5.1,13.4,21.91,2.64,13.38
Ni2,원소,1,63.97,1.0,6.23,196.79,0.69,0.0
B2NbSrK3,화합물,4,89.25,2.1,4.81,33.14,12.08,0.0
TiLa2Cu3Cr2Na,고온,5,48.69,2.3,5.53,11.22,0.81,99.41
ZnSm3,합금,2,143.59,1.9,11.07,18.52,14.79,0.38
EuKTbNa,화합물,4,65.92,4.5,10.42,15.78,3.62,15.21
Re4P4KIn,화합물,4,133.19,1.7,5.82,0.92,0.11,37.4
Ni2Dy2,합금,2,108.22,6.0,12.72,59.12,2.84,6.76
SiF4,합금,2,66.12,3.7,3.46,80.57,11.45,1.8
Os3Mn2,수소화물,2,53.7,3.7,2.0,58.67,0.8,266.67
RhSeEr,화합물,3,122.87,2.2,7.02,38.25,1.67,6.57
Eu2Ta2Na2,합금,3,87.32,2.4,5.6,46.91,7.07,8.06
La3GeBa,합금,3,140.03,2.8,10.36,67.21,10.92,6.22
B2WTa,화합물,3,97.53,5.7,2.9,33.13,10.85,14.78
Cs3N3As3,화합물,3,115.47,3.5,9.27,13.8,4.35,5.81
VPt4Hf2,화합물,3,31.0,4.5,13.42,33.87,6.93,10.78
K2Pb3C2,합금,3,47.64,2.6,15.6,114.87,2.66,0.0
Cs3S4La3SeBaNb3,고온,6,63.74,3.2,6.19,11.3,0.89,146.38
Os4HoRb2O2,화합물,4,49.25,1.8,3.83,12.68,12.98,1.18
As3Rh3TlHf2,화합물,4,87.53,5.6,2.68,26.63,2.72,25.2
OGaTh2,화합물,3,72.27,4.5,2.66,36.53,8.25,6.71
MnRe3,화합물,2,25.68,1.5,4.27,39.49,2.86,13.02
InLaLuS,고온,4,62.3,4.2,8.79,11.57,13.62,132.59
Er2TlLu2Ir3Se2Al,고온,6,59.38,2.1,6.49,4.26,5.81,145.93
CeLi3,화합물,2,91.94,5.2,5.67,11.81,1.78,6.07
HfPr4Au4O2Al2Rb,고온,6,118.7,3.7,3.63,1.32,14.32,137.3
Re2Eu4Li2Cs,고온,4,75.94,2.3,5.24,2.85,4.45,110.96
Mg2Th2ZrAl4Er2,고온,5,62.3,1.5,8.74,11.79,0.65,141.32
N3Os3,합금,2,145.65,5.0,15.28,5.88,14.5,8.18
ZrIr2,화합물,2,59.92,5.0,11.72,23.79,14.33,12.72
Pt2Sr3,합금,2,171.22,1.8,8.46,11.09,10.44,3.2
Mo3SFeN4HgCa3,고온,6,120.77,3.8,8.56,1.2,4.08,67.65
Eu,원소,1,145.88,5.0,5.44,330.81,3.6,5.98
U2H2NTl3,화합물,4,38.14,2.6,13.59,18.7,12.55,6.72
OsOEu2,화합물,3,16.92,2.4,8.6,27.44,6.12,4.06
F2BPt,화합물,3,36.71,3.2,7.19,11.76,7.27,40.25
FCa2YMn2,화합물,4,100.73,2.5,2.74,2.66,5.24,9.54
Yb2FPb2Cu2Ge2,고온,5,52.9,4.2,8.33,5.36,10.21,29.36
Na2ScInRh3,화합물,4,16.06,5.4,5.03,33.98,4.15,14.89
Tm3Cs4K3Zn2,고온,4,84.8,3.9,3.79,6.93,1.03,99.19
In2Ba,합금,2,156.72,2.9,2.03,132.62,0.73,16.04
Mo3Nb4HoCr2,화합물,4,90.83,1.6,1.89,8.41,5.35,9.9
RbH4,화합물,2,107.53,3.1,7.24,45.52,9.84,21.41
W,원소,1,178.35,4.0,13.25,199.68,8.16,4.84
Yb3FeCdEr2,화합물,4,91.99,5.7,4.5,42.75,10.19,6.78
Tb2Cr2Dy4,화합물,3,133.56,5.2,11.97,42.33,4.17,9.7
OsMn4Si3,화합물,3,77.35,2.3,1.77,21.71,3.49,11.52
Pd2CRbSb2,고온,4,56.54,3.4,6.1,2.6,9.43,164.52
Lu2Na3,화합물,2,86.83,4.9,7.78,23.02,3.0,6.39
Sb,원소,1,70.75,1.0,19.57,263.4,7.06,2.47
IrW,합금,2,155.11,4.2,15.4,10.09,12.56,4.44
SnPHo,화합물,3,151.33,3.4,5.88,7.57,8.71,2.94
F3La,합금,2,92.1,2.4,6.99,100.03,14.29,0.25
Mn2,원소,1,201.32,5.0,10.57,253.93,3.07,3.73
RbGe2As2Se2,화합물,4,74.25,1.7,5.02,49.53,2.03,2.41
Pd2Cd3Tb4,화합물,3,40.36,3.2,12.16,49.47,14.2,4.07
Mo4Nd2,화합물,2,36.08,5.7,13.83,32.69,11.38,13.14
Hg4YThSi,화합물,4,126.04,4.0,11.44,18.72,14.97,49.81
Gd3ScC,화합물,3,152.92,5.2,2.28,37.55,6.86,6.71
Se2Rh,화합물,2,123.77,3.2,12.41,10.37,9.11,4.82
AsF2ErBe2,고온,4,35.29,2.2,8.41,5.44,5.05,37.98
Ti2Sn3Gd4Re3,화합물,4,154.67,4.6,12.29,49.57,4.49,45.11
PbPd,화합물,2,150.34,5.4,6.18,15.02,6.31,20.33
Ni2TeBi3,화합물,3,27.66,4.9,13.02,15.5,5.65,5.5
U3,원소,1,225.7,2.0,18.96,2.7,7.93,0.23
Er2Ga2Mg3Ce,화합물,4,145.36,3.5,5.62,42.87,1.37,5.78
Os4TbNbK2,화합물,4,25.86,4.9,7.14,29.56,10.86,7.7
CEuMgBe2As,고온,5,97.65,2.8,5.35,12.3,14.56,74.53
Hg2SbCdRh2B4,고온,5,67.41,1.5,7.98,11.3,6.89,98.33
Pr4FYBe2,화합물,4,117.97,3.1,10.78,28.43,12.73,17.54
InBi,합금,2,68.61,4.4,11.69,142.33,1.07,16.3
K3U2F4,합금,3,110.76,6.0,5.85,15.95,6.43,10.08
VHo3Lu4Y,화합물,4,122.08,1.9,9.82,27.28,9.05,1.27
H2RhPd4Nb2,화합물,4,119.75,3.4,2.62,35.92,6.38,25.26
Sc2Gd,화합물,2,124.81,5.2,13.77,46.06,0.73,28.24
LiCsHg,화합물,3,86.77,5.4,2.78,33.67,13.34,9.17
O2Gd2U,합금,3,124.96,4.3,7.21,39.74,11.27,3.96
Na4SiN2,수소화물,3,8.01,5.0,4.58,66.46,10.44,158.11
Ho3K,합금,2,111.03,2.8,11.01,92.47,10.98,8.75
Cu3Ti3Pr2NaZnK,고온,6,74.02,5.8,4.3,4.79,6.46,54.39
ZnAl3AuRu,고온,4,117.36,1.9,6.18,10.89,2.1,131.86
Pd3CrPr4,화합물,3,72.21,5.9,6.85,25.35,3.54,16.75
Th2O3Cu3Be,화합물,4,143.54,3.9,2.1,20.19,3.25,4.88
Cr4ZrBe2Pr2,화합물,4,16.95,5.8,3.25,27.34,1.29,2.67
Os2Ta3Hf2,화합물,3,63.57,1.8,8.97,20.15,1.3,26.76
RbTa2CaEr,화합물,4,119.27,3.6,13.48,36.66,13.57,4.18
Fe2W3Tl4,화합물,3,77.89,2.3,4.34,6.78,1.8,0.0
Os2LiPt,화합물,3,128.31,4.0,11.18,15.46,11.01,9.48
ZnGd2,화합물,2,84.01,5.7,4.18,48.66,9.91,12.49
YLi4Fe3Sc,화합물,4,32.32,4.9,7.97,9.37,3.71,10.66
NiUSb3,화합물,3,105.58,4.1,1.8,37.53,4.62,1.57
CNdCs2,화합물,3,60.26,1.7,5.08,36.56,14.3,6.76
Mn4Ce3Se4,합금,3,118.97,5.9,8.58,89.09,12.17,7.87
Rh,원소,1,15.0,5.0,14.62,340.11,4.92,3.66
Al4O3Zn,합금,3,87.34,5.5,13.85,94.1,6.55,12.92
Ni2,원소,1,129.87,1.0,11.49,34.78,4.15,1.44
YOs,합금,2,178.39,3.2,14.47,18.77,0.28,6.65
Al2TbDyP,고온,4,32.39,3.3,4.2,10.45,10.99,158.42
Y3,원소,1,168.35,4.0,8.18,309.39,2.23,7.15
Cu2Pd2,화합물,2,67.17,4.6,11.03,28.82,10.51,8.55
Mn2As2,합금,2,103.22,1.9,9.98,54.83,13.89,0.37
W3Ag2ScSeNd2,고온,5,34.35,5.3,3.36,3.95,5.91,167.02
Tb3Pr2,화합물,2,79.61,2.7,9.39,29.98,3.35,15.56
SiIr2Mn4Ga2,화합물,4,60.33,4.0,2.74,40.78,0.96,2.15
P2Na2Ga3Pb2,화합물,4,159.33,2.1,12.16,46.6,7.92,4.37
VHoMgCe3,화합물,4,72.43,2.9,9.05,22.21,5.56,5.83
Cr2Co3,화합물,2,35.25,3.0,5.0,34.21,9.43,17.81
W3Mo,합금,2,33.92,5.6,8.02,86.19,7.35,12.56
Al4Re,수소화물,2,15.61,4.2,7.01,23.94,8.18,285.67
RhMnIn2Cr2,화합물,4,93.91,2.8,11.25,44.88,9.91,0.34
Ag2TeULa,화합물,4,143.6,4.6,13.55,27.2,13.33,12.6
Tm4Sn2Sm2,화합물,3,98.86,4.0,13.39,38.06,5.59,5.68
Os3CTmPr3,화합물,4,22.68,1.8,12.38,5.12,12.26,7.21
Tb4P2Ir4Y,고온,4,71.84,3.1,3.02,3.98,5.26,116.88
ScTm3,화합물,2,35.45,5.7,4.89,39.09,3.14,15.6
N3Gd3Ge,화합물,3,51.07,4.8,13.66,12.62,5.85,3.21
Tm2B3,합금,2,123.69,5.0,14.88,18.83,3.63,13.05
Mn2U2S3CeEu2,고온,5,74.02,5.1,8.65,1.16,2.03,79.74
N2As2CaPd,고온,4,108.91,2.2,7.3,9.03,5.14,39.45
Li2Fe4,합금,2,80.74,3.6,10.83,96.24,10.49,5.13
Er4Nb2,합금,2,159.2,5.7,10.0,64.81,2.14,5.6
EuMgHg3Ga,화합물,4,88.73,4.4,3.92,23.13,9.8,8.11
ZrFe,수소화물,2,46.14,4.9,4.64,61.56,9.17,152.78
Pr2Cs2,합금,2,50.38,2.7,9.36,85.87,7.58,1.05
Sb2Pr3Re,화합물,3,156.55,5.1,5.01,23.21,3.83,4.78
Zr,원소,1,190.81,4.0,3.33,269.83,8.75,3.42
Ag3Se2,화합물,2,19.8,1.8,6.42,4.17,7.11,10.78
CdPr4Ti3As2,화합물,4,60.97,5.8,5.45,30.08,3.24,21.37
Cd4Ti3,수소화물,2,8.26,3.7,7.64,44.12,11.08,141.91
K4Ta,화합물,2,81.99,1.9,4.46,35.14,1.71,10.08
Sm2CoGdCr,고온,4,74.63,3.1,3.91,9.74,5.89,109.89
TmRe3La,화합물,3,113.32,1.9,13.21,28.17,12.69,0.0
Pd2,원소,1,125.97,4.0,12.87,344.68,8.56,4.57
C2Cd2Sc3,화합물,3,10.74,5.5,6.17,33.43,10.12,11.93
YbAg2,화합물,2,81.46,5.7,5.51,13.89,6.5,10.17
ScF2,수소화물,2,17.5,5.3,6.82,49.28,7.56,216.91
NaO3Ag3ZnAl4,고온,5,65.96,5.9,6.65,13.04,2.5,167.29
Be2MgCo2,합금,3,104.66,5.7,14.13,69.12,14.9,6.36
AgSn3Lu4,합금,3,22.14,5.0,7.49,126.92,9.24,5.17
CeHgGa2,합금,3,112.18,4.0,9.06,147.58,0.82,7.59
ReCsPbAs3GdK2,고온,6,130.01,5.2,8.41,4.16,1.25,149.85
Ta4V3NdIr4K3Se,고온,6,64.08,2.5,8.24,3.48,1.08,60.62
Zn2Al4P2MnNiRu,고온,6,101.26,4.4,4.04,11.79,9.29,144.95
LiTa4Te2,화합물,3,78.23,3.0,10.77,24.48,12.44,7.85
AuN,화합물,2,136.99,3.8,10.98,2.58,12.61,2.52
CCu2GdLu,화합물,4,69.67,5.9,2.13,19.73,4.31,9.25
Th2Hf,합금,2,27.26,1.8,6.47,109.95,5.85,7.01
N2Ba,화합물,2,72.7,2.1,2.05,25.86,8.63,1.48
Ce2,원소,1,224.56,4.0,21.34,367.24,9.27,9.05
Cr3Pd2,합금,2,21.96,3.6,2.61,73.97,14.28,13.42
Er2KZnTa4W2As2,고온,6,110.79,2.9,7.1,4.35,4.62,114.52
LaHf4TaK,고온,4,30.25,5.5,3.4,7.36,12.06,162.03
Er2TiNd3,화합물,3,26.52,1.7,5.55,11.91,3.26,4.25
NaMg2Zr,화합물,3,116.29,5.6,6.04,10.41,7.97,7.68
ScRu,화합물,2,32.12,4.5,7.85,27.43,4.93,12.98
PrHf4C4Li3,고온,4,33.98,3.4,6.41,8.67,9.14,110.09
Ge3Sb4Rb4O3,고온,4,55.42,2.2,6.92,2.12,2.98,53.43
Mn3InVCeGd4H3,고온,6,58.17,3.0,5.3,1.35,13.68,110.91
Li3K2YC2,화합물,4,107.99,5.0,8.43,31.31,0.33,6.71
Na2Nd2,합금,2,62.62,3.0,12.75,43.53,10.75,14.64
Sr4IrC4,화합물,3,24.06,4.8,6.93,44.01,11.04,8.0
BaFe2,화합물,2,150.73,1.9,8.59,18.55,3.85,8.94
FeMg3,화합물,2,120.79,3.0,11.66,36.02,1.68,3.67
NbY2Sr2K3Mn,고온,5,65.27,3.8,5.29,10.42,14.15,42.22
Mo2Tb2PtK,화합물,4,144.09,4.9,7.35,15.92,6.08,3.89
HLu2,합금,2,57.71,3.0,8.92,118.24,8.19,5.76
Ce3Ru3Gd2,화합물,3,157.52,2.6,5.88,26.54,9.82,16.17
Mo4Ti3,수소화물,2,22.81,2.8,6.1,26.55,1.64,210.57
InNbBi,합금,3,60.33,4.4,11.52,133.89,7.51,14.0
RuTbBi,화합물,3,112.73,2.4,12.86,19.8,14.61,0.14
SSe3,화합물,2,156.03,5.2,2.64,10.72,9.44,11.87
Yb,원소,1,146.28,3.0,8.34,87.88,9.5,0.0
Th2Rh2,화합물,2,76.48,3.8,12.28,28.61,1.18,14.44
NiMn2Dy3,화합물,3,136.48,4.5,1.89,23.48,4.83,24.22
ThAu4,화합물,2,77.39,3.8,1.81,10.88,12.76,11.91
TlEr2Ag2F3Lu,고온,5,126.48,3.7,6.14,13.83,12.71,158.0
Al2Th2SnO,화합물,4,107.55,2.1,8.73,30.35,14.7,6.37
Sm2N3Th2,합금,3,75.78,3.4,6.66,83.26,2.62,9.34
Gd2ReLuBZn2Sr,고온,6,84.22,2.0,7.35,2.54,9.2,150.38
GdBa2Ge3,화합물,3,26.02,1.6,6.55,48.56,1.03,8.91
Re3Tb3Hf2As,화합물,4,83.96,4.1,9.96,26.22,14.3,6.85
SeZn3Pb3Dy2C,고온,5,35.18,2.7,7.95,5.06,3.27,130.49
YMnIn,화합물,3,144.39,2.2,8.4,22.25,14.6,6.45
Cd2IrGe,화합물,3,122.4,3.8,5.3,33.71,11.69,5.03
Cs3UCr,합금,3,46.21,2.9,10.49,70.4,0.12,16.05
HgMn3,화합물,2,122.25,5.7,9.89,26.85,11.61,12.58
BiLaTm,합금,3,85.03,5.0,5.23,14.13,13.66,5.09
Li4NdV3C2YbEu,고온,6,96.51,4.9,5.53,7.11,5.86,107.87
AgRu,합금,2,153.3,2.0,10.56,51.75,12.16,7.83
Ir4Ca,화합물,2,116.27,5.0,12.04,5.27,6.49,8.42
N2ErAl4Os2Cu3Fe,고온,6,106.59,3.1,7.57,4.29,7.54,112.14
PPdGd,화합물,3,157.26,6.0,9.31,43.88,11.5,9.01
OsInHo,화합물,3,102.11,3.7,4.27,26.68,6.02,9.75
Cr3Bi,화합물,2,138.91,1.5,6.22,19.15,9.42,6.23
F2Er,화합물,2,147.24,5.7,12.22,39.3,6.2,14.77
Zn2CrV2U,화합물,4,89.43,3.7,3.65,10.7,7.89,10.51
Sr3Ca4,화합물,2,123.92,4.0,10.06,22.64,5.74,2.26
Pr2Se2,수소화물,2,44.27,1.8,3.12,49.35,13.22,210.79
LiIr3TmNa3Pb3,고온,5,111.64,3.7,7.11,12.02,13.53,35.08
Zn3In2B2Ga4,고온,4,126.18,3.2,7.3,14.58,6.15,160.87
TmCuNdEu2Tb2Sc2,고온,6,49.92,5.6,4.24,7.47,3.98,102.15
Hf2Fe2C3,화합물,3,58.4,5.4,3.33,36.36,7.6,21.43
Cu2Se2W2,화합물,3,45.2,3.5,4.96,19.55,12.91,16.56
Tm2SbSnMo4,고온,4,43.74,5.0,6.76,14.13,13.39,100.21
Y3Nb2Ho,화합물,3,68.64,3.5,6.04,3.02,9.05,24.24
Al4Si4,수소화물,2,22.06,5.7,4.8,76.29,13.65,294.45
Ca3Ce2Os,화합물,3,50.04,4.5,6.57,26.41,1.14,6.34
RbIn2Ba3C,화합물,4,158.63,4.6,2.03,22.61,6.42,21.09
PbY3N,화합물,3,14.22,4.7,6.23,38.42,11.44,19.74
SiFe3Sn4,수소화물,3,1.5,4.0,3.61,61.74,7.58,128.7
SeOsAs3,합금,3,96.38,3.6,13.23,98.42,9.12,8.47
Ir2HoMgEu2Au,고온,5,64.47,2.3,8.01,4.81,10.39,112.86
GdSi2,화합물,2,91.03,5.0,11.42,39.74,6.89,2.85
Os2La2Eu,합금,3,119.3,2.9,13.97,145.85,6.57,9.04
V3Cs3Cu2Gd3Hg2,고온,5,126.36,6.0,8.57,2.53,2.36,160.7
Sn2Lu,화합물,2,139.15,3.9,5.34,34.62,5.83,16.4
W2Mo3,화합물,2,23.34,1.6,12.14,37.08,10.46,6.67
U2Ge,화합물,2,87.27,3.3,11.27,13.34,5.01,7.4
CeSb2Nd3,화합물,3,106.84,3.6,1.85,31.15,3.58,11.36
K2F4Sb3Te,화합물,4,159.38,3.7,7.19,12.6,8.52,11.31
BaLa2Mn3,화합물,3,42.5,5.8,3.3,38.95,13.17,22.02
LuHfSn2,합금,3,92.55,4.5,5.31,43.07,3.06,7.85
TlH,수소화물,2,20.37,4.8,1.36,12.66,9.57,146.33
Pb3DyC2Th,화합물,4,18.54,4.4,3.17,24.77,6.55,7.61
Si2S3DySmC2,고온,5,68.97,4.8,4.82,6.92,14.57,150.85
FZn,화합물,2,23.45,2.1,10.67,13.54,7.94,2.0
Sb4Th4Ru3,화합물,3,24.53,5.6,6.32,48.82,12.45,4.63
Be2AsEuIr3,화합물,4,10.53,4.0,9.57,20.25,4.82,4.6
HgZnK2Ho,화합물,4,69.46,4.9,7.83,41.59,0.55,15.0
SiCoZrCr3,화합물,4,40.85,1.6,5.25,17.77,2.47,0.0
SIn3,화합물,2,34.34,3.3,3.95,19.77,7.55,7.62
AsOs2SB,화합물,4,138.9,3.6,1.9,39.98,3.19,5.54
Dy2Yb,합금,2,170.56,4.1,8.57,67.38,14.2,5.08
Pt2Be,화합물,2,77.5,3.0,5.58,10.13,12.35,4.58
Ba4TeNi,합금,3,82.72,2.3,10.4,141.65,3.64,9.77
KHo2As2,합금,3,146.65,2.2,12.39,17.76,6.13,5.62
Fe2Be3AuSr,고온,4,58.47,5.0,8.21,3.88,8.37,39.63
YbHo2Ni4Ce,화합물,4,25.34,5.5,7.57,29.93,13.05,7.93
Re2Nd2Sm3Cr3,화합물,4,59.94,3.8,11.4,20.5,7.37,8.96
Cs2PbBa2,화합물,3,120.36,4.5,2.93,6.49,3.41,16.67
Mn2Cd2TlTh2Si3Hf4,고온,6,131.57,3.6,4.13,7.47,8.09,121.14
NdNb3TmCd,화합물,4,141.05,2.8,7.15,38.9,2.88,12.41
Er2NaCuTh2Tb,고온,5,57.51,2.8,3.6,12.95,7.72,140.74
Zn3MgTm4Ga,화합물,4,81.86,2.6,8.55,35.02,12.54,11.19
PtNbZn2,수소화물,3,52.68,4.3,3.26,58.64,1.39,169.17
CuRe3W2Sn2AlHg3,고온,6,111.73,3.2,3.14,3.72,1.44,111.77
PtVGaEuH2,고온,5,49.63,2.7,3.26,5.68,13.75,98.32
NiFe4,합금,2,107.23,2.8,5.62,125.74,8.87,16.91
BaIrLa2,합금,3,154.45,5.1,13.83,35.73,6.22,13.14
RuCe2Pb4K4,화합물,4,12.78,3.3,6.75,1.99,2.23,14.16
FeCu3,합금,2,167.55,2.1,4.14,45.0,10.23,3.83
ORe3W3HgNd,고온,5,125.52,5.2,4.7,9.56,3.94,154.72
O,원소,1,209.0,5.0,4.85,118.37,6.64,0.65
Mg,원소,1,40.05,4.0,20.09,22.97,3.57,2.27
HLaHg,합금,3,84.34,4.6,11.33,126.72,1.94,12.31
CaRe,합금,2,144.42,3.7,10.79,78.17,5.22,3.83
Al2Tl,합금,2,67.52,2.6,6.89,127.86,10.08,0.35
RuO3ThEr2Be2Li,고온,6,110.85,5.2,7.77,8.55,10.18,103.96
SbEu3Ru2,화합물,3,47.88,2.0,6.97,30.64,12.13,10.58
Zr,원소,1,152.03,3.0,2.2,227.27,7.03,5.22
Y2NdAs2W4,화합물,4,82.91,3.0,2.91,32.83,12.5,3.41
Eu3YBe2,화합물,3,56.74,2.5,12.88,10.83,2.35,32.86
NiHg3La,합금,3,42.01,4.5,7.38,69.49,2.58,0.6
Cu2Zn2,화합물,2,149.28,4.1,11.4,10.17,14.11,8.32
Ga2Rb2PbTm,화합물,4,90.41,5.2,7.62,8.58,6.91,8.39
Sn2K2NaHg3,화합물,4,107.94,6.0,8.33,27.52,7.5,9.14
U2Pr3OZr2,화합물,4,112.41,2.1,4.25,4.88,8.72,2.69
Zn,원소,1,181.68,2.0,2.08,180.7,6.92,0.0
BSi,수소화물,2,6.08,3.5,4.27,32.29,9.92,163.26
BaUSbLu2Cd2Fe2,고온,6,55.66,4.8,3.09,3.56,11.01,100.12
SbPd4SnRu,고온,4,75.83,5.1,7.18,14.48,7.46,67.71
Be2,원소,1,200.12,3.0,7.25,190.7,3.63,1.65
IrTl2VTmNb3,고온,5,89.8,5.6,8.23,1.36,14.46,130.26
ZrCd3Os4Lu4SmAs2,고온,6,47.54,3.6,8.81,11.48,14.7,60.2
HfHo2Ru4Tl2,고온,4,40.99,5.0,4.1,9.58,0.93,134.59
Re3PtEr,합금,3,58.12,5.5,13.68,6.26,9.57,13.64
RhScMo2OSnBe,고온,6,78.4,4.2,8.51,7.73,13.44,160.96
PRe,수소화물,2,43.37,5.5,6.56,57.38,13.44,247.49
HoSnPd,화합물,3,79.42,4.0,2.07,41.7,7.32,17.06
Gd2SbC4,화합물,3,77.2,5.7,2.72,23.83,8.86,14.59
PbCLaF2Zr2Na2,고온,6,134.76,4.3,4.52,9.85,5.46,64.28
Na2BMo2,화합물,3,57.85,4.2,10.96,17.2,2.02,7.84
K3Sn2,화합물,2,92.99,2.6,7.39,3.2,11.13,7.95
Cr3Sc,화합물,2,74.29,3.9,6.64,1.69,11.09,30.42
Ir2U4Ta3Sc,고온,4,90.09,5.0,6.98,14.32,2.27,51.46
Ca3,원소,1,9.03,4.0,6.77,203.26,7.12,4.26
CuN4Pb4Ni,화합물,4,149.69,5.2,11.08,25.03,2.86,8.98
V3Cr2,화합물,2,75.75,4.7,4.1,29.56,2.32,4.76
EuPYb2Al2,고온,4,62.69,4.3,8.82,1.08,2.72,65.93
Si3Sr,화합물,2,50.96,5.1,2.72,12.82,14.46,9.85
Ga2LaSb3Tm2Ru2Sm4,고온,6,32.84,1.9,3.05,7.59,2.55,115.04
Ca2MgAl4Mn3Sc,고온,5,70.38,3.6,7.58,6.61,13.34,122.55
Bi,원소,1,71.64,3.0,7.87,110.17,5.4,5.43
FeRb4,화합물,2,159.42,1.8,6.89,10.26,12.05,7.22
Ag,원소,1,76.91,5.0,9.83,95.81,7.82,3.62
NaFAu3Co,화합물,4,122.73,2.3,13.62,8.06,4.15,1.84
B2CoNbMg2,화합물,4,135.08,4.5,12.97,1.68,12.94,13.0
Cs4As3U3Ba2Ti2,고온,5,108.32,5.1,3.57,9.01,10.19,58.33
LiNa4Te2Ti,고온,4,112.5,4.5,5.86,9.82,5.47,105.2
Zn3Sb4Al2,합금,3,40.25,5.6,6.29,52.25,10.57,6.48
AlCo3Fe,합금,3,56.76,4.8,8.02,117.44,10.77,18.24
CdK3Te,화합물,3,85.71,4.6,2.53,11.77,14.08,13.68
Nb2SiK,화합물,3,96.68,2.6,6.17,4.71,14.53,7.83
BaRb4Os3,합금,3,48.52,5.5,14.2,52.84,2.81,7.51
BaNSr2Mo4SmSb,고온,6,35.54,2.8,7.09,6.9,8.2,132.49
Er2Ce4GdBiCd3,고온,5,51.61,5.1,8.9,13.08,11.25,37.91
PtCa3LiTl2,화합물,4,35.72,3.1,12.59,40.76,1.21,9.11
NiLaBa4Pr2Cd,고온,5,32.95,4.4,6.97,2.51,4.07,135.67
Ta2Sr3Ce,화합물,3,10.65,2.1,6.43,44.06,3.47,19.72
DyTb4Ni2S2Mn2,고온,5,73.05,5.9,3.8,11.28,7.33,106.28
Nd2B3Lu2Te,화합물,4,17.63,5.6,13.86,28.42,13.82,14.23
AuBi4Yb3,합금,3,56.62,2.3,8.16,76.13,6.58,2.16
Ru2Ta2TeAgTiEu,고온,6,93.39,1.6,3.68,12.83,14.51,85.64
BeSm2Tb,화합물,3,42.93,1.9,6.34,48.17,7.43,0.75
Tm3Ti2Sm2F2CrZn3,고온,6,73.89,2.0,4.47,11.33,9.55,46.37
Cu2Mg2Gd,화합물,3,81.44,4.9,11.75,17.16,10.68,9.13
Ge,원소,1,34.7,2.0,5.62,122.93,9.62,0.0
Lu2HoPr2,합금,3,136.95,4.9,9.77,109.64,13.66,9.29
P2La3S2Pd4,화합물,4,80.69,5.4,12.86,5.12,0.27,6.24
Ni2O2Ta,화합물,3,42.51,4.9,4.99,30.15,3.06,14.75
Sb3Pb,화합물,2,64.75,5.2,8.96,30.78,9.56,14.61
C3Sb3Fe,화합물,3,142.8,2.8,8.63,35.16,5.06,6.74
Sm3Li,화합물,2,133.67,4.4,3.79,14.33,14.56,3.83
B4SiGd,화합물,3,45.86,5.8,1.94,8.01,4.73,32.24
NTaNdU3,화합물,4,83.93,1.7,12.41,1.03,4.76,2.85
FePb3Eu2CeTaN3,고온,6,97.73,1.7,3.7,13.63,3.76,163.04
LiBa,화합물,2,56.19,3.6,7.0,9.65,8.3,10.6
BaGe2Pt,화합물,3,115.42,4.2,13.49,2.67,4.45,3.49
BYb3,합금,2,93.62,4.3,14.8,121.31,3.97,22.48
PCsLi2Rh,화합물,4,89.58,2.8,6.88,2.35,7.27,3.94
Lu,원소,1,214.96,3.0,0.6,347.4,4.13,0.65
Fe3Ca3Re2S,화합물,4,19.29,4.0,1.89,12.02,11.19,11.4
Te2V,합금,2,26.35,3.9,5.63,20.47,14.4,9.05
P4Os2,화합물,2,52.75,3.2,4.74,22.77,14.49,3.52
Cd4Mn3In2LaZn3,고온,5,111.09,4.2,7.3,9.92,4.1,103.33
NaNi,화합물,2,96.48,5.9,11.26,4.23,13.97,22.26
Zr3Tm,합금,2,46.26,5.1,7.74,14.76,6.49,9.2
SmB,합금,2,70.2,5.1,14.76,85.67,13.78,3.36
Be2Sm4ReN2,고온,4,129.69,3.7,4.98,6.62,3.04,75.52
TmCdBe,합금,3,45.58,2.0,3.17,97.87,2.19,12.54
Co3Y2,화합물,2,152.47,4.3,10.32,40.84,2.57,21.56
ErTb4Gd2Rh,화합물,4,37.63,4.8,5.13,13.13,13.76,8.82
EuCdNb2,화합물,3,91.01,5.8,2.95,20.62,1.99,19.09
PrAl3,화합물,2,10.88,1.8,13.78,39.98,8.52,0.0
CaBeMg3Os2Li2,고온,5,94.27,4.3,8.22,14.58,11.57,74.68
Ba2,원소,1,7.64,4.0,12.9,345.27,2.86,0.0
Te3Mg3Se3,화합물,3,46.12,4.8,7.0,8.13,10.75,12.73
Mn2Sm2Th,화합물,3,93.83,1.8,13.36,17.25,2.84,5.06
U2Zn2,합금,2,104.83,3.2,6.59,63.17,12.0,7.64
HSc2,화합물,2,103.32,5.7,7.06,15.31,0.52,14.03
Eu4Ru3,화합물,2,141.32,2.3,8.54,26.8,13.64,20.85
Cu2Sn2,화합물,2,132.37,2.0,7.0,6.98,3.28,8.72
Mo2IrTb2,화합물,3,118.52,3.4,13.69,25.83,13.78,1.04
SrPrPb2Er,화합물,4,26.49,3.0,12.95,21.56,11.23,3.94
Se4Th,화합물,2,46.08,5.9,6.45,42.73,0.23,9.14
WK,화합물,2,59.88,5.0,5.9,33.36,5.82,19.92
Cu2ErSc,화합물,3,109.05,5.4,9.97,16.04,11.88,3.37
FeHf2Na,화합물,3,55.23,2.7,5.01,15.86,13.01,0.62
Gd4,원소,1,141.14,5.0,11.08,335.36,4.89,2.49
Th,원소,1,22.63,5.0,2.51,208.07,3.32,5.35
BiMgDy,화합물,3,144.43,2.9,5.24,27.87,3.15,22.24
Ag3Pr2Au2Ti2B2Tl,고온,6,119.4,1.6,6.69,9.74,11.53,91.41
Mg2Tm,화합물,2,60.12,5.1,10.36,6.02,10.73,18.62
AgTm,합금,2,70.18,5.0,14.21,82.54,14.31,0.0
TlRe2Ti4H2,고온,4,69.88,5.7,5.48,6.33,10.13,88.49
HAu3Mg3U2,고온,4,109.09,4.4,7.49,10.78,6.67,131.83
NDy4,화합물,2,136.09,2.6,11.99,43.3,8.24,9.02
CsScRh3Cd3ErDy2,고온,6,117.97,2.0,5.17,2.07,10.27,69.76
Mn2NOTh2,화합물,4,88.27,3.3,13.8,36.18,5.52,19.63
SmSc,합금,2,134.47,3.4,3.96,71.7,12.86,8.24
La4Ba2,화합물,2,133.64,5.6,9.66,44.16,5.3,8.1
NiH2,화합물,2,62.74,5.9,10.71,21.54,7.68,8.88
Cr2Sr,화합물,2,37.03,5.5,10.68,29.77,10.67,11.02
Eu3TbMn2,화합물,3,158.81,4.6,13.01,35.28,1.24,4.86
Re3ThIn3CuSb2Ga,고온,6,82.8,5.2,3.99,2.23,2.39,61.51
PbTi2Si4H3Ru3,고온,5,46.47,2.5,3.28,6.86,2.09,38.03
Cu3CoAs3AuTb2,고온,5,132.48,3.9,7.83,11.98,3.46,107.47
Re2TlCr3Pr,고온,4,51.57,1.7,5.45,8.17,9.49,45.18
NaTm2U2Cr3Ge,고온,5,139.05,4.9,5.65,12.23,7.38,124.2
Ca3Co4,합금,2,27.98,5.5,12.99,28.99,5.31,16.79
Co2BeSb,합금,3,176.16,2.2,3.01,110.52,1.61,3.95
HgCu2Al4,화합물,3,123.61,4.4,10.59,47.11,5.69,5.53
C4SLuB2Au4,고온,5,103.81,4.8,4.4,5.78,9.25,40.82
HTiSiZn,화합물,4,98.38,5.3,12.07,6.32,5.34,8.34
Mg4CTh3SiTaF,고온,6,127.01,3.5,8.56,4.29,3.64,34.95
Hg3C2,합금,2,89.64,1.8,14.61,142.95,13.69,5.56
HgF2Mn,합금,3,68.73,2.0,4.35,31.3,8.7,3.6
Os4MnF2Er2N3Sr,고온,6,102.97,4.3,3.31,9.39,11.98,149.94
CdRu4Ga3,합금,3,156.89,1.9,15.74,40.42,14.64,8.73
Sc3ZnHf3Gd2,화합물,4,18.97,4.1,6.12,6.87,10.33,31.76
Ce3Mg,합금,2,30.08,5.6,15.51,110.76,9.75,11.92
IrTeC4,화합물,3,134.81,2.7,9.73,12.68,11.28,0.0
ThF2Rb,화합물,3,43.49,4.3,6.96,23.56,13.92,16.11
KSm3Fe2Y2,화합물,4,49.04,4.6,2.02,47.44,7.42,43.48
Th2Ge,화합물,2,18.21,5.9,5.05,46.31,2.4,11.45
Mn4TaAl,합금,3,101.49,3.6,3.71,31.7,10.06,5.2
H3Sb2Er2Tm2O3Hg,고온,6,98.22,4.6,6.69,3.39,13.48,70.45
Ga3Nd2NaEr,화합물,4,131.89,5.3,10.42,28.53,13.16,17.57
H4Co2Yb2,화합물,3,36.97,2.1,11.44,9.89,11.02,4.48
FSe4Co2Dy,화합물,4,53.14,4.0,10.12,38.75,8.36,5.34
HfAl2Cu3,합금,3,98.48,3.4,12.19,120.84,11.11,3.95
Dy2SbLu3Sm3,고온,4,124.95,3.1,4.65,4.28,5.35,49.06
Sc2W3Ba,화합물,3,91.37,4.0,2.85,15.22,0.74,3.91
Nd3Ga,화합물,2,65.56,4.7,10.24,48.88,8.53,2.65
Ga2Ce4Ta,합금,3,175.36,3.8,7.67,94.65,9.13,13.3
SrNbSn2GaAs2Ni2,고온,6,129.4,1.9,6.12,11.02,6.14,46.05
EuOs2Rh2YScBi,고온,6,94.41,5.6,6.88,4.8,14.67,74.99
RhTb,합금,2,43.72,4.4,14.92,146.13,11.47,11.06
AlNb3Mn2N,화합물,4,54.57,5.3,4.29,43.08,0.42,26.4
In3Eu2K2Lu2Cd2,고온,5,34.37,5.1,3.82,13.74,5.91,148.26
HRb3,화합물,2,54.45,4.7,7.07,48.73,14.32,3.8
Ca4S2Fe2Be2PbCd3,고온,6,100.03,3.4,9.0,10.1,3.01,156.5
Si3Pb2,화합물,2,134.23,2.0,13.4,27.57,11.88,14.77
ThCd4,화합물,2,157.21,4.1,1.88,6.81,1.96,15.39
ThF,화합물,2,121.92,2.5,5.15,24.14,6.77,3.82
NaZr,합금,2,41.75,5.4,6.87,68.73,2.67,8.67
H4Rh,화합물,2,39.27,3.0,4.75,19.42,14.22,1.76
GeS,수소화물,2,28.95,4.1,6.49,24.84,13.95,118.79
Th3U3,화합물,2,34.73,5.3,3.65,35.8,2.43,19.5
SnIr2Cs3W3,화합물,4,93.24,4.8,7.31,2.7,13.55,21.37
LaS2,화합물,2,118.24,1.6,8.22,32.82,6.7,2.94
OZrNd,화합물,3,121.81,4.5,6.68,20.66,12.81,9.98
Li3Th3La3Sb2S2Hg2,고온,6,64.51,5.7,7.18,13.13,1.64,147.37
CoZr2NaHo2S3Te,고온,6,76.79,2.8,5.44,1.28,2.61,123.0
Ba,원소,1,224.62,3.0,5.59,242.74,1.4,4.04
TeVAs,수소화물,3,19.28,1.7,5.25,49.73,1.08,176.9
S2PbKAg3O3Mo,고온,6,44.76,4.1,7.46,2.79,7.78,131.09
Ba3CuUHo3TbTl2,고온,6,36.91,2.7,3.54,3.28,3.84,102.87
SiEu2,화합물,2,144.61,2.6,2.32,24.38,0.6,0.0
BSm2Th3Ag,고온,4,126.53,2.8,6.25,8.55,0.95,85.1
Ag4Li2P,합금,3,59.31,6.0,9.14,116.37,12.64,19.06
Y2SnCe,화합물,3,132.61,4.0,2.8,41.24,5.88,5.95
Sr2CeTiAsRu2Mo3,고온,6,79.09,1.5,6.12,3.03,10.38,34.53
Lu2VAs,합금,3,45.49,3.4,10.52,33.34,13.48,5.5
Mn4,원소,1,154.69,1.0,20.69,67.79,5.15,0.0
Th2Ga2STmSr4Pb3,고온,6,139.27,4.5,7.4,5.26,2.78,33.39
Na2WCB2ZnHg,고온,6,102.19,3.7,3.05,4.22,11.86,126.62
NHf,합금,2,171.09,2.6,11.81,69.25,11.0,1.16
CdYb3Pt2Re2Ga2,고온,5,41.69,2.3,3.66,2.78,8.25,43.98
ReK2AlMo4,화합물,4,113.19,4.6,13.15,32.73,14.12,47.57
P3Li2,화합물,2,49.69,4.4,4.38,13.22,4.25,6.41
Tl2W3CdAgSi3Zr2,고온,6,41.5,3.2,7.77,3.79,12.81,113.0
PdSm,화합물,2,42.98,4.8,6.88,5.57,12.82,8.34
LaPr3Yb2,합금,3,73.17,5.3,7.44,17.94,10.98,3.49
Lu2LaAl2,화합물,3,57.48,3.2,13.7,42.28,9.74,9.03
Sc2SeHo,화합물,3,85.01,5.5,1.8,1.33,11.52,5.36
Ta2Lu2Ti,화합물,3,12.83,1.8,3.33,29.33,6.24,4.22
CsCo3Hg2Ag2PCa,고온,6,95.68,4.2,7.17,7.06,3.83,102.82
SnAs2LaNiAg2,고온,5,122.68,1.9,4.81,14.65,0.59,32.58
C3Ce3Rb2,화합물,3,62.05,3.7,8.85,43.55,0.88,12.08
FPrCrSeEu3Cd4,고온,6,101.09,3.3,5.85,13.87,1.29,37.46
Tl2B,합금,2,168.44,3.0,13.63,141.9,9.22,4.58
H,원소,1,212.14,1.0,11.05,399.28,4.35,0.0
F3SmCaIn3,고온,4,96.49,4.1,5.34,14.46,1.59,111.16
Pr,원소,1,83.81,1.0,20.53,278.6,4.34,7.3
Pb3Ta,합금,2,73.15,3.7,8.15,23.97,12.62,10.92
OZr3,화합물,2,48.39,3.9,13.95,18.19,14.42,18.2
Te2La3Eu3,화합물,3,26.72,2.2,6.0,2.08,0.71,1.66
Na2Hf3PtOs4Li2,고온,5,129.8,1.6,8.13,8.54,13.34,102.4
Rb4MgY,화합물,3,19.54,5.7,7.23,3.03,9.7,11.62
Yb3,원소,1,39.21,2.0,13.21,12.23,4.53,7.44
Zr3HoNaNd,화합물,4,18.73,4.2,12.66,3.45,8.81,23.08
Nb3TaSe,화합물,3,84.33,2.8,5.43,37.08,14.63,22.77
Mn3HSn3,화합물,3,25.13,4.2,7.62,24.08,9.4,6.78
Sm3Cd4TbSc3,화합물,4,36.38,2.6,11.4,14.3,8.76,28.52
YbBe3Cu2KTm4O,고온,6,79.44,2.2,6.03,8.08,13.74,103.7
KEuIr3OsFeBi2,고온,6,131.7,6.0,5.23,6.59,0.96,126.11
Cu2N,합금,2,96.15,2.2,15.9,125.76,3.77,0.0
CuV2,화합물,2,149.43,5.7,4.43,17.53,1.24,9.11
NdHgP2Zr2,화합물,4,135.02,3.0,6.87,36.41,2.72,4.97
AlKNRu2Ti3U,고온,6,67.17,3.1,5.75,7.84,7.89,32.51
Ni3Hf,수소화물,2,53.76,4.8,2.7,57.37,0.86,184.41
CN2,합금,2,108.54,3.2,9.79,7.11,0.87,2.44
Tl2TbYb3La4,화합물,4,40.69,4.2,5.15,7.05,9.52,3.77
K3SbSe4Ag,화합물,4,128.26,2.0,10.43,21.68,7.32,3.88
Fe3,원소,1,72.19,4.0,21.58,388.28,1.46,0.0
Nd2,원소,1,149.56,4.0,13.82,42.02,7.44,3.9
Y3Si,화합물,2,72.16,3.2,11.55,34.42,5.19,13.53
S2UGa3Se2,화합물,4,131.67,2.9,6.24,27.43,0.15,17.06
Ca,원소,1,17.97,3.0,15.63,268.65,6.91,0.54
PdH2Ni,화합물,3,35.11,4.5,8.47,20.27,4.85,4.93
TbU2Cu3Cr,화합물,4,10.44,4.1,3.81,7.12,12.1,8.22
Er3AlMgRb,화합물,4,18.88,2.8,4.4,35.14,6.17,4.77
In2Ga2MnLi3,화합물,4,99.27,1.8,6.65,1.71,2.31,11.72
Th2Sr2,합금,2,141.38,4.0,3.64,41.32,8.38,6.1
Be2Sm,화합물,2,64.2,2.2,9.96,2.94,11.05,12.06
TeSe2,합금,2,47.38,5.9,4.2,13.75,13.63,15.33
Tl2SrRh3,화합물,3,65.27,4.9,4.9,29.68,5.16,6.06
RhHf,합금,2,32.72,1.8,8.37,138.61,1.72,1.08
CsOLuCu2,화합물,4,138.82,4.6,7.08,8.54,8.08,13.66
N2As,합금,2,31.94,5.9,4.97,98.57,1.17,15.82
Te2CdBi,화합물,3,61.67,4.1,6.06,46.4,11.35,17.69
Sc2DyBPd3Co3Ge,고온,6,37.82,3.8,7.42,9.03,2.17,83.92
LiMgPt,합금,3,76.8,5.9,14.55,85.33,12.94,7.03
AuRu2Al3Sn3,화합물,4,55.64,2.9,3.55,23.88,4.02,5.16
Tm,원소,1,136.88,2.0,1.37,116.87,1.37,0.51
O2Pb4,화합물,2,156.34,5.0,9.58,14.51,2.53,8.01
Bi4Er4Al,합금,3,176.32,4.8,12.9,6.75,10.03,7.83
Te2Pd2Se3Yb,화합물,4,80.8,2.7,8.83,26.25,11.1,12.83
Mo3CeTlBa2,화합물,4,48.48,3.6,13.58,48.07,10.5,9.04
SiCr4YZnGaSb2,고온,6,63.7,2.3,8.46,11.83,5.99,132.0
Fe3RuTm2Ag3,화합물,4,38.27,1.9,4.67,8.03,12.07,9.72
Gd2IrTb2Mo4,화합물,4,40.32,2.7,10.89,31.64,4.65,3.83
LiGdPb2,화합물,3,144.64,2.1,4.6,31.85,9.08,4.44
KCa2NV3Si4Mn,고온,6,66.31,2.2,8.59,13.3,9.39,108.33
Cr3CuRu2VSr,고온,5,115.96,3.6,3.8,12.26,8.66,125.93
Be2Mo3NbNd2,화합물,4,70.73,3.3,7.39,20.38,8.01,6.22
CdCaAs3Gd4Au4,고온,5,133.11,4.8,8.15,8.65,12.36,125.5
As4Mn,화합물,2,100.01,5.1,5.2,16.76,13.17,3.64
V3Ho2Tm4PWSr2,고온,6,72.51,1.8,7.94,13.88,0.66,127.78
HSc3Fe2W4,고온,4,92.98,3.2,7.87,11.99,6.86,87.01
B3SmHg,합금,3,149.73,2.2,10.08,147.57,11.8,0.34
Co3Pt4Zr,화합물,3,154.97,4.5,12.72,27.39,7.79,5.27
DyNCr,화합물,3,133.94,4.3,5.36,40.7,10.64,10.7
SeScB,화합물,3,97.22,2.2,8.89,5.16,0.49,4.75
UVGd2,화합물,3,23.66,5.4,13.05,6.69,8.48,8.93
RbCo,화합물,2,76.42,2.7,12.95,17.86,14.84,20.08
NiTh2Be3,합금,3,25.11,1.5,8.74,134.29,11.26,31.86
Gd2,원소,1,121.02,5.0,4.1,252.4,2.84,3.02
Ho4Ag4Cs4Th3,화합물,4,62.93,4.9,6.59,17.62,9.02,5.92
Zr4O,합금,2,171.28,4.9,12.87,121.45,5.08,3.99
Sm2S2Dy3,합금,3,92.67,5.5,15.0,37.0,5.98,9.34
Pt4Be3Mo3,합금,3,114.16,2.6,6.88,31.95,11.82,9.21
PbF2Sr3,화합물,3,151.51,5.1,7.13,11.16,5.51,7.7
Mg2HfNi4,화합물,3,74.9,2.9,4.4,17.38,0.91,24.32
Ge2,원소,1,185.99,2.0,5.32,305.15,9.98,0.0
Se3Er4La3,수소화물,3,28.28,1.9,4.25,28.84,2.13,149.98
Tm2Cs2,화합물,2,141.94,3.0,7.73,29.0,11.29,9.07
Pt3Ni3Cu2,화합물,3,33.29,5.5,2.82,46.77,11.06,20.97
WErC2Mn,화합물,4,90.5,2.8,7.25,16.62,10.05,18.12
Eu3Zn3Se,화합물,3,12.07,4.8,1.64,36.38,7.08,20.73
Ce2Fe2Mn2Ta,화합물,4,48.65,5.9,3.06,9.12,3.96,8.84
LiC4Zr,합금,3,101.04,3.8,8.49,91.47,2.7,5.26
Y3Ba,합금,2,101.47,2.3,7.95,41.05,12.56,14.43
Mo3HAu2As,고온,4,80.51,2.2,5.31,8.82,14.11,67.21
PtZn4Si2,합금,3,116.89,1.8,4.62,44.65,3.33,1.15
Ru3OsK,화합물,3,19.72,2.2,6.55,37.45,4.79,3.71
TlSeAl2Gd2,고온,4,77.49,4.5,4.98,3.46,11.24,142.47
Co2Al2S3Pd2,화합물,4,148.1,5.7,3.98,22.69,6.17,15.66
Tb2CsAg2Si,화합물,4,106.74,4.5,12.91,5.86,5.16,10.69
IrPr2V,화합물,3,64.79,2.2,10.88,22.96,13.66,14.07
H2,원소,1,45.11,3.0,20.81,87.23,4.56,3.19
CoLi2Er2Mo3Lu4,고온,5,75.27,4.0,4.25,2.37,13.7,66.79
AuSn2Rb2,화합물,3,68.28,5.4,5.44,42.27,10.32,18.63
Al2YbMo3S3,고온,4,134.23,3.1,4.02,13.54,9.69,72.01
Se4Y2,수소화물,2,53.79,2.6,3.84,21.02,0.28,275.69
La4AgCsY,고온,4,97.74,2.5,7.63,8.83,12.72,98.05
ErLa2N4Li,고온,4,107.59,5.0,3.68,9.49,0.69,95.46
O4Hf,화합물,2,75.96,3.4,5.01,1.15,2.78,6.21
Cu3KOTh,화합물,4,83.17,2.2,10.4,29.61,12.99,24.07
AlPt4,화합물,2,159.52,5.1,9.18,36.81,4.83,7.81
Sm2K3DyRh,화합물,4,120.28,1.6,7.24,45.31,1.5,4.04
VBe4Co3In2SiTl,고온,6,76.33,3.1,5.03,1.95,1.38,64.26
Cd3Pd2Ir,합금,3,128.44,2.5,12.67,120.18,14.1,18.24
CoFe4Pt2Ho2Dy2Nb2,고온,6,96.28,4.7,3.48,13.96,6.7,38.18
Ti4Pb2TaCe3AuIr,고온,6,36.26,5.1,6.63,6.67,7.63,123.06
Sn2W3,수소화물,2,26.9,3.9,7.41,38.06,13.55,231.28
Nd4Bi4GeTm2Ba,고온,5,124.77,5.6,6.76,6.1,8.4,70.63
PbTe3P,합금,3,155.31,3.5,5.45,58.44,13.78,2.06
K2Ag,합금,2,129.03,2.2,12.13,140.33,7.69,3.63
Sn2Mg4,합금,2,110.86,2.5,9.21,79.5,1.55,4.56
Ni3Ho,화합물,2,18.05,4.7,13.73,37.1,14.54,7.53
Sn2Mo2,화합물,2,24.54,4.4,3.1,25.96,7.47,5.12
TlAuScTi3Be2,고온,5,125.03,4.6,6.9,14.54,0.53,134.92
HgSSb3Cs2,고온,4,86.1,3.3,6.13,6.51,13.49,49.37
TaS2,화합물,2,109.85,2.8,8.0,23.81,3.63,5.76
Ce2,원소,1,228.29,1.0,21.53,49.2,8.87,0.0
Co3Mo4,합금,2,38.99,2.6,15.09,104.13,9.55,1.5
SnBi3,합금,2,129.37,5.4,4.2,10.3,11.75,14.23
Be2Ru3Pr,화합물,3,22.79,5.9,10.42,21.66,3.12,18.83
PtP2Sb3,화합물,3,35.48,5.3,12.04,26.69,12.89,6.27
Yb2,원소,1,49.57,4.0,20.44,155.41,4.08,3.29
SGd3,화합물,2,66.28,2.4,12.02,14.0,14.13,0.47
VNd3U2,합금,3,77.83,1.8,6.2,129.45,5.87,0.0
Si2Au4Os,화합물,3,103.49,2.6,6.93,9.47,0.64,9.89
Tm4ScH,화합물,3,150.4,3.5,2.39,32.49,7.81,3.89
Ta3Eu3Fe2Cu,화합물,4,53.94,5.8,11.16,42.18,4.48,7.07
BiTmDy4Zn2,화합물,4,15.58,3.0,2.68,42.81,2.51,27.47
Ta2HgS,수소화물,3,37.04,5.7,4.72,11.69,10.29,266.87
MoTb3U2,합금,3,32.69,1.7,12.69,69.81,14.42,7.94
Si2Ga3RhB3,화합물,4,89.37,3.7,1.97,6.53,4.72,10.66
RhPb2TlIr2,고온,4,77.35,5.1,8.12,6.64,4.55,34.62
Ho4Er,화합물,2,66.28,4.5,11.57,15.52,2.02,7.75
CuPb2Zr4Ba,고온,4,40.5,3.1,6.19,14.72,2.42,130.77
W2O2Tl,화합물,3,54.82,2.0,6.16,17.73,8.37,7.75
Zn2PdSr2,화합물,3,108.56,4.7,2.02,25.84,3.19,21.65
FeSe,합금,2,29.78,3.1,8.93,21.58,6.7,7.42
Ru2P,화합물,2,53.01,3.7,8.73,33.19,13.24,5.71
RhHg,화합물,2,123.97,2.0,7.41,46.09,11.85,10.68
ThLa3,합금,2,175.05,2.7,11.21,14.59,6.3,7.27
Ce2H4,화합물,2,59.99,2.2,6.64,24.23,14.0,0.42
ScNd2,화합물,2,43.67,3.9,13.48,3.18,4.84,3.85
C,원소,1,152.04,1.0,14.2,158.91,9.1,2.53
HoZnSe2V2,화합물,4,51.94,1.5,9.09,37.74,13.57,5.78
ReCr3Ir,화합물,3,64.76,2.4,3.29,23.15,6.19,6.46
S2OsTi,합금,3,103.41,3.8,12.71,5.5,12.67,6.1
Se2Al2P,화합물,3,119.4,5.0,8.76,3.36,13.61,10.69
NiF2,화합물,2,142.38,5.0,12.87,22.64,10.77,7.83
AsTbGd,화합물,3,32.74,2.0,11.15,36.68,9.57,9.98
Er2Cu3La,화합물,3,102.59,5.5,9.11,45.86,13.6,7.61
LuAl2,화합물,2,59.11,5.3,4.08,25.73,6.02,8.14
Pr3SnHg3,화합물,3,142.53,4.6,11.38,48.29,2.13,24.9
MgSmSe2ErHg3Bi,고온,6,93.9,5.2,8.54,9.56,3.79,85.6
F2Sm2La4,화합물,3,130.56,3.1,4.38,12.55,6.38,17.58
Be,원소,1,32.74,2.0,14.83,46.4,0.69,3.01
ScCB2Mn2,화합물,4,144.45,2.2,13.73,37.27,4.69,6.18
PdAl2Na2Dy2Mn2,고온,5,117.23,3.7,7.08,8.95,13.9,96.59
Ag4Al,합금,2,86.33,2.3,5.72,56.03,10.74,12.6
KMn3Eu2,수소화물,3,29.67,1.7,5.1,44.91,2.52,154.21
Ga4ZrBa4Te3,고온,4,66.79,2.6,5.08,10.32,13.86,136.18
Mg,원소,1,213.95,3.0,13.81,104.01,5.59,0.0
BeCdOs3Ir2Cr3,고온,5,125.39,3.0,4.18,13.95,11.04,42.83
Rh2Nb2V2Mn2,화합물,4,32.09,5.3,13.49,9.26,8.41,24.79
TaGd3Ce3Pd4,고온,4,58.66,4.9,3.53,7.59,11.84,60.45
Hf2LiMgS,화합물,4,91.63,4.5,6.11,34.44,8.33,16.41
Th3LuSb2Se2,화합물,4,132.23,2.2,4.89,45.82,2.08,7.1
Sm3Ho3La2,화합물,3,49.31,3.1,7.88,8.09,1.58,3.91
Nd2Na3P2Cu,고온,4,122.47,1.7,3.56,12.65,5.37,30.75
Sc2,원소,1,138.61,3.0,4.76,204.99,5.97,5.53
Sb3OEr2,화합물,3,12.16,5.1,11.52,16.53,7.31,19.71
Si2Dy2,합금,2,42.52,1.5,8.23,50.86,9.98,0.0
V2Mg4Sr3,화합물,3,119.22,4.3,12.33,36.66,13.86,13.62
Tl2AlSc,화합물,3,60.13,3.1,7.11,11.21,12.71,4.98
YbDy3Lu2Te2,화합물,4,32.48,5.1,12.3,27.06,3.75,12.26
Ni4Lu3Rb4,화합물,3,138.41,3.9,6.9,7.69,1.08,4.77
SeHgCo,합금,3,50.34,3.0,6.01,65.97,14.97,8.88
O4Re2W2,합금,3,65.63,3.6,2.1,78.51,6.38,8.49
H3,원소,1,221.88,3.0,8.14,234.51,8.39,2.28
Ga2InS2Ho2,화합물,4,152.79,2.9,11.13,32.46,13.5,26.45
Tb3Cd2Ta,수소화물,3,21.2,1.8,2.83,37.55,2.84,205.87
AsZr4,합금,2,123.36,3.1,6.12,95.43,7.1,8.68
SbNb4SiNd2Pd4,고온,5,119.99,1.6,6.24,4.08,14.66,40.53
Tl3SnAl4Eu,고온,4,47.75,4.6,8.58,7.99,10.36,43.69
Rh3Ca2Sm,화합물,3,51.59,2.5,1.89,4.23,4.04,1.4
Nd4Rh3EuU2,화합물,4,135.85,4.6,5.14,44.41,0.17,14.01
NiHo2LiH3U,고온,5,34.34,5.9,5.13,3.9,6.33,74.01
HfSe,합금,2,141.16,3.8,3.52,32.72,12.54,22.5
RuVAs2,화합물,3,34.27,5.2,2.17,36.11,0.89,19.52
Zn2Nb4Hg,화합물,3,78.95,4.3,1.74,38.24,7.36,14.27
Ba3K2,화합물,2,36.53,4.9,11.72,37.6,10.79,16.69
V3CeRb4Co4Ru3Bi2,고온,6,35.19,3.6,5.71,4.38,4.5,133.86
Te2,원소,1,55.1,5.0,8.03,245.24,4.01,3.6
Nb2Sm2Na2,화합물,3,57.74,3.6,10.33,35.85,12.27,4.65
Ru3SrCr2,화합물,3,152.86,2.8,3.46,30.2,5.21,12.47
Gd2TeOs4Li,화합물,4,22.38,1.6,6.41,12.59,6.17,22.78
CdW,화합물,2,83.45,4.0,6.76,4.32,0.88,6.3
TmAu2Ge,화합물,3,139.57,4.6,6.72,12.18,2.98,13.52
BiZr3Tm2NaSmCe3,고온,6,138.87,3.9,8.48,10.08,5.25,96.63
V2Ga2YCo4,화합물,4,157.25,4.6,3.66,11.44,0.49,7.19
Ga3FLa2P2TeSm,고온,6,60.61,3.8,8.51,2.33,1.53,129.5
Si3S2Cr3,화합물,3,16.54,4.6,2.17,48.71,0.26,11.19
O4Pt2Pb3,합금,3,152.1,3.9,2.12,16.78,5.57,10.63
Si4,원소,1,176.96,3.0,11.22,231.83,4.48,9.42
La2,원소,1,205.88,4.0,21.88,171.41,7.86,10.1
BCo2,화합물,2,105.81,3.7,4.18,42.64,11.41,10.68
B3P2N3Sr2,화합물,4,149.71,4.9,10.92,42.73,11.6,9.54
SbMn3Li2,화합물,3,115.2,4.3,12.43,34.33,4.17,24.77
In2Mn3Nd2Cs3Cd2,고온,5,74.67,3.3,3.53,9.69,1.56,68.58
Yb4,원소,1,30.16,4.0,20.71,7.57,4.59,11.99
ReTi2Dy,합금,3,94.84,3.3,8.63,46.17,14.29,13.48
CrLa4,합금,2,53.08,2.2,4.95,7.52,3.37,4.95
CuHf4Nb3,화합물,3,13.86,3.9,7.64,41.68,8.87,8.33
YNa,합금,2,149.06,4.7,3.35,41.32,9.13,2.51
Na2Ir2,합금,2,69.54,1.8,3.16,79.38,5.33,10.15
Ta3OsCsNb3,고온,4,50.61,4.1,8.9,9.0,4.74,143.02
O3IrBiCu2Tm2V4,고온,6,116.82,2.9,5.26,10.45,10.31,28.77
GeCu,합금,2,75.7,5.8,15.75,58.69,12.46,8.79
Lu4Dy3,화합물,2,89.66,1.6,10.32,39.89,8.45,20.8
Be2Eu2Mg2,화합물,3,88.55,4.1,4.8,22.88,12.53,3.21
MoGe4Nb2Os2NdCs2,고온,6,102.73,4.6,6.96,8.92,9.45,113.86
Sr3CuHo,화합물,3,108.96,4.6,10.98,38.78,14.07,10.43
AuB2Nd,합금,3,133.36,5.2,4.21,32.58,3.32,4.22
Cu2PrOs2OH,고온,5,69.22,3.9,3.25,11.04,5.98,101.57
Ni2Ho4,화합물,2,15.81,2.9,4.17,46.51,6.13,8.68
ZrYb2,합금,2,64.11,5.6,7.3,18.17,7.03,12.86
Sb2W4Re,화합물,3,26.66,2.6,4.48,38.55,2.71,5.45
LuW3Al4Y,화합물,4,145.36,4.0,6.58,26.54,4.45,28.09
Al3HNd3Pr,화합물,4,20.57,6.0,6.73,45.51,7.27,5.42
P2Ta,합금,2,140.61,4.3,7.09,24.65,10.34,6.21
BiZnV,화합물,3,105.43,2.1,5.92,17.87,11.21,21.88
Zr4,원소,1,137.92,3.0,11.17,129.72,3.98,1.92
FeCd3Ca3In3,고온,4,129.95,3.3,5.32,2.34,6.7,134.43
ZrTl,합금,2,149.8,3.9,11.11,19.15,14.34,3.71
Y2,원소,1,123.87,4.0,19.64,103.0,0.5,0.07
Mo2Re4VIr2,화합물,4,110.68,5.7,3.33,23.99,2.47,14.72
Er2CMnNb2,고온,4,83.29,3.1,7.71,8.24,13.12,109.77
ScPPtDy4,고온,4,55.03,2.1,8.94,14.18,13.86,87.65
Ca4Al2Pr,화합물,3,132.44,4.3,10.85,5.55,4.58,18.66
CrLu,합금,2,68.79,1.6,6.64,15.41,10.6,3.22
C4B3Tb3Pr,고온,4,112.18,4.0,5.51,11.41,14.7,143.84
TiZr3BiP2,화합물,4,155.15,2.6,11.49,48.17,3.41,14.65
Au3F2,합금,2,133.99,3.6,10.24,146.86,14.8,10.81
CeTb2MgGeLa2,고온,5,52.98,3.0,4.62,11.7,4.02,85.26
NCs,합금,2,142.63,4.0,12.58,60.38,5.28,0.77
ZnRb3,수소화물,2,32.45,2.6,5.16,74.54,9.89,279.27
K4Pd2SbTa2LiZn4,고온,6,72.52,2.2,8.39,4.79,4.8,150.41
Tb3BLa2,화합물,3,26.02,3.0,9.41,29.25,10.41,5.12
ScRu2GdCo2Sm,고온,5,104.23,3.8,8.77,10.24,1.78,115.45
VHg3W,화합물,3,46.3,3.4,12.4,36.05,3.78,21.25
Ir4Sc3,합금,2,83.93,5.9,15.56,10.28,6.91,17.88
Tb4Li2,화합물,2,69.26,3.3,5.36,40.27,1.76,2.93
Tm,원소,1,222.3,3.0,9.43,373.93,7.82,0.8
HNi2,화합물,2,11.09,1.6,1.54,36.57,12.17,21.13
Na4Rh2PtW2Lu3,고온,5,95.85,4.4,6.03,11.52,6.84,55.23
AuSc,화합물,2,154.48,2.9,10.7,17.54,13.41,3.09
Pr2Cd2DyP3,화합물,4,121.68,3.2,6.71,13.2,0.69,14.18
CoYRe,화합물,3,11.97,3.3,4.64,16.11,13.7,9.8
Al2MnThRh2,고온,4,104.05,3.8,5.24,11.31,4.55,147.92
Li4,원소,1,138.01,5.0,2.87,65.51,3.96,3.9
Pt2DyTb4,화합물,3,111.36,3.8,8.08,32.94,7.56,3.62
HK4,합금,2,122.83,2.3,15.93,107.64,4.99,6.09
Ho2Ce3Th,화합물,3,55.58,4.6,4.11,3.31,14.32,8.13
PtYTa3,합금,3,91.3,3.3,7.72,62.7,1.34,1.95
NiMg2Dy2B3,화합물,4,151.11,3.2,5.36,29.58,5.95,4.35
Ru2Si3,화합물,2,13.91,1.7,12.72,35.23,11.35,3.64
Tb2Ag3,합금,2,84.37,1.9,3.64,67.61,5.96,5.19
BiReGd2PrSn,고온,5,99.46,2.8,5.33,14.16,8.92,132.99
Mg4,원소,1,79.88,2.0,9.11,371.15,1.28,2.27
Ge3Er,화합물,2,71.22,2.3,9.49,32.38,4.13,2.94
Sb2,원소,1,48.32,1.0,17.84,200.98,0.92,2.2
Cr4S,화합물,2,37.45,1.8,2.77,2.87,14.2,2.12
Th3Hg2Zr3,화합물,3,64.18,5.8,3.98,29.6,1.92,21.45
Pr2Cr2,화합물,2,143.22,4.3,10.44,35.79,10.53,17.01
N2Tl2,합금,2,145.76,2.9,13.85,18.29,9.55,3.73
PbSb2Ti3,화합물,3,154.67,4.0,9.82,12.94,4.79,7.31
NbZr4,화합물,2,31.89,4.9,1.87,48.47,3.31,3.99
CSb4Ba4Bi,고온,4,136.0,2.4,4.21,7.73,8.25,85.89
Ga2Th2Yb3Mn,화합물,4,91.78,4.2,11.59,12.13,0.93,10.05
Cr2Ba,화합물,2,159.92,5.6,8.73,44.36,11.51,1.18
Lu4Cd2As,합금,3,80.43,2.4,10.63,120.12,3.47,2.96
FeCs3Au2,화합물,3,72.89,3.2,3.62,40.66,4.86,14.71
Nb2Li,합금,2,109.13,5.2,9.65,121.56,11.96,7.34
Cu2Pt,합금,2,59.82,1.7,14.37,114.09,4.29,7.46
CsHgTe2,합금,3,170.28,1.5,11.35,28.28,11.59,0.0
Pd2C2F3S3,화합물,4,17.03,5.2,2.23,36.37,3.17,26.1
BPd3,화합물,2,146.15,3.4,8.44,20.64,5.21,7.81
LiCd3Pd2B2Y3,고온,5,39.18,5.5,7.61,14.63,12.56,91.45
PrLu,합금,2,94.25,4.8,8.93,92.52,5.12,4.81
Te2Ho3,화합물,2,43.49,1.8,10.34,14.3,3.95,8.32
C2CoOHo2,고온,4,101.68,5.0,8.06,13.83,9.36,73.69
Cu3SBa,화합물,3,105.86,2.1,13.45,19.78,10.52,5.42
Gd2HoSn3,합금,3,74.27,1.5,15.9,88.6,5.46,0.0
Tm3Zn2Ni3,합금,3,152.62,3.3,5.03,57.47,9.73,9.49
Cs4,원소,1,185.98,5.0,7.29,145.89,2.12,3.43
Sc2Re2,화합물,2,76.62,5.7,4.96,16.6,3.71,8.46
CeZr2CsMo4Bi3,고온,5,83.78,5.0,5.57,5.21,13.19,51.52
Ti,원소,1,57.7,2.0,7.41,398.44,9.17,2.02
HoS2,합금,2,164.06,4.7,11.82,42.84,0.5,6.31
Gd4Sb4Tm4Y2,화합물,4,117.56,5.1,10.63,4.43,14.47,12.34
RuY2Nb3Cr3V,고온,5,60.16,4.9,8.52,3.12,11.49,104.07
ThW2Ni2,화합물,3,157.78,1.6,6.37,23.57,6.52,12.76
Sn3Dy3Sc,화합물,3,77.68,3.0,7.06,9.83,2.27,15.77
O4Cu4Bi3Re2,화합물,4,48.93,3.1,6.95,42.71,3.65,4.06
FeN3,합금,2,169.0,4.4,15.08,80.01,2.53,3.47
Ho2P2Sn2Ga,화합물,4,100.54,3.2,2.11,34.95,11.16,1.76
Th2TeMg2Fe3,화합물,4,78.06,3.0,3.16,19.73,14.59,13.2
Ga2PbSrTlPt2,고온,5,129.97,5.2,8.55,7.19,13.83,144.95
Ge,원소,1,118.08,1.0,6.43,46.85,9.57,0.0
Tb3MgY,화합물,3,155.14,2.5,10.0,1.53,7.34,26.09
SAs,화합물,2,134.56,2.1,7.56,47.57,7.85,3.69
NaYH,화합물,3,92.24,2.1,2.49,18.07,1.79,31.51
Cr,원소,1,185.78,1.0,5.92,9.96,5.12,0.0
CsLu2Zr,화합물,3,88.25,4.8,9.01,38.52,8.55,8.96
LuBSm3Pd,고온,4,82.42,2.2,3.34,13.71,6.97,142.47
TbFe3,화합물,2,110.18,5.8,6.65,36.29,3.86,36.15
Ba2K2W,화합물,3,44.34,6.0,9.22,40.96,13.85,7.95
Er3PdNi,화합물,3,52.7,4.9,10.0,32.64,6.83,4.58
Re3Mo,화합물,2,41.17,2.3,12.0,15.86,1.0,1.35
F4Ce,화합물,2,98.26,5.6,8.63,38.25,8.69,14.47
Zn3Ta3OsBiYbP,고온,6,81.92,5.8,3.39,8.5,9.24,87.2
DyP2,수소화물,2,15.55,2.6,3.05,33.0,7.15,151.61
Ca2Cd3H4Pd3,화합물,4,38.04,4.9,2.04,24.43,14.09,6.46
As2Pr3GdHg3,화합물,4,43.66,5.8,8.62,4.43,8.47,12.57
RbRh3In3Er2,고온,4,48.51,3.5,5.58,10.7,2.34,41.63
Pb2PdBe,화합물,3,99.37,3.5,12.05,28.35,8.26,7.55
V3Ho2InGd,화합물,4,84.12,2.4,7.02,32.21,12.65,23.65
MgNbRe2,합금,3,58.59,5.7,12.93,91.76,12.62,3.74
Sm3In2RbZr,고온,4,123.56,1.8,4.42,10.23,7.26,35.95
CrBiRh2,화합물,3,36.93,4.6,4.65,31.12,5.31,6.0
Dy3MgHf2FPb3,고온,5,131.64,5.2,3.56,13.17,14.5,103.98
Co3TmSn2U,고온,4,43.76,4.7,8.83,14.68,8.81,114.37
Si2Be,합금,2,143.8,2.1,10.44,41.13,8.94,3.0
RbCrCu2,화합물,3,40.5,3.1,9.91,32.4,10.12,19.18
Ca2Gd2NaPbAlZr,고온,6,90.03,3.3,3.56,6.36,2.63,152.23
Pb4NdRh3,화합물,3,47.4,3.9,4.41,48.34,1.97,14.36
Ir3Rb,합금,2,71.98,4.1,8.23,122.74,7.43,7.04
Nd4,원소,1,81.24,5.0,21.62,362.49,7.56,4.26
CdCMn2,화합물,3,66.64,3.3,4.18,5.63,13.81,5.23
Ga3Ba2In2,화합물,3,131.55,1.6,2.16,26.01,10.17,9.41
Ag2Cu4Re,화합물,3,156.36,3.9,7.99,30.56,3.39,5.94
Sc2Na2,합금,2,107.1,1.7,2.65,133.6,10.59,1.25
Li2Hg2CeHoB,고온,5,98.52,3.1,5.67,7.68,7.77,52.37
Al2Fe2Sm2,합금,3,83.86,4.6,15.38,65.59,12.69,7.72
NiPb3,합금,2,129.62,2.3,4.18,139.33,14.38,0.0
PScOs,화합물,3,97.92,3.2,6.39,38.5,2.04,7.63
SnO2SmC3,화합물,4,132.51,2.0,10.17,1.12,8.2,9.02
CrOs2Nb,합금,3,150.55,5.0,15.2,57.09,4.91,13.23
Na2Nd2Ti,합금,3,39.28,3.1,15.56,35.7,4.59,9.74
Pd2CaNb,합금,3,56.84,2.1,2.29,149.53,12.69,8.86
GaHf3,화합물,2,146.26,5.8,8.22,31.82,6.27,21.23
Be4AgMn2H4,고온,4,90.2,2.1,5.15,2.65,3.41,121.28
Pr2DyB2Al2,화합물,4,130.55,4.9,9.56,8.23,14.01,14.99
Sn4Yb,화합물,2,112.81,2.9,4.14,26.62,11.57,0.43
CSi2B2La3,고온,4,100.88,4.7,6.83,2.46,2.93,46.17
Ta3U,합금,2,48.11,2.2,10.56,103.03,7.87,7.07
SrCr,수소화물,2,24.25,4.6,3.11,59.16,5.8,154.97
C2Y3Ru3W,고온,4,104.4,3.4,6.58,7.31,12.01,108.56
PbU2,합금,2,170.7,4.1,5.2,21.44,0.67,6.4
SmF3Eu2,합금,3,62.64,5.8,11.83,103.95,12.99,18.28
C4Se2N3,합금,3,59.4,2.0,2.44,82.72,2.48,6.26
Hf2Ce2Ba2,합금,3,110.27,3.4,8.47,82.48,5.22,9.83
Ge3Ti3CeAlBiMg4,고온,6,108.58,1.6,3.04,4.44,11.37,79.25
Eu3ErSn,화합물,3,85.92,1.5,3.69,43.8,12.59,10.84
NiCeCdLu4W2P,고온,6,131.8,3.5,8.48,6.68,12.84,110.77
LaRe2Y3Pd3,고온,4,125.41,5.1,5.31,10.61,8.44,88.29
FeNaEu2,화합물,3,68.18,5.2,1.65,1.17,6.98,13.9
AlSiNi,화합물,3,107.04,1.6,3.79,20.12,2.19,4.29
O4,원소,1,69.79,4.0,2.09,149.84,6.29,0.0
Se2NbBi3,화합물,3,101.77,2.8,6.53,9.32,14.39,0.0
InBa3Y2W3,화합물,4,12.6,2.8,9.49,13.18,7.93,19.96
Sc,원소,1,103.8,3.0,10.74,323.71,2.68,11.21
As4,원소,1,206.21,5.0,21.5,176.62,6.75,3.52
S2Tm4ZnCdScC,고온,6,136.12,3.0,5.05,10.42,3.05,139.35
O2Bi2V2Rh2,화합물,4,78.44,3.1,4.67,10.03,6.88,11.45
Hf3Se,합금,2,99.22,5.2,6.1,127.85,7.39,8.86
BaSm2Ni2,화합물,3,101.51,2.0,10.26,2.56,14.07,6.06
Pt2MgNiSr2SeP2,고온,6,54.99,3.4,4.25,1.12,4.18,45.63
NaSc4,화합물,2,119.35,3.1,9.71,10.02,8.23,1.3
Dy,원소,1,84.82,4.0,11.82,98.62,6.53,5.8
PtTa4Te2Yb2Co2Cu,고온,6,41.47,2.7,4.52,8.3,3.51,160.86
As2EuMg4Bi2,화합물,4,149.58,4.5,9.39,36.57,4.61,8.78
As3Te3,합금,2,178.48,4.5,14.76,111.27,1.97,6.81
Pr3Cs2V2Ge2,화합물,4,29.86,5.0,10.01,37.28,5.71,10.22
F3AuRu3C3,고온,4,92.47,3.6,8.01,10.03,7.8,151.74
HoSn,합금,2,50.95,2.6,3.05,53.27,11.59,0.19
LuNb2,합금,2,172.23,4.7,7.1,29.61,1.69,12.39
AsBi4W3,합금,3,128.88,2.2,15.41,27.67,14.02,8.1
P4Mo,수소화물,2,24.71,5.7,6.7,67.95,13.28,270.69
SnGa,합금,2,36.37,3.4,8.35,127.54,3.82,2.73
Sr3S,화합물,2,77.72,3.7,12.89,28.1,2.27,5.76
SiSbHg2H2MoBa2,고온,6,139.46,3.9,7.78,12.1,0.55,93.56
Se3InMo2,합금,3,96.34,3.5,8.93,93.09,12.96,3.58
Tl2Pb,수소화물,2,4.47,4.5,6.37,36.24,9.91,255.0
GeRu4CoGd4,고온,4,43.21,5.6,4.68,5.97,8.71,98.65
Sn2Pd4SrLi2Rh,고온,5,96.15,5.6,3.41,4.5,4.59,102.92
Sb3V3B2,합금,3,113.99,2.1,9.08,70.05,10.59,15.1
CP3Tm2Ir3,화합물,4,53.64,4.0,12.53,23.83,3.01,4.75
SmCCeTiGe2Ag2,고온,6,118.85,3.9,8.53,4.23,4.52,75.3
PbRb2,수소화물,2,43.46,1.7,4.31,33.28,9.89,169.1
Co4H,합금,2,78.13,4.9,13.72,106.03,10.22,5.82
Y3Ru3DyOZn3,고온,5,35.43,5.6,6.45,1.29,7.91,145.08
O2MnSc,화합물,3,52.59,1.8,6.64,36.39,1.43,0.0
RbSn2,합금,2,39.62,3.1,15.36,121.38,0.83,1.63
VOs2,화합물,2,40.23,2.9,9.03,49.61,8.13,4.93
Pr2LuMg3Si3CoH4,고온,6,59.4,2.3,5.74,14.19,13.18,54.41
Zr2Au2,화합물,2,74.81,2.0,10.75,41.77,10.34,16.78
N3BaLaYb3,화합물,4,97.42,3.3,11.53,12.18,13.24,21.56
SbSr2,수소화물,2,47.06,3.6,1.66,66.87,13.26,254.06
MnPr4K2Ir3,화합물,4,65.14,3.4,5.54,35.29,1.44,12.18
DyLa2C,화합물,3,97.79,5.5,9.98,0.96,1.0,21.94
Eu3Ag,화합물,2,57.52,2.0,2.55,25.25,11.92,1.88
Yb4PrCoLu,화합물,4,61.13,5.4,1.61,8.16,4.62,9.86
RbGa,화합물,2,86.37,5.4,9.47,17.66,5.29,26.27
LaCsIr2Cu,고온,4,114.86,3.6,7.68,6.96,12.81,137.37
Na2Ga3Eu3,화합물,3,131.81,3.8,5.18,39.96,10.14,11.78
Cs2TeVH2,고온,4,107.05,2.5,8.29,9.16,2.79,136.13
EuPr,합금,2,172.82,4.4,2.4,66.45,0.35,7.22
Tb2B3,합금,2,109.68,2.4,15.7,69.71,7.75,10.09
Ca3Tb,화합물,2,81.31,3.3,4.58,19.41,4.47,6.98
Sc,원소,1,171.36,5.0,14.77,230.06,2.68,1.96
Cs3Pd3,합금,2,89.0,4.5,10.59,105.67,4.12,5.72
Ni2Tb2Re4,화합물,3,39.73,2.5,6.38,17.08,5.2,2.34
Eu3,원소,1,224.07,2.0,14.46,70.5,0.65,0.78
Yb3Tb2,합금,2,20.47,1.9,2.03,36.74,1.75,12.51
Lu2Cd2N4Sn,화합물,4,103.58,5.3,4.26,25.33,8.33,10.97
Sc4As,화합물,2,36.26,3.3,2.79,48.31,0.42,5.6
ErTe2Gd2S2,고온,4,71.83,4.5,8.22,3.81,5.7,38.18
Sm3IrRb3,화합물,3,62.21,3.3,1.78,23.69,5.72,10.88
AsLa4TlZn3,화합물,4,38.12,2.4,7.31,7.78,14.72,2.99
NaSe2Zr2BiNb2,고온,5,89.87,4.2,3.08,9.87,8.74,93.26
NiAgTh2Y,고온,4,44.57,5.2,4.82,12.32,1.36,52.18
Co2PtCs,합금,3,75.25,2.4,3.32,80.02,14.34,6.77
In4Ca2La,합금,3,43.17,2.6,9.87,91.53,0.35,11.17
TiRu,화합물,2,23.15,5.9,2.38,37.02,11.4,9.46
RbP2ZrAl,화합물,4,58.96,4.6,8.36,23.33,14.84,3.4
Ge2Tm2Os4NU3,고온,5,123.68,3.0,3.58,8.2,12.05,28.13
Os3Se3Ru3Si2,고온,4,118.62,2.4,3.49,7.97,5.11,68.51
PbNb,화합물,2,143.73,5.7,13.47,0.96,12.55,1.01
S2Sb3W,수소화물,3,3.28,5.2,5.77,72.7,7.36,114.35
U2KPt4,화합물,3,66.57,4.3,2.6,1.95,1.48,7.99
SrZr4,합금,2,60.38,1.6,4.01,131.52,9.74,6.72
Cr2W3C3Sn4Sc2Ti2,고온,6,134.4,4.5,8.99,9.66,8.86,68.85
Sm3Sn2,합금,2,174.26,5.7,14.67,146.13,14.06,6.91
LaTb2HfSm3Ca2O2,고온,6,101.68,5.6,5.79,14.87,9.57,46.05
DyMn,수소화물,2,34.6,2.5,7.13,67.99,13.82,269.38
V3Ba2Ce2,화합물,3,100.63,1.5,5.8,36.25,4.64,0.83
Pr4Lu2Sn4,화합물,3,49.33,2.9,8.51,20.01,0.65,4.5
Tl2Os3AgEu3,화합물,4,93.86,5.3,7.27,21.59,10.4,12.92
ReNb3,화합물,2,26.38,5.3,7.0,14.41,8.34,19.94
ZnHgReTi3,화합물,4,20.86,2.0,9.53,6.15,5.35,1.91
Lu3Mg2,화합물,2,54.26,5.0,8.51,36.65,2.06,6.09
Ta2Ru3Ag2Ca2Pb3,고온,5,66.34,4.0,5.99,14.51,6.68,116.99
IrTm2YCs2,화합물,4,128.14,2.4,11.94,1.99,3.02,15.1
AlGa4U2,합금,3,170.87,5.6,5.72,145.23,0.96,6.21
Cu2SbF2Ca3,화합물,4,16.42,3.8,7.66,24.82,7.59,28.15
CTl2RuMg4Nb2B2,고온,6,133.69,4.9,8.11,8.73,7.61,69.05
AgBeGd,화합물,3,116.09,3.4,4.07,31.52,3.39,10.01
S2BeCd2As,화합물,4,155.41,4.7,11.65,8.59,6.64,16.65
Gd2Ga2Ta3RuHo3,고온,5,42.95,4.9,5.01,2.48,0.28,92.0
Ag2Nb3Pt2Co,화합물,4,16.49,6.0,11.68,42.33,10.51,8.29
K4Rb,화합물,2,133.4,4.8,7.5,8.05,2.57,6.37
Y4CdK2Nb,고온,4,92.36,4.5,3.32,13.31,3.98,135.96
Sc4Tl,합금,2,116.82,2.6,10.35,82.61,13.14,14.67
HoTa2,수소화물,2,46.23,3.7,2.71,41.86,2.42,267.03
Nd3Er2,합금,2,98.41,2.0,2.16,63.04,3.55,19.5
La,원소,1,89.04,4.0,16.31,286.66,3.25,3.52
ThNi3CaF2La2Ag2,고온,6,101.87,4.4,4.78,12.36,10.31,128.62
Ni2Ag2,합금,2,34.68,5.9,11.06,21.55,7.22,13.1
Zn4Yb2Ho3Os4,화합물,4,140.13,2.0,8.78,11.25,10.97,0.0
Be2Co3Zr2C2Gd,고온,5,116.8,5.4,3.12,8.01,3.17,56.1
Sn3GeTi4Na2O2,고온,5,59.05,3.2,3.15,10.87,13.43,94.7
GaV2Pd3,수소화물,3,16.87,3.6,4.25,64.66,6.11,277.55
Sb2Tb,화합물,2,50.31,4.5,4.69,17.06,6.95,11.38
Tb2Sb,화합물,2,125.73,5.0,4.23,45.95,2.26,10.57
FeNi,합금,2,58.69,4.9,12.58,42.11,2.1,3.78
GdLi3F3Pb4,화합물,4,127.82,3.9,11.01,41.85,14.99,12.39
MnO2AlRuN,고온,5,87.98,3.1,8.49,9.28,6.26,109.24
UDyK3Te3,화합물,4,148.23,2.6,12.36,41.02,8.43,12.64
Yb2Sr3NdEu,화합물,4,156.38,3.2,4.71,49.48,12.14,3.07
Sn2V2,화합물,2,18.42,2.3,7.81,3.04,10.09,1.04
Te2Cu3,화합물,2,143.41,1.8,2.44,41.02,11.65,17.0
Sm3CrNd3,수소화물,3,27.29,4.2,5.73,11.26,6.48,146.37
Sc2,원소,1,172.79,4.0,17.39,9.93,8.7,2.94
Ce3Er,화합물,2,41.24,4.0,3.69,18.68,10.9,17.44
TmHTa2N2,고온,4,116.29,4.4,7.3,14.4,6.8,83.41
Tl2Hf4,화합물,2,16.52,1.7,9.01,44.24,7.77,5.3
Ce,원소,1,179.25,4.0,3.49,21.7,3.85,17.52
YEu3K4,화합물,3,131.55,4.3,9.85,3.28,8.33,11.35
Er3Zn3Cd2,화합물,3,42.03,3.0,6.28,2.82,12.74,5.88
Tm3Sb4N3,합금,3,135.74,4.4,13.56,64.09,5.88,12.57
Cs2PtTh3Rb2Ni4,고온,5,59.31,5.5,6.86,11.38,12.92,46.91
RhNa2B2Si,화합물,4,119.8,1.5,8.16,47.65,3.57,2.91
Tm3Au2AlNa,고온,4,139.27,4.0,6.05,9.79,0.52,86.99
FeCdAg2Sr2H3Al,고온,6,36.85,3.6,8.38,5.18,0.94,60.85
Mg3EuCe4,화합물,3,64.86,5.3,3.61,42.73,12.01,7.46
U,원소,1,33.13,3.0,20.62,339.08,1.82,12.44
Hg2TbMn,화합물,3,46.12,1.6,12.35,28.76,4.53,14.36
TmSe2,합금,2,57.04,5.0,11.05,25.7,13.53,0.46
Eu2W3FLiS3,고온,5,121.97,4.0,4.16,12.06,2.23,123.35
TlN2,합금,2,30.11,4.9,3.92,91.92,4.03,2.63
Eu3U2NaH2,화합물,4,31.92,1.5,10.44,31.03,5.89,0.0
Ga3Ir2Li4Al2,화합물,4,44.33,3.0,7.07,33.2,10.76,3.81
SmNiLi2,합금,3,171.88,2.2,7.12,21.83,11.41,13.38
Si3Y,합금,2,124.37,6.0,15.91,57.27,14.44,6.65
P2ScSr2Er2,화합물,4,77.04,4.6,7.58,47.88,7.86,6.48
CeGa,합금,2,107.19,3.0,10.1,121.55,4.36,16.04
W4,원소,1,129.42,2.0,11.45,136.83,6.61,2.95
Ce2Tb2Ho,화합물,3,32.7,5.3,13.21,11.67,6.62,8.95
TmAl2Yb,화합물,3,57.8,3.7,13.24,42.53,7.13,8.57
Sb2Ba2Cd2,화합물,3,25.4,2.1,12.37,42.67,7.0,27.6
Al2Te3Yb2Tl2,화합물,4,126.45,5.9,4.67,20.15,8.55,12.47
Cd2NaSi3Ce,화합물,4,17.21,1.9,1.54,36.72,8.17,9.4
Li2S,화합물,2,145.78,3.4,10.92,43.44,11.95,15.32
WCs2UMg4Tb2,고온,5,121.55,1.6,8.87,5.37,12.46,110.85
Ge2,원소,1,236.02,2.0,8.4,227.5,4.86,0.0
O2In3ScAl,화합물,4,47.29,4.9,8.01,24.13,2.29,46.41
FeHRu2Be2La,고온,5,38.45,3.8,5.85,11.17,11.76,40.99
WTl4VLa4Sm4,고온,5,80.98,2.7,4.34,5.42,3.67,57.83
PCs2,합금,2,152.89,1.9,12.46,78.06,12.52,5.52
TlMo2,화합물,2,74.69,2.1,1.76,3.29,14.57,8.42
Cd2Gd2F4Pr,화합물,4,84.43,3.4,11.23,46.69,10.36,8.55
BPt2,합금,2,47.89,4.5,2.99,87.98,9.19,1.92
OVBa2Rh3,고온,4,49.55,4.3,3.09,5.31,11.42,107.57
Sm3W2,화합물,2,37.72,3.5,7.16,23.61,6.14,12.41
W3CuLi3Cr,화합물,4,111.38,4.0,6.9,29.84,9.33,1.53
HAl4Be2,합금,3,138.6,2.1,10.39,31.53,14.07,4.14
PbNd,화합물,2,58.24,3.1,2.91,40.77,14.12,20.13
Rb2F3Er2Si3,화합물,4,83.47,2.2,10.21,29.9,4.02,1.01
MoHg2Tl4SeU3,고온,5,62.06,1.7,3.66,13.33,9.38,149.88
Yb3,원소,1,188.68,3.0,19.53,373.52,1.31,2.24
Pd,원소,1,110.35,3.0,15.68,214.61,8.1,2.6
Au3LuLa,화합물,3,109.2,3.4,9.39,11.59,13.27,16.71
Dy4Tb4Al,합금,3,93.5,3.8,4.39,90.35,2.26,5.25
IrH2,화합물,2,143.02,3.6,13.03,25.52,13.15,11.16
Os2BiBeLi4Th2,고온,5,95.38,2.1,3.61,8.75,10.04,93.0
Mg4Rh,화합물,2,19.34,2.5,5.54,42.34,9.5,0.03
ThPdMoBa,고온,4,48.64,3.5,4.73,8.84,8.54,160.28
Li2,원소,1,203.68,4.0,17.21,233.99,5.47,18.37
Sb3Ho3As2,합금,3,164.36,2.6,14.27,87.49,12.41,0.81
Re4,원소,1,167.95,3.0,1.91,226.43,4.57,4.46
CoCr2,화합물,2,139.55,5.6,8.14,45.45,9.06,8.59
Ba2IrSc2Rh3,고온,4,67.27,4.9,7.59,5.84,2.37,52.94
Rb2In,합금,2,161.19,4.2,4.12,115.73,13.35,4.22
Co4ReCsSi3,화합물,4,19.68,3.3,2.28,30.25,12.78,10.71
NZn,화합물,2,89.1,2.0,4.01,22.73,13.54,43.94
Re2F4Fe2K2Pr4Ta2,고온,6,129.6,1.6,3.25,2.08,12.21,97.77
ScSnSr,합금,3,172.02,4.3,5.13,87.47,11.72,3.85
SbMn2,합금,2,71.04,1.5,15.53,39.9,7.96,7.66
Zr3,원소,1,84.05,5.0,12.31,104.78,8.67,7.98
NbNd3Sb,화합물,3,40.54,2.3,3.63,42.24,4.14,10.66
TmEr2,합금,2,167.91,2.3,9.55,124.19,3.84,11.2
TbCaPt4O,고온,4,44.42,5.9,3.86,14.33,14.96,61.66
HoH4ZrNd,화합물,4,75.75,1.8,13.49,12.75,14.57,5.59
CdAs4Al2Ba,화합물,4,99.76,4.5,9.7,27.17,9.56,10.73
Rb2CsTi2U,화합물,4,46.81,2.6,8.68,19.19,0.87,6.93
InLaTb,합금,3,86.34,2.0,15.75,44.75,6.23,8.03
ReCd2Tm,화합물,3,120.62,3.0,9.52,30.59,3.8,2.69
Sc2Ce2,수소화물,2,46.33,2.8,7.59,16.31,2.35,172.94
Lu2Rb3ZrAlB2Ca2,고온,6,89.82,4.3,8.95,2.37,6.78,86.75
Ce3Sr2Fe4Cs3CGd3,고온,6,107.59,2.2,8.58,11.54,12.34,56.9
NdMo4UYb2Bi2,고온,5,34.63,4.6,3.53,10.04,9.0,32.13
S2Ag2U,합금,3,154.28,2.4,9.33,89.78,14.7,0.0
Gd2ZnW,합금,3,162.01,1.9,13.8,94.14,10.0,0.0
Sb2,원소,1,160.2,4.0,3.46,176.59,1.42,2.68
Cr2PtRe2Ru2,화합물,4,87.12,5.5,5.49,30.37,9.16,11.38
YK2,합금,2,58.45,2.8,15.97,112.72,10.8,10.21
RbNaS3Ge,화합물,4,30.78,4.7,6.16,40.79,12.18,25.64
Os2Tl2,화합물,2,126.74,4.8,13.62,4.76,2.51,15.43
Pd4CoThHf,고온,4,55.72,1.9,6.52,11.07,12.09,66.17
Ca4Rb2FeSi4,고온,4,120.33,4.7,5.82,10.96,6.48,83.57
AuBHgNi2Ga2,고온,5,85.29,2.0,5.11,13.73,7.92,73.54
Tl2,원소,1,102.33,3.0,9.57,45.01,7.97,0.98
Sb2,원소,1,213.55,5.0,0.5,361.49,1.46,10.61
KCr,화합물,2,156.15,1.9,12.37,3.91,10.88,2.52
Pd3Ga3,화합물,2,127.85,2.8,7.64,27.77,8.09,6.45
Al3Ru2,합금,2,95.39,4.6,11.3,94.58,12.38,13.88
Ti4InSr3Eu,화합물,4,118.58,2.2,8.47,36.36,4.58,11.97
Sb2Cs,합금,2,48.42,4.6,8.89,95.65,13.02,3.69
U3Lu,화합물,2,127.62,5.9,12.88,28.2,9.43,4.06
V3Bi3Er3,화합물,3,132.02,3.6,5.13,16.11,7.32,12.95
N4Pr4Sc3,화합물,3,79.71,4.9,11.22,14.78,8.75,24.81
CdTl2Pr3Co2,화합물,4,62.22,3.8,4.87,35.53,8.72,2.04
YCeIn3Rb,화합물,4,66.75,2.9,13.21,5.53,14.84,4.5
Os4H,합금,2,36.12,4.1,4.7,24.97,5.0,3.68
OsZn3,합금,2,33.05,5.8,3.12,85.5,12.85,1.86
LiHo2,화합물,2,39.5,2.8,1.55,49.79,0.5,0.89
P2NdLuH2,고온,4,108.41,4.7,7.57,8.98,12.95,91.6
Rh2Ta2Ni2K4Dy2Bi3,고온,6,103.43,1.8,5.68,13.12,10.04,88.94
Ho4Ir2,화합물,2,141.41,4.1,5.84,48.61,3.79,12.2
Pb3KBa,합금,3,63.09,2.2,2.12,24.59,0.53,5.14
Ga2Pt2Ta3,화합물,3,29.36,2.8,6.42,20.64,13.6,5.94
FeF3Nb,화합물,3,79.65,1.6,13.75,4.13,7.89,17.01
Lu3Pb3Sn,화합물,3,43.16,5.1,10.4,44.63,4.34,9.19
FPr3TiOs,화합물,4,78.87,3.1,8.07,5.45,7.66,11.96
In2TmSn2N2,화합물,4,96.71,3.1,6.19,0.62,0.54,3.52
ThPt2WBa,화합물,4,133.46,4.2,2.9,48.21,1.9,9.98
PbCsMn2,화합물,3,128.91,1.8,13.03,32.71,11.86,3.38
SiCsPr2,합금,3,145.23,1.9,3.26,56.09,6.54,1.72
N2Cu3Er2Ag3Pr,고온,5,136.95,2.3,4.7,9.83,9.51,137.81
Co4Tl2,합금,2,89.87,2.5,4.26,16.55,12.46,5.77
F2,원소,1,198.39,3.0,8.18,246.02,3.4,0.0
Au3Dy3N2,수소화물,3,31.93,3.1,2.82,37.52,1.89,110.68
LuU,수소화물,2,59.18,1.9,4.26,11.99,4.23,133.21
Se3,원소,1,206.42,5.0,15.63,358.08,5.81,0.96
SnRbLi,화합물,3,19.66,3.4,5.57,12.37,6.2,7.69
RhZr,합금,2,149.58,3.2,9.06,24.36,3.9,6.21
C2Pd2Li2,화합물,3,131.6,1.5,13.81,17.92,12.84,12.02
Ag3CYLaBa3K,고온,6,109.05,2.3,4.08,3.32,9.08,83.54
BaPr3Hg4,수소화물,3,1.92,3.7,4.22,25.47,2.51,148.43
Ca3Li3AgAs3,화합물,4,38.93,3.4,13.84,11.91,14.1,23.25
Bi3In4,화합물,2,117.47,3.4,7.19,44.4,6.72,2.77
AuTlCe2,화합물,3,27.56,3.3,3.95,37.77,7.01,4.05
ScSm2Y3,화합물,3,110.01,1.5,7.32,27.2,8.68,0.62
Ni2LaSn2Bi2CaRe2,고온,6,52.38,4.8,7.34,13.94,8.9,38.9
Sb2PtSm2Re2Zn2Y3,고온,6,55.25,3.5,3.33,10.44,7.5,146.28
AlSbTh,화합물,3,102.81,3.6,6.01,19.19,6.06,15.45
WBa4Au,화합물,3,110.58,5.9,2.33,19.45,10.66,12.46
TeSr2,화합물,2,95.33,5.8,4.51,4.28,10.81,16.14
Cd2,원소,1,23.8,5.0,8.83,108.72,5.32,8.56
BeSbCoNaCr,고온,5,35.2,2.8,8.75,12.73,10.4,79.01
MnGe3Ti,화합물,3,157.97,1.9,7.75,9.03,1.85,10.21
GdHgV,화합물,3,132.85,3.9,11.42,29.62,8.62,6.16
Ni2Sn2Cr2Zn2,화합물,4,67.2,3.8,1.89,3.44,9.51,40.07
PbTl2Th3ScLu2,고온,5,55.47,2.8,4.72,14.8,3.68,56.27
OsNb3,합금,2,45.6,1.7,7.89,90.75,9.66,8.49
Gd2Sr2YbPb,고온,4,32.29,2.4,8.39,10.65,14.47,41.04
MgHo3LuLa3Tb2,고온,5,65.19,2.1,7.36,6.06,10.77,160.7
In2Hf2Pd3O2,고온,4,95.84,5.7,7.04,5.09,12.89,169.65
In2Be2La2S3,화합물,4,120.52,3.1,5.54,18.22,9.44,3.98
K2Li2Th3,합금,3,61.54,4.6,7.72,112.88,10.11,6.04
SeBa3,화합물,2,57.24,2.8,7.16,29.58,12.2,20.59
NiDy3CoGe4,화합물,4,127.18,5.4,9.38,47.58,10.36,11.3
Er2Tl4Ti3,합금,3,110.15,4.1,6.64,83.34,1.58,8.22
CoSm3,화합물,2,131.6,5.6,10.35,10.0,7.21,30.62
IrMo4Mn3,화합물,3,99.17,2.0,3.54,39.25,0.35,8.21
GdPr2Nd4Be2Eu2Ta4,고온,6,61.41,5.9,6.81,6.52,13.24,54.49
Hf,원소,1,121.29,3.0,16.32,56.04,0.74,2.12
Zr3O4Gd2Mn3,화합물,4,70.88,5.9,9.14,17.21,5.98,8.67
TiHgPbV2,고온,4,133.14,2.1,4.09,9.47,14.71,86.01
Ti2Y2CrSiBeAg3,고온,6,127.34,4.1,6.57,1.0,3.1,61.97
OsMo2TeBi4Y4Ir,고온,6,55.81,3.7,4.82,4.02,5.33,111.23
SiIr,화합물,2,26.6,5.9,12.9,7.5,10.43,5.64
Ga3WLu2OTm4Al4,고온,6,38.1,5.8,5.86,10.69,9.46,125.75
Ca3UP3Rb2,화합물,4,143.16,3.7,12.0,27.37,13.09,10.19
MgNiAg,화합물,3,133.19,4.7,4.9,45.79,3.75,11.19
Pb,원소,1,208.36,5.0,14.18,90.28,7.59,15.42
N,원소,1,225.3,5.0,13.11,107.68,9.43,5.76
Y2Er,합금,2,24.61,5.6,6.87,90.91,9.42,7.55
Y3H3Ca,합금,3,98.01,2.6,15.58,44.03,13.18,4.7
InGa2,합금,2,86.65,1.9,15.51,30.42,6.71,6.83
CrNi3V,합금,3,29.3,2.2,12.16,13.31,5.54,6.98
F,원소,1,150.14,3.0,1.07,238.3,3.76,0.0
Ta2Re3AuU4SbNa,고온,6,85.29,2.0,8.28,6.71,5.8,161.92
Sc,원소,1,46.67,3.0,1.36,380.61,2.49,4.23
GeTh2Al3Lu,고온,4,62.16,3.2,4.95,8.82,14.95,47.81
Pr3La3,합금,2,135.67,2.9,12.3,17.48,1.45,6.4
Hg3W2HfY2,고온,4,65.78,3.5,7.45,3.03,2.33,137.24
ErGaGd2Tm,고온,4,89.46,4.7,8.55,8.23,14.52,77.04
Nb2CuBi,화합물,3,58.2,3.4,3.87,14.71,5.75,0.84
CeAlCa2Se2,화합물,4,33.04,1.7,6.64,15.49,6.02,1.3
Nd,원소,1,43.22,4.0,0.62,131.82,1.48,1.02
Te3VMg,수소화물,3,53.44,2.2,7.97,42.56,4.77,170.69
La2GeCa3Zr,고온,4,70.07,1.5,8.51,4.66,2.61,73.17
HfPd2Pr2B2ZrTm,고온,6,34.74,5.4,6.45,2.59,14.65,35.51
ThPt,화합물,2,93.53,3.1,5.56,29.1,3.35,9.03
Cr3GaSi2,화합물,3,80.06,5.0,6.05,24.87,1.0,9.27
F4O4Os2TmRuRh,고온,6,84.53,2.6,3.02,10.34,13.48,43.07
Zn2RbN2Ti4,화합물,4,40.36,3.8,4.21,44.61,0.27,13.56
DyRb,화합물,2,15.92,3.5,13.2,19.57,2.69,7.99
TmPtC,합금,3,78.78,2.7,5.18,60.96,7.0,1.71
AsMg2C3Be2Pd2,고온,5,65.3,3.6,3.07,5.52,9.27,62.51
Sm2Bi2,합금,2,30.76,1.5,11.18,10.17,7.04,0.47
HfGe2,합금,2,115.91,5.5,13.03,130.27,14.99,10.96
Er2Pr2,화합물,2,146.54,1.8,10.1,41.67,13.61,6.76
Ga4BU2Tl2Cd3Th2,고온,6,119.29,5.6,3.58,3.32,11.08,70.58
Ce2Na3Li3,화합물,3,157.83,4.2,13.47,17.95,10.42,32.6
OGd2,합금,2,37.46,3.5,4.03,52.22,2.54,19.21
Zn,원소,1,115.03,5.0,21.49,359.81,7.67,0.0
TaPdH4Pr4Al2,고온,5,53.56,5.1,6.77,7.34,6.15,115.95
CaBi4,수소화물,2,57.41,2.9,7.92,57.61,12.44,152.13
MgCdNPd2,고온,4,125.23,4.6,4.1,12.69,5.3,95.43
Ta2In3W2Nb3,화합물,4,61.2,3.4,13.26,11.62,3.38,7.86
PSb2RbS2Y3Cs3,고온,6,125.25,5.9,8.33,10.89,7.17,159.14
Cd3Bi,화합물,2,42.18,4.4,4.75,26.16,2.16,7.63
As4Zr3B,화합물,3,35.73,3.8,12.39,32.19,13.7,7.29
VU2,화합물,2,154.22,3.3,6.15,47.82,4.0,11.41
Eu3SNa2,화합물,3,137.86,2.1,13.46,23.91,5.54,18.9
Sb4Pd3Os3Mn2BeTe2,고온,6,91.37,3.5,8.18,5.63,0.52,81.6
Fe3NiMn3Mg3,화합물,4,142.32,3.6,10.62,21.35,4.95,6.16
LuYb3W,화합물,3,141.13,3.5,9.92,19.23,2.44,14.72
RhBa4,합금,2,32.31,6.0,4.43,15.99,2.83,7.62
Tl,원소,1,91.89,3.0,6.16,94.39,9.8,0.0
Si2GdThHg3,화합물,4,91.9,1.9,10.12,40.75,3.5,22.79
MoO,합금,2,171.82,3.5,3.29,112.07,14.09,4.4
P3Tl,합금,2,178.03,3.5,13.39,148.62,3.79,12.52
Tm2Ag3Na3,화합물,3,64.66,5.3,13.91,9.08,0.79,7.79
Cs4Ga4,화합물,2,58.47,2.6,12.13,31.36,6.1,5.83
MnInHg2MgNaBe2,고온,6,80.61,5.3,5.84,3.27,11.04,167.96
Ho3MgV2,화합물,3,62.41,5.0,10.26,37.64,0.84,6.52
Dy4Ho2MgY,고온,4,70.83,3.5,8.02,7.14,14.52,134.62
LiP4Te3Ho3,고온,4,103.34,3.0,7.84,8.06,1.97,61.87
Th2As2IrK2,고온,4,61.51,5.4,4.5,7.82,4.46,65.32
ScTmRe2Cd,화합물,4,84.11,1.6,10.05,17.62,7.23,2.67
Pb4InBaCs,화합물,4,136.52,5.5,7.77,20.91,4.91,5.77
Rh2CsSr,수소화물,3,57.49,3.4,4.78,23.48,1.73,120.58
Ag2CsNb,합금,3,94.78,4.2,12.47,75.24,10.16,4.18
CdRe,합금,2,47.31,3.0,9.07,96.93,9.5,0.74
MgRhSc2,화합물,3,91.93,2.5,10.19,18.74,6.7,4.67
Th,원소,1,47.22,4.0,21.66,6.83,9.88,2.17
IrZn4,수소화물,2,19.97,5.6,3.15,39.37,10.94,177.11
BiFe3,화합물,2,131.47,2.8,13.98,4.23,13.86,41.47
Ho2LaO3,화합물,3,103.84,3.3,13.4,13.88,11.99,43.19
F2Au,화합물,2,10.92,4.3,9.84,39.88,6.76,6.13
Sc2Be3,화합물,2,132.97,5.4,13.27,42.08,12.18,6.81
Ga,원소,1,127.62,2.0,9.67,382.53,4.79,0.16
Na3Os2,화합물,2,138.21,2.7,10.78,32.05,14.08,3.67
SZn3,화합물,2,120.74,2.1,8.6,27.18,14.8,19.32
Ni2Ag2Yb4V2,화합물,4,116.4,3.1,5.84,49.62,12.46,8.7
RbZnS3HgH2Ho,고온,6,107.12,4.8,3.31,5.47,10.86,89.83
Lu3Rh2Sn3,합금,3,153.69,2.2,7.15,83.97,9.59,0.0
VPb3Au,합금,3,137.6,5.4,2.3,25.92,8.14,2.3
Os2La2C3,합금,3,72.69,3.0,9.06,142.59,8.05,32.52
Se2Mo4C,화합물,3,96.34,4.4,3.28,24.81,6.11,6.31
Nd3S2Li2Ho4,고온,4,102.67,3.1,6.29,1.72,4.33,86.61
Cd2Tm2HfIn2,고온,4,89.5,1.7,5.13,5.48,13.97,70.87
AsLu2Cd,화합물,3,139.07,2.7,12.0,36.29,2.27,6.26
SmY,화합물,2,100.92,1.7,7.27,9.69,12.02,3.32
NbOsHg,화합물,3,21.9,4.4,1.71,32.82,12.06,20.48
Sc2Pd2,합금,2,56.34,4.1,10.11,45.24,8.36,5.59
AlEu,합금,2,141.57,2.6,12.59,110.28,12.28,3.04
Rb4Tb2,수소화물,2,55.44,5.2,4.72,76.07,3.65,268.34
O2TbU2,화합물,3,105.21,3.2,4.75,17.34,7.85,7.54
PrFHo,수소화물,3,13.42,3.7,6.93,60.87,11.53,210.7
La2OsLu,화합물,3,85.71,5.0,6.68,12.89,4.02,13.42
SbAg2,화합물,2,34.84,3.6,5.18,36.41,9.69,11.69
Ge2Ni2,합금,2,120.17,5.3,15.32,125.82,3.9,4.16
Ho2Os4,합금,2,48.54,5.0,12.54,72.04,11.75,6.63
Li2Ta3Fe2La,화합물,4,114.83,4.0,2.95,2.35,2.85,4.92
W3H4Ag2,화합물,3,10.25,3.9,2.96,25.93,12.44,18.18
Cs4Pb2,합금,2,152.38,4.8,7.25,96.05,7.28,10.76
Dy3Ta2,합금,2,178.12,4.4,9.32,109.14,15.0,8.94
Hf2,원소,1,170.11,2.0,17.53,83.91,7.05,3.81
Co2Eu3As4Zn2,화합물,4,122.0,3.0,5.13,6.34,7.1,10.12
La4Pb2,화합물,2,65.05,1.9,13.35,39.4,13.36,6.47
Cd2Te2,합금,2,155.18,4.1,11.25,148.76,12.12,1.8
GdSr2,합금,2,156.86,4.5,15.15,55.44,2.68,19.64
LuAs3Rh2,합금,3,77.35,5.0,6.79,40.65,12.77,3.67
AuIr4,화합물,2,132.01,2.5,13.4,47.56,11.68,17.95
Sm2Co3Sc,합금,3,143.14,2.4,3.77,45.01,13.52,0.0
EuV3Tm4O3,고온,4,73.46,4.6,5.28,1.17,10.18,59.07
Lu,원소,1,12.7,3.0,18.99,261.11,8.44,1.85
TlW2,합금,2,21.55,4.1,7.96,44.78,8.07,6.89
H2Pb2Zn3Cu2,고온,4,115.89,2.9,5.24,2.95,7.36,109.96
Tm3B4,화합물,2,57.95,4.6,5.27,11.49,5.71,6.99
Pb3,원소,1,155.45,5.0,16.87,258.24,7.62,8.47
ScZnUP,고온,4,136.99,3.8,3.93,8.04,8.16,157.99
TbCaTe,화합물,3,153.48,2.4,9.93,18.68,3.92,12.58
Sn3Mn4Ge4NiU2Ta,고온,6,55.33,1.6,8.68,11.42,3.81,96.02
PrSi2Hg3,화합물,3,46.22,4.7,4.7,39.63,1.8,22.69
Fe2S2F4U,화합물,4,159.14,6.0,11.6,43.94,1.7,15.35
Lu2Ru,수소화물,2,35.38,2.2,3.18,22.05,8.43,135.92
GeBe2P,합금,3,21.27,3.1,3.14,13.13,3.33,3.61
PdCu,화합물,2,120.39,5.7,5.83,8.4,10.42,9.3
TiOs3,화합물,2,35.19,3.1,13.36,18.07,5.93,12.08
Er2,원소,1,183.33,3.0,16.88,331.99,3.47,3.6
Mo2,원소,1,96.48,5.0,8.71,140.09,9.65,5.76
Ce4RePr2,합금,3,105.28,3.7,12.99,120.23,3.29,2.86
Nb4Er3PtCe4,화합물,4,100.09,5.6,11.77,29.42,1.02,32.92
Ag2Fe3Ca3Au4,화합물,4,74.23,2.7,7.48,38.98,12.21,11.84
SeTeLa4,화합물,3,131.51,4.2,12.05,35.83,13.74,3.66
Er2,원소,1,27.26,1.0,10.04,59.79,7.03,1.25
Tm2KCu2As3,화합물,4,87.37,3.9,13.45,45.15,9.46,6.75
TlPd3CrYbV4Nd2,고온,6,65.26,3.2,3.56,14.72,8.22,74.25
Hg2V3Sc2Ni3,화합물,4,137.96,2.2,6.08,17.44,0.69,4.51
SnAu,화합물,2,78.48,6.0,6.25,10.2,8.85,8.37
P2GaPtNb2K,고온,5,124.94,5.2,3.52,4.43,1.62,145.71
Re2Dy2Fe2Pr2MnCa,고온,6,56.24,5.7,6.42,9.04,12.93,56.23
Tl2Na2In,화합물,3,91.46,5.9,9.45,37.33,10.76,18.79
TaHfReSc,고온,4,79.18,5.7,3.62,10.52,4.8,136.86
C3MgAg3Y2,화합물,4,67.44,4.2,8.91,11.41,0.76,5.8
Ho2As2AgC,고온,4,121.76,2.5,4.28,14.98,12.91,38.1
Nb2ZnAg3,합금,3,155.12,2.6,12.45,108.05,4.46,0.0
SmZrK3S3,화합물,4,153.26,2.4,5.71,27.95,6.92,10.3
Rh3,원소,1,128.74,3.0,1.0,293.39,1.57,3.02
Gd3TmMgNd2CsNb3,고온,6,97.25,2.6,7.13,12.72,5.34,107.63
Ti4Dy2Sm,화합물,3,36.53,4.5,10.87,9.99,3.96,6.86
AsGd,합금,2,103.98,3.8,10.33,68.01,10.88,5.18
Mo2Ba,합금,2,78.87,3.7,6.2,27.91,5.39,3.17
P2O2LiCe2,고온,4,96.46,1.8,6.72,3.45,10.47,56.94
Pt3UIr2PbRh2Mo2,고온,6,89.81,2.6,6.97,4.49,6.01,132.24
Th2Sc4Na2,화합물,3,19.37,3.7,7.35,15.65,9.43,6.11
Sc3As3Yb4,화합물,3,64.23,5.0,4.28,12.61,9.63,22.13
CoNb,화합물,2,88.57,1.7,13.74,41.51,9.66,6.06
Pd2BeGa,화합물,3,78.44,3.8,13.71,18.56,4.19,12.82
B2Ti2URe,고온,4,63.36,3.8,8.09,8.3,11.58,88.45
Bi3K4B,합금,3,148.85,2.1,13.55,70.9,0.76,13.17
Pb2KRb2Si,화합물,4,78.63,4.0,3.33,21.36,1.71,7.39
OsP2Ce2,화합물,3,14.14,2.3,6.98,6.78,14.59,9.39
InCuB,화합물,3,94.3,4.2,4.56,0.54,2.66,14.66
InIr3Ta3,화합물,3,120.52,3.7,12.69,43.18,12.31,9.98
LaAgLu2C,화합물,4,40.62,3.0,4.61,2.46,11.0,11.43
In3Cd,합금,2,178.04,2.4,6.16,22.33,9.87,3.68
K2Ca2Pt,화합물,3,74.74,5.5,3.41,44.84,4.04,6.21
Dy3Nd4,합금,2,102.39,4.5,11.25,61.66,2.64,6.96
CdGa2,합금,2,103.69,2.2,3.36,114.35,4.44,11.43
Pd4,원소,1,22.33,3.0,21.27,299.64,8.49,0.0
Yb2Ni4Sr2CoBa,고온,5,134.97,3.0,3.51,5.42,6.47,154.65
Al3DyGa,화합물,3,158.48,4.4,1.53,10.67,4.3,15.64
MnEu2,화합물,2,81.64,3.9,12.62,15.42,3.68,5.44
Cs2Pr,화합물,2,154.36,3.4,8.23,2.02,3.02,3.78
Pd4Mn,화합물,2,23.12,1.6,8.63,9.47,12.52,3.48
Nb2Nd3,화합물,2,135.5,1.5,9.37,49.4,14.48,9.19
PrScRh2,화합물,3,97.17,5.0,10.19,36.5,9.86,6.65
B2Mn,화합물,2,153.34,5.2,2.76,49.25,6.11,4.2
Ga3Al2SiLu2,화합물,4,107.25,5.1,10.24,31.32,14.22,7.16
W3EuTh2F,화합물,4,112.89,4.3,4.64,44.2,7.86,30.99
O4Mg3Se2SrSn2Ba,고온,6,59.98,5.8,7.59,8.18,8.33,136.39
Sc3SiUBe,고온,4,63.47,2.3,4.97,6.86,9.79,60.51
V3Fe3P,합금,3,45.94,4.3,10.72,64.36,2.87,11.76
CHgO,합금,3,86.21,4.8,12.6,141.92,1.49,7.09
SbUMg2,화합물,3,118.41,4.3,4.46,19.0,2.22,1.77
Mg3CrGe2,화합물,3,61.22,4.7,12.64,11.09,0.5,9.43
La2,원소,1,214.53,3.0,1.76,234.74,8.73,0.0
WTm2Pb3Cr2S2,고온,5,30.73,4.1,8.75,13.46,6.55,123.24
Cu2Mg4,합금,2,60.8,2.1,12.37,43.55,8.98,2.14
Mg2MnHo2Ru3Si2,고온,5,32.82,1.9,7.41,1.08,0.92,74.71
DyTb4Rh3Cr,화합물,4,107.49,3.6,8.55,36.26,3.03,7.39
RhGe3Au4F2Te,고온,5,109.55,5.8,6.78,1.97,7.95,143.49
Mo2Se2,합금,2,82.21,3.1,9.36,82.49,4.29,2.57
Gd2Hf4Ho3,합금,3,76.77,1.5,14.56,15.9,11.2,19.41
SrEuOs2,화합물,3,90.52,5.2,5.47,40.95,8.43,15.32
TlSPr2,합금,3,62.03,4.5,5.98,91.43,5.86,7.02
Cu2Dy4MoLi3,화합물,4,120.06,4.7,2.98,7.13,9.23,24.81
HgTb,화합물,2,27.92,4.9,6.27,37.95,8.49,11.32
LuUO,합금,3,42.04,2.5,3.98,26.61,5.77,2.69
Ru2Cd,합금,2,103.63,3.8,15.66,120.74,1.66,5.9
Rh2Yb2Li2Zr3,고온,4,73.34,3.4,4.41,9.26,14.1,79.46
TbCoIn,합금,3,109.39,3.0,13.49,94.16,0.19,21.0
Cu3,원소,1,191.8,2.0,12.76,303.04,9.05,1.74
U2Ca2Eu3,화합물,3,53.45,6.0,9.91,32.69,8.06,27.26
V3As3,수소화물,2,28.56,5.5,1.13,14.46,11.68,185.88
In2RbSi,화합물,3,43.03,2.2,6.36,37.28,13.98,15.23
Th4Hf,합금,2,94.13,4.5,7.29,75.3,6.91,9.83
Th2Ni3Gd3Na,화합물,4,81.33,2.4,3.34,34.11,9.61,3.91
VTmMn2Zr3Be2Mg2,고온,6,80.66,2.0,5.47,9.41,5.92,92.51
TaBeYbGa2Hf2K4,고온,6,51.72,6.0,6.07,13.24,12.55,56.25
Y2AsU4Si,화합물,4,126.63,5.5,10.97,38.72,5.8,4.22
Ta2Ce2Ho,화합물,3,23.31,4.4,1.85,37.07,5.37,21.52
Tl2Rh3,화합물,2,81.83,3.7,4.81,2.32,7.33,14.89
Mg3Ti3Sn2,합금,3,75.09,4.3,15.76,137.88,1.25,8.64
CsNd4S,화합물,3,148.66,4.1,9.77,23.83,10.28,7.23
B2C2CsNi2,화합물,4,45.06,2.8,1.72,7.93,6.78,10.27
GdTm,수소화물,2,58.32,5.5,2.13,30.21,7.07,212.04
Ir2Y3,합금,2,166.98,5.5,2.44,97.57,4.56,11.0
P,원소,1,212.61,5.0,8.94,282.19,8.06,4.81
Mn3S2H2,화합물,3,113.47,2.6,13.98,47.53,3.22,16.78
CaLa3Nd,화합물,3,106.88,5.6,4.43,38.81,12.58,11.05
SiCe2Ca2Ir2Bi,고온,5,50.98,5.7,7.72,5.56,14.29,152.86
SNaYb3,합금,3,33.37,3.2,5.03,107.37,2.89,7.12
InSe2,합금,2,136.9,3.5,4.41,78.58,8.15,10.47
ErGd2Mn3,화합물,3,145.1,3.2,10.2,38.81,1.73,1.3
GeHf,화합물,2,57.65,4.9,6.1,33.24,14.47,4.98
Mg3Tm4SrGd2Ba4,고온,5,51.94,3.7,7.63,1.8,4.9,141.24
Nd2Hf2Er3Zr3,화합물,4,55.17,3.9,13.49,5.94,12.64,14.12
Mn3Tb2Ca4Lu3GaYb3,고온,6,64.55,4.7,6.23,6.96,0.54,133.19
S2Yb2Pb2Zn3,화합물,4,125.17,4.7,10.84,33.47,11.17,13.89
C2Tm3GdN3Cr2Mn,고온,6,36.87,3.0,7.66,11.59,9.8,120.34
Tm2HgYbLa4,화합물,4,94.72,1.8,6.57,45.14,6.46,4.81
ScGd2RuHo2Hg3Na2,고온,6,54.82,5.5,7.23,3.57,9.85,158.67
CsGa4,합금,2,135.25,1.7,9.56,22.1,0.18,3.4
Fe2Cr3Co4,화합물,3,40.02,1.7,10.46,46.35,3.7,0.0
Hg2N3La3,합금,3,126.78,5.7,13.73,48.69,10.72,6.72
Cu2Er3S4,화합물,3,49.08,4.0,13.01,18.96,14.75,16.97
Sm4Pb,화합물,2,157.97,3.8,8.38,9.63,3.98,6.8
W3Cr3,합금,2,43.92,3.8,7.07,66.76,13.11,7.87
PbSm,수소화물,2,45.47,2.4,5.94,52.3,6.64,145.87
Hg3Pd2,합금,2,62.15,2.1,12.99,108.14,6.93,1.32
Au2Sb3V2Ir,고온,4,88.4,5.7,8.65,12.85,3.83,56.6
N3Ru,수소화물,2,30.6,5.8,5.02,26.49,4.07,199.1
Pb2,원소,1,205.01,4.0,2.84,241.31,3.45,2.2
Nd3Pt2,화합물,2,156.01,4.3,12.56,26.89,13.59,6.88
Co4Te3,합금,2,43.91,5.8,6.35,5.67,6.37,10.85
Cr,원소,1,183.69,5.0,15.58,343.61,3.99,10.22
Sn2Sm4,화합물,2,150.5,4.8,4.58,30.0,4.27,4.43
Th3BCoGa2,고온,4,120.43,2.2,3.3,9.14,11.83,73.54
Th2,원소,1,156.5,3.0,15.77,130.8,4.44,8.1
V2Hg3Eu3O3,화합물,4,92.46,5.4,13.09,5.87,0.9,9.53
Y2Sc2Mn2,화합물,3,64.37,2.7,4.04,30.93,10.31,1.91
Mn3AgDy2Cs4,고온,4,53.15,4.1,8.47,7.53,3.46,51.56
OsSe3Hf2,합금,3,57.77,5.8,8.77,11.48,3.77,10.23
AgS3,화합물,2,43.66,1.5,4.73,32.87,3.59,0.0
Sr2B2,화합물,2,77.62,2.5,1.79,35.66,10.2,4.74
Se3Rh2,화합물,2,125.92,3.5,13.83,49.95,2.51,10.0
InPrTb2Fe2O2,고온,5,123.81,5.4,7.95,5.86,12.29,161.29
Ta2Sr2Tm2N3,고온,4,57.77,4.3,3.23,4.32,13.98,119.12
N4,원소,1,54.43,3.0,19.77,92.94,2.93,1.16
Dy2Ag,화합물,2,135.39,3.5,6.27,4.75,11.72,0.0
V3H3,화합물,2,129.55,2.8,12.93,32.12,9.25,3.25
AgTe2ScBa3,화합물,4,122.32,5.3,2.41,16.45,2.16,9.99
KYbCsS3,화합물,4,97.37,5.6,6.05,29.77,10.38,14.01
Bi2H4,화합물,2,126.09,5.6,3.42,0.98,0.47,4.6
Eu3Tb2YbCo2,화합물,4,100.94,3.0,11.7,17.75,5.39,22.33
PtO2,수소화물,2,9.28,2.0,1.81,76.02,6.62,148.95
Re4Se3,합금,2,46.53,3.6,12.39,92.43,5.2,10.58
Y2Pt2B3Rb,고온,4,121.79,3.1,3.7,2.93,4.89,85.81
PdHf4As2Cd2,화합물,4,157.76,5.3,2.08,46.72,9.98,4.02
Sc2Tl3Se2Tb3,화합물,4,82.85,4.1,13.7,1.91,12.9,8.45
CoSePGd3Lu,고온,5,127.19,4.7,6.58,6.2,1.35,59.65
FeTb4Pt2,화합물,3,99.22,2.2,13.4,45.27,14.3,11.15
HTa2Pb3,화합물,3,80.78,5.8,9.19,15.64,11.79,10.25
Zn2Re3Te2,화합물,3,142.61,5.9,13.78,11.4,9.06,10.72
PbZrPdNd2,화합물,4,109.02,2.8,2.44,46.28,3.66,9.16
Cr3Yb2Ni4Ta4S3Ge,고온,6,122.43,3.4,3.71,8.37,6.06,56.16
SW3Si3Cu3,고온,4,49.68,5.4,6.88,3.83,2.87,127.87
GaTiAl3,합금,3,175.56,1.7,6.3,37.0,11.12,3.34
Sb2Mo4Zr,합금,3,153.99,2.4,7.8,7.05,12.69,5.98
Al2Au2,화합물,2,138.37,5.3,6.23,36.68,1.67,9.47
Dy2Tb4Ga3,합금,3,32.73,4.4,4.82,95.79,14.86,6.01
V3OsSm3W4,화합물,4,28.31,4.3,12.03,42.7,2.93,5.87
AgW,합금,2,153.99,4.0,4.76,67.77,14.29,7.54
RuAu3F2W2,화합물,4,17.67,6.0,11.94,22.99,8.09,7.58
Sb2,원소,1,35.03,4.0,1.53,207.72,2.45,3.75
Be2AsSr3,화합물,3,158.82,2.4,1.79,15.72,14.83,5.12
ThIn3,화합물,2,115.56,3.4,7.2,8.8,10.08,5.03
La3Ir3V,화합물,3,126.82,2.4,2.48,48.52,4.03,1.73
MnRu4,수소화물,2,20.72,3.0,3.01,11.92,11.57,147.85
OsTe2RuFe3,고온,4,123.8,5.5,4.83,7.39,12.58,86.46
SbZn3Au3Ti2,화합물,4,73.89,5.8,12.3,0.72,1.31,9.25
Tm,원소,1,128.72,5.0,13.78,366.45,9.85,12.09
Re3RuCsF3,고온,4,84.05,3.1,7.3,1.17,11.48,56.49
Y3Ba2NbHfTmCo,고온,6,134.23,4.4,8.68,8.02,12.43,146.32
Tl3Ag3OsMnB,고온,5,106.21,4.7,3.51,2.17,0.26,109.13
MoBi3,합금,2,22.69,4.8,6.66,11.55,4.83,2.62
Ce2Dy3,수소화물,2,35.62,1.7,2.56,31.39,10.65,181.46
Si2YAs3,합금,3,179.27,4.6,8.07,80.34,8.89,17.1
Si3Zr2S3,화합물,3,131.19,1.5,5.98,49.11,6.74,0.0
NiLi3Ta2Zn2,고온,4,105.2,3.1,6.01,2.42,13.8,122.45
O4Al2Sc3,합금,3,60.57,5.7,6.33,73.9,1.46,5.14
RbMgLa3Dy4ReBe3,고온,6,125.05,5.6,4.86,11.42,2.38,160.74
Pb4Ca,화합물,2,150.42,3.9,8.75,44.18,9.85,4.3
Nb2ThTa2,수소화물,3,33.73,2.6,4.5,29.43,3.86,127.43
Sc3Ga,화합물,2,86.38,3.9,8.38,31.1,9.74,14.03
SrCs3Hf3,수소화물,3,59.47,2.4,7.73,24.69,7.17,187.7
Zr2,원소,1,106.3,3.0,21.77,366.15,2.61,7.3
Ni2AlHf,화합물,3,52.06,5.0,5.47,22.88,0.45,13.09
VTm3,화합물,2,136.14,3.0,12.98,7.9,11.91,5.89
Lu3C3Ce2,화합물,3,69.99,5.1,2.71,28.01,3.8,12.5
Hf2Sm4Ga3,합금,3,129.3,4.9,7.06,65.62,12.12,38.39
Hg2Sm2U,화합물,3,93.74,5.6,9.48,6.69,10.58,4.95
ULi,합금,2,137.63,4.8,13.58,59.33,7.74,6.74
SnN3,화합물,2,16.6,4.2,12.53,23.3,3.39,3.24
CdMoV,합금,3,153.91,4.6,13.64,124.28,0.94,6.53
Ta2Ho2,수소화물,2,41.14,2.8,5.29,58.23,7.08,184.09
Th2,원소,1,166.59,4.0,13.18,8.63,7.3,0.0
W2Ru3Si2,합금,3,173.94,2.0,7.33,79.11,10.05,2.46
OAsGa3,합금,3,134.73,4.6,5.53,46.6,7.94,2.63
F2Mn4,화합물,2,58.79,4.3,2.29,7.59,14.21,3.56
B3S3Mn,합금,3,151.31,5.1,3.67,106.8,5.8,7.44
CrBe2ThLa,화합물,4,105.15,1.8,11.94,22.16,10.57,40.7
Os2YbCsCoMo3Au,고온,6,69.83,2.2,4.39,13.44,0.94,88.64
Th2Se3,화합물,2,93.55,3.8,3.76,28.85,5.84,7.19
Mn3Sb4,화합물,2,123.22,4.8,8.51,24.21,0.35,4.94
Er2Sb2Th3,합금,3,35.04,1.9,5.69,115.47,4.9,8.06
HMn3Er2,화합물,3,18.69,2.8,10.83,37.46,9.2,24.22
CsSn2,합금,2,77.9,5.9,11.46,104.54,8.5,7.62
PtCoRhSm3Hf2,고온,5,82.52,4.2,4.99,1.63,14.79,75.94
Zn3H2Ho2,합금,3,114.29,4.1,3.88,12.66,12.35,3.47
Ho2Y3BeIn,화합물,4,39.22,1.9,10.06,17.01,6.41,6.69
CoCu2Se2,화합물,3,19.37,5.9,12.72,33.78,7.78,13.0
TbNb4CeRb2,고온,4,49.69,4.7,4.9,5.5,10.02,72.85
RuN2Ho,합금,3,136.82,4.8,4.27,119.78,1.95,4.12
Cr3TbW,화합물,3,111.81,6.0,8.25,10.84,5.1,15.98
Tb2As2Pr2,합금,3,83.27,5.1,7.47,23.77,7.33,26.08
Nd2O,화합물,2,53.49,1.7,1.91,23.86,12.06,2.52
FeC3Tm3La4Mo4Ce3,고온,6,137.53,4.7,6.56,5.79,0.76,160.97
Dy2Ta2Gd2,화합물,3,63.88,4.3,13.33,47.04,4.59,22.01
PbK4,화합물,2,14.13,3.5,11.2,7.72,2.56,9.58
SbLaZn3SmAuFe2,고온,6,54.16,1.7,6.46,14.84,6.34,106.02
Ir2Co3,화합물,2,73.67,4.0,1.59,23.54,10.42,16.62
F4Ca2B2,화합물,3,26.21,2.2,13.01,10.83,13.69,17.6
GdZrO2,화합물,3,25.81,3.7,8.49,2.12,9.53,17.65
NbAl2Nd,화합물,3,41.35,2.1,2.86,20.16,6.09,0.0
TbLi3,합금,2,154.07,5.1,2.69,62.16,3.06,17.17
Hf3Rh3Be2AsSb3,고온,5,81.82,2.6,4.36,3.85,7.77,92.8
Ho2Rh,화합물,2,109.25,2.2,1.99,45.51,1.23,5.0
Cr2,원소,1,137.29,3.0,9.45,37.93,6.93,2.94
SeHo2Mo2Cs3Os2U,고온,6,128.15,2.5,3.76,13.03,2.96,159.01
YbKCu2,화합물,3,75.6,5.9,10.27,31.76,6.22,12.33
V3Yb3Sn2,합금,3,31.76,4.3,4.52,19.17,1.25,6.33
Rb2Pt2,화합물,2,99.34,4.8,4.41,23.6,5.57,33.04
Ce2Nd3Ir2Y2AsSm2,고온,6,127.56,4.3,3.2,9.29,6.21,125.21
GeK4Dy2Ba3Os,고온,5,112.29,3.8,4.89,1.46,12.97,88.78
Sn4Pb3V3,수소화물,3,38.66,2.7,2.84,61.38,4.33,119.04
FeSbAl2SiBiOs3,고온,6,95.38,3.0,3.97,11.71,12.62,153.27
Cs4,원소,1,161.79,3.0,12.21,36.51,5.17,2.29
NZrTa,화합물,3,67.12,5.9,11.93,24.38,2.18,18.64
ErTl2CaBe,고온,4,103.04,2.1,5.54,1.26,11.18,71.64
RuHg3Nb2U3,화합물,4,104.88,5.9,5.74,48.9,1.92,10.36
Mo2Ho2S2B,화합물,4,32.27,2.8,8.68,10.56,3.28,4.07
Pd3NbB2,화합물,3,52.82,2.5,4.29,34.59,10.74,16.85
Cu2Be2TbBi,화합물,4,85.98,6.0,2.52,29.52,4.19,10.02
Ge2TlErB2K2,고온,5,36.03,1.9,3.75,8.47,11.23,99.23
UN,화합물,2,151.1,5.1,9.36,17.54,10.68,15.55
Pd2Pr3Sm2,화합물,3,82.84,4.4,13.63,31.66,3.25,12.88
FS,수소화물,2,59.68,4.6,3.15,76.16,6.83,209.13
Si2Mg2O2Ir,화합물,4,60.69,2.9,13.81,28.55,0.38,6.68
Co3Cr3,합금,2,126.63,4.2,7.36,77.03,7.4,7.24
S3O2Er2,화합물,3,121.7,4.6,6.35,10.49,0.3,17.4
Sr3CrPrPt3,고온,4,59.84,4.0,6.9,13.99,6.6,85.21
Ge4Rb2MgRu3Fe,고온,5,97.36,4.3,7.24,2.33,6.62,163.37
OsNa2Dy2Mo,고온,4,52.72,2.5,8.07,14.81,8.06,37.01
Hg2Hf,화합물,2,138.43,3.9,10.32,22.32,13.46,11.16
STe2,합금,2,107.48,2.2,4.96,138.43,9.89,1.13
WCdRh3Tl4,고온,4,133.02,2.1,7.72,13.4,13.59,92.11
Cr4Yb4RbIn2Fe2Sc3,고온,6,103.56,3.3,4.14,6.87,5.51,116.8
Cs3CoC,합금,3,113.09,4.1,13.41,36.89,12.45,4.08
Mn2Ag2U3,합금,3,131.66,3.8,15.11,147.0,0.82,8.64
Rh4Na3,수소화물,2,48.1,3.3,3.92,72.72,13.61,145.06
Ge4TiU3Gd2Ho4,고온,5,131.79,3.3,3.51,5.85,6.24,40.29
Zr3SrCu2InU3,고온,5,38.58,3.8,4.13,5.38,1.66,91.94
K4Se2CrAs3,고온,4,122.36,4.4,3.81,4.27,14.82,33.14
LiRe,화합물,2,76.6,4.5,11.73,0.56,2.23,7.24
CAu2,화합물,2,66.34,5.3,12.55,14.82,11.75,5.14
U3Ti2As,화합물,3,68.9,3.8,13.67,30.82,0.29,9.49
Re2,원소,1,73.57,3.0,8.19,102.45,8.17,3.12
TeInAgLaTa3Hg,고온,6,102.22,5.5,8.62,6.7,14.82,59.57
Co2Dy2In3Re2,화합물,4,30.32,2.3,6.07,12.13,13.74,15.93
Yb2Ir3TbMg3,화합물,4,25.72,4.3,12.15,35.94,11.78,6.13
Pr2Tb2Li3,화합물,3,147.18,2.6,10.2,4.71,7.19,9.2
Sb4FV3,화합물,3,19.6,4.9,6.35,28.23,6.17,12.51
FV2Te4,합금,3,43.33,5.8,7.39,14.05,6.22,9.99
Fe3Y3Sr,합금,3,146.0,5.7,5.45,45.11,9.4,20.1
Ge3Cd,합금,2,37.9,3.7,4.22,107.68,8.13,4.27
Yb2Ca,합금,2,27.16,6.0,8.67,104.61,10.93,18.54
H2P2,수소화물,2,59.88,1.7,1.5,65.32,1.83,167.52
V3Ti2,합금,2,110.27,4.9,12.3,107.76,1.43,17.28
La3As3Te4,합금,3,111.99,4.3,11.5,140.38,13.0,2.19
RuSbCr,화합물,3,39.3,5.9,12.55,14.23,5.01,9.2
BH3,화합물,2,53.96,5.6,7.67,6.85,10.17,6.56
Au2Er3,합금,2,144.75,2.5,12.22,118.65,10.97,14.15
BeScF2S,고온,4,120.57,2.0,8.5,9.83,6.65,53.75
LuPtCd4TbAs2Eu,고온,6,130.12,1.9,6.04,6.57,14.25,75.96
WLa2Ti,합금,3,89.84,4.7,13.42,149.84,9.44,4.79
UTb2MgPt3,화합물,4,83.21,2.2,8.24,37.7,12.98,6.62
TbErSm3Ge,고온,4,128.6,5.9,6.16,8.02,1.94,67.78
Au2AsTbTaInCo4,고온,6,80.41,5.2,4.65,11.07,8.7,57.21
DyGeSi2,화합물,3,72.61,2.5,1.96,18.66,11.64,6.74
TiNd,합금,2,114.37,1.9,12.22,62.79,5.16,3.54
F4Pt2,화합물,2,57.09,4.3,1.68,41.43,11.84,4.71
Re3Pt4P4,화합물,3,49.32,2.8,6.38,9.27,11.58,9.67
Ca2Nb2,합금,2,41.07,5.5,5.65,66.21,1.43,5.07
Sm3Pb3W3Gd,화합물,4,100.01,2.5,5.57,26.13,1.38,2.85
BeAg2,화합물,2,151.18,4.3,9.94,35.66,9.74,8.53
YFe2,화합물,2,120.77,3.4,11.9,44.5,14.0,7.96
TbGe3Mo3V4,고온,4,86.22,3.8,8.23,14.38,13.01,133.05
PdAl3Be2Te,고온,4,112.0,5.2,5.18,1.64,12.62,116.18
W3Re2H4Tb2,화합물,4,113.63,3.4,5.16,9.52,1.62,6.39
Lu3Sr2SNb,고온,4,55.41,5.6,6.32,11.69,11.51,79.39
RbSn4,합금,2,54.07,5.9,6.55,34.65,6.41,8.96
LiK3Si4Se2AgCs3,고온,6,32.48,4.0,6.22,7.36,2.36,148.04
SnCd2Ta2,합금,3,123.25,2.5,11.86,102.21,2.08,0.0
Ni3Ca2,합금,2,105.47,3.2,5.47,14.88,3.1,17.77
WS2HoP,화합물,4,118.77,2.3,9.43,3.29,8.13,7.06
U2Pr3Nd2,화합물,3,142.1,3.3,8.76,29.69,13.59,7.69
MoRb3TlPd2,고온,4,74.53,4.9,4.14,9.71,10.28,66.19
F4N3,화합물,2,55.76,3.8,12.91,49.69,2.51,15.09
ErMnGdYb2,화합물,4,66.29,2.6,8.06,12.64,14.45,5.7
FNPBe3,화합물,4,40.31,1.6,2.86,12.99,10.45,2.22
Mg2Ho3,화합물,2,154.86,3.0,4.93,1.29,12.77,7.83
V3Na3,화합물,2,83.59,2.4,6.18,29.32,1.47,2.33
Mg3AuRb2,화합물,3,56.06,5.2,3.82,19.38,5.39,8.19
Ir4Ti2Pd2UZrRh3,고온,6,114.82,4.7,5.77,12.4,10.58,87.23
Pb2Ni3Ca2Ir,고온,4,81.57,3.6,7.65,11.76,3.18,138.22
Er2As3La2,수소화물,3,55.7,3.6,7.55,47.3,8.51,246.57
Sr2Lu2,합금,2,119.2,2.6,9.85,90.81,5.02,13.01
Rh2Na2N4,화합물,3,152.82,2.2,2.48,7.31,6.38,25.23
CrPSe,화합물,3,159.24,4.9,11.71,31.55,6.7,1.65
Zn3Ru4,화합물,2,51.65,4.4,10.25,21.69,13.21,4.46
Sb3Se3,화합물,2,82.29,5.3,4.74,36.23,0.24,29.61
Ir2InLa,수소화물,3,5.39,5.9,5.19,24.11,12.3,272.27
U2Co2MoAg3,화합물,4,132.02,3.3,13.59,17.28,9.35,23.29
RhIr3,수소화물,2,45.13,3.3,2.17,38.97,7.35,185.88
Ba3Tl2N3Ni3,고온,4,66.45,6.0,4.2,13.96,1.08,148.83
Ho2Tb2Na2Al2K3,고온,5,61.12,5.6,3.25,12.88,11.19,69.56
ScCr3NiNd4Na,고온,5,91.35,3.0,7.65,10.38,6.92,63.47
Li4AsK,화합물,3,47.43,5.9,10.62,36.85,4.3,13.11
Y2Sn,합금,2,124.15,4.7,2.45,17.32,2.25,2.39
Sr3Se3Al2,화합물,3,30.67,4.7,9.36,29.75,1.29,7.56
Te2,원소,1,233.32,5.0,14.03,337.26,8.93,4.39
Li3K4,화합물,2,34.33,4.3,11.26,26.99,13.57,4.9
V4Pr3Nd2,화합물,3,133.84,3.4,12.46,13.25,0.96,4.55
P3K2,화합물,2,54.02,3.2,13.62,26.75,8.67,1.05
Ce3CCd2,수소화물,3,14.35,5.0,6.46,12.28,11.6,106.96
CrSrONb2Cu,고온,5,105.65,3.4,6.72,8.9,8.88,88.32
Yb3Y2,합금,2,143.75,3.3,11.73,96.7,5.75,2.83
LaGa2,화합물,2,35.32,5.7,6.19,27.5,2.83,22.62
V4Sc,화합물,2,151.92,4.8,7.77,46.04,14.23,2.89
La3BaFeU3,화합물,4,42.13,2.4,9.84,18.45,11.31,11.76
Yb3Ni2Nb4SeH3,고온,5,79.81,4.8,8.85,3.98,6.36,109.04
NaHgH4Nb,화합물,4,116.51,5.1,4.02,40.31,1.55,16.67
NdH2,화합물,2,133.5,2.4,3.67,6.32,7.77,3.86
HoBi4Ta3Yb3C,고온,5,66.95,2.2,4.59,1.33,3.47,48.26
HgO2As4C2MnFe,고온,6,87.04,2.8,7.54,10.05,7.22,70.56
Ca2Al2Te3,합금,3,101.47,5.9,13.08,32.12,0.24,5.45
Zn2TaHoV,화합물,4,67.07,2.5,3.13,20.38,2.47,8.23
MgLa2Hf2,화합물,3,115.4,5.5,11.29,48.91,13.18,24.64
W2F2Na2,화합물,3,51.48,3.3,5.43,8.17,5.83,7.57
Be,원소,1,80.34,1.0,10.02,197.2,6.25,0.0
Ag3FRhSm3,화합물,4,122.51,2.5,5.98,35.7,5.18,18.93
Co2Ir3Sm,화합물,3,71.75,5.3,10.89,34.34,11.9,26.31
Sm2CoHg,합금,3,59.38,4.4,6.01,31.94,2.74,9.78
Tb2K,화합물,2,127.82,5.4,5.28,32.64,9.94,26.27
Nd4Se2Rb2K,고온,4,93.29,4.6,7.02,8.96,9.25,90.43
InLa4,합금,2,175.81,3.1,2.06,58.89,8.65,9.63
K,원소,1,229.1,2.0,0.97,160.39,8.7,2.92
Bi2Sn2Sm3PdP2,고온,5,83.88,4.5,8.31,13.98,1.98,157.58
Be,원소,1,201.15,3.0,15.14,95.64,7.53,0.0
Ag4PbBMo4AsHo3,고온,6,54.9,2.4,5.46,9.79,11.32,70.92
BSmZn2,화합물,3,71.11,5.0,11.88,33.96,4.73,6.78
EuGd2,화합물,2,80.64,1.6,10.46,48.07,2.58,9.86
Co3Nd3Zr2,합금,3,30.59,5.9,11.63,56.78,9.93,12.86
Cs2,원소,1,113.81,4.0,3.87,162.12,9.65,5.84
H3Gd,합금,2,62.01,2.0,10.66,128.95,8.97,1.95
SnCaRu3,합금,3,173.08,4.6,13.66,7.23,6.96,3.43
Ho4DyCoO3,화합물,4,136.28,2.4,13.05,15.33,2.96,4.74
Nb4Sn,합금,2,37.22,5.7,12.41,30.02,4.58,16.76
DyS4O2,화합물,3,94.48,5.1,10.75,4.33,10.81,10.78
Ta3Pb3Lu2Li,화합물,4,63.52,3.0,6.49,11.49,11.72,14.18
HFe3W,화합물,3,117.71,4.7,5.4,9.97,8.92,2.37
Ca3,원소,1,216.86,5.0,6.38,55.92,5.26,6.04
U,원소,1,171.29,4.0,0.86,236.5,3.22,0.0
Ca2,원소,1,45.46,1.0,6.94,120.37,7.95,0.0
B2Er4Rb3Ag4Co3Nd,고온,6,117.37,4.3,7.32,4.77,9.71,83.19
Ho3Y2Yb,화합물,3,140.19,4.2,13.35,39.18,5.81,11.67
SrErO2Li2KHf,고온,6,115.67,2.7,8.62,14.49,14.25,67.1
F3Mo3Pr,화합물,3,117.46,2.8,10.31,10.18,8.27,14.8
Pd2Mg2Ga2Hg,화합물,4,151.55,5.7,7.34,12.8,14.33,12.09
Mo2Rh2Cr,화합물,3,44.44,1.8,10.38,16.97,10.9,41.55
O2Zr3,화합물,2,131.51,5.0,12.78,44.0,10.71,11.64
Si2Mn4H3,합금,3,22.16,5.3,9.33,24.08,3.67,11.42
F4Ho2,합금,2,170.18,4.0,2.2,19.05,14.0,5.46
TePb2In3,화합물,3,59.11,2.1,6.75,46.77,14.58,7.21
Sm2Rb4Al2,화합물,3,96.49,1.7,5.96,43.97,11.55,0.37
YbP2OSi4,화합물,4,109.7,1.8,4.93,6.04,14.47,5.57
Yb4GdBa4,화합물,3,16.07,2.8,8.76,16.65,4.84,5.78
Ti2Ge2Ru2Fe,화합물,4,106.59,2.3,6.08,39.43,7.06,20.43
Cs3Sc,화합물,2,114.02,3.4,6.59,36.91,5.38,2.59
TbPdFBa,화합물,4,134.28,1.6,12.08,32.35,7.41,2.46
S2OsLi3Mo3PtCa2,고온,6,71.77,5.4,5.14,6.77,3.09,88.64
Pt2TeLu3As3,화합물,4,117.93,5.5,4.48,3.35,7.68,9.54
Ti2Y3VSc2,화합물,4,133.18,2.2,4.9,25.8,3.59,2.8
Ir2Er4Sm,화합물,3,133.04,2.1,6.11,44.56,2.8,8.43
MnTbY2AuTlCe2,고온,6,92.6,2.0,8.56,9.18,6.64,124.57
Bi3ScZr2,화합물,3,153.22,5.6,3.02,48.11,4.32,9.45
Te2Gd2,화합물,2,119.17,5.5,2.99,40.7,8.35,16.42
RbTm2Zn2Dy4,고온,4,124.85,4.4,5.67,7.55,13.83,59.44
Eu3Mo4Ta,화합물,3,131.76,2.0,3.0,40.1,7.67,49.04
In2,원소,1,99.81,5.0,14.78,96.75,4.03,1.71
Yb2DyLu2Pr2BiCe,고온,6,105.43,5.0,3.1,10.44,4.65,69.39
As2,원소,1,53.0,2.0,17.47,66.84,0.66,3.75
Co4CuSiMg2Fe2,고온,5,81.51,5.4,6.0,10.78,4.96,42.28
V2P2STe2Ti2,고온,5,98.17,2.3,8.0,8.35,10.3,153.82
Cr4Th2,수소화물,2,51.88,5.3,3.91,42.91,7.53,213.17
Sc,원소,1,150.49,3.0,20.66,383.66,6.23,5.43
WSm2K2La4,화합물,4,126.74,3.9,11.44,28.25,6.64,2.21
Sr4Mg3Ti3Ba,화합물,4,18.08,2.8,10.81,22.81,7.77,3.29
VPd,화합물,2,113.17,4.4,5.45,5.86,1.19,18.01
TiPr3,합금,2,118.53,4.7,9.99,113.61,14.34,9.33
Rh2GdTh,화합물,3,149.03,5.6,3.26,41.83,1.11,4.69
Sc3MnBe,화합물,3,120.8,5.3,2.46,23.33,12.62,5.39
As2In,합금,2,61.9,1.7,8.89,48.95,3.29,8.13
BeGd4Re,화합물,3,39.49,5.0,5.05,30.07,12.47,7.13
Zr2LaGd3Ca2,고온,4,114.51,1.9,7.01,2.88,2.11,31.7
Er2Hf4P2Th2,고온,4,126.94,5.5,4.85,13.2,2.59,46.03
RuTmKCrTb2Hg2,고온,6,80.2,1.7,8.63,12.61,7.39,124.87
Rh2OsOTm2,화합물,4,32.2,5.8,3.96,34.57,12.7,8.73
SCo,수소화물,2,48.84,5.8,5.64,6.38,7.08,141.52
Ni2Mn3Mg3Cr4,고온,4,59.5,4.1,7.81,1.34,8.51,82.68
Pr2C4Bi4,화합물,3,115.01,4.4,12.56,27.77,13.03,6.42
CEr,합금,2,155.03,4.6,15.48,114.06,11.59,11.2
OsK4Tb2Re,화합물,4,112.02,4.8,5.21,47.52,11.58,10.25
HoDy2,화합물,2,128.83,3.5,11.35,44.78,14.04,56.95
Mo2Pt2,화합물,2,153.24,3.1,9.29,40.42,3.75,23.19
Cr2Ag4C2Co2,화합물,4,22.6,4.0,8.2,1.9,8.34,3.09
HUNb3Ge2Dy,고온,5,98.79,2.2,5.97,3.31,10.98,83.9
Tb3Ca2,화합물,2,73.84,5.6,6.98,34.88,13.2,6.73
Sb3Ti2,합금,2,55.47,4.3,11.19,114.83,9.15,8.01
Th4OsTl3Rb,고온,4,123.82,5.8,4.57,12.33,13.51,95.95
STi2As2,화합물,3,154.85,3.4,12.81,11.33,11.48,5.14
CdBaMn,수소화물,3,29.85,4.1,7.64,79.16,1.6,189.38
OsCsBa2,합금,3,59.71,2.0,10.34,143.48,1.42,6.61
NdAu2,수소화물,2,24.36,2.3,4.76,26.66,12.03,230.9
Nd3Mg,합금,2,102.14,1.9,2.84,35.08,11.66,9.71
RbSr3Cs3,합금,3,132.87,4.6,10.23,143.76,12.37,4.83
B,원소,1,177.96,3.0,0.7,325.27,7.17,2.27
Ti3C2,화합물,2,60.84,5.0,6.91,39.96,3.51,21.78
C2Ga2Pd2DyHg,고온,5,85.3,4.9,8.22,1.5,11.31,129.98
Rh4Sb2,화합물,2,78.96,5.8,9.66,31.67,2.4,7.11
CoSe2MoSc2Na3Mg2,고온,6,41.48,2.5,3.33,8.23,8.5,109.33
Pb2Hf3,화합물,2,40.2,2.0,13.65,43.32,3.59,7.38
Mg2Tm3,화합물,2,41.02,5.5,2.75,34.05,12.32,6.96
GdNd2HCuSb3Ta3,고온,6,134.86,2.6,6.92,3.89,1.2,45.0
Sc2Fe3,화합물,2,72.88,5.0,2.41,3.38,5.99,18.44
Gd4O3Sr,화합물,3,77.96,5.8,5.59,47.53,8.02,19.31
Ga2HgLi2Pt3,고온,4,138.57,3.2,3.97,1.35,12.8,56.46
SbOs4MgS,고온,4,70.34,3.7,4.63,8.91,2.16,45.27
Re3Pb4,수소화물,2,3.39,2.5,2.6,23.71,10.55,205.93
Pt3Eu2MgDy4Te2Sm3,고온,6,105.76,4.2,6.62,12.15,4.37,83.74
DyZn3V,합금,3,167.24,2.2,14.89,60.97,13.01,1.96
Pd3PPb4Pr,고온,4,120.31,1.6,5.28,14.64,2.56,145.89
Os2W2CuB2,화합물,4,31.93,5.5,7.46,11.71,3.16,10.3
CdMn,수소화물,2,40.19,2.7,7.31,42.18,14.63,261.74
Yb3GeTl3,화합물,3,94.54,2.3,10.62,28.01,8.17,1.8
U2LuSi,화합물,3,132.44,5.0,13.9,4.27,14.07,10.05
Ce3Pr,화합물,2,35.86,4.0,6.69,30.52,7.35,5.12
Ho2F4Ni2,화합물,3,150.47,3.1,8.58,42.54,7.25,6.62
Ge,원소,1,98.66,5.0,15.4,378.08,6.05,7.55
MoBi2Pt2ThSm3,고온,5,63.26,2.1,6.28,4.63,12.77,143.79
Rh2Nb2Dy4Ag2OsMn2,고온,6,108.24,5.4,5.96,10.78,8.89,78.54
CaTa2,합금,2,86.49,2.6,15.23,24.18,9.95,2.68
ZrHo4Cd2Te2Bi2Ni,고온,6,107.05,4.3,4.98,14.13,9.24,123.36
K2In3NaTl3,화합물,4,113.44,4.6,12.81,8.14,9.04,7.95
Pd3BAl,화합물,3,128.42,2.0,4.5,18.82,2.28,24.29
O2Ir3,합금,2,125.3,1.5,3.35,138.0,12.73,5.09
WNAuV2Gd2O3,고온,6,107.95,4.1,7.73,2.65,12.45,45.0
IrCTl2Nb4,화합물,4,138.4,3.3,3.08,21.3,10.36,10.1
OSc3Gd2La2,화합물,4,110.39,6.0,8.13,26.18,4.77,6.95
InH3CoBe,화합물,4,137.19,4.1,6.48,46.41,5.79,12.8
K3Ta2,합금,2,95.73,5.5,3.78,111.59,4.17,12.54
Al4RhLa,화합물,3,63.68,3.6,8.42,15.97,5.32,6.75
U2In2,합금,2,100.2,4.3,9.14,9.37,4.23,5.1
HoSi2,합금,2,113.54,3.9,12.23,94.35,8.31,17.34
PdNb3,화합물,2,144.89,2.7,6.48,47.68,12.21,4.37
Na2LiAs2ZnF2,고온,5,122.02,2.7,4.49,13.29,11.45,64.42
Cs2NiCd2Co,화합물,4,150.43,5.3,3.2,25.6,3.04,7.83
Se2Yb3,합금,2,111.43,4.5,10.79,46.0,0.54,8.86
Cd3Si3Ce3Eu,화합물,4,78.41,4.6,9.57,2.5,7.09,3.85
UTiGdSiV2,고온,5,84.4,4.2,4.08,11.86,1.25,145.33
NbBeTl2C2Mg,고온,5,124.97,3.1,3.41,10.8,10.78,85.01
Ce2C4As2Ge2Cs2Os2,고온,6,91.77,3.8,5.97,1.08,4.35,93.47
Pb2Te2,화합물,2,135.65,3.1,5.65,47.29,6.84,7.32
TeNiAl2Ru2,고온,4,55.97,2.7,5.46,8.67,9.46,39.04
Li3BeNi,합금,3,53.21,4.2,3.95,136.88,2.6,2.46
PdBiBa3,화합물,3,140.73,2.1,3.29,44.97,13.54,6.0
Ta4BePr3Yb,화합물,4,23.44,3.3,11.44,1.9,14.64,2.72
MnGe2,화합물,2,126.32,5.7,9.98,37.13,12.23,7.88
Rb3SP3Au2Ba,고온,5,84.81,5.9,3.14,9.59,3.45,70.51
AsCe3KHfBeC,고온,6,130.91,4.1,4.04,6.68,9.21,109.59
Os3Pd4,합금,2,70.63,5.2,3.88,123.55,6.17,17.21
TmGe2,합금,2,62.43,2.3,13.57,97.65,7.06,14.66
MoLa4Fe2,화합물,3,143.36,5.4,3.83,33.22,10.14,8.98
Rh3Mg2Co2S3,화합물,4,76.98,3.5,13.42,42.51,6.44,7.85
InTl2,화합물,2,48.1,4.4,8.21,45.51,8.59,14.07
O4Er3Eu4Lu2Ru3,고온,5,40.8,1.7,6.07,12.36,4.21,84.3
Lu4PbIr2,수소화물,3,56.82,3.1,2.8,50.78,8.61,107.97
In4Au2Bi3Tm,화합물,4,114.78,2.8,7.4,27.11,4.88,8.0
Li2Zn4N3B4,고온,4,132.46,2.9,5.06,13.94,3.24,141.84
SThCr,화합물,3,144.45,2.1,6.8,6.73,12.66,3.14
NEu3,합금,2,88.45,4.5,13.4,81.18,1.56,13.8
Sr2PAg4,화합물,3,16.59,4.0,6.83,44.86,2.18,4.33
V3O4UCe,화합물,4,140.62,4.0,13.16,26.67,13.68,7.31
Mo3V2Re2Er3F2,고온,5,55.29,2.6,6.53,7.6,13.53,45.2
Cu3Co4,합금,2,116.99,2.4,3.64,99.76,3.29,0.03
Cu3Sm2SiH3,화합물,4,103.93,3.5,2.18,1.58,8.61,13.68
Ti2Rh4Fe3,화합물,3,140.64,2.7,13.64,37.47,4.3,1.94
Zn4N2,수소화물,2,1.21,1.7,1.66,68.62,7.31,209.02
Tl3Ge3GaS3,화합물,4,34.57,5.0,2.55,28.99,14.85,6.24
ThV3Se2Au2Mg2,고온,5,125.35,2.6,5.18,8.12,8.09,39.1
PbPr2Rb3C4Dy3Tb2,고온,6,35.08,6.0,6.55,1.82,2.02,139.56
Cr2Au,합금,2,29.05,4.3,5.82,142.04,4.91,3.2
NSm2Ir2,화합물,3,92.74,5.3,4.33,19.57,5.77,14.43
LuScNdPb2,고온,4,52.0,3.9,6.13,9.81,1.45,87.34
WAgDy,화합물,3,144.08,5.6,8.49,22.22,6.43,8.55
PrCo3LiGa2Sc2Cd3,고온,6,34.99,2.3,5.98,13.08,11.39,86.61
K4Ge2,합금,2,126.07,2.8,15.41,90.86,11.9,2.12
Y,원소,1,215.02,4.0,4.28,77.07,7.41,1.11
BeLi2Pt2Sb3BaTl,고온,6,120.83,5.2,7.35,11.41,9.71,37.08
Cs2S2V4Lu2C2,고온,5,119.14,2.3,6.56,8.08,3.3,102.63
Pb2Ce,수소화물,2,3.11,4.2,3.63,79.53,10.5,225.87
InSe2Au,화합물,3,103.97,4.4,5.22,13.72,2.89,3.37
SiSNi2KLi3,고온,5,66.54,5.4,6.85,6.65,12.92,100.32
Hg4W2N2Re3Be4,고온,5,127.38,2.3,5.89,6.32,8.64,71.3
Gd2PbTmLa2,고온,4,65.47,4.9,3.91,8.06,8.36,116.41
BeTm2In2,화합물,3,66.92,2.2,11.39,1.44,12.1,2.71
AgLi2Ru,화합물,3,154.83,6.0,9.98,44.46,11.36,12.81
Sb2KNbCo,고온,4,39.2,5.5,6.45,9.78,0.91,78.2
IrTi3Zr,화합물,3,37.32,2.3,6.51,46.73,2.87,31.69
La2Re,화합물,2,75.34,4.8,8.47,1.13,9.54,14.58
Tl4PbSc3Ti,화합물,4,146.07,5.7,9.1,44.16,1.84,17.02
PdPtTe2Dy,화합물,4,104.49,1.9,9.99,14.52,4.32,23.44
RhY,화합물,2,113.67,4.6,13.38,5.26,6.64,15.33
Pb2,원소,1,16.73,5.0,0.59,371.54,1.6,4.59
Pt3SPrNb3,고온,4,30.2,4.4,4.44,2.84,7.63,71.25
AsRe2Li3Pt2,화합물,4,158.71,4.1,7.77,21.7,8.15,15.91
SrPrEr2Gd,화합물,4,53.45,1.7,5.56,17.85,2.36,0.89
CoHAu2,합금,3,94.28,3.8,4.58,37.15,3.06,3.73
Mo4,원소,1,57.01,5.0,9.57,212.07,2.86,4.68
PtC2,합금,2,45.4,5.5,14.87,138.82,9.9,9.32
SV2Al3,화합물,3,98.07,3.3,9.26,27.78,12.87,2.47
Tb2Ti4,합금,2,111.82,3.6,2.28,110.52,9.49,8.76
Tl2Sc2Nb3HoU4Ca3,고온,6,100.07,3.1,4.41,4.64,11.96,115.28
NaTi3Tm3,합금,3,74.16,5.5,15.48,93.08,8.03,8.91
RuGe2Zn2,합금,3,74.18,2.9,14.6,87.12,0.73,15.27
Cu4Lu2Er,합금,3,100.04,3.3,3.8,6.45,4.36,5.29
U,원소,1,170.99,1.0,16.55,180.99,3.56,3.62
K3VRuCeZr,고온,5,78.42,4.4,6.65,11.5,13.61,80.49
Ce4SInLa,고온,4,98.36,1.6,7.22,14.01,5.68,112.3
Mg4Hg3,화합물,2,80.52,3.1,7.86,32.6,2.65,5.66
F3BaIr3,합금,3,160.09,5.9,10.93,128.18,3.01,8.29
Hg2LaTe2Pt4,화합물,4,23.46,2.5,8.08,45.65,1.32,16.96
MnTlF3,화합물,3,85.9,2.2,12.69,39.47,1.58,7.06
Na2TbZr2,수소화물,3,3.55,4.5,2.16,58.42,7.1,226.2
Yb3Tl3,합금,2,90.94,3.1,6.57,62.78,11.24,12.1
GdCu2Ti3H3Ba3,고온,5,115.35,3.1,7.89,13.7,12.04,72.71
Ru2Cr2Tb3,화합물,3,105.52,4.2,9.53,24.46,5.86,21.11
LiTmCrK4,화합물,4,29.93,3.2,8.85,6.23,0.7,21.03
Na3Si3BLi,화합물,4,73.09,5.1,3.54,33.95,6.34,6.68
Yb3,원소,1,21.86,4.0,6.53,350.43,8.05,7.35
Rb2Al3TeSc3La,고온,5,109.45,2.7,5.08,13.58,1.91,69.68
CSc,합금,2,42.18,4.7,3.06,121.35,13.59,5.37
CeNKBe4,화합물,4,55.4,3.4,2.5,19.77,14.57,4.75
Fe,원소,1,72.42,4.0,12.38,326.81,0.85,4.79
In4Te2,수소화물,2,20.78,4.2,7.62,14.57,0.16,170.51
Ag2Hg3,합금,2,64.57,3.1,12.18,114.02,7.14,4.21
Ag2Si4BaSrGe4Gd2,고온,6,108.95,5.5,6.11,5.66,12.88,54.26
Dy2P2Zr2Ca3,고온,4,59.89,5.6,6.95,10.19,1.43,102.77
U2Au,수소화물,2,34.89,2.1,3.26,17.11,8.41,222.91
Zn4La2Eu2,화합물,3,77.6,1.6,11.27,15.86,11.56,5.35
Er4Zn2Ti,화합물,3,124.74,5.9,8.57,18.51,1.21,19.7
SePt3Yb3Ta2,화합물,4,156.02,3.5,12.03,21.4,12.4,6.58
Sn3Ni2,합금,2,172.09,2.2,6.99,118.34,10.24,0.99
Rh4As2Lu3Sm3,화합물,4,70.54,2.8,2.14,7.74,13.52,2.27
Y2B2,합금,2,122.85,2.4,6.55,136.56,7.63,4.23
SPb,수소화물,2,22.9,2.7,7.96,31.8,13.51,139.39
CoDyMo2,합금,3,42.68,5.3,4.27,13.27,4.41,8.71
BeW4,화합물,2,122.26,3.1,4.99,46.07,7.44,12.77
Al3DyBe,화합물,3,113.69,2.8,12.62,24.9,6.98,12.04
Ta4NURu,화합물,4,59.44,2.8,6.27,16.96,4.58,18.46
In2MoCe3,화합물,3,105.01,3.4,5.89,13.84,1.0,19.48
ZrAl2,합금,2,134.8,3.1,10.37,29.74,14.27,2.6
La2Sc2AgV3,화합물,4,136.68,2.7,2.0,42.07,12.12,1.89
N2Se2,화합물,2,128.73,4.5,8.22,44.9,6.9,43.44
In2Mn3Ce4Y3Ta3Si2,고온,6,34.62,2.0,6.4,6.25,9.14,74.56
Lu2AsSrEr3Al4,고온,5,119.02,5.0,7.21,10.01,9.61,136.82
GdMn,수소화물,2,17.08,3.5,6.31,27.33,0.62,185.95
Ta2,원소,1,22.02,3.0,8.12,133.61,7.92,0.22
Te3Ni3MnBi,화합물,4,109.67,4.7,4.88,27.67,2.85,3.97
LaBeIr2,합금,3,172.69,3.9,6.85,146.48,7.3,7.9
Ge2,원소,1,223.59,4.0,18.8,297.0,1.03,0.94
Y2C3Ho2,합금,3,113.75,2.7,2.04,100.63,12.41,0.0
In2ScNi,화합물,3,103.01,3.4,12.62,34.53,1.29,5.12
V2Te2Ge,합금,3,89.67,4.4,10.26,39.69,9.6,5.62
Pt3Y2Co3,화합물,3,99.67,1.8,8.1,15.88,13.69,8.53
PdNbTiYb4,고온,4,115.16,4.0,8.14,12.54,9.01,44.99
Ge2LiV2Sb,화합물,4,143.73,4.0,3.75,31.32,8.97,20.0
MgCd3Ir4,화합물,3,89.87,3.2,8.78,2.23,7.07,4.4
TeLu3,화합물,2,138.22,4.0,11.47,11.95,7.91,14.72
F2Bi2HoNa2,화합물,4,26.23,2.3,12.86,29.76,11.67,15.65
OCe,합금,2,159.69,3.7,13.16,143.25,6.24,1.99
Sm2ScCd,화합물,3,76.39,5.2,6.18,14.1,6.34,9.17
BiHfTh,화합물,3,129.1,3.3,7.85,18.49,5.17,27.13
Y4Sc2Pd3Lu4Pr3F4,고온,6,127.67,2.2,7.42,4.14,3.82,113.52
RuBiN2MoCo2,고온,5,65.36,3.1,3.82,9.01,8.86,68.34
PrMn2Lu,화합물,3,52.14,1.7,7.67,19.2,13.42,4.02
Eu3MnScTh2,화합물,4,104.05,1.9,13.52,28.0,7.68,2.84
TeF,합금,2,127.35,4.2,15.22,93.37,12.69,2.33
Cr3TbO4FePr2,고온,5,34.58,3.2,8.61,3.83,9.22,69.13
Ce2Eu4C2,화합물,3,123.01,5.7,2.24,1.26,4.59,14.77
ErRh,합금,2,161.47,4.0,15.91,113.54,2.78,16.6
Rb2Sb2,합금,2,156.92,2.6,10.37,91.63,5.06,12.8
Ir2Sm2Y2,합금,3,50.51,4.6,2.62,108.06,14.02,1.99
Se2SbMnSi3,고온,4,68.77,4.9,8.11,5.38,7.07,154.98
AgIn2,합금,2,140.41,3.4,5.38,144.86,14.8,21.19
AlCd,화합물,2,43.03,3.9,4.83,32.47,14.33,5.21
Th2Zr2,화합물,2,84.78,5.2,4.75,38.57,11.93,17.02
PtGeTh2Mg3,화합물,4,156.31,4.4,5.8,9.67,9.97,36.1
Pb3MgAg2Rb2C2,고온,5,104.14,4.6,8.37,14.2,5.38,59.27
TmIn2Cu2Co,고온,4,136.92,4.0,3.6,8.45,5.9,48.71
NbF3Eu,화합물,3,96.51,4.7,10.79,6.5,7.34,6.89
Pt2,원소,1,92.43,3.0,1.86,200.84,4.0,1.91
As3Li3Lu,화합물,3,127.28,2.5,7.32,33.21,14.83,4.01
Ca3ErTbRu3,화합물,4,140.4,3.6,7.04,2.27,14.11,19.51
TaWInLu3,화합물,4,140.2,4.9,5.89,44.5,1.32,18.27
BiV,화합물,2,120.5,2.3,9.18,22.32,2.61,3.39
YMg3,합금,2,96.0,1.6,7.28,35.59,13.32,4.17
Cd2Lu4Os2,화합물,3,131.39,2.8,8.8,32.69,6.48,5.25
CuFe2,합금,2,44.26,2.4,8.78,89.9,14.5,1.44
LuS2Sn2Yb3,고온,4,59.1,4.1,3.19,5.33,6.08,111.55
F2Sc2Rh2,화합물,3,82.73,2.0,3.62,46.36,8.96,3.38
UYb2,화합물,2,144.94,1.9,13.9,47.72,3.95,14.49
Rb,원소,1,34.54,4.0,1.97,302.51,4.12,0.0
Na2Sb3ThEr,화합물,4,66.77,4.3,6.76,48.92,9.86,43.06
NaEu,화합물,2,10.26,2.6,6.22,35.08,5.35,6.25
Zr3Ni3,합금,2,178.58,1.6,7.8,96.18,10.34,2.46
Cs3Tm3Mg3Rh2Er4,고온,5,109.55,3.2,4.06,14.53,12.07,124.39
Tm3Os3,화합물,2,29.9,2.2,8.89,22.92,0.66,4.05
Ce2Sn2Os,화합물,3,43.66,3.3,8.01,47.99,5.08,6.1
UNd3RePt2,화합물,4,49.55,2.7,11.96,30.2,1.11,17.96
CuSe3WN2,화합물,4,21.65,5.0,9.86,36.05,5.87,10.05
Zr2K2Mg3,화합물,3,147.81,4.9,2.76,44.06,3.8,6.13
TiGe,화합물,2,36.21,5.1,10.12,21.56,3.41,6.71
RhCr,화합물,2,33.06,4.5,12.05,48.34,5.27,8.03
RuSb2AlGa2,화합물,4,96.54,5.0,12.44,31.35,2.07,12.39
GeCd,합금,2,167.57,4.3,2.33,94.39,11.99,5.52
Rb3FeEr,합금,3,135.14,5.1,15.82,76.02,6.22,6.18
Ge4,원소,1,19.28,3.0,11.76,26.36,2.1,1.95
SCa3Ge2B3,화합물,4,85.7,4.5,5.72,41.21,8.17,19.89
Gd3Rh3W3Ta4In2,고온,5,53.37,3.9,4.2,7.44,6.14,74.21
HoOsTmTiN2W2,고온,6,121.72,2.0,7.93,6.95,11.7,146.16
MoSeGd3,합금,3,41.3,5.1,9.8,36.05,3.86,5.24
PrLi2Tm2,수소화물,3,33.36,3.1,4.99,39.87,10.75,223.78
VCs2Be4,화합물,3,10.61,4.2,4.86,49.04,9.93,7.14
CaSmSc3Pb,고온,4,31.2,2.9,3.22,13.27,14.41,90.21
Ca3AuCo,화합물,3,47.5,3.2,7.02,16.98,11.34,3.17
NaU2Ba,화합물,3,94.06,3.4,10.38,30.37,3.31,2.2
W3GaBa2,합금,3,49.02,2.5,8.15,23.83,9.1,17.02
Rh2Gd4,합금,2,28.25,4.2,9.88,83.5,1.6,4.35
Zr,원소,1,14.65,2.0,13.2,20.03,9.34,0.0
Se3Nd3S2Li,화합물,4,115.07,3.0,9.96,10.07,0.76,6.86
Na2Ba3Hg4,화합물,3,51.91,2.2,12.19,24.11,9.4,12.55
Te2Pt2Sb2BIrRu2,고온,6,139.69,1.8,5.61,1.19,0.69,38.83
RhSb,화합물,2,111.17,4.1,13.09,23.6,9.88,18.14
DyMo2TmIrSe4O2,고온,6,32.11,3.2,5.66,2.0,14.43,140.7
BY3,합금,2,156.14,6.0,13.41,92.35,14.68,14.88
OPd,합금,2,73.69,3.4,5.08,61.7,10.38,23.31
SeTb2TiBi2,화합물,4,21.39,3.8,3.06,2.43,0.81,2.91
Nb2U4Ca,화합물,3,99.76,4.1,12.68,1.35,11.3,12.96
Rh2Bi2Zn2,화합물,3,35.16,4.7,5.0,7.04,7.95,9.86
NbLaEr3Hf3Dy,고온,5,128.89,4.1,3.94,9.57,10.19,34.69
YbAsNd3,합금,3,33.75,4.3,6.17,131.61,3.69,6.82
SPt3,화합물,2,155.17,1.7,9.92,8.71,13.99,7.07
CN3ScHg4Dy3,고온,5,58.25,3.7,8.7,6.03,4.96,152.81
Co,원소,1,98.34,3.0,3.33,183.42,8.22,0.62
As4Mg2Cu3Co,고온,4,49.94,5.5,4.66,2.62,12.99,67.19
Re2N,수소화물,2,58.43,3.8,2.56,30.59,7.36,180.69
Hg4La,합금,2,113.45,3.8,9.13,30.42,10.02,12.17
Re2PtBeGe2,화합물,4,14.23,2.1,6.91,24.42,2.03,4.84
TiTmMgPd2,화합물,4,140.19,5.5,9.24,47.3,12.85,14.93
Al2EuMg2CRbTe4,고온,6,78.36,5.7,8.94,12.95,6.95,155.27
SmGe3,화합물,2,40.96,1.9,8.06,39.41,9.46,9.84
Th2Si2,화합물,2,144.58,1.6,8.43,1.26,5.0,25.04
Ag2AlTlC2,고온,4,112.27,5.0,5.61,11.1,5.05,91.63
Pt2S3,합금,2,150.92,3.7,3.64,48.69,13.14,9.15
AsBeSeRu4Co,고온,5,108.78,3.9,4.65,3.2,14.87,81.44
Y3Sn,화합물,2,130.64,5.5,6.83,11.73,1.77,16.06
FeAl4Cd,화합물,3,127.61,4.4,7.66,21.46,6.8,4.62
CsDyCeSn2K2,고온,5,70.18,2.6,6.99,9.72,14.73,94.1
BaAlCo,화합물,3,97.39,4.9,12.98,17.97,2.3,8.93
Au2SiMg,합금,3,69.85,3.4,9.05,41.87,12.69,6.09
PdGd2W4,화합물,3,23.91,3.6,7.77,40.78,0.8,10.26
Ga4Tm3Ba4P4,화합물,4,12.94,5.5,5.25,25.49,6.63,13.61
Gd,원소,1,155.29,3.0,4.87,43.19,5.07,5.03
SmBi,수소화물,2,41.06,4.0,1.82,58.1,13.58,148.19
Cd3Na2Tb,합금,3,159.06,2.0,7.03,36.54,11.3,0.47
Nb2Ru4Sc3Ag2,화합물,4,82.39,5.5,12.98,9.16,9.34,21.75
Li4F2,화합물,2,39.43,5.5,5.76,47.65,4.29,7.8
Sb2,원소,1,124.92,1.0,7.31,12.86,4.0,0.0
CoCr4AuH3Pb2,고온,5,102.58,2.0,4.12,13.91,9.03,150.08
LiW2NaCr3CdAs,고온,6,82.36,5.8,8.61,2.19,6.72,66.59
Hf2Mg2,화합물,2,66.26,5.0,10.88,9.28,3.46,15.97
Mo3P2Lu3,합금,3,100.05,5.8,9.48,110.65,0.36,6.68
STl3Bi,합금,3,175.64,3.8,15.96,96.31,8.93,4.45
Sc4Mg2,화합물,2,81.01,4.7,4.9,7.7,8.27,19.98
As2Zr,합금,2,125.12,3.8,10.71,86.99,6.05,11.34
NaIrHfCu2,화합물,4,67.25,1.6,3.97,37.39,13.51,0.74
In4TlMg2,수소화물,3,22.88,2.5,3.33,45.02,8.32,199.66
O3Bi2,화합물,2,95.87,3.6,2.95,36.2,7.5,9.96
Y3Ge2Ba3W3,고온,4,59.84,5.0,5.21,10.92,10.28,48.15
Pd2ZnAlYb4,화합물,4,96.87,1.9,8.24,30.1,7.66,11.75
TmCu,화합물,2,16.5,3.8,6.71,38.25,5.07,6.21
LuCe3TbSb4,고온,4,99.75,4.4,4.78,3.55,0.9,131.69
NZr,화합물,2,41.93,4.0,5.46,27.06,0.89,9.67
SiEr4SPt2Ir2,고온,5,62.95,3.6,3.28,3.52,5.83,139.06
NaAl3Re2,화합물,3,58.88,3.9,11.6,22.08,1.71,7.15
BGeW2,합금,3,46.41,5.9,14.27,141.66,2.07,23.45
Sc2Lu4SrS2Nb3,고온,5,61.41,5.5,8.11,3.06,7.78,162.02
S2Yb3Cu4,화합물,3,26.64,2.1,12.23,30.49,2.84,14.07
S2Mn4GeSiAg,고온,5,78.84,3.3,8.9,12.61,0.39,104.53
YH3LuGa3,고온,4,46.95,1.7,5.33,10.37,10.41,35.76
Tl3,원소,1,215.07,5.0,11.59,34.59,1.26,2.86
O2WCoNi,화합물,4,128.62,2.5,4.21,3.31,5.62,3.16
Ca2TmSi,화합물,3,13.23,2.1,5.21,33.05,7.16,33.25
Cd3Tb,화합물,2,86.39,2.1,13.13,42.93,13.09,2.38
Tm3Tl2As2CoSe,고온,5,80.83,1.7,4.77,8.94,0.61,59.76
Rh2Sr2Mn3,화합물,3,46.64,5.6,3.36,17.54,12.0,7.95
Na2Au4CsNb2,화합물,4,69.56,5.5,6.09,44.81,12.73,6.51
Zn3Mn2N,화합물,3,43.93,3.7,9.11,35.79,12.66,6.89
Ti2Fe3K2,합금,3,135.57,2.0,3.82,73.38,7.73,9.42
Mo2K2Sr4Pb3Zn2,고온,5,39.3,5.4,3.16,8.3,5.24,103.95
Dy4Ag2,화합물,2,143.5,5.3,6.15,2.66,2.63,7.7
Os4Eu4N3Co3,고온,4,93.9,4.4,4.01,14.62,12.97,126.56
Lu4Ce2,화합물,2,93.89,5.0,1.98,11.11,7.75,6.99
VReIr2,합금,3,133.56,3.4,13.4,61.73,3.55,7.8
Th2TaIn3Er2,화합물,4,77.49,2.8,2.58,29.68,9.84,2.8
Ga3P4,합금,2,130.64,3.3,5.6,94.43,2.62,3.1
Zn2Ge4,수소화물,2,42.34,4.0,5.95,56.77,5.31,120.35
Cr,원소,1,28.2,2.0,17.03,14.32,7.99,1.75
YbPt3RuMnCd4Mg,고온,6,58.56,3.0,4.36,10.57,2.27,55.01
Mo4Cd2N,화합물,3,23.02,5.1,8.88,14.92,5.22,15.76
InFNa,화합물,3,58.73,3.7,8.97,13.95,10.56,4.28
Tm,원소,1,55.67,1.0,15.04,144.51,3.41,4.44
SrN3Cs2,화합물,3,127.45,4.0,10.25,20.94,8.11,7.06
Pd2Ce3Re,화합물,3,146.71,4.9,3.51,6.78,2.73,4.13
Sc2BeSK,화합물,4,97.99,3.1,13.27,44.43,1.76,9.05
CrSi3Hf3K3Tl3,고온,5,112.36,3.0,3.8,5.81,12.66,105.42
IrMoH2,화합물,3,51.68,3.5,4.58,17.18,7.61,13.61
Th3Li3,화합물,2,43.25,3.6,11.53,13.42,7.38,2.88
FeSiWTe,화합물,4,18.39,3.4,12.78,27.16,2.23,10.55
RbTl2Au3,합금,3,95.67,3.3,3.57,39.26,13.96,2.01
Nb3ErGe2Ag3Re3Au2,고온,6,126.29,3.4,7.64,5.88,0.8,97.75
Os2Er2Cr2,화합물,3,119.47,4.6,9.58,40.0,7.96,7.67
SiPbZn2,합금,3,57.34,1.9,13.86,139.1,9.29,0.0
ZnLuSn2,화합물,3,26.36,3.7,5.17,1.66,7.39,10.5
AgCa3Be2Ge,화합물,4,70.67,3.4,4.79,32.28,8.7,17.51
W2La2,화합물,2,109.75,2.5,9.78,23.44,9.32,17.44
Ta4In2,화합물,2,32.88,4.3,6.73,26.14,7.05,3.06
Si3,원소,1,86.78,1.0,20.8,363.39,3.12,1.48
AsLaEu2,화합물,3,60.95,1.8,11.97,1.38,10.47,16.62
Cs3NaTeTh2Zr2Nb4,고온,6,113.71,5.6,5.92,6.05,4.06,49.24
Mg,원소,1,79.83,3.0,4.76,186.67,4.17,1.16
SbCsLa2P4V3Pt3,고온,6,61.37,2.3,4.82,5.09,1.59,90.96
VBa3,합금,2,165.39,2.5,13.77,102.23,7.11,7.51
HfON3F2,고온,4,58.68,3.6,5.18,3.07,2.62,75.89
BeAgHf4,화합물,3,93.01,3.8,12.79,6.87,7.27,4.17
ZnDy3Ru2,화합물,3,30.74,6.0,8.13,11.04,14.7,46.58
Cd4Cs,합금,2,70.67,5.1,7.49,68.16,6.06,5.53
Eu3,원소,1,93.69,1.0,4.32,320.72,3.43,7.19
NdCo,합금,2,166.58,2.6,3.0,112.91,10.64,1.66
Mo2Yb,합금,2,31.89,6.0,5.29,93.51,8.23,5.64
Pt4N2ThCa2,화합물,4,104.3,5.6,5.71,9.89,11.04,14.01
CMg3Li2Cr3,화합물,4,61.72,5.0,5.16,48.4,6.75,10.71
Sm3O2Ga2,화합물,3,41.77,4.7,4.85,3.56,13.62,3.85
Nb2Y2CCe,고온,4,136.75,4.0,4.27,4.44,5.93,62.41
BiW3,화합물,2,82.06,3.5,4.05,30.6,13.83,10.11
Pt4H,화합물,2,64.43,4.0,12.03,5.1,10.41,5.55
RhCd,화합물,2,59.37,5.4,2.94,5.29,0.15,7.81
DyAs2PdY2,화합물,4,156.16,3.4,10.12,23.06,14.46,15.34
EuCsSn2,화합물,3,87.47,2.0,4.47,1.68,2.2,5.28
RbAg3Lu4GaRhIn2,고온,6,116.47,1.8,8.93,13.32,8.22,105.7
DyTi2,합금,2,97.72,3.7,6.07,85.58,13.39,6.63
Fe3,원소,1,185.33,2.0,11.2,65.96,3.2,0.0
SnBN2,화합물,3,15.7,4.6,6.26,27.67,8.38,12.33
PtH,합금,2,38.22,3.2,6.63,74.74,4.6,11.64
ThIn4Gd3SiY4,고온,5,138.0,2.7,7.27,9.33,14.17,56.63
TaReBi2Gd3W2Cr,고온,6,90.76,4.2,7.76,7.42,5.14,89.15
Sb2,원소,1,185.72,3.0,5.44,321.24,9.43,0.74
N4AuTi3,합금,3,154.88,5.1,4.57,104.21,14.21,7.04
Be2Nb,화합물,2,147.83,3.5,7.65,38.56,14.53,1.81
BaCs3,화합물,2,104.78,4.7,5.64,48.47,1.57,9.43
Sc3NPr2,합금,3,132.91,2.2,14.92,128.02,7.38,0.0
NNi2Pt2Sb,화합물,4,38.01,4.4,2.37,49.67,9.6,9.44
ReO3H,화합물,3,86.77,2.8,2.31,29.1,3.76,13.96
WRh2Tb,화합물,3,90.21,3.2,13.99,30.17,10.37,22.94
Th,원소,1,188.75,1.0,18.18,12.22,8.07,0.0
S2Er2Cd2Li2,고온,4,62.13,5.3,5.61,8.91,14.28,49.23
Na4Ag2,합금,2,53.51,3.2,6.23,124.54,1.35,6.36
MgNbAl2Ru2ReHg2,고온,6,77.13,3.3,5.77,13.94,6.14,32.36
Tl2Th2CrBi,화합물,4,100.11,3.5,2.69,42.75,9.08,3.14
TlSe,화합물,2,17.85,4.7,9.39,47.2,6.93,6.71
S2ZnTb3O,고온,4,40.41,5.4,4.9,12.92,4.61,101.09
K3Ba3V3Rh2Sm,고온,5,106.31,5.8,3.93,14.63,6.96,107.02
LaSnMn2,화합물,3,83.0,5.8,10.46,43.5,2.77,15.96
C2Tm,합금,2,145.28,5.1,14.4,130.81,14.52,8.33
Cr2Ru2CTb2,고온,4,103.7,4.4,5.14,1.78,13.16,112.25
Os2HHfSc2,화합물,4,58.5,3.0,8.7,47.13,5.59,10.43
Hf2Y2,합금,2,102.54,5.6,9.17,27.6,1.57,6.86
NiYb3W2Hf4,고온,4,62.47,2.1,4.61,5.27,9.61,34.51
Ce2NbLu3,합금,3,167.57,2.3,15.82,60.08,6.12,0.0
In,원소,1,158.57,2.0,9.52,51.42,0.64,0.89
Si,원소,1,34.85,1.0,10.07,58.0,7.8,0.0
InCeEu,화합물,3,74.67,5.3,4.02,31.32,8.29,34.53
Y2LiTa4Dy4,화합물,4,48.47,2.2,5.18,17.65,3.29,2.87
Ta3ErTh,화합물,3,58.7,5.8,8.59,25.49,12.35,17.06
Ru3In2,화합물,2,130.26,2.9,9.36,5.59,10.61,2.06
AgOsGa,화합물,3,84.4,4.1,2.85,40.56,11.5,8.04
Ce2AlYb3,화합물,3,75.49,4.5,7.44,3.13,14.46,6.77
Pt,원소,1,221.51,4.0,14.72,246.71,6.35,8.16
B3Mo3Er3Cr3BaSn2,고온,6,42.8,3.2,7.23,7.82,14.84,110.22
Sc3WMn3,합금,3,139.93,4.4,14.38,54.06,7.37,8.79
Sr2Be2,수소화물,2,17.1,5.1,4.96,56.81,10.01,175.81
PtC3,합금,2,39.43,3.1,6.56,43.59,9.44,9.82
Bi2Ce3ReO4,고온,4,122.44,4.4,7.24,6.52,4.56,99.19
Sb3CdC3,합금,3,61.15,3.9,13.26,144.45,7.69,6.17
Ba2Ca3,합금,2,27.24,3.2,2.35,95.53,9.69,7.13
B2Dy2Hg3Al,고온,4,131.31,2.6,6.09,13.04,14.88,93.86
Ru3RbMn3Os4,고온,4,81.91,4.7,5.29,2.12,10.46,131.68
HgPb2,화합물,2,68.33,4.8,8.52,49.68,7.23,11.88
VCoYb3,화합물,3,127.63,2.6,6.3,35.09,6.11,2.1
Dy3Ho3,화합물,2,64.33,1.7,8.81,17.89,4.65,0.0
PbCo4K3YHo2C,고온,6,60.97,5.8,6.39,9.32,2.7,60.15
Ta4Rh,화합물,2,148.81,2.5,4.78,31.97,4.55,1.49
V2TiGeOs,화합물,4,66.69,4.5,6.19,22.32,11.7,4.62
Si3Cr2Ta3,화합물,3,75.52,3.0,3.11,25.57,13.92,4.74
Ba3BeRu2Ti4,화합물,4,46.6,3.0,13.34,23.02,8.17,4.47
KLaAu3Te3Ga4,고온,5,85.35,5.2,6.11,12.14,0.25,55.97
Er4Eu3Cd3,합금,3,22.83,5.4,2.2,61.07,3.22,21.12
N4Co,합금,2,20.19,4.3,11.52,92.06,11.64,6.4
TlZn2,화합물,2,44.66,2.1,13.5,17.45,1.05,28.51
Er2BeTeB4,화합물,4,126.53,1.5,8.73,44.75,9.96,8.51
Li3Ta2Au,합금,3,53.92,3.3,6.97,101.05,3.68,6.15
Ag3P3,화합물,2,10.15,4.6,9.07,36.04,9.83,18.6
FeYb2RuN,고온,4,36.25,4.3,8.14,7.78,13.44,103.28
Sc4Ga,합금,2,61.91,5.8,3.27,36.9,7.88,14.11
VCaTm,화합물,3,60.11,4.6,4.08,10.09,1.11,10.46
Lu3Zn2Nd3W,고온,4,123.21,5.2,6.97,12.87,6.06,63.19
Gd3TmC2,화합물,3,30.67,5.2,10.15,13.98,14.21,12.15
B4Zn2Mo2Zr,고온,4,95.21,2.0,6.28,6.79,13.39,65.2
N3SbTiPb3Li2,고온,5,43.46,2.7,6.69,4.21,10.06,83.49
Al3Pb3TbHg,화합물,4,139.6,5.8,2.75,8.03,0.89,15.73
Ti4EuAg3Nb,화합물,4,124.16,2.0,5.99,13.64,4.0,19.72
Os4Ga2S,화합물,3,27.24,1.5,3.17,38.56,7.41,6.94
Sc2In4Tm2Os2,화합물,4,94.5,3.6,2.88,41.51,6.8,2.86
CrAg2YbCu2Ga2,고온,5,72.17,1.8,8.96,11.54,2.87,28.96
DyULi2,화합물,3,89.52,5.4,8.35,26.94,1.64,36.19
BeSe4,화합물,2,45.38,1.7,4.21,28.84,3.89,3.96
Ca4Be3,합금,2,107.72,4.7,2.8,43.37,11.71,2.01
In3,원소,1,209.83,4.0,16.0,260.71,4.5,2.98
Li,원소,1,160.06,1.0,9.83,218.68,8.86,1.55
K2Te3Be4F2O2,고온,5,81.91,1.8,5.04,1.32,6.22,95.69
ErTlNiZn3,화합물,4,16.97,2.5,5.13,30.56,9.85,13.47
PrCa,화합물,2,97.29,5.4,3.29,15.52,0.73,5.03
Tl3Co4,화합물,2,95.54,2.7,8.24,42.4,4.61,4.37
Pd4Sn2Ni2Re,고온,4,112.12,3.8,5.09,4.48,5.46,152.36
ZnAs4,화합물,2,157.33,5.4,6.58,44.1,12.18,20.62
Sc4Tb2EuBi2Pr4,고온,5,84.6,4.2,7.2,4.35,5.57,80.27
Ba3TaDy2Hg3,화합물,4,66.43,4.9,8.1,1.2,11.7,2.77
Eu2Re4Zn3H,고온,4,88.3,4.1,8.22,5.31,10.34,34.6
Eu3P3Ge,화합물,3,136.12,2.6,4.0,25.64,9.98,3.15
F3Pr3,합금,2,48.86,2.7,12.43,103.45,5.54,0.0
Ga3AuPd2,화합물,3,120.36,5.4,13.01,41.38,3.36,0.2
CrYbSr3,화합물,3,140.1,4.1,13.72,41.45,10.07,8.47
YbC,합금,2,80.56,1.9,5.9,87.81,13.87,1.18
Eu2BCd2,화합물,3,150.63,2.2,8.92,40.05,5.67,13.9
Ca3Ga3ReLa,화합물,4,106.88,2.0,7.75,47.92,3.07,18.58
S2,원소,1,24.51,5.0,4.09,126.13,9.01,10.38
Tb2As2OsMo3,고온,4,132.59,6.0,4.41,1.14,5.74,53.03
Ta2N,화합물,2,80.79,5.4,6.54,14.32,2.23,16.02
Ru2V2OsNdHg4,고온,5,132.09,5.1,7.62,11.02,11.53,67.51
BeDyY3As2,화합물,4,68.35,5.7,12.51,35.17,5.64,11.09
SVSr3,화합물,3,126.67,4.8,8.3,31.46,8.39,7.47
U3Tm3,화합물,2,94.49,5.3,2.24,37.79,13.19,18.4
Ho2Re2,화합물,2,90.98,5.8,8.33,47.54,6.29,60.48
Th4Sb3,수소화물,2,59.61,4.6,6.05,31.43,7.88,174.78
Cs3C2Cd3,합금,3,160.93,2.5,13.29,149.27,0.94,4.03
Rb4MgAu3Ir2Ta2Si2,고온,6,46.64,5.0,8.08,5.12,6.07,64.21
LaMn2Cr2P2,고온,4,121.42,3.6,3.11,10.26,14.3,138.9
Ga2P3Cu3Ir3,화합물,4,16.19,2.1,3.22,47.13,8.14,9.6
Cr2KTh2Re3,고온,4,73.31,1.9,7.16,2.37,9.69,127.07
SbTl2Te3V3,화합물,4,120.44,4.3,11.67,8.55,7.23,5.42
Ho2Ru,수소화물,2,28.26,4.4,3.51,47.4,7.29,234.94
F4Lu2Pb3P2,화합물,4,34.51,2.8,11.36,37.03,1.0,5.85
Tb,원소,1,186.84,5.0,0.91,379.59,7.16,4.51
Li3ZrBa2Tm2Ru3,고온,5,118.94,5.9,4.39,4.49,8.85,88.89
PdMnAu3,화합물,3,38.27,4.2,12.99,30.97,1.12,15.2
RhRe2,화합물,2,25.49,5.2,5.35,1.88,13.85,8.23
O3Er,화합물,2,16.2,2.4,7.42,32.7,13.37,3.51
CoTm3Sc,합금,3,119.22,3.1,6.8,64.53,2.03,15.97
HgBCCr3,화합물,4,70.74,2.1,9.89,24.82,10.1,0.39
Tb3SePr2V3Cr4Lu,고온,6,74.2,4.1,7.78,6.01,8.46,42.79
Eu2,원소,1,61.07,3.0,17.58,119.19,9.18,4.38
Mn2SiU3,합금,3,64.72,4.8,5.05,148.76,7.96,7.55
Y,원소,1,110.59,4.0,18.59,369.1,6.93,0.8
Be2AuTh2,화합물,3,73.94,2.5,11.71,16.63,9.31,14.84
OsGdNi2,화합물,3,39.13,5.0,5.27,10.31,10.83,10.17
Eu2CdCeN2Ni,고온,5,98.56,2.0,4.17,7.42,4.33,130.9
GeMnAgSi3Eu2,고온,5,136.56,4.2,6.46,12.42,12.35,97.75
SnTa2Ag2,화합물,3,120.95,4.2,13.8,43.05,0.77,2.47
Sr2Ru2,합금,2,162.28,4.7,6.98,70.55,8.78,2.77
Pr2Yb3O2Mo2Os3,고온,5,86.23,4.2,6.14,9.49,9.29,73.44
NbTe2V4Mn3ScU,고온,6,71.99,4.1,4.27,6.05,7.76,61.95
BeTb,화합물,2,23.97,5.4,12.83,5.88,7.39,14.72
Tb4Ti,화합물,2,58.47,4.9,9.2,6.9,4.52,11.46
VAu2TmH4Pb3S3,고온,6,108.71,5.6,5.28,6.81,6.05,89.2
U2S3Cs4,화합물,3,155.46,2.7,4.64,46.28,7.94,6.77
W4Ca3C,화합물,3,123.7,4.6,12.93,25.28,6.68,7.33
TaYC,화합물,3,63.69,5.6,7.09,43.62,4.91,8.7
Ag2,원소,1,111.42,4.0,0.79,308.28,1.01,10.93
RuHo4,화합물,2,64.17,2.7,2.72,17.91,5.46,18.62
NbV2,화합물,2,52.28,5.9,3.93,36.77,1.52,25.61
ZnO2Gd2,합금,3,82.35,5.0,7.51,5.69,6.5,15.69
W2,원소,1,135.77,4.0,3.01,288.47,9.1,0.44
Mn2La2,합금,2,100.15,5.9,7.75,78.09,8.94,11.89
TmSr2In2,화합물,3,38.41,3.6,3.07,13.85,10.3,3.16
Se3SmRuPrMg2C3,고온,6,74.35,4.5,6.73,10.58,7.12,60.11
KIn,수소화물,2,38.89,3.4,4.61,17.96,5.81,195.49
Pb2OLi3,화합물,3,28.03,4.5,6.69,13.7,9.81,5.19
Ce2Nd,화합물,2,53.6,3.7,6.46,36.48,7.75,13.34
YbTi4Zn2Dy2,고온,4,62.78,3.4,7.93,2.74,14.92,89.68
GaGd3,합금,2,76.68,1.7,13.62,30.82,1.72,1.53
RhCr,화합물,2,36.99,2.6,7.33,5.47,8.15,9.33
Co2Ni2N3Re3,고온,4,77.61,3.2,7.17,8.76,3.55,152.23
YPr4,합금,2,163.33,2.0,4.04,123.16,13.71,2.24
Ge2O3PbPd,고온,4,52.66,5.0,3.39,11.99,14.81,137.3
C2Ca3Co2Tb2Hf3,고온,5,94.84,4.2,3.67,13.36,0.16,61.96
Hf,원소,1,67.07,1.0,6.19,164.71,4.36,3.66
FeMn2Sr2,합금,3,162.05,5.0,12.28,145.65,10.82,11.4
Zn2,원소,1,74.31,2.0,6.59,358.21,1.71,0.0
Cd2Ge3,화합물,2,136.39,4.3,13.48,48.69,12.64,16.24
BeYb2Cr4,화합물,3,25.96,3.0,12.74,47.69,14.69,5.48
RbMn2In4,화합물,3,124.6,5.1,6.18,8.42,0.75,8.83
CaCTb3,합금,3,94.97,2.6,3.69,134.02,11.82,4.53
HoCa3Pb2MgPt4,고온,5,134.28,1.8,5.91,11.26,6.5,75.27
FeCo2Se2In2,화합물,4,24.99,2.8,2.81,47.76,0.77,11.0
Li2,원소,1,161.64,4.0,9.98,72.61,6.5,3.45
ZnOBe4Tb3,화합물,4,138.16,1.8,6.91,34.68,2.02,7.26
Nd2Tm2Be2,화합물,3,86.88,5.8,11.03,30.36,2.19,4.63
Li2Ga,화합물,2,56.51,5.8,3.45,4.75,3.34,14.82
AuAlEu2,합금,3,96.81,2.2,10.65,117.1,5.33,7.09
As3Ir2B3,합금,3,112.93,4.9,12.21,93.94,11.26,4.58
CIn3AlSb,고온,4,97.55,2.1,6.89,9.09,5.74,112.79
Cr2S2,수소화물,2,38.72,5.7,5.74,79.77,3.84,199.68
GdHf2SmCo,화합물,4,17.14,4.3,3.91,19.93,8.22,4.73
RuFeF,화합물,3,88.29,2.1,6.17,1.5,8.45,17.14
WIr,화합물,2,54.26,2.9,3.84,27.2,7.25,28.84
U3Yb4Ru2,화합물,3,94.87,5.3,10.38,18.5,5.87,20.26
OAu,화합물,2,135.29,4.7,13.89,10.36,1.44,20.2
Cu3Si4PtSb3ScFe2,고온,6,67.49,5.6,8.59,5.39,12.99,121.59
Al3Pt4Eu3,화합물,3,105.75,3.3,4.21,41.93,11.44,12.99
W2Rh2,화합물,2,90.85,2.9,7.49,35.87,13.06,0.0
Nd2CuOs2Lu,화합물,4,48.89,2.4,13.41,13.09,2.43,1.13
NiBa2,수소화물,2,56.2,2.0,1.01,78.31,0.89,248.96
ZrC3SbRh4Mg4Mn,고온,6,93.88,2.6,6.73,12.29,2.94,63.49
Bi,원소,1,135.88,4.0,5.59,370.05,7.51,2.31
Tl3Mo3,화합물,2,18.95,5.0,8.24,48.06,6.26,11.98
HLaMo3Ca3,화합물,4,42.51,1.6,7.63,45.79,10.9,21.52
Se2Ir3Fe,화합물,3,61.78,3.1,7.83,10.01,5.52,21.13
Pr2Ni,화합물,2,135.33,4.5,5.22,37.17,8.1,17.16
LuU3AsGdLi3,고온,5,67.69,3.0,5.78,4.74,13.42,93.2
AuCe2ErCd3,고온,4,43.51,1.7,3.85,14.37,3.28,98.44
Mg3H,수소화물,2,52.63,3.6,3.92,67.48,3.25,102.85
FDy,합금,2,125.47,4.2,3.54,72.04,14.69,9.79
Sb4GaTm4Zn3,고온,4,54.65,4.5,8.56,1.66,4.17,73.13
BeEu2SbRhTh3Rb3,고온,6,74.59,5.9,7.34,3.52,4.65,97.54
Er2SnHgCr3,화합물,4,87.38,3.2,9.86,6.44,3.99,12.46
Tl3AsMg2Sb2Se2,고온,5,90.33,5.2,7.21,3.75,9.25,88.8
Ni2Re2,합금,2,103.33,5.1,3.99,53.56,7.22,5.65
Y2Ba2Er4F2,고온,4,72.58,4.9,5.85,5.92,0.45,40.34
Ti2W3VS,화합물,4,19.73,3.9,7.8,14.28,14.56,26.8
Pt3YbCa2,화합물,3,158.05,5.6,7.56,23.24,9.13,4.05
S3MnReIr2,화합물,4,64.23,1.8,13.49,20.46,7.13,0.7
MoP2F3,화합물,3,159.33,2.5,12.21,7.86,14.6,13.71
VSc2Sr2,합금,3,30.86,2.4,15.82,78.64,12.02,1.27
Os,원소,1,68.39,3.0,6.0,69.72,1.53,2.86
Zr4LiEr4,화합물,3,138.18,6.0,12.38,5.63,10.0,20.23
Hg2Sc,화합물,2,34.65,1.6,9.73,11.98,12.27,13.06
Yb2MnRb2Dy2S,고온,5,87.48,2.1,7.2,3.15,0.5,152.06
Sm3Os2Th2Al2Sn,고온,5,57.33,3.9,7.21,8.48,13.26,68.46
LuSrNa,화합물,3,26.37,2.1,3.62,21.3,1.17,16.33
F3Ag3La3VTe4,고온,5,109.31,5.2,7.75,1.05,9.91,83.52
Rb2Lu2S,화합물,3,20.4,3.2,10.21,30.92,13.34,24.89
Te2PSi2LaIr2,고온,5,95.38,2.1,8.99,8.03,5.77,151.02
La4Sr2C,합금,3,105.06,3.3,8.4,78.51,5.58,13.41
Ag2Sc2,화합물,2,78.67,2.6,8.56,38.49,7.94,27.32
S2Er3Rb2,화합물,3,74.32,4.8,7.79,5.19,1.33,7.46
Mn2,원소,1,12.45,4.0,10.55,164.63,3.45,5.56
Cd3Mn3,화합물,2,153.84,5.5,1.92,4.84,4.36,11.27
YFe2Sb4Au2Sn3,고온,5,34.14,3.0,6.21,5.42,5.5,132.62
F4Gd2,화합물,2,141.95,3.2,6.62,26.47,7.31,17.57
Rh2Cs,화합물,2,51.17,4.6,5.56,25.36,8.91,44.16
Tb2KIrHBa2Cr3,고온,6,98.3,2.3,8.58,14.85,9.98,51.13
K3B3U3Sm3Al3,고온,5,117.11,4.7,6.89,12.17,7.03,162.85
LuTl3U3,화합물,3,107.76,2.8,11.69,5.99,7.93,2.85
Ce2NiMg4O,화합물,4,107.31,1.8,9.88,18.32,13.83,0.88
SbEu2Zr,화합물,3,26.5,5.5,7.85,25.74,0.61,9.89
SnAg3Pr4,화합물,3,96.63,3.8,6.08,34.97,8.95,19.38
Cs2Mn,합금,2,134.12,4.7,9.82,29.76,3.08,6.86
V2BePt2,화합물,3,153.92,2.0,10.68,1.13,3.89,4.01
MgK3Li4Ce2Ge2Nd3,고온,6,46.71,2.8,6.65,8.2,5.8,71.14
Nd3MnHf,화합물,3,131.37,3.7,7.96,36.86,4.62,3.3
Ce3Mo2Ca2,수소화물,3,54.78,3.5,6.66,37.07,6.57,232.3
TmSr3WNU2Mg,고온,6,39.5,5.5,6.68,9.63,9.44,119.16
Ru3Au2Co2SbHg2Tm,고온,6,42.4,5.5,6.01,5.23,5.72,42.61
RhRu2Be,합금,3,25.26,5.8,12.58,12.54,13.42,14.41
H3S2Al2Re,고온,4,63.47,1.5,7.36,5.83,11.15,86.7
Be4,원소,1,139.17,3.0,8.74,316.07,7.13,0.0
Cs2TlTm,화합물,3,60.61,2.2,3.69,14.82,10.34,0.78
Tm4CoLiHf2,화합물,4,87.14,5.6,11.38,49.47,2.96,7.75
H4Gd2,화합물,2,86.93,2.0,9.6,28.96,6.04,4.97
TmZr2Mg3Si4Sb2,고온,5,61.05,3.0,3.39,1.14,7.77,130.53
Sc3Fe2Cr2O4Ag2As,고온,6,45.82,1.8,8.85,10.49,4.78,67.97
U,원소,1,95.0,4.0,4.55,177.38,7.36,0.96
LuF2Hf2,화합물,3,127.25,5.0,9.67,5.9,4.94,10.51
Zr2Pr2,화합물,2,149.82,3.5,5.12,23.5,9.4,3.23
B2BiDy3,화합물,3,87.11,2.4,11.77,47.58,0.77,6.81
O4TeTa3CsBe,고온,5,92.95,5.3,4.52,7.32,11.69,139.46
Bi2Mn2Pt3,화합물,3,101.58,2.7,12.1,46.4,14.48,6.32
Ta2P2HfRu3Se2,고온,5,49.96,4.0,8.58,10.71,2.89,101.12
BeU3Bi2,합금,3,151.69,6.0,11.59,28.27,7.09,9.76
OFEr2Au,화합물,4,78.72,2.2,5.58,39.21,11.06,5.17
Dy2As3,화합물,2,149.52,5.5,10.42,26.1,6.9,7.79
C2Ba2Pd,합금,3,96.58,3.5,12.09,29.91,4.95,7.04
Sc2Pd2Os2,화합물,3,60.01,5.3,6.38,43.23,14.86,12.05
Be3Tb4Yb4Ag2,고온,4,71.74,4.7,8.12,3.68,8.0,53.94
Pt2W2GeNi3,고온,4,66.45,5.8,6.55,9.0,8.07,122.54
HfTm,화합물,2,68.36,5.0,12.21,9.87,9.21,14.13
Mo3PdLuS2,화합물,4,116.96,2.2,1.63,42.76,6.5,4.34
Re,원소,1,158.15,5.0,5.64,157.52,0.83,3.92
CrYAs,합금,3,177.19,5.5,5.21,107.17,3.26,0.0
Sr4GdLa3,화합물,3,54.56,2.0,3.23,8.23,9.16,23.8
Sr4Th2Ho,합금,3,69.94,2.9,8.17,74.04,3.82,6.83
Be3MgCe3Sn,고온,4,93.99,2.9,4.33,11.32,14.99,46.78
DyZr4Ir2,화합물,3,135.51,4.4,11.99,23.56,2.14,8.2
C2Mg2Hg2PtCd2K,고온,6,92.34,5.8,8.42,14.56,2.54,36.92
Tb3Nb,화합물,2,60.88,3.8,11.87,48.18,4.23,15.23
Te3N2PbIr4CsZr4,고온,6,136.53,4.8,8.48,2.74,12.54,48.48
Ga2Pr2Os3,화합물,3,48.35,4.0,13.63,27.61,5.94,9.94
Sm2Hg4,화합물,2,108.36,4.4,6.98,45.92,6.88,3.25
SRu2,수소화물,2,47.01,5.6,4.06,6.18,4.84,204.07
SnSr,화합물,2,62.47,4.5,7.66,19.87,11.19,16.7
Tl2,원소,1,86.54,2.0,21.88,52.32,5.24,0.0
Si2Hg3Ti3Nb,화합물,4,89.22,2.0,12.51,44.62,4.63,6.48
Rh2TbV3NiNa4Be,고온,6,45.96,1.5,8.59,11.62,14.94,152.1
Sr2H2In2Hf2Au4S4,고온,6,69.39,4.5,5.02,2.98,4.55,136.53
B2LuW,화합물,3,68.0,4.2,4.94,3.58,11.23,65.77
BiLi4,화합물,2,77.26,2.4,4.03,35.24,12.42,4.03
Al2Rb2,수소화물,2,15.56,2.1,2.06,39.87,6.67,262.22
OEu4Zn3,합금,3,50.91,3.4,4.06,105.88,12.95,2.76
BaGe3Mg3W2,화합물,4,115.51,3.6,12.4,32.06,13.79,27.94
P3KLa3Rh,화합물,4,93.85,3.5,3.6,49.55,7.7,44.63
Pt4HfFe4Co2,화합물,4,153.14,2.6,9.51,49.08,3.86,7.08
Nb2V,화합물,2,158.25,5.5,7.09,16.73,14.87,36.19
EuPt2,합금,2,104.65,2.6,7.17,142.9,5.03,0.0
Sm2Au,합금,2,85.0,4.1,8.79,24.89,12.09,3.36
EuSm3Na,화합물,3,12.61,3.1,2.44,21.88,10.69,26.81
Sc3Nb3Sn,합금,3,35.99,3.4,10.03,81.05,5.98,10.54
Pd3P4F,합금,3,110.29,4.1,3.08,5.43,11.61,13.29
BaW2Nb3Mg,고온,4,75.01,4.9,7.43,8.94,12.5,40.63
Dy4Sn2Bi,화합물,3,35.62,5.7,4.61,27.54,11.59,5.04
Lu2AuNi,화합물,3,71.79,2.0,2.86,34.55,9.08,9.21
CoIrSm2Be2,고온,4,45.39,2.6,4.97,10.09,14.7,156.77
Ir2H2,합금,2,52.49,3.3,5.61,79.71,8.5,2.62
Re2Ni2,화합물,2,104.52,2.8,9.97,13.99,1.96,6.25
Rb2Ga2Sb2,화합물,3,119.0,3.7,3.31,24.56,0.46,7.84
NiCu3Ag3Ca3Rh2Sb4,고온,6,126.41,2.8,3.08,4.61,1.69,65.5
Fe2KScSr2Nd,고온,5,70.43,5.6,6.58,6.45,8.06,159.93
Dy3Re2RbBa2N3Fe2,고온,6,36.2,4.2,7.99,10.32,3.92,84.64
NiBa2TbPN2,고온,5,40.52,5.0,4.07,10.81,12.71,45.87
SrCu,합금,2,77.27,3.3,11.66,64.69,14.22,11.45
Si2,원소,1,162.66,3.0,17.61,214.72,0.82,0.0
MnNa2S,화합물,3,135.51,1.6,11.49,0.83,14.7,17.09
Rh2Ag,합금,2,148.89,2.7,13.24,145.37,10.08,2.98
La2NaFeRb,화합물,4,19.92,3.6,2.85,44.67,10.06,2.97
K2C3SnCo,화합물,4,146.78,4.7,8.29,12.27,7.64,7.75
Cu3,원소,1,31.05,5.0,0.76,231.72,6.0,3.65
Hg2Pb2UCsOs3Sn2,고온,6,108.03,5.8,3.56,5.09,9.24,71.47
MoPb2Hf2,합금,3,43.65,2.0,4.02,55.87,14.7,0.0
Cr2Eu2Fe,화합물,3,55.88,4.3,6.82,43.04,1.37,27.42
NiSi3Nd2,화합물,3,73.28,3.0,9.97,40.6,2.67,13.5
SeRe4,화합물,2,100.09,3.3,13.76,29.39,9.41,11.8
UZn3,화합물,2,148.41,5.0,7.61,37.33,13.15,3.8
La,원소,1,17.22,4.0,4.18,376.37,6.99,5.12
RbPr3Os,화합물,3,60.82,3.5,6.1,44.81,7.39,8.35
AuHf4CMnDy,고온,5,121.44,4.4,4.98,7.48,13.85,90.75
Ta3P2Bi2TlLi,고온,5,86.3,5.3,4.63,12.83,10.46,86.6
Ca2Re3,화합물,2,76.45,2.6,5.36,33.39,1.21,2.0
PdTaAl2,화합물,3,111.27,3.7,13.18,2.22,12.69,9.23
F3Re3Bi3,화합물,3,109.93,6.0,8.33,41.59,2.73,19.39
EuAl2Cs2Sb2Ta4,고온,5,129.21,1.7,6.18,9.65,11.4,149.43
As2W4C4,합금,3,31.73,3.7,14.69,54.85,5.73,7.65
Cs2FTb3,화합물,3,145.9,5.8,9.82,9.87,3.16,8.76
Sc4PdYbWBe4Dy3,고온,6,49.78,4.1,8.17,12.42,14.12,139.02
HoPrHfRe,화합물,4,147.17,3.7,7.18,44.71,7.33,9.97
BInCr3,합금,3,159.19,3.5,15.64,6.97,9.01,9.63
In2Cu2Zn,화합물,3,109.69,4.1,3.98,37.59,5.31,3.04
Lu2Cd,합금,2,176.89,4.7,14.85,35.89,7.54,6.12
SbTm2Sm3,화합물,3,132.18,4.2,2.62,17.75,10.62,7.29
Pr3Ba2Sr3Tm,화합물,4,56.6,1.9,8.14,39.92,3.94,5.14
Os3OMnSr2,고온,4,101.81,3.7,3.43,8.21,3.77,153.93
N4V3,화합물,2,17.23,5.8,9.75,44.82,4.97,3.17
Ce2DyPd4,합금,3,73.11,3.5,5.49,31.87,2.34,5.84
Ag2Sc,합금,2,143.78,4.1,4.91,112.07,5.87,15.88
CIr2RhTl4Ti3Pt2,고온,6,36.21,3.5,7.09,11.18,1.47,38.0
Be3Sm,합금,2,129.48,1.6,15.64,43.15,3.78,2.82
InTl2BiF3,화합물,4,112.14,2.1,9.26,35.66,2.46,4.38
EuVRh2,합금,3,43.28,2.7,8.99,118.12,2.31,1.95
C4Ag2BHgCu,고온,5,119.85,4.2,5.97,10.11,8.05,89.82
In4Bi4PV3,화합물,4,54.81,3.6,2.62,35.74,2.3,8.58
Er2K3N,화합물,3,19.24,5.5,3.7,14.96,6.37,10.8
Ca4Hg,화합물,2,55.21,3.9,2.98,24.79,10.28,4.73
RhBiIrP2Ga3Al,고온,6,131.36,5.5,4.64,12.97,5.2,133.82
Au2YGa,화합물,3,133.35,3.7,2.58,12.45,10.08,11.83
Hg3Sb2Pr2,화합물,3,132.19,4.7,4.6,1.58,1.8,10.33
Ho3In3Tm2Pr2Nd,고온,5,85.94,3.5,3.13,5.41,11.25,54.75
In4B4Mg4Gd2Rh3Y2,고온,6,54.84,4.8,8.17,10.55,2.05,41.26
PrMgRbAl,화합물,4,39.18,6.0,9.9,36.09,3.26,15.19
BeMg2,수소화물,2,42.36,3.4,6.82,66.48,14.92,176.88
Tm2,원소,1,162.05,4.0,12.76,321.88,7.34,10.67
Hf4Sc2C2,화합물,3,51.36,1.5,1.66,34.19,10.81,5.28
UHg4ZrAl,고온,4,36.55,6.0,8.34,5.73,0.51,110.6
PbRuTe2,합금,3,147.28,5.1,6.26,111.67,2.13,6.36
Ni2W3Nb2,합금,3,39.18,3.2,8.84,114.56,12.72,31.25
NdLi2In,화합물,3,80.1,3.1,10.26,47.06,9.76,16.38
Rb2Co2Ga4Ti,화합물,4,156.26,2.2,9.09,48.4,8.72,49.54
SiAl,화합물,2,93.47,1.6,4.66,21.87,6.19,16.72
Gd3HfB2Cu4,화합물,4,129.05,3.2,6.1,30.23,8.34,3.6
Cs4Ag2YPrTh3V4,고온,6,64.81,3.5,6.18,4.12,14.48,131.76
CaRb,화합물,2,121.71,2.7,10.81,45.7,4.17,8.48
Co2SbMg3,합금,3,143.35,2.8,4.72,101.1,0.93,7.11
Hg4CaCsMg2Sr2Tb3,고온,6,45.79,5.3,4.84,5.42,2.91,144.44
Ga2Cr,합금,2,154.0,5.4,13.58,65.18,2.74,8.56
Ho3CoTh,합금,3,68.68,4.6,15.04,58.25,7.61,8.4
IrSc2Mn2,합금,3,101.32,4.6,5.37,87.73,1.08,2.02
PY3CrCa2,화합물,4,60.11,5.0,6.5,41.15,13.64,6.28
LuFe,합금,2,98.29,4.5,3.73,138.86,7.29,11.8
OsAs2,합금,2,149.94,5.2,12.33,56.61,1.71,7.53
CoH,화합물,2,87.57,1.6,2.02,15.51,5.26,13.57
Mo3K3Se,화합물,3,114.01,4.9,3.28,46.03,11.57,8.63
TeSi2,화합물,2,131.61,4.5,9.33,32.85,6.87,6.49
H2Co2CuYb,고온,4,61.91,2.0,8.14,10.97,13.47,52.67
CeDyNbSi4Cr2,고온,5,97.72,5.7,6.88,1.03,14.26,96.54
TiGe4,합금,2,52.71,2.3,10.78,70.08,11.86,0.23
As3Os2,합금,2,142.91,4.0,14.22,71.06,13.39,17.93
LiNd,수소화물,2,5.23,1.6,1.2,49.96,2.95,133.51
Ti3,원소,1,158.14,3.0,15.89,147.77,6.44,5.36
Te2Rh4YbB,고온,4,108.59,5.6,7.96,3.67,8.43,155.16
Er4Zr2,합금,2,116.06,5.5,4.33,69.69,2.66,14.32
LiTm3CdBa,고온,4,132.48,5.9,6.67,9.86,5.27,28.61
Al2Ga2,화합물,2,121.31,2.3,11.03,30.73,2.56,8.1
Au2Yb4EuIr4,화합물,4,105.87,5.8,5.55,48.59,6.34,7.67
Se2EuFe2Y,화합물,4,150.32,4.0,2.66,40.56,4.69,2.93
Cr2Eu,화합물,2,98.54,4.0,6.39,1.77,6.43,9.9
C4Y4K2,화합물,3,114.1,3.3,7.41,29.92,12.34,14.3
OBaSe2,화합물,3,159.05,2.4,5.94,34.3,14.61,6.33
SeFe3Al2Pr,고온,4,104.29,5.7,7.91,3.2,7.52,65.28
Ni4,원소,1,34.0,3.0,17.01,227.87,4.64,0.0
Ru2,원소,1,175.63,3.0,2.54,285.91,9.39,3.33
Tm2Tl3Lu2,화합물,3,113.93,4.3,2.31,20.68,11.53,4.72
ZnTm3,합금,2,121.86,5.1,2.32,148.21,7.96,1.79
Cd2MgLi2,화합물,3,103.57,3.7,7.96,11.36,12.48,21.33
Sn2Pr3Sc2,합금,3,86.08,1.9,3.63,145.39,12.19,0.59
EuN2Dy,화합물,3,90.76,5.4,5.35,6.57,7.71,0.35
Ni2GdS,합금,3,61.3,4.4,4.83,90.9,6.81,5.86
PbF2Dy2,화합물,3,33.95,2.1,13.76,38.37,1.77,6.5
Li4La2,합금,2,113.32,5.2,4.54,82.1,5.03,10.01
Os3,원소,1,82.91,3.0,18.46,292.54,3.5,0.0
Cs,원소,1,144.62,3.0,15.88,393.88,8.05,5.78
NiS3Ru2,수소화물,3,2.88,5.5,1.04,23.64,13.4,155.44
Ho2Sm3,합금,2,122.16,5.6,13.62,64.44,7.17,10.42
AuCe,화합물,2,59.21,2.4,11.43,23.62,14.62,32.66
S,원소,1,93.29,4.0,19.97,6.92,9.66,2.46
HfBe,합금,2,115.87,4.6,4.92,112.79,5.87,4.73
GaK,화합물,2,124.06,4.4,8.89,27.4,3.53,9.47
CaSi3H2,화합물,3,157.42,4.1,11.7,27.49,8.65,4.26
Si2Ca2Dy3,수소화물,3,37.14,5.1,2.2,18.56,9.77,222.23
BiHgCdC,고온,4,62.35,2.6,8.18,1.4,11.57,161.23
TbBiLaLu4Ba2,고온,5,50.34,3.1,3.34,6.99,13.2,149.79
UHo,화합물,2,116.07,5.3,13.54,22.87,0.88,3.29
Cd3Sm4,화합물,2,103.76,3.1,4.29,15.05,13.9,14.84
Ta2Cr2Se2Co3,화합물,4,31.38,5.8,6.6,14.78,10.6,11.86
LiNi3Se2Y4Sb,고온,5,53.41,4.1,5.14,4.29,10.17,164.99
Pd2Tm4Hg2,화합물,3,150.16,2.1,9.58,18.64,13.36,1.59
AuBa,화합물,2,85.14,1.8,8.21,38.91,8.32,3.61
ReAl2,합금,2,35.39,4.4,12.29,52.06,4.61,21.94
Mg,원소,1,16.59,3.0,18.72,275.95,3.43,0.21
NCeBaSeAg3Nb,고온,6,116.89,1.5,6.56,5.42,6.13,92.27
TlEr3U,화합물,3,134.93,5.8,6.99,37.05,12.05,4.97
PtFeB3Ge,화합물,4,89.89,2.3,9.34,27.6,10.17,3.11
GdS3,합금,2,53.87,4.3,13.74,84.24,9.5,5.95
BiSiTi3HIr3Re,고온,6,102.9,2.5,7.93,7.53,12.59,61.96
Cd,원소,1,110.5,3.0,6.94,147.16,4.41,0.0
POs4Cu4Yb4H,고온,5,129.2,2.3,3.07,14.4,8.58,58.61
AsRu,합금,2,156.84,1.7,12.69,34.06,4.76,0.0
TlCdMnMoTe2,고온,5,133.54,2.8,4.88,12.78,6.96,63.12
ZrK2Eu,화합물,3,149.02,5.3,4.63,14.84,14.4,30.17
Ru2Tm2P,합금,3,134.75,4.7,3.25,127.73,3.01,2.34
Sb2BeIr2,화합물,3,155.62,5.9,4.05,39.29,12.01,7.8
P2Th3As2Ru2,화합물,4,116.44,5.9,5.05,3.06,14.64,12.88
Zn4Nb2Hg4,합금,3,144.32,4.9,12.22,103.84,4.18,5.4
Pd4V2Eu2Cr2Rh3B,고온,6,111.33,5.6,7.13,11.15,4.1,81.17
Os2FLu,화합물,3,17.9,3.8,9.54,1.83,13.44,5.32
Rb2Er3Yb3Pr2,화합물,4,118.48,1.8,5.1,23.4,3.49,24.04
Au3Pr2B3,합금,3,24.11,2.2,13.42,9.37,7.72,7.86
AlO4,화합물,2,65.82,5.7,4.27,49.98,5.71,10.37
Cu2YbO4Mg,고온,4,116.47,1.7,3.15,6.61,11.24,27.96
BTb4,화합물,2,11.1,3.5,5.06,23.41,10.74,2.07
Se2H,수소화물,2,35.44,5.4,6.67,69.89,7.27,216.94
Mg3RbAl3Bi4Ce,고온,5,126.57,1.8,4.22,7.51,11.56,52.76
CuNd2,합금,2,43.95,5.9,14.75,128.18,3.09,4.76
LuNd3Tb,합금,3,165.56,3.1,10.83,25.16,12.42,2.58
LuGd3IrIn4Ca2,고온,5,71.16,2.0,4.94,4.47,6.9,93.32
ScCr3C,화합물,3,122.14,1.9,8.28,6.86,3.07,0.86
Er3,원소,1,60.71,4.0,12.62,348.71,7.05,0.0
U2TmY,합금,3,152.34,4.4,5.28,38.49,5.33,6.49
Re2ZnNi,화합물,3,111.83,4.5,7.31,45.13,4.67,5.86
Tl2In2Er4Nb3BC3,고온,6,133.67,3.0,6.0,8.82,7.85,83.29
NTa2,합금,2,84.14,4.0,6.85,38.9,3.67,3.59
MgTlB3,합금,3,34.73,5.8,3.93,69.78,4.1,2.44
OsAl2C2Ir2Ge3,고온,5,75.1,2.9,8.41,6.59,8.47,102.67
Rh2Ti4LaU2Tm2W2,고온,6,94.21,4.1,3.83,2.08,5.86,63.83
HfLa2Re4Pt2,화합물,4,54.5,3.0,12.45,30.59,9.89,1.44
GaHg4TlAl3Na,고온,5,94.14,4.5,6.37,10.39,5.6,91.85
STh,화합물,2,124.08,5.0,10.29,25.24,1.01,13.55
Gd2U2Cu3Se3,고온,4,95.69,5.4,8.9,7.3,11.96,121.02
Os2BiTa,화합물,3,90.25,5.4,9.88,13.14,4.21,13.79
Se3Sr2,합금,2,68.03,1.9,15.9,98.15,1.08,5.0
Hg2W2PSn2,화합물,4,93.77,4.5,6.49,1.12,13.04,15.07
U2P4,화합물,2,63.28,5.5,1.85,45.89,1.36,8.21
Ni2UCd,수소화물,3,54.23,4.1,1.46,66.63,2.31,165.57
Bi3TeAg2,화합물,3,92.93,4.0,12.86,38.57,8.2,13.39
Lu2InEu2BaAg3Ru,고온,6,100.4,3.6,3.3,9.92,14.76,117.08
PdNb3C2DyNi3Si,고온,6,55.34,5.8,7.56,1.06,1.01,153.19
Ce2Zr,합금,2,178.12,4.4,5.83,124.59,2.74,5.43
La3TiTh2Ru2Rh3,고온,5,122.52,5.7,5.5,14.69,5.19,37.03
P2Be4Yb2,화합물,3,55.09,5.2,1.95,5.64,2.75,6.69
Cu4Co3Pb2SrAg3,고온,5,100.9,5.4,6.8,12.48,13.97,115.88
TbAlSr2Si2,화합물,4,31.96,3.0,1.91,19.95,12.27,10.32
Sr3Li3Er3Zn3Ru2,고온,5,92.45,1.9,8.88,12.39,12.65,66.58
K3Ni,화합물,2,131.42,1.9,11.44,38.01,12.57,0.39
Sn2Ba,합금,2,94.82,3.7,6.42,121.17,13.39,3.15
BaLu3Ti,합금,3,42.52,2.9,12.74,19.76,0.82,9.3
Te2Tb4,화합물,2,135.56,4.3,12.25,19.26,8.3,9.93
Rh2Ba2Hg3Mn,고온,4,114.66,3.5,4.23,4.07,11.27,152.94
BiPr,화합물,2,72.32,5.2,6.45,44.64,9.12,21.74
LaCd3Ir3,화합물,3,158.37,4.5,5.25,33.8,5.81,15.78
Th3S2Tb3Ni,화합물,4,129.6,2.8,12.05,34.51,11.02,5.09
Y3Re2GeAu2,화합물,4,71.44,3.6,2.78,46.18,7.03,26.97
B,원소,1,215.39,4.0,18.37,144.37,2.05,9.22
Ti3Pd2TmU4Na3,고온,5,89.85,4.1,8.71,1.98,2.79,78.6
Al2HSe3,수소화물,3,2.49,4.4,6.09,35.11,7.53,122.8
Re2O4Th2,화합물,3,117.96,4.4,2.91,12.74,5.39,7.73
Pb3,원소,1,230.08,3.0,12.3,170.15,1.94,0.0
Mg4Pb,합금,2,40.08,4.1,10.82,123.53,14.51,9.21
Tb2HfEu3,화합물,3,80.63,4.5,9.75,26.93,10.56,19.14
Sr3PbTb2N2,화합물,4,52.91,4.1,10.91,31.11,13.71,19.74
AgPt4Ni2MgNd2Ga2,고온,6,122.2,3.4,8.91,6.25,5.05,154.44
SiTe,합금,2,144.25,4.1,4.02,149.63,12.29,9.7
K4F2Bi2Mg2Cs,고온,5,132.27,5.0,5.03,6.89,12.56,99.33
YbTe3Si3,화합물,3,153.02,5.5,13.36,48.34,13.21,13.31
S3DyNb4,화합물,3,115.12,2.0,3.37,3.74,2.04,1.87
WSb,화합물,2,21.34,3.7,3.48,10.22,0.99,9.71
PtLi2,합금,2,95.32,1.7,15.79,75.94,10.47,0.0
Hf4Cd2,화합물,2,21.29,1.6,12.31,23.99,5.26,4.86
Hg2YbEr3NdZn2Eu,고온,6,70.05,5.8,3.36,9.42,12.55,153.49
Zn3Sm2Ba3,화합물,3,15.72,3.3,11.48,6.52,11.5,7.94
Zn4Pr2BeMg2Hg,고온,5,74.36,2.5,8.69,12.28,4.56,96.92
TmNi2PtIr4,화합물,4,74.13,5.5,6.97,49.7,10.97,11.7
DySe3Zn4,합금,3,82.13,1.7,15.31,14.12,8.58,5.2
La3Pt3Mo2,화합물,3,22.14,4.5,11.13,9.98,10.94,27.48
Lu4ZnSn2,화합물,3,31.56,3.3,12.91,1.91,5.0,6.63
Th2Na,화합물,2,44.33,3.3,8.11,25.95,14.85,15.51
Zr2Ce3,합금,2,91.8,3.8,10.74,106.92,5.81,1.61
ErGa3Pr,화합물,3,30.64,5.4,12.54,27.51,5.38,9.82
Sc3,원소,1,199.43,2.0,10.5,78.0,3.43,8.55
Rb2Ge,합금,2,64.68,1.7,5.36,48.59,8.5,1.26
RbLa,화합물,2,98.99,2.7,7.21,32.62,6.22,18.0
Cd2BNd,화합물,3,37.47,5.7,8.39,38.29,2.3,10.48
Ge2TmNbPNi2,고온,5,78.68,5.6,4.83,6.26,10.08,141.85
Cs2InSe,화합물,3,45.48,5.0,4.98,39.56,13.88,16.07
NdNa2In2Dy2,고온,4,81.36,4.0,7.05,12.7,6.59,158.11
HgPb4,화합물,2,117.5,5.0,10.52,18.08,5.67,6.3
V4Ga,화합물,2,88.92,2.4,12.9,43.31,8.43,3.64
Sr2Er2Tm4,합금,3,93.73,1.9,8.56,70.59,7.69,3.57
Y2Be2HoZn2Mn3,고온,5,83.2,5.7,6.11,6.16,7.99,46.88
ErTiCs,화합물,3,122.71,6.0,5.25,12.16,12.66,11.74
Ti4LuCaV,고온,4,120.69,3.7,3.68,12.28,3.95,80.6
Nb2SiAg2Sr2,화합물,4,84.9,5.5,11.62,18.95,8.35,19.25
LaSiHf2,합금,3,64.82,2.6,10.08,147.13,12.46,3.1
Ge4InSr4,화합물,3,158.79,2.2,12.69,44.95,3.95,8.36
Cd,원소,1,234.96,2.0,14.7,60.54,6.34,1.06
As3Gd2Pt,화합물,3,114.22,5.9,12.56,4.1,14.06,36.8
TaFe2Li,합금,3,171.35,3.3,9.73,109.97,13.31,9.29
BSe,화합물,2,20.33,2.7,13.86,45.22,14.86,9.03
Ni4Tm3Tl,수소화물,3,48.83,5.7,1.25,72.83,10.41,192.6
Rh2TbAg,화합물,3,35.85,5.9,3.55,49.26,4.24,20.82
SeSc3GaBTh,고온,5,122.1,1.7,7.87,10.08,10.2,45.44
Sn3Ni4,화합물,2,19.43,4.4,13.57,8.67,2.29,7.54
MoRe4Pd2Se,화합물,4,25.7,5.9,8.79,46.9,12.52,17.54
Co2Ti2Tm2Nd2Cs2Ir4,고온,6,50.51,2.1,4.85,11.79,9.69,114.22
Eu3TbCaRu2,고온,4,115.37,5.0,8.17,3.82,11.82,61.75
MoTm4AsRePd2Nb,고온,6,54.37,2.5,3.56,13.89,2.47,157.0
SLaTh4,화합물,3,35.51,3.6,2.57,40.19,14.36,10.26
Cu2N,화합물,2,58.84,2.9,5.21,22.92,2.93,2.39
MoRe3,합금,2,101.16,3.3,4.38,126.84,3.47,4.15
EuAs2,화합물,2,140.23,4.9,7.01,49.66,10.95,6.11
FeAl2Hf3Rb4,화합물,4,76.88,3.1,5.62,36.67,7.74,17.07
Ta2Si3Cr3V,고온,4,113.6,4.5,8.92,14.35,7.82,75.95
Li2CeRuMo3,고온,4,47.6,3.5,3.96,12.83,13.98,41.41
NaCs2S3,화합물,3,147.29,2.7,8.23,39.09,7.78,13.57
Ba2,원소,1,217.36,5.0,19.3,305.25,2.59,7.7
P3Na4UScMg2,고온,5,37.06,5.9,7.24,8.6,14.05,47.8
HTh4,합금,2,176.84,3.1,12.31,101.08,9.79,1.8
BeSW2,화합물,3,57.56,3.7,9.1,42.05,5.79,4.05
V3,원소,1,172.49,3.0,9.6,36.01,4.33,2.19
Ca3UGd2,화합물,3,159.35,5.7,9.2,44.05,1.9,8.62
CrSe2,수소화물,2,32.99,2.2,5.95,14.65,6.23,169.04
Cu3Pr,합금,2,121.02,5.9,11.74,51.1,6.81,18.1
Th2Ag2Se3Cs,화합물,4,150.12,5.2,13.87,26.24,6.2,5.83
C2NErMg,화합물,4,27.42,3.8,8.29,16.61,11.4,9.12
TaAgRe3Be2B,고온,5,63.74,2.8,8.75,10.99,3.25,56.03
Ru3SrErZr,고온,4,90.97,4.2,3.43,4.69,9.75,91.86
Re2Ga2Cu2,합금,3,53.83,2.5,10.99,137.95,12.23,3.91
Mn2In4,합금,2,115.15,4.4,13.35,26.27,8.13,3.18
Cd4Tl2Li2Eu,화합물,4,115.93,1.9,11.3,12.67,12.91,21.84
DyNb2,화합물,2,124.74,1.9,3.21,21.55,13.67,2.71
InNa4Ge,화합물,3,49.64,4.2,12.6,16.44,3.29,0.0
Au2,원소,1,157.88,2.0,9.55,221.36,2.46,0.0
Os2Ta2,합금,2,105.92,3.1,8.36,14.02,6.09,5.33
CrCa,화합물,2,13.47,3.3,2.26,40.77,3.49,23.1
S2RbMo,합금,3,43.68,1.7,15.1,100.58,0.62,0.0
CdBe4NdSi2Er2,고온,5,62.99,2.0,8.53,10.5,5.41,121.11
Te4,원소,1,208.87,4.0,4.32,246.54,5.04,0.0
PbRhSi4,합금,3,109.82,4.8,13.19,79.06,5.51,7.38
CdNb,수소화물,2,1.57,5.0,4.44,44.97,3.41,283.92
S2Sc3Gd,화합물,3,61.71,2.2,9.78,6.36,12.53,10.6
Cu2Nb2,화합물,2,148.58,5.7,9.5,5.98,8.18,31.95
WSeGa2,합금,3,142.03,2.3,13.3,44.67,4.17,6.31
Zn2NiS2Eu2,화합물,4,18.03,5.9,9.04,32.42,7.5,5.83
Li2Y2In3,화합물,3,92.94,4.2,2.12,39.68,5.13,18.11
UMo2Te2,화합물,3,25.62,2.4,3.44,10.64,6.42,0.98
Pt2Tb3Tm4EuEr,고온,5,99.03,5.7,3.08,1.93,5.36,125.85
H4TiCr3,화합물,3,88.21,2.5,1.99,44.82,4.91,14.64
Zn2YU3,화합물,3,110.49,2.0,5.29,5.79,5.95,2.82
Th3F,화합물,2,140.09,2.3,13.19,12.89,13.15,5.72
C2Er4Re4,화합물,3,63.55,3.2,11.67,16.24,6.39,4.03
Zn4Sc3Zr3,합금,3,169.41,1.7,14.7,75.86,7.77,4.92
B3OsAlNi,화합물,4,85.53,5.6,11.3,7.1,6.18,14.22
TiZn3Ir2,화합물,3,36.68,3.7,12.9,3.16,3.71,5.18
Ho3Cu3,화합물,2,68.23,3.5,2.06,27.43,6.02,4.61
IrFeBa3Mg3B2,고온,5,66.14,4.6,7.47,2.67,6.58,126.15
Cu3LiTiSr3,화합물,4,22.33,3.9,12.49,45.44,6.1,6.12
F3KRe2OBSn2,고온,6,139.82,5.5,5.03,1.14,1.46,102.08
SmLi3,화합물,2,77.75,3.9,5.35,19.04,0.32,5.19
Dy2Be3Co3Al,화합물,4,104.3,4.4,2.31,31.11,10.01,9.22
B2Hf4Ce2BaYb3,고온,5,35.57,2.9,5.08,7.88,4.99,39.34
CaTi2In4,화합물,3,45.26,5.5,3.36,12.0,1.31,27.91
Cd2FTl2Cr3,화합물,4,153.42,5.2,9.01,42.32,1.19,12.46
Be2,원소,1,32.0,3.0,9.93,233.65,0.61,0.0
Re2SN4,화합물,3,79.82,3.0,9.76,30.52,11.09,6.59
ReTa2Fe4,합금,3,136.14,3.4,10.72,30.72,4.59,5.14
AlK3,수소화물,2,6.8,5.8,7.23,29.92,2.92,277.12
Pb3Au3Pt3Ca4,화합물,4,91.97,4.3,4.79,1.49,3.48,12.03
Ce2OTh3Cr2,고온,4,114.84,3.9,8.3,1.65,12.56,146.86
Hf3PrZn4,화합물,3,86.65,4.4,6.27,18.32,10.69,33.31
RhLuPb4,화합물,3,98.67,5.7,1.53,15.58,13.29,14.67
Al2Be3Zn2,화합물,3,27.3,4.4,10.51,32.68,3.49,7.42
F2W2N2Ni2Mo3Hg,고온,6,136.87,4.6,7.16,6.49,13.67,35.37
Mg3VK2Cs3Re4Th,고온,6,35.8,4.7,5.39,9.08,2.21,128.32
Hg3Ga2Er3,합금,3,111.68,3.2,10.66,105.01,2.5,8.54
NaPt3,화합물,2,17.03,3.3,8.14,9.79,9.84,11.51
V4F3,화합물,2,122.48,3.3,9.81,24.68,9.72,5.73
H2,원소,1,45.55,2.0,14.49,79.1,9.95,0.0
AgBeRe2,화합물,3,68.07,4.5,3.09,46.52,10.1,8.9
GeTlCe4Ta3,고온,4,59.46,5.9,6.11,7.2,12.84,154.37
Yb3Ti3Hg2,화합물,3,138.17,1.8,7.32,26.58,13.03,2.47
WRu4AlHo2Si3,고온,5,71.47,4.7,5.16,3.97,8.3,89.77
Al3Nd2Cs4,화합물,3,99.31,2.4,2.95,46.5,4.49,4.91
SiSc3SmU2,화합물,4,12.5,3.8,9.52,24.42,6.3,9.86
Cd3N,합금,2,98.62,2.1,13.78,55.16,0.22,18.62
CrCTa2Ge,화합물,4,88.15,1.5,7.24,31.36,9.8,14.84
AgHPr3BNiSn3,고온,6,85.88,2.3,8.79,4.28,8.5,54.24
NLuTb,화합물,3,62.07,4.6,8.22,13.76,2.45,8.79
Tb,원소,1,203.2,4.0,10.93,169.53,4.36,9.32
Cs3CoIn,합금,3,152.53,2.5,14.99,69.67,11.93,10.95
O3,원소,1,130.51,3.0,15.66,350.16,4.6,0.0
EuHf,화합물,2,83.87,1.8,6.43,2.04,5.83,9.91
FeNaTh3Tl4ErBe2,고온,6,95.54,2.0,8.7,4.87,1.55,85.79
Li2TlCo3,합금,3,127.71,5.7,14.52,83.1,3.16,19.06
TlAsBaEuBe2In3,고온,6,30.02,3.0,3.32,12.99,5.42,151.55
Ta2Ce2H3Er2,화합물,4,44.84,5.3,8.18,18.65,8.52,20.99
Nb3Ga2Ir2,화합물,3,10.81,4.5,13.8,0.57,3.35,21.88
Tm2Ga3,수소화물,2,21.87,5.6,5.47,53.68,8.38,110.25
Ge2PbCo,합금,3,110.61,5.0,7.68,54.38,9.68,1.99
Sb2RbRh2In2Ta3Pb2,고온,6,40.02,2.6,4.01,8.41,7.65,157.98
UBi4,합금,2,97.42,4.5,3.26,119.77,6.19,2.66
K3Si2Y2Se,화합물,4,127.8,3.2,10.86,21.39,2.7,0.45
Tm3Pr4NiO2Sc3Er4,고온,6,100.1,4.4,3.41,9.74,8.86,127.24
WYGe2CuNDy3,고온,6,89.37,3.8,8.55,9.51,2.9,127.24
In2Sr3,화합물,2,87.71,2.9,8.62,21.03,2.8,9.2
Er3SeGe,화합물,3,139.19,5.2,1.67,40.85,1.29,6.07
CeTi,화합물,2,19.95,4.0,12.65,31.96,3.59,4.02
FeRu2Se3ZrCaAu3,고온,6,33.38,5.0,8.27,8.88,14.05,41.02
OIr,합금,2,126.65,3.6,2.62,35.24,6.8,22.39
CuN3In3Cd3,고온,4,58.4,5.9,3.57,10.6,6.76,56.1
Be2GaRh2Re2,화합물,4,57.28,4.0,3.53,31.38,13.4,2.67
La3Al3LuNd2,화합물,4,136.77,4.8,11.59,17.6,13.82,36.46
CPd,화합물,2,140.16,3.5,4.83,8.12,4.5,0.16
LaO3Ba3,화합물,3,133.55,5.1,3.74,2.27,0.36,12.52
Ge3Er2HBi3Co3,고온,5,71.0,5.8,3.76,13.34,1.09,143.81
Mg2Sr4,화합물,2,112.11,5.0,7.96,19.13,14.74,2.29
BeNb4,수소화물,2,48.32,4.8,6.77,44.48,12.71,171.56
Be2TePd2,합금,3,107.8,4.2,4.8,131.8,4.38,6.2
C2Bi3Rh,화합물,3,51.85,5.8,8.9,39.27,3.38,10.82
Th2LaBi3As,고온,4,71.4,4.7,5.02,8.51,6.56,132.42
Sn4Pr2Nd,화합물,3,55.26,1.6,13.77,39.74,9.75,4.63
CaNa3,화합물,2,53.38,2.9,9.0,48.81,11.61,8.18
Ca3K4Zn3O,화합물,4,48.84,3.9,2.11,42.1,13.34,7.59
MoZrSn3Al4TeY2,고온,6,33.56,4.7,5.0,2.0,12.21,162.44
Mo2BaNd2Th3Hf3,고온,5,100.48,3.9,7.36,13.72,8.19,106.17
Zr4Cs4,합금,2,102.59,5.2,14.65,90.85,8.31,11.82
Os2F2CaO3Te,고온,5,135.38,5.6,8.37,12.7,0.87,100.83
Zr2Mo3,화합물,2,64.63,1.7,2.99,16.22,0.56,10.28
Pd3Fe3Sb,합금,3,82.23,3.3,10.66,137.43,14.86,4.59
Ta2P2Sc3S2K2Na2,고온,6,77.39,5.1,7.69,1.24,3.48,33.51
ErRe4TmP,화합물,4,63.91,1.7,7.01,13.77,6.65,4.01
P4NbH2Rb3ZrLu,고온,6,54.1,2.5,8.53,10.5,13.82,125.11
Pt2N,합금,2,92.44,1.6,7.98,96.63,0.67,7.97
Th2,원소,1,181.93,3.0,1.25,42.77,6.84,0.0
TmMg3Ir2Te,화합물,4,62.64,3.8,7.41,15.83,9.62,6.13
Y2Zn,합금,2,93.48,4.9,3.98,125.4,13.76,12.99
LuGe2Yb2Te2F2Sm3,고온,6,108.47,4.5,5.95,7.73,14.07,99.78
Au2N3Ge,합금,3,33.73,3.6,6.5,107.58,6.75,7.31
Y2Si2Fe2,화합물,3,43.21,5.7,6.93,18.94,5.57,11.06
Lu2Nd3,합금,2,99.13,2.3,15.66,139.45,10.72,2.02
Cd4Zn3Na3Ce3,화합물,4,147.37,4.4,2.05,20.24,5.42,11.59
Ga3CBe2AsLu,고온,5,31.86,5.7,8.73,10.36,7.01,137.94
FeIn,합금,2,69.06,5.3,3.8,73.02,5.51,19.78
MnCd,화합물,2,28.1,2.7,13.21,22.57,11.63,33.32
Te4CdSTh2,고온,4,80.04,2.3,5.15,8.13,1.19,147.89
CaSbCr2,화합물,3,61.71,4.0,6.91,48.34,11.51,10.18
HTh3Zr2Li4,고온,4,111.92,1.5,4.91,9.29,7.35,155.66
Zr2PrMg4,합금,3,69.59,4.3,13.8,24.99,5.9,10.06
U3Na2Ge4,합금,3,164.05,2.0,10.61,59.78,4.03,9.05
InRhB3Sb2SeP2,고온,6,110.98,3.8,4.36,5.69,3.66,74.22
HNdLi3,화합물,3,32.4,3.6,2.65,24.9,11.0,0.98
Se3HTl2,화합물,3,132.75,1.8,8.53,20.84,8.4,5.48
Ca2Eu2Sn2,화합물,3,129.36,3.2,13.04,23.66,1.19,7.93
TiTm4Cr4Si4,화합물,4,79.93,3.2,10.61,17.53,9.21,10.3
Lu2,원소,1,138.49,3.0,16.9,231.95,6.01,3.04
NbPd2SrAs,고온,4,137.12,4.1,3.83,12.23,6.24,112.33
Er2YTi2P3,화합물,4,78.85,5.6,4.42,2.52,10.87,7.32
BLi2Re4,화합물,3,131.37,4.6,11.19,18.88,7.51,26.37
NK4InAuGeSm,고온,6,102.31,5.8,5.49,3.94,5.58,155.13
Pr2Os3Sc2,화합물,3,84.18,2.6,4.83,46.32,12.19,2.41
Na4AgBe2,화합물,3,90.44,5.4,12.55,29.25,4.77,16.2
Be4Eu2Ni3P,고온,4,126.0,4.1,6.61,11.1,14.84,165.85
Sc3URb2Nd4Tb,고온,5,40.79,1.7,8.69,14.82,9.15,99.75
Eu3Cr,화합물,2,27.38,2.3,12.41,16.16,1.22,6.24
K3Ti2Al4,합금,3,94.88,4.4,5.08,50.93,12.11,4.84
Sb4Cr2,합금,2,157.44,3.7,8.26,31.23,10.9,1.83
TmSnLi3,화합물,3,146.01,5.7,10.16,45.53,9.71,7.01
PLu2Sc,화합물,3,147.58,6.0,7.92,21.85,5.39,7.11
Cd4CInSe2Ga,고온,5,45.87,1.6,6.74,4.7,8.32,130.72
CHFe2CeIn,고온,5,58.06,2.3,3.13,10.68,11.68,127.08
Ho2Lu3ScPt2Rh4,고온,5,99.54,4.0,3.77,7.94,10.42,102.35
NbSiBi3,화합물,3,85.81,5.7,11.02,2.78,13.3,11.58
InZr3Ce3Th,고온,4,56.3,5.9,7.79,10.93,13.02,154.52
Os3Re3,화합물,2,21.26,2.6,7.22,33.93,14.01,6.99
IrRh2,합금,2,77.86,2.5,6.91,119.05,5.48,4.54
Zn,원소,1,72.53,4.0,5.48,374.02,0.77,0.87
Yb2Hf2Gd4Ag,화합물,4,12.8,1.7,13.21,27.88,14.28,6.04
PrCa3Ta3Te2Mo2,고온,5,82.06,4.2,6.58,11.62,8.25,45.59
CRh4,합금,2,72.1,3.7,3.39,117.22,4.2,3.82
Mo2Ir3Zr2,합금,3,127.83,2.2,13.3,48.35,11.96,15.94
Pd3B2,수소화물,2,14.15,1.7,5.5,10.38,5.26,182.56
Mo3,원소,1,57.9,5.0,10.9,392.09,8.27,6.11
P2CNdRh2As2Tl,고온,6,104.27,4.6,5.02,4.43,11.56,63.22
Lu2Bi2Ho,화합물,3,15.46,1.9,3.9,19.77,3.98,1.8
Co2,원소,1,106.5,5.0,13.17,217.33,3.48,9.01
Ni4Zn3CsGa4FTe2,고온,6,123.74,3.2,3.55,11.56,12.34,53.67
Er3LaCd,합금,3,96.69,2.6,11.36,36.27,6.03,0.0
Pb4Sm3Co,화합물,3,130.1,5.6,6.68,41.36,5.32,17.58
Cd2Be2Sc2,합금,3,70.05,4.1,10.02,123.25,3.13,0.11
Se2,원소,1,50.31,2.0,19.87,287.7,8.19,4.26
Nd,원소,1,53.63,4.0,3.13,144.97,4.33,3.38
NaRu,합금,2,130.14,3.1,7.06,143.48,3.42,8.35
Re3,원소,1,28.55,4.0,3.94,313.68,3.86,3.1
As3CeDy4Ga,고온,4,79.75,3.3,4.35,1.35,4.82,131.11
Tb2Tl2Sm4,화합물,3,130.92,5.6,8.24,1.36,3.18,5.46
Ho2Th3Li2,화합물,3,135.19,5.7,6.7,7.17,6.22,9.26
CsCoInAs,화합물,4,67.12,4.7,5.62,26.85,0.25,20.89
RhNd3EuSrCa,고온,5,123.79,3.4,7.27,12.87,6.48,101.1
ODyNdCa2As2,고온,5,94.72,5.9,8.97,3.21,12.75,147.79
W3Dy,화합물,2,126.39,2.0,12.25,23.39,4.41,31.51
As2USmTeLa,고온,5,95.32,4.9,4.08,6.05,1.31,55.35
Tb2Yb3Lu4,화합물,3,77.95,1.8,1.98,14.43,10.73,0.1
AsC2K,화합물,3,35.59,4.1,5.88,13.17,9.39,4.83
Rb2BeIr3,화합물,3,126.54,1.6,5.48,31.44,13.36,14.47
Sm3HZr,화합물,3,41.66,4.6,6.95,26.75,3.91,14.11
Mn2Os3Ir2,화합물,3,48.25,2.0,6.62,8.12,7.2,11.52
LaRbBi2,화합물,3,34.47,3.7,6.23,17.46,3.02,5.93
TiZn,수소화물,2,17.19,3.0,5.08,67.76,13.06,168.87
Cr2B3Os3Hf2,고온,4,131.18,3.0,4.62,11.41,3.68,37.52
SbU2Sn4,화합물,3,28.12,2.9,10.49,49.21,5.85,8.43
Tb2Hg2,화합물,2,124.56,5.9,9.94,3.87,10.31,17.91
Lu2Pb,합금,2,113.92,3.6,12.89,42.04,13.23,19.03
FeYb3Ta2,합금,3,136.91,1.6,7.25,35.04,7.92,13.42
Nb4Sr2,화합물,2,109.59,3.3,11.22,9.16,3.78,10.5
TiDy2Eu,화합물,3,124.94,1.9,10.49,24.44,11.4,5.13
Dy4,원소,1,199.1,2.0,13.65,50.67,5.47,0.0
Nd2Ca2Ho2Fe2Sb3,고온,5,87.88,5.9,4.48,14.12,14.72,164.46
Nb4Nd2,화합물,2,85.32,2.2,7.15,49.51,6.42,18.89
Th3Ti2,화합물,2,128.14,5.2,4.62,3.01,3.89,88.87
N3,원소,1,209.64,4.0,1.7,318.99,0.91,0.0
PrO,합금,2,21.47,4.5,10.14,98.75,6.47,4.82
Ba2Bi4Rh3Ni2,고온,4,58.01,4.9,6.35,3.82,10.39,42.46
Mg4Ce3La,화합물,3,15.11,6.0,2.47,39.68,13.72,29.77
B3SiSb,수소화물,3,24.13,3.4,5.92,8.67,8.23,164.89
Al2AuFe2,수소화물,3,2.65,1.8,5.16,5.07,4.93,159.38
Co3YHg3,화합물,3,148.0,3.1,8.89,1.2,13.44,4.68
Mg3Nd4Ge,화합물,3,120.1,5.1,9.29,37.93,10.56,27.33
ZrIn2CDy,고온,4,138.38,1.6,3.57,2.92,8.21,142.24
C2Nd3,수소화물,2,35.83,5.0,5.59,50.94,1.87,225.56
Mn4Tm2,화합물,2,10.57,5.7,8.65,17.42,14.81,3.96
DyZnOs3Ir2,고온,4,58.4,2.0,5.91,10.73,2.29,58.74
GePt3O4Ru2N,고온,5,31.83,4.8,4.43,7.87,12.46,128.0
Lu3Hg3,화합물,2,14.1,3.9,7.12,44.38,6.45,25.61
Cr3Rh2VRe,화합물,4,118.74,5.3,7.95,23.99,7.06,8.34
SiBi3GeW2,고온,4,139.96,1.7,7.6,10.68,1.72,57.5
Pt3Co2,화합물,2,101.51,1.8,2.02,10.69,2.31,10.53
Mg2,원소,1,144.55,3.0,19.18,132.78,2.66,0.0
H2B,화합물,2,37.27,4.9,1.78,25.62,5.68,5.35
MgO2,합금,2,39.6,4.9,6.72,125.18,6.81,6.26
LiSn3Nb2,합금,3,37.59,5.6,11.36,145.36,2.85,5.0
Cs2In2GaLi2DyZn2,고온,6,118.69,5.6,3.43,9.89,5.42,51.24
Ho,원소,1,61.49,4.0,11.3,213.38,8.01,3.29
FeUW,합금,3,37.89,1.6,6.11,87.43,4.53,10.42
SbRh4Sm2,화합물,3,92.9,5.9,3.16,3.3,2.44,12.87
SrNbAs3,화합물,3,73.03,2.1,3.37,33.66,4.47,26.72
SiPb4EuCs,화합물,4,56.43,3.6,10.82,4.73,8.44,6.71
W3Cu2Ge4,합금,3,46.48,5.6,15.26,68.95,3.55,5.64
Cd4ReSm,합금,3,127.07,5.0,14.73,99.58,3.31,9.07
Ni2Ta3,합금,2,56.36,4.6,9.8,15.7,4.39,2.6
Y2CrSr3La,화합물,4,66.49,4.9,7.29,16.59,0.4,10.3
NK3Ce,합금,3,167.33,2.2,14.22,12.31,8.71,9.6
HgScOsW2Ca3Cu,고온,6,109.82,2.2,3.58,14.67,2.43,73.79
F2Yb2Be,화합물,3,46.59,5.7,3.52,45.84,14.33,37.99
Cd2,원소,1,201.59,5.0,17.88,106.67,4.64,6.1
Co2Pr2,화합물,2,150.12,4.4,13.51,49.63,4.02,14.31
C2WSe,화합물,3,34.87,2.4,11.8,9.03,6.57,10.09
SeBe3V,화합물,3,86.22,3.3,10.59,19.37,6.73,11.07
ThO2,합금,2,149.1,3.1,11.96,16.16,14.02,5.98
Sn4Fe2Yb,화합물,3,125.15,5.4,3.86,24.55,4.11,12.53
SnCaYPd,고온,4,61.54,2.8,7.0,2.29,11.11,55.5
MoV2Li3Ba3OsBe3,고온,6,68.96,5.4,5.06,14.14,5.13,63.91
In4LaPd2,합금,3,132.36,5.1,4.06,120.84,6.91,5.41
Ba2Y2Rb2Rh4,화합물,4,14.96,4.8,3.17,9.71,1.27,4.25
GdUPrOs,화합물,4,119.66,3.9,2.68,42.16,14.95,11.38
Er3YbCrSm,고온,4,80.15,3.3,7.17,10.73,3.82,160.8
Cs3Ge2Mo2Yb2ReTi,고온,6,32.98,4.5,8.28,4.92,0.43,64.05
NSb2Au,합금,3,124.53,4.6,2.45,50.78,7.63,5.05
FeTl2,합금,2,48.24,4.6,13.54,74.99,11.87,5.8
ZnRe2GaIr,화합물,4,109.07,2.1,13.42,29.0,2.4,4.57
ErMg2Ta,합금,3,160.24,4.7,13.73,20.96,10.7,9.91
Al3Pb3Ge2,화합물,3,33.37,4.5,5.78,14.24,3.42,13.77
Te2Si2U2,합금,3,49.6,1.6,5.23,95.14,1.9,0.0
PbHo3,화합물,2,122.85,3.2,8.01,48.41,12.64,9.38
WReAsTi3Tm2Sn3,고온,6,70.31,2.5,7.05,11.76,10.93,145.9
O3Rh,수소화물,2,47.14,2.2,6.96,22.87,12.66,234.19
BaNa4,화합물,2,87.09,4.3,8.69,45.85,10.94,5.69
Tb2Nd3ZrPt2,화합물,4,124.45,1.6,6.4,24.98,12.1,12.34
HAlCa3In2,고온,4,100.26,2.2,8.26,11.62,7.99,78.56
Mo4Pb2,합금,2,33.53,3.2,11.78,61.29,4.68,3.16
Fe2AgO2Mo4,화합물,4,65.93,3.6,3.13,47.09,11.98,3.66
LuDyZnV,화합물,4,109.52,2.4,4.82,1.26,10.44,1.3
S3NdGd,합금,3,29.03,4.1,14.43,36.75,8.53,7.38
MnLu4Ir,화합물,3,142.59,4.7,13.14,20.37,2.29,13.76
Cd2,원소,1,68.4,3.0,6.5,302.84,2.65,0.0
Co2V3,화합물,2,117.68,3.5,9.9,10.67,2.37,33.59
NbNd,합금,2,57.75,3.0,6.76,127.1,10.24,3.55
Nd4Yb2Zn3Au2,화합물,4,132.26,3.4,2.96,6.6,5.82,26.46
Na2U4,합금,2,62.14,5.3,2.34,101.2,2.3,4.52
O2U3Yb2Na2,고온,4,136.08,2.6,5.03,8.26,1.9,146.88
BeIrZrY,화합물,4,105.39,3.2,12.97,2.19,13.39,5.7
Al3LaOs2,화합물,3,56.63,5.0,1.87,22.74,13.96,9.44
As2ReDySm,화합물,4,20.3,5.7,11.61,38.16,9.96,8.17
Rh3Ni3Bi2Tb,화합물,4,42.93,5.7,7.6,35.36,5.2,24.77
C3Sn,합금,2,156.84,1.7,7.33,94.0,9.94,2.72
Zr3N4Na3Fe3Te2,고온,5,33.12,4.6,3.91,9.86,3.99,77.33
SeRuMg3,합금,3,121.74,4.8,11.42,129.97,1.89,4.99
Hg4Cs4,합금,2,123.13,3.4,13.61,92.91,14.88,3.75
Th3HNa,화합물,3,74.78,5.9,2.52,25.6,0.2,5.74
Ge3Eu,합금,2,24.36,2.5,2.42,49.76,0.24,1.84
RbDyUGa4,화합물,4,84.87,5.0,3.52,35.36,8.24,15.72
CuCdAu2,화합물,3,158.16,3.9,2.74,8.87,14.79,12.98
Re3Sm3C,화합물,3,41.44,2.3,1.62,38.1,8.12,7.9
Mn2Fe3Ti3La,화합물,4,52.83,3.7,9.17,33.4,9.11,14.73
Ge3PrP2,화합물,3,124.58,4.5,5.8,44.32,9.86,7.39
Ag3Ho,화합물,2,149.31,5.7,8.21,32.27,7.1,10.82
In3Gd2,화합물,2,88.82,5.2,4.16,29.72,4.24,9.67
Er3Pd4,화합물,2,125.96,2.1,8.53,39.72,8.52,7.53
In3F2YYb,화합물,4,12.42,1.6,1.71,2.44,3.2,3.97
B3Mo2Au3,화합물,3,106.11,3.0,7.95,45.54,0.22,1.15
Re3Sb2Au,화합물,3,16.4,4.3,12.77,14.29,13.74,26.74
Eu2K2,수소화물,2,5.62,2.7,5.05,69.61,5.14,111.74
Ag4Cs4DyTe2HBa2,고온,6,30.81,5.3,3.03,3.76,7.52,94.76
NdEu,합금,2,58.38,4.3,6.78,66.26,9.59,5.72
Li3,원소,1,180.37,3.0,20.36,274.3,9.26,9.55
Si2,원소,1,103.29,4.0,20.29,139.47,0.86,3.09
Te4Cd3Dy3,합금,3,28.92,1.6,8.45,35.01,8.1,3.2
BaCu,합금,2,104.63,2.0,2.85,74.91,8.98,0.0
HoN4,화합물,2,107.13,4.7,10.99,7.72,7.72,19.14
CoZrK2Ru3TaCr3,고온,6,90.81,5.4,8.92,1.9,0.2,130.59
Ni4ReOW3,고온,4,112.6,1.8,5.83,13.31,3.72,90.45
EuSrBe,합금,3,78.59,2.8,6.94,30.61,2.38,3.48
CCo3,화합물,2,35.42,5.2,1.79,8.92,12.52,9.89
Mo4Ti,화합물,2,148.59,2.0,4.67,9.28,2.06,8.59
Nd2Cs2Lu3Pb4,고온,4,120.58,2.4,6.18,6.03,14.09,35.8
Sn2Pr2NEuSr4Pt2,고온,6,116.77,2.6,6.8,2.89,1.79,82.71
Pb3Sb3Mn2BeSi,고온,5,31.96,1.8,5.82,7.07,8.32,152.48
Tm4Ca,화합물,2,67.99,5.1,9.71,32.42,1.7,10.19
Sn3Cs,화합물,2,111.84,4.6,13.62,26.18,9.59,8.1
TaBa2,합금,2,84.47,5.6,7.95,148.05,5.37,3.58
Cr4BiGa2Zn2,화합물,4,35.38,2.7,3.37,49.01,3.44,5.28
Pd3GeS2,합금,3,175.08,5.9,12.8,126.6,6.47,7.53
YTb2Bi2,화합물,3,134.29,3.3,4.71,20.07,14.24,17.05
Zn4Cd3Ir3,화합물,3,38.95,5.5,4.99,20.52,10.14,17.33
NbYCd,합금,3,40.77,3.3,9.92,38.73,14.4,4.45
Sr,원소,1,65.84,3.0,13.55,78.57,6.27,2.15
P2,원소,1,167.45,5.0,16.47,111.46,8.32,6.92
Ca4,원소,1,161.88,5.0,2.94,81.49,2.47,5.32
Tm,원소,1,9.02,1.0,16.19,131.2,3.68,7.63
SeC4U3,합금,3,138.05,4.2,3.92,68.21,10.15,7.33
SbEr4Ir,합금,3,47.59,2.1,15.32,100.37,0.55,8.92
SIr,합금,2,172.65,2.0,6.99,40.54,12.84,0.87
EuNiLi,수소화물,3,21.94,5.6,4.82,74.36,1.99,220.38
In3Na,화합물,2,37.01,2.9,5.67,43.68,6.3,7.54
Hg3Pt2,합금,2,90.25,3.3,11.88,143.35,5.74,19.19
Pd2La2,화합물,2,29.06,3.7,1.93,9.99,10.69,2.59
NiY3PdSnRh4,고온,5,41.76,5.0,6.65,7.35,8.37,167.21
Cu2DySm2Ti,화합물,4,11.86,3.6,4.84,12.26,1.93,23.47
Ce4Dy2LiCs,화합물,4,59.35,1.8,9.33,23.8,10.07,10.91
YbC,화합물,2,157.35,3.9,3.01,45.12,8.87,5.79
Ga2Sm3Pt2Zn2,화합물,4,36.62,4.4,12.62,40.72,7.37,28.8
RhTi2Hg2O2,화합물,4,117.56,5.2,1.57,48.76,12.73,13.02
O2Yb3,화합물,2,105.16,3.4,4.71,14.96,8.46,1.02
Sn2AgTiLa4Cs2In,고온,6,76.88,3.9,4.19,14.76,12.81,129.78
Se2PrHf2TlGa2,고온,5,58.62,2.1,4.33,3.58,5.72,41.4
S3Hf3Cu3Re2,화합물,4,13.43,4.9,6.4,48.18,14.42,6.09
C4B4,화합물,2,116.38,1.7,6.86,38.17,9.96,6.41
GeTh,화합물,2,77.63,3.5,4.41,13.84,3.04,34.26
BiPdPrHo3,고온,4,127.99,5.3,8.86,13.32,7.02,101.01
Yb4,원소,1,225.09,4.0,8.74,41.25,7.48,6.33
O3Sb3Gd3,수소화물,3,53.4,4.4,1.59,35.66,11.73,197.42
Sr2Ga2,합금,2,22.24,4.9,13.9,61.68,6.78,8.08
SbN3,화합물,2,146.35,3.1,9.87,1.29,11.01,18.89
U3AlSc2Hf2Cr2Pt,고온,6,136.86,2.3,5.2,9.7,0.49,143.23
Ag2Cr4,합금,2,135.76,4.1,6.91,8.97,8.85,3.13
Ti3MoTa,화합물,3,136.42,5.8,13.33,23.25,10.64,10.25
VK,합금,2,75.16,5.0,12.98,148.27,12.66,10.14
ScGa,화합물,2,138.9,3.9,3.17,15.47,13.37,9.07
NbMg,합금,2,45.28,5.2,2.07,136.29,6.37,8.81
Ga2Au3,화합물,2,97.69,2.1,11.4,34.4,2.9,7.74
Gd3Sn4,화합물,2,156.45,6.0,3.86,18.74,14.17,21.79
MnNb3Pr2,수소화물,3,44.81,2.3,2.18,20.2,8.09,200.25
Cu2TiCo2,수소화물,3,52.28,4.1,6.77,48.06,5.35,241.19
Mn2C,합금,2,127.12,4.1,6.18,36.43,9.85,4.66
LiTe,화합물,2,105.01,4.3,8.67,2.16,10.29,9.41
Re3,원소,1,26.39,5.0,10.74,202.31,4.85,5.87
Te3,원소,1,224.28,2.0,14.65,319.62,9.73,0.66
K4V3,합금,2,141.55,3.9,3.4,34.85,7.95,5.11
Na2Li,수소화물,2,41.91,5.8,5.01,53.2,0.27,124.09
Ta2CePt3F3Nd3,고온,5,71.74,4.4,5.21,10.45,9.84,64.11
H4Tl3,합금,2,164.35,3.6,4.11,30.5,9.2,12.5
C3Pt,합금,2,145.59,5.8,15.4,52.43,9.25,6.4
Cr4Hf4,합금,2,56.7,5.1,3.62,57.44,4.32,6.36
OsK3Sc2Zr3,화합물,4,144.2,2.8,5.85,46.2,13.68,9.06
Fe3Si4Al,화합물,3,116.38,3.8,2.99,13.19,4.37,12.98
Ir2Mo2La2,합금,3,82.6,2.0,12.23,123.28,1.13,2.02
Te4ScTm3Fe,고온,4,120.47,4.7,5.34,12.74,14.87,110.58
CuCRe3,화합물,3,16.15,2.2,9.05,19.27,12.76,15.55
IrLuTh3Be2C,고온,5,48.27,3.5,8.15,4.46,4.86,59.39
UTe3,화합물,2,78.36,5.9,3.32,5.29,10.79,4.73
LuSb2,화합물,2,107.28,5.9,5.92,31.83,1.49,15.85
NbNaCuCa,고온,4,137.39,2.1,7.33,9.2,5.38,72.42
TmMg2Gd2Sn3Zr3,고온,5,115.15,2.0,7.37,4.17,11.72,57.61
Nb2Sm2Li,화합물,3,59.18,1.5,9.37,42.81,9.2,3.62
ULu4ErBi2,화합물,4,99.88,2.1,6.14,25.3,14.7,4.65
Mo2O2Ti2B3,고온,4,49.77,3.2,3.48,9.54,3.79,139.69
PdHf,합금,2,167.74,5.1,6.73,35.54,4.5,4.37
C,원소,1,163.5,4.0,1.27,307.28,7.45,0.0
V2Nb,화합물,2,85.48,2.6,11.75,26.4,13.83,4.64
PbSrCrCe3,고온,4,132.94,5.9,5.08,14.36,5.66,136.84
Co2K2Sm3ReU2,고온,5,84.03,1.6,3.13,12.0,1.19,46.76
Mg3TeGe3K2,고온,4,40.59,4.7,4.54,3.08,1.74,150.42
Hf3Be2Ce3,화합물,3,101.12,4.9,9.59,27.7,7.26,3.59
LuNb,합금,2,33.27,2.7,10.4,87.32,13.53,0.0
Mo4YbRh4Hg,화합물,4,99.01,2.7,13.87,6.19,14.91,8.59
Dy2CCs3Se4CoAs4,고온,6,77.94,4.6,3.94,2.94,3.57,80.58
P2Ca4,합금,2,66.47,3.6,7.83,39.67,11.32,5.41
OPt3Th2,합금,3,133.92,2.3,6.03,130.42,0.56,2.99
K3,원소,1,94.49,3.0,4.2,199.9,4.6,2.33
H2La3NdSi,화합물,4,102.86,3.7,13.72,48.85,9.2,3.85
CNi2In3Ce3Pt,고온,5,70.88,1.9,3.04,12.9,9.94,143.81
Cr2DyLu2,화합물,3,103.59,4.7,12.98,10.8,1.53,7.66
Sr3Li4Sc2,수소화물,3,25.51,1.8,3.87,39.66,3.52,118.85
B,원소,1,156.06,3.0,15.64,20.91,7.43,4.85
GaScH2Ag2Fe2Tm2,고온,6,40.6,3.4,6.82,1.82,14.78,65.29
Cr3B2Tm3Pr4OsS2,고온,6,31.83,1.5,7.68,14.38,4.33,159.39
Ni3BiZn3,화합물,3,93.19,2.3,9.39,32.26,1.34,3.44
Pd3Ag3,수소화물,2,57.67,2.7,1.73,79.47,5.06,185.44
Gd2B3Ga,화합물,3,116.97,3.4,5.94,44.55,12.68,6.89
V3SmRhTa2Te4Gd,고온,6,123.64,5.3,5.51,9.73,2.87,42.86
Ag2ZnY2Zr3,고온,4,35.33,4.3,7.29,4.98,9.41,134.12
ThMgGa2Tb2Ca2Er,고온,6,82.82,4.1,5.22,7.42,14.06,78.05
Pd2Ti2Tb2Y,화합물,4,99.32,2.5,3.78,46.88,1.62,2.91
In2Yb2,합금,2,102.19,2.6,9.29,31.69,12.82,1.9
Co2GaRh,화합물,3,60.27,2.0,8.07,0.72,2.63,3.83
Ta2CeH3,화합물,3,77.05,4.2,13.54,14.85,9.8,8.04
TiLu4Ta4Sb2V2Pt3,고온,6,32.8,2.7,4.37,5.6,4.31,65.9
SeURe4Ba3,고온,4,121.29,2.5,4.64,10.16,2.56,126.82
AgThPd2AuRuHo,고온,6,127.51,4.2,3.26,9.56,3.17,96.3
Li3,원소,1,193.12,1.0,18.02,294.75,9.37,0.0
HfHoLi3Fe,고온,4,108.41,3.0,8.25,12.89,4.74,96.1
N2Tm3Er2Zn2,고온,4,96.25,4.3,4.34,7.24,9.42,146.21
Eu4Ce2Tm3NaIn,고온,5,51.85,1.9,6.29,5.01,8.21,54.67
Sn2Nb3Pt3,합금,3,50.65,3.1,8.92,105.33,0.49,3.27
Tb2Hf2Tl3,합금,3,34.22,1.9,6.42,15.41,3.45,1.91
Li4,원소,1,11.5,5.0,11.56,161.26,0.79,1.37
C2Gd,화합물,2,78.07,4.1,10.07,15.08,1.77,11.56
Mg2Fe,화합물,2,41.77,4.1,11.17,0.67,11.24,8.77
MoHo3,수소화물,2,19.05,5.8,6.34,61.98,11.21,206.76
NdTeCa,화합물,3,60.5,5.6,6.87,36.45,8.95,13.67
AlSm3Pt2H2,화합물,4,16.46,4.0,13.9,1.3,1.84,18.06
TaS4,화합물,2,61.35,2.2,1.67,8.83,3.09,0.17
Eu2YOsH2Sn2Ti3,고온,6,42.12,3.3,6.27,14.57,8.58,131.94
MnInMgRh2Pr,고온,5,109.03,5.2,7.19,8.83,8.26,151.53
VCaOsScHg2,고온,5,49.26,5.1,5.52,1.87,2.9,49.16
As3Pb2Zn2,화합물,3,23.38,4.7,13.19,2.24,0.28,21.22
Nd3Pb2Fe3K,화합물,4,150.85,5.1,8.38,48.04,1.36,9.37
PtEr3Ta3NaCeLi,고온,6,42.83,4.8,6.11,9.23,14.97,113.85
Sm2Ca4Te4,화합물,3,146.23,2.0,8.74,29.85,12.08,4.31
SmY3,합금,2,50.25,1.6,2.08,19.76,5.98,9.23
Re3Eu2,합금,2,132.48,4.6,9.36,43.41,1.36,9.4
Ru,원소,1,85.35,5.0,3.33,269.86,3.76,5.49
DyCr2Sb2Fe4,화합물,4,132.29,4.1,6.12,24.51,13.64,5.78
OsTb3,합금,2,70.79,2.7,14.62,123.78,1.18,6.62
Lu3Nb2,합금,2,142.23,3.1,15.14,62.09,14.93,21.03
Ti2B3,화합물,2,117.22,5.3,4.75,26.52,1.19,13.61
CuIrPb,화합물,3,101.61,1.7,2.24,41.24,7.01,20.26
Te3BeV2,화합물,3,28.43,1.6,8.39,35.12,14.29,5.38
TbK4Au2,화합물,3,26.25,4.1,11.2,43.4,11.57,4.97
Be3,원소,1,35.52,2.0,16.79,75.41,9.74,1.36
Au2Dy2,합금,2,100.81,4.1,11.56,26.04,12.93,2.2
Yb4F2Mo4Mg2,화합물,4,158.42,1.7,8.1,23.25,8.91,0.0
Se3C2ZnPt2,화합물,4,106.16,1.8,12.3,3.16,3.2,8.54
Pb2ZnHg,화합물,3,107.09,4.4,12.8,22.95,3.7,11.79
O2,원소,1,197.74,4.0,6.16,130.16,6.9,7.25
GaFe4Co2H4Hf4O2,고온,6,118.37,2.8,6.15,1.92,10.39,146.04
As3CTh2Ga4,화합물,4,91.95,1.7,6.2,8.52,3.55,7.99
AuK,합금,2,138.37,5.3,7.29,84.71,3.66,8.27
Gd,원소,1,101.14,5.0,10.46,216.39,3.99,14.26
InSc2,수소화물,2,37.71,1.7,5.41,34.98,2.88,269.8
RbOs3Ti,화합물,3,87.19,3.2,3.17,6.33,6.04,20.48
SiOs3,화합물,2,103.68,3.1,7.76,5.7,8.64,38.22
AlNi2Ga2,화합물,3,79.98,5.7,9.65,3.32,0.17,4.69
Ge3SSe3MnTa3,고온,5,34.73,4.6,7.81,13.8,14.12,115.98
F3NdBi4Yb3,고온,4,60.25,3.6,7.46,1.47,5.38,145.65
Ba2Be2AgSc,화합물,4,101.45,4.5,3.84,12.2,6.3,8.86
Si2Rh2Sn3Rb2,화합물,4,40.61,4.7,6.47,34.36,4.07,10.41
B,원소,1,219.11,5.0,3.1,394.92,2.64,0.57
ZrPtRb3C3,고온,4,71.82,5.0,7.51,6.5,3.24,88.89
SnOs2Mo4,화합물,3,73.63,3.4,11.48,20.24,5.0,47.17
Be2V4,합금,2,114.05,3.6,13.93,12.79,3.31,8.18
Hg3Er2C4Si2,고온,4,52.39,2.7,4.88,13.58,11.9,82.44
Bi3TeGdLiPbMg2,고온,6,53.65,4.6,8.71,7.08,8.25,127.55
DyIn2,수소화물,2,41.39,3.5,2.86,37.8,1.09,286.21
Ti2Co3CCe3Sn2Ru,고온,6,63.33,1.8,6.09,11.87,10.5,159.42
SNi2,수소화물,2,19.08,2.3,2.81,53.76,14.44,149.74
N4Al,합금,2,141.58,5.5,11.0,127.51,10.98,2.32
Bi2Cu3Ba3SDy2Pr2,고온,6,83.33,3.5,7.6,13.6,8.7,163.84
N2Cr4PtSeNiYb,고온,6,82.72,5.5,8.16,13.86,10.16,39.88
SiF4,합금,2,174.78,5.4,15.59,27.41,8.27,44.09
CeIn3N2,합금,3,147.38,4.7,6.37,31.63,5.7,13.88
H2Re4,수소화물,2,59.83,1.8,3.77,32.25,5.32,154.05
LuSi2,화합물,2,115.25,4.4,11.38,10.05,6.44,8.94
RuTe3HfIrCoIn4,고온,6,31.69,2.6,8.89,4.58,13.75,130.85
P,원소,1,222.75,4.0,20.83,289.5,7.5,4.88
Co,원소,1,149.95,2.0,14.98,96.26,3.45,1.34
LaCrPr2,화합물,3,34.51,5.5,6.34,45.85,14.59,14.8
HNb,합금,2,119.93,4.5,10.93,101.96,1.33,13.58
Pb2Eu2NaIn3,화합물,4,77.05,5.2,13.5,8.96,7.55,15.14
HgThHoCr2,화합물,4,84.51,2.5,2.73,41.69,9.66,12.02
Cu3,원소,1,44.76,3.0,13.07,244.59,9.17,1.6
Ni4Rh4,합금,2,99.82,2.8,11.81,117.31,7.75,2.01
Gd2Er2,화합물,2,62.67,3.6,3.36,26.95,14.6,21.94
Ca2Ta,합금,2,52.9,2.4,13.49,75.15,12.46,12.02
Pd2V2TlYbPt2Te,고온,6,136.91,5.4,4.06,11.05,8.83,165.53
Bi3Fe,화합물,2,27.98,2.9,8.82,4.67,9.58,11.25
U2Pt,합금,2,117.8,3.0,8.96,133.46,8.83,8.82
In2HgMo4,화합물,3,125.78,3.6,13.24,21.71,12.38,7.67
Pd2CdSc4,합금,3,87.08,4.9,6.89,68.04,3.09,2.83
GaU,합금,2,152.32,4.4,14.37,59.15,14.74,0.91
Na4F,합금,2,112.83,2.9,6.95,149.66,12.74,3.73
PbIrCd2N2F,고온,5,36.95,4.4,6.93,11.05,12.76,53.79
C2OsSEu2,고온,4,68.3,1.7,6.23,7.54,3.75,125.62
GeN2Al3Er3La3,고온,5,76.35,4.3,3.69,1.7,13.17,82.34
VPb3Nb,화합물,3,15.37,2.5,9.45,8.98,5.47,13.88
W3Cd3,합금,2,69.54,2.3,10.46,119.93,0.44,4.83
Nb2Ga3K2In,화합물,4,60.98,3.4,13.8,23.68,9.01,5.81
Sm3Ti4Dy2,화합물,3,61.61,2.7,7.64,1.67,1.63,7.39
Hg3Zn3Nd,수소화물,3,17.56,2.8,1.78,37.14,0.88,202.4
MgP3N,합금,3,126.21,4.8,9.4,57.75,3.28,1.51
Re,원소,1,140.05,3.0,17.23,33.5,9.57,0.37
IrHoRb,화합물,3,17.39,4.5,10.42,8.03,11.55,2.11
Pr3CrEu3P2,고온,4,82.88,4.3,6.28,14.01,12.64,31.99
Ca3Ti2Sc2PbV2,고온,5,87.45,2.0,4.09,9.37,8.22,111.54
Sr4In2,화합물,2,63.48,2.0,11.99,31.66,9.96,0.0
Ta2Na4,수소화물,2,23.29,3.3,6.36,62.68,5.95,211.11
Sr3Hf2Zn2,화합물,3,69.0,2.3,3.2,37.12,0.11,11.34
PTi3Pr3H4,고온,4,43.95,1.6,4.67,4.38,5.26,87.13
S2Dy4Y2,수소화물,3,11.69,3.4,2.85,62.11,12.05,280.63
Eu3Ru3Na2Re2N4Ge,고온,6,74.38,5.7,5.97,10.23,7.27,51.5
RhMo2,화합물,2,67.23,1.8,13.93,0.84,14.48,4.94
TeMo2,합금,2,175.24,2.1,6.51,66.27,6.14,3.74
Pd2Rh2Rb3Li2,화합물,4,32.13,2.9,9.79,15.17,0.51,11.76
FIrRbCd2,화합물,4,79.75,4.2,8.65,20.59,8.07,11.34
NaAuS3Eu3U2,고온,5,132.06,2.6,8.14,11.84,12.61,109.59
La2Mo,합금,2,81.28,4.8,14.66,46.63,4.12,7.41
Ag3TaDy2,합금,3,179.68,5.2,14.75,132.09,3.4,16.04
CoEu2Ir2O2,고온,4,68.2,4.1,8.77,5.73,6.65,169.05
Na4AuY3,합금,3,128.68,2.4,5.14,96.51,2.48,5.0
Sr3Cs4,화합물,2,83.36,3.7,2.71,3.85,11.42,8.48
Na3ThZr3,화합물,3,67.88,2.2,5.14,49.74,6.71,3.96
NiThGa2,화합물,3,52.79,4.1,2.91,25.33,11.07,3.86
RbLi,합금,2,100.48,1.8,11.63,30.66,5.37,3.44
As2Hg3Gd2Yb,고온,4,113.02,2.0,8.05,12.02,10.82,88.19
OY2,화합물,2,51.14,1.7,5.89,13.22,0.7,5.55
La2MgCu3In2O3Yb3,고온,6,53.21,5.9,5.19,11.68,5.88,114.01
Ni3YEr2,화합물,3,50.84,3.3,6.03,46.1,2.83,4.43
TbNd3,합금,2,74.99,4.8,6.75,12.17,2.8,5.34
BiAl4,합금,2,151.38,5.8,11.26,103.89,13.94,10.16
Ga2,원소,1,20.3,5.0,8.44,376.05,2.43,8.64
CePb2,화합물,2,120.48,2.8,5.79,21.24,7.0,5.38
Yb4TbY,합금,3,45.8,5.5,2.22,71.86,0.2,8.77
RhBe2,화합물,2,27.97,3.0,1.66,21.66,0.27,34.29
Cd3W2Zr3Cr,화합물,4,104.89,5.2,4.15,23.86,10.47,6.43
Th2Ni2,합금,2,151.6,2.1,10.01,14.84,7.41,0.97
OsAs,합금,2,137.81,5.6,4.56,64.76,12.46,6.61
Ru2SnSr3Y,고온,4,134.42,1.7,3.86,6.1,1.5,113.15
O3Pb2ThBa2,고온,4,51.52,1.7,4.46,13.89,8.13,138.99
LiBa,합금,2,132.72,4.6,10.69,117.67,5.23,12.2
RuNi3,합금,2,21.71,3.9,6.54,12.39,0.43,8.87
Zn2Lu3,수소화물,2,47.7,3.6,1.54,79.65,11.83,129.25
Ag,원소,1,82.58,5.0,6.25,371.11,5.49,10.67
PrF2,수소화물,2,27.08,2.3,5.81,12.18,12.34,167.03
O3,원소,1,236.8,4.0,0.96,106.7,3.37,2.13
AgPr4Tl4Sn,고온,4,58.52,1.8,8.99,6.96,13.48,61.63
Zr4TeMgMn,화합물,4,52.73,2.7,1.94,29.81,2.81,0.78
Te3InVZn2CeB,고온,6,49.65,2.3,8.49,13.12,14.43,125.78
AsK2OsAl3,화합물,4,153.04,4.7,3.82,23.06,11.45,13.84
HfGa,화합물,2,121.2,5.3,1.52,32.2,2.51,10.93
YTe2,합금,2,29.4,4.1,13.14,28.46,4.09,5.95
AuB3,합금,2,40.15,3.9,5.66,115.71,3.12,6.13
SmTaTl2Mo2FCd,고온,6,109.58,5.9,7.08,9.11,5.8,117.4
Mg2Li2Lu2,화합물,3,135.96,5.0,1.96,8.33,7.81,12.19
B2Sc2Sr2CaAu3,고온,5,79.53,3.3,5.03,4.73,1.44,136.07
Mo2Nd2CoLu3,화합물,4,59.36,4.4,13.83,27.63,12.37,7.03
Nb2S2Re4AsAu3W2,고온,6,43.32,4.6,7.53,1.38,9.82,85.41
CeAg2,화합물,2,28.61,1.6,8.11,23.15,9.07,1.77
K2Ge4,수소화물,2,20.01,3.8,7.96,17.09,11.38,251.04
WAs2,수소화물,2,28.61,4.0,1.19,19.94,7.28,144.59
GaC3Ho,화합물,3,25.01,4.4,10.88,12.96,14.43,3.0
Sn3Cd2K3Sr4,고온,4,105.66,3.2,6.01,4.78,4.71,66.0
Ru3BiBe2Tm4Ga3,고온,5,112.11,4.7,6.86,9.72,5.86,112.51
PMnNa2,합금,3,33.72,4.6,2.39,142.79,13.42,13.99
Al4Tm2Si3Hf,화합물,4,87.11,1.8,12.75,35.47,10.9,10.62
U4,원소,1,112.82,3.0,1.39,92.0,4.27,2.21
CdCPb3Zn2,고온,4,71.31,4.9,7.66,7.61,9.58,165.23
Ba4Ce3Re2,합금,3,154.11,1.8,8.44,9.91,11.23,3.22
Tm3,원소,1,179.09,3.0,10.29,83.35,4.91,2.33
Mn2Pd2HoTa3,화합물,4,20.74,3.3,9.74,22.56,4.86,14.44
MgY4O3Be,화합물,4,95.97,3.9,6.89,23.89,6.13,9.59
F2OAg3LuDy4,고온,5,31.33,4.8,3.51,10.83,12.83,68.63
SeHo,수소화물,2,41.13,2.3,5.21,29.41,9.15,144.25
S4EuY2Sr3,화합물,4,34.75,5.8,5.84,29.0,14.81,8.5
Lu2,원소,1,170.19,2.0,16.54,178.56,1.52,0.21
V2As2H4K2Lu2,고온,5,100.2,3.5,7.68,11.4,14.77,93.24
In2Mg3Ta3,화합물,3,147.58,4.0,4.79,48.55,10.02,9.39
NaO2,화합물,2,23.3,5.0,4.27,20.75,1.98,18.22
ZrY2EuTa4,화합물,4,111.39,2.9,7.86,44.66,9.78,0.0
Sc2W3Cr2Sm,화합물,4,68.43,5.8,5.27,18.11,12.24,16.02
Ga2CrH3,화합물,3,59.57,3.5,9.87,24.48,4.36,5.41
Yb2Sr4Hf3SmMgSb3,고온,6,121.38,4.0,3.96,1.93,12.63,105.07
Pd3Tl3,화합물,2,65.75,4.7,8.21,12.99,7.55,17.55
HoTh2Ni3Ce2Hf,고온,5,69.95,2.2,7.64,14.87,4.99,90.81
BaNi3,화합물,2,136.42,4.0,7.4,9.27,0.59,15.09
YbP3,합금,2,43.51,3.9,8.99,23.82,5.49,3.93
NaBiCu3Sm2,고온,4,34.32,2.3,4.14,3.13,6.69,110.43
CoAsC,화합물,3,44.83,2.0,3.28,36.35,3.49,6.72
Fe2Pb,합금,2,169.4,2.9,8.87,10.24,10.15,5.06
SiYb3,화합물,2,74.17,2.1,1.73,26.3,1.47,3.93
PdS2,화합물,2,116.25,5.3,8.18,47.42,10.45,12.33
Os4V3Ho2MnY2Pt,고온,6,68.05,1.6,7.76,2.54,4.97,77.4
Bi3Rh,화합물,2,65.2,3.2,10.37,2.12,0.16,19.44
Hf4EuEr2,화합물,3,139.3,5.4,5.5,0.76,3.93,15.96
C2Zn3Bi2,합금,3,113.9,5.0,7.96,22.07,2.27,2.76
Fe4DyNd4,화합물,3,11.05,4.6,2.46,25.47,5.04,30.11
Pt2Eu4,수소화물,2,22.71,2.9,5.37,78.38,10.17,219.03
Cd3Fe2Rh3Y,고온,4,86.88,4.1,3.8,10.37,2.97,125.07
C2Co3Sc,합금,3,78.25,2.6,12.11,12.12,3.12,3.77
Rb3Os3O2,합금,3,175.99,5.8,4.16,64.15,6.14,12.51
OV4,화합물,2,139.91,3.3,3.3,49.53,12.79,6.7
Tb3PdRu2Au,화합물,4,37.93,4.3,8.23,11.91,5.53,13.21
Th4TaRh2Gd4Hf2,고온,5,72.84,5.0,3.32,5.21,5.36,45.93
Al2TaF4DyTi4Re2,고온,6,134.82,1.8,3.17,9.44,14.46,152.37
BO4Si3,화합물,3,135.23,4.8,1.91,33.22,9.63,6.45
Ca2N4BSiMg2,고온,5,108.97,2.8,7.78,3.02,11.61,106.28
Li2Hg2,화합물,2,42.15,2.0,12.77,47.62,9.08,16.04
Tm3V2,합금,2,57.74,2.5,14.47,24.15,5.31,6.96
S3NC,화합물,3,89.84,3.2,9.97,6.9,3.39,12.07
PrTm4,수소화물,2,20.21,2.6,7.36,22.67,8.16,181.72
Li2As4Tm2Ca3,고온,4,63.49,5.1,5.57,7.27,12.49,118.33
K2H2,화합물,2,99.85,4.5,8.82,21.29,5.77,13.66
CsSn2Os,화합물,3,146.54,3.1,7.84,15.06,6.57,4.02
WCu2Ta2Ga2NaO,고온,6,116.44,3.0,3.0,9.06,10.24,104.13
Sn2MgYb3Ce,화합물,4,46.03,2.7,13.85,1.11,7.46,5.22
N3Sb3,화합물,2,89.73,2.4,13.99,40.74,2.13,10.31
PbCd,수소화물,2,7.13,3.8,6.69,55.18,12.84,115.7
Cr4Cd2HgPb2Ba2Sc2,고온,6,82.68,3.6,4.86,4.3,4.54,54.88
HTmBe3,화합물,3,139.7,3.4,8.48,27.14,5.11,5.92
EuF2Ti3Ga,화합물,4,36.96,3.0,8.05,25.73,11.56,18.1
Yb4Dy2Pd2Zn4,화합물,4,140.65,2.3,1.57,38.62,11.95,9.55
In3H,합금,2,178.64,3.1,6.4,12.54,8.93,0.68
MoB2,수소화물,2,47.9,2.6,4.07,17.97,12.08,108.49
IrSr3,화합물,2,23.6,5.5,9.15,36.95,12.39,21.1
N2PbSiTh4,고온,4,123.55,5.9,4.81,11.34,8.57,153.48
PbZr2,합금,2,178.4,5.3,14.66,19.84,3.65,7.38
UTaGe3Tl2,화합물,4,152.41,1.8,9.77,48.7,0.11,7.87
Sn,원소,1,36.46,3.0,18.93,209.57,9.67,0.88
Pr3HgHo2Ga2Eu3Cs3,고온,6,100.7,3.2,5.61,5.76,0.59,61.88
In3P2,화합물,2,39.93,2.3,5.22,2.3,4.82,54.69
WCe3Bi,화합물,3,57.02,5.9,10.07,21.18,5.63,12.64
W3,원소,1,177.37,3.0,8.62,97.39,6.26,0.6
Ba4Pd3,합금,2,164.09,1.7,4.26,50.96,2.87,9.43
Tm2,원소,1,219.28,3.0,14.2,39.3,1.53,1.49
Au2Ca2Th,화합물,3,49.41,5.9,10.7,3.57,4.68,14.3
PTa,화합물,2,142.06,4.3,9.86,28.34,12.8,13.28
Zn2RuCe3N2,화합물,4,132.68,2.0,5.34,13.99,4.99,5.71
PbLi3Sb,화합물,3,37.9,4.0,3.53,44.93,7.91,16.58
LaPd,화합물,2,46.93,2.5,5.39,30.49,8.5,2.09
Mo2Mn,합금,2,157.26,2.4,12.8,79.07,8.23,23.23
BaPb2Tb3,합금,3,153.32,5.2,9.81,131.96,9.61,10.86
Sm2Co3Tl,합금,3,53.61,1.7,9.25,21.53,7.39,0.62
Al3Rb2Cd2Hf2,고온,4,94.42,5.3,6.24,9.67,13.71,131.2
MgGeU3,화합물,3,80.73,1.5,6.29,26.18,10.84,4.1
Co3Rb,합금,2,163.44,5.9,7.68,46.69,2.43,6.59
LaW,합금,2,97.42,4.7,14.15,130.99,13.61,5.34
Re2HfBBaSb2,고온,5,88.91,1.8,8.18,5.85,14.92,115.79
Li2Nb3Sm2Cr3Ti,고온,5,80.24,5.6,5.79,7.33,1.5,153.94
Ti2Os,화합물,2,102.09,5.0,12.77,49.35,13.28,15.8
NdMgSm2,화합물,3,89.9,2.4,2.62,44.64,12.9,7.31
NiCaV,합금,3,158.8,3.5,9.23,29.25,12.36,3.42
HgTiS3,수소화물,3,6.68,3.8,2.72,76.33,4.57,259.2
Mn2Zn2P2Mo2TiH3,고온,6,80.98,5.5,7.43,9.9,12.27,52.59
ZnIr,화합물,2,10.6,4.4,7.57,3.91,11.82,3.6
IrRh2OsS3K2,고온,5,120.61,4.2,7.98,6.51,4.72,100.08
TlLu2YPb,고온,4,99.39,3.4,5.39,4.51,3.22,29.51
Ir2ReRu,화합물,3,23.43,4.6,5.72,25.18,7.1,15.32
CGd2Ho2Tm,화합물,4,24.02,5.9,8.11,39.22,6.82,0.61
Ni4HfMn4,합금,3,89.24,5.5,4.69,103.29,11.14,7.72
Tm3Te,합금,2,168.88,3.2,8.88,119.89,0.46,11.06
Ta4Ag3Tb2,화합물,3,136.87,4.8,4.77,12.2,4.13,52.18
W3RbCe,합금,3,71.38,2.5,8.26,54.29,0.29,0.0
Y4Zr2CuYb3,고온,4,81.17,2.5,6.81,1.89,12.23,82.22
Sr2Al3U,수소화물,3,2.6,4.0,5.69,42.83,12.38,288.95
In,원소,1,137.32,3.0,4.11,65.47,3.95,2.06
CuNi2TaGe3,화합물,4,89.12,1.8,3.55,4.08,0.12,3.83
VIn3B3NiDy2Ho,고온,6,138.07,3.3,7.11,9.99,11.38,156.26
SnNdTe2P2SiRh3,고온,6,109.0,2.4,5.36,2.59,1.64,151.84
Mn3ErHgNa3,고온,4,42.0,5.5,7.16,8.89,11.8,55.76
KIrLa3,화합물,3,147.89,5.6,11.21,10.68,11.63,11.29
RuTlGa4,화합물,3,94.09,3.4,12.48,46.61,2.03,17.31
Mo2Er3,화합물,2,14.72,5.6,10.43,48.51,8.51,10.58
MoPt2,수소화물,2,5.46,6.0,1.75,35.59,10.98,174.77
Pt3ScF4Ge2,화합물,4,27.96,3.9,12.37,48.41,8.86,12.16
Au3Hg3CeLi,고온,4,53.24,5.4,4.35,3.7,0.59,140.16
Sb3Nb4Al4,합금,3,112.12,1.9,2.32,6.77,3.14,3.27
As2Be4,수소화물,2,35.81,1.8,1.67,22.22,7.72,101.93
SnTe2,화합물,2,33.69,1.5,9.85,20.42,10.2,42.15
CsY4Li4,화합물,3,126.49,2.8,4.47,3.06,4.55,8.14
PtIn,화합물,2,70.68,6.0,6.28,29.98,6.21,17.99
AlZr2,합금,2,135.79,2.0,7.7,125.14,12.8,6.84
BCr2Mn4,합금,3,123.08,3.2,14.55,92.62,10.15,5.68
MgS4Sn2,합금,3,89.72,4.3,12.59,125.96,0.59,6.84
Cs3Sr3,합금,2,76.34,4.6,12.99,126.76,10.15,6.21
U3In2,화합물,2,20.2,2.3,8.78,36.31,5.54,3.15
RuYPt3Lu,고온,4,32.97,5.6,7.14,10.15,6.98,59.4
Sn4CSb3,화합물,3,154.48,5.4,12.44,43.15,10.82,14.75
LuYb3,합금,2,99.5,1.9,15.41,100.56,0.82,3.09
Co3MoRbTiRh,고온,5,56.89,1.9,5.57,4.28,7.07,160.27
Au2Co4HoLi2,화합물,4,15.99,1.6,4.14,29.56,0.89,5.77
Pt3Ti,수소화물,2,49.64,5.9,4.51,69.52,0.32,195.99
ZrYb2U4,화합물,3,51.63,5.1,12.87,47.49,10.23,15.23
Se2Nb,합금,2,59.29,5.9,5.18,22.41,13.84,3.58
W2In2Hg,화합물,3,99.57,3.8,2.18,43.15,1.66,30.77
Er3Na3Au2Te2,화합물,4,38.44,5.7,5.55,9.89,8.27,32.77
Re2,원소,1,195.82,5.0,15.43,45.23,9.33,1.5
Cr3,원소,1,221.23,3.0,20.8,181.58,7.57,0.0
AlTbO2,합금,3,70.1,5.2,3.13,32.14,3.45,6.97
ReN4,합금,2,69.05,2.4,8.8,37.3,3.38,6.08
InW2Zr2,화합물,3,74.98,2.8,11.69,44.65,3.14,11.33
CaNa3Sb,화합물,3,119.94,1.9,10.53,7.7,13.97,5.53
Sn2N,합금,2,137.11,2.7,13.18,115.13,5.42,0.09
Ru2AlCs3Tm2,화합물,4,102.79,5.1,11.97,2.43,0.29,5.25
Eu2CuIr,화합물,3,49.62,1.6,11.05,12.15,4.23,8.21
Dy2Eu3,화합물,2,25.88,4.8,9.69,12.85,14.23,11.53
Ir2,원소,1,61.61,4.0,10.9,57.55,9.11,7.79
Ta,원소,1,190.75,2.0,18.81,237.44,5.36,7.33
IrMnCd2Ho,화합물,4,125.53,5.8,9.61,40.82,8.03,8.76
Cr2Ho3As,합금,3,72.84,5.8,3.04,141.77,13.88,12.52
Cs2C3SZr3,화합물,4,38.3,2.8,2.38,6.79,5.74,6.22
NiEu3,화합물,2,44.0,3.6,8.84,22.85,4.34,3.98
Th2Hf3Ru,화합물,3,91.8,5.9,11.51,11.28,2.24,13.0
Ir3Zr2Ni,합금,3,23.8,3.7,13.12,50.65,3.82,3.45
MnBi2P,화합물,3,115.87,2.9,10.41,13.64,12.11,9.33
Ti2Pb2,화합물,2,139.09,3.4,5.21,23.41,6.32,13.83
K2As2Sn3GdMn4Pt4,고온,6,50.9,1.7,5.63,1.48,7.16,59.66
Ba4Mo3HgYb2,고온,4,59.64,4.4,7.66,9.22,2.21,157.42
SrGa3U2,화합물,3,108.72,4.4,10.19,1.7,13.08,8.07
AuCa3,화합물,2,98.25,4.0,10.66,42.02,3.81,7.77
Li2K,화합물,2,90.87,1.8,13.53,14.44,9.65,4.08
CaPb4UTm3,고온,4,102.15,2.7,7.74,6.62,11.6,137.52
Eu,원소,1,46.89,4.0,5.62,98.36,8.22,10.07
BaSn3,수소화물,2,40.41,3.8,1.66,47.66,10.97,196.8
TeTlS3,화합물,3,126.57,3.9,11.54,32.93,13.4,16.0
ThGe,화합물,2,92.02,4.0,4.52,9.22,9.6,9.59
Lu,원소,1,208.76,2.0,2.92,73.74,0.96,0.0
Mg3Mo3SmRu,화합물,4,150.99,5.2,8.69,13.66,7.37,1.19
MgRhB3,화합물,3,13.06,3.3,8.41,3.09,4.6,39.13
Lu2Au,합금,2,65.08,2.6,10.91,128.02,8.25,13.41
YHYb3,합금,3,175.44,1.7,14.18,123.23,3.47,0.21
Hg3CuBiOsP2C2,고온,6,38.04,4.4,4.84,8.93,3.31,100.91
RuMo3FTi2,화합물,4,93.49,3.0,7.58,4.83,2.62,5.6
SbPd3,화합물,2,147.92,5.0,13.23,37.37,11.27,6.46
Tl2,원소,1,86.44,4.0,1.32,302.18,0.86,0.0
Ir3Sb,화합물,2,76.13,4.5,10.01,38.26,2.87,5.59
BaTbNa,화합물,3,22.18,5.1,7.73,17.8,1.21,8.26
Os3LuTi3Be3,화합물,4,40.63,1.6,4.96,48.71,7.94,23.7
In2MoPdRe,화합물,4,115.81,4.0,8.02,20.94,12.99,7.61
Mg3Bi2Os2,화합물,3,113.82,4.3,13.82,32.51,12.02,16.04
Ge3RbAu,화합물,3,97.79,1.8,5.45,3.89,2.88,10.96
Tm4Cu,합금,2,27.73,3.9,6.16,43.53,5.96,5.38
As4TbTaHg2ScCa4,고온,6,43.92,5.0,7.55,1.92,7.44,111.54
Ti3Y4Os3Pr3,화합물,4,106.33,2.3,3.28,47.21,9.9,26.75
Pr3P2In2,화합물,3,152.09,4.1,4.19,17.77,3.83,6.86
VU4Zr3,화합물,3,108.26,4.0,8.48,24.28,7.65,22.36
BaCu2Gd4RbMn,고온,5,126.21,3.5,6.58,13.12,14.68,142.65
Re2Mg3,합금,2,45.6,6.0,15.77,81.82,14.57,11.73
Au4Ca3Sb,화합물,3,122.8,3.6,10.38,28.53,8.41,32.84
VIn2Dy4,화합물,3,29.5,5.9,7.13,27.15,8.06,5.1
Re3S2IrAs,화합물,4,24.58,2.8,12.48,32.41,8.05,0.77
Ca2Tm4Hg2Bi2Cu2U,고온,6,74.92,4.6,7.86,6.91,11.29,155.54
Li3Cd,합금,2,105.26,3.4,8.81,77.64,12.49,6.09
Er4Ba3Tl2IrDy2Sn,고온,6,74.2,2.8,7.04,14.14,13.14,35.75
Hg3,원소,1,200.1,3.0,7.53,167.2,7.96,1.51
Dy2,원소,1,220.83,2.0,9.92,77.9,0.67,4.97
TiCa2Sn2Cr2Rb,고온,5,125.63,4.4,4.11,3.43,8.73,78.13
S4Nd,화합물,2,98.89,3.5,7.12,19.06,11.84,1.74
C2Gd3,화합물,2,19.55,3.9,12.7,8.4,5.87,8.99
W2CaMo2,합금,3,120.0,3.0,7.33,68.32,0.6,8.08
F2Hg,화합물,2,120.22,3.7,10.6,18.44,2.44,12.52
CuSe,화합물,2,79.4,2.5,1.64,22.54,5.06,6.21
Be3K2,수소화물,2,20.39,4.0,1.9,39.74,11.08,119.31
NdBa2,수소화물,2,58.92,3.6,2.3,53.7,9.21,173.04
Rb2Sr2B2Nb3,화합물,4,129.01,1.7,12.76,23.97,2.25,1.34
Co2Sb,화합물,2,42.25,4.0,12.62,44.46,6.16,14.89
Al3Ag3Li,화합물,3,61.99,3.9,6.46,46.63,10.85,8.08
Rb2Er,화합물,2,112.07,6.0,11.03,31.5,5.48,15.54
PHo4,합금,2,37.91,3.0,5.06,66.18,5.99,6.07
Re2PtCu4V,화합물,4,131.51,5.0,9.19,35.33,4.17,58.18
Tl2,원소,1,130.63,3.0,13.17,156.48,9.38,0.74
Te4,원소,1,143.44,3.0,15.42,64.86,1.63,6.79
Rb3Si2,합금,2,167.85,2.6,11.45,56.48,5.08,14.93
Nb2Fe3Ag2Ta,화합물,4,149.94,5.7,11.02,39.85,7.98,11.05
U2Ho2MgOs4Re3Na,고온,6,97.0,2.0,4.63,3.0,14.18,105.79
WHf2,화합물,2,28.52,3.3,4.99,28.71,5.96,7.86
Pb4La3Ca4Ta,화합물,4,126.4,3.8,1.76,35.11,9.0,2.95
YbFe3,합금,2,160.18,3.2,4.12,139.29,13.42,20.17
Co4Se2HgMo3,화합물,4,65.35,4.8,4.0,47.79,4.11,9.02
Lu2Co,합금,2,161.41,5.4,7.03,101.61,8.86,3.99
InYbNa,화합물,3,115.31,2.7,13.89,12.4,1.88,20.58
Pt2LuPd,수소화물,3,49.93,5.2,2.36,21.14,8.59,188.17
Ce3Zn,합금,2,59.01,2.0,15.37,44.61,12.58,16.69
Tl3Ba2K3,합금,3,72.12,3.3,10.46,60.8,12.17,2.59
NaFeTe3,화합물,3,69.77,5.4,9.49,45.25,3.37,8.32
NbPr,수소화물,2,32.28,5.6,2.95,13.23,4.89,140.0
Tl3SiNa2Au3Bi3,고온,5,64.94,4.1,5.48,7.14,7.8,83.19
Y4B3N3Ce4Cu2Zr3,고온,6,106.22,1.8,4.21,1.38,1.97,114.35
SiTl2Dy,화합물,3,146.15,1.8,7.45,23.55,5.65,5.65
FeRh,수소화물,2,27.36,2.8,5.18,44.03,10.26,216.91
AgB2,합금,2,108.34,3.9,12.03,10.7,3.94,3.33
Re,원소,1,34.14,3.0,10.53,350.28,7.84,1.39
Hg3ErBSi4Pr2,고온,5,122.83,3.8,7.7,8.58,3.94,151.97
Pb2Cu2Nd4B2TeO2,고온,6,128.27,3.1,5.99,4.59,14.41,110.22
O3Y2Cr2,합금,3,45.57,5.5,5.79,73.88,2.22,4.27
Zr3O,합금,2,173.74,4.5,10.15,17.59,7.83,15.2
Li,원소,1,81.14,5.0,11.58,189.48,8.39,15.97
Ca4Ni,합금,2,93.09,3.6,9.06,134.74,11.43,4.34
Sb3Gd2,합금,2,147.13,3.0,7.02,16.16,12.0,0.8
As2Sc4,수소화물,2,40.18,1.6,6.71,54.03,5.62,215.6
SEu2Be2Ca,화합물,4,24.01,5.8,13.87,34.5,13.75,15.43
Ba4TeGd3Al2Ga2,고온,5,114.93,5.3,7.02,4.89,3.85,44.48
Cu2IrTa2B2C3Ge2,고온,6,110.25,4.6,5.25,4.6,8.74,82.43
Sm2Y2,화합물,2,19.72,1.6,11.21,32.15,7.81,18.35
Mn2In2Cr3Yb2Se,고온,5,136.94,5.5,8.17,12.26,8.43,60.01
Os3Sr,화합물,2,56.46,5.4,3.44,28.43,11.34,38.35
Cr3Mg2Sn4,화합물,3,15.6,2.3,10.64,10.73,3.72,5.8
Nb2PdHo,화합물,3,33.72,4.4,3.64,41.86,1.88,31.16
MgSr2Os2,화합물,3,106.11,2.7,10.49,28.82,2.75,8.09
Ga3BeAu3InSn3,고온,5,48.08,5.3,7.95,6.26,9.02,163.62
SGd3,수소화물,2,34.73,5.7,3.56,53.81,5.42,111.47
CaLi,화합물,2,69.22,4.3,11.44,2.58,8.51,9.29
Pb2NbSi4Lu2Eu3Ce2,고온,6,105.03,4.9,3.25,1.05,11.31,117.51
TlBa2,합금,2,32.61,5.2,3.47,120.65,5.88,9.64
Nb3AgTa3MoSr2,고온,5,49.7,4.8,8.04,7.51,12.2,112.09
DySeHf2H4,화합물,4,98.41,4.2,4.43,47.15,8.91,5.68
Mo3,원소,1,18.59,2.0,7.15,390.71,9.71,1.63
Rb2Al3Nd4In2,화합물,4,90.3,4.9,3.99,15.16,9.23,7.34
CoRuHf,화합물,3,122.62,2.3,9.21,35.77,12.41,6.36
ZrPr2U,합금,3,95.49,5.2,2.29,92.33,7.24,15.95
Re4OBiYb,고온,4,64.84,3.3,4.76,9.14,8.9,146.8
P2,원소,1,150.31,4.0,21.5,246.0,7.52,16.35
Ni3CuTa2U3,고온,4,104.13,1.6,6.86,4.97,11.17,156.48
GeFeSm2,화합물,3,26.25,5.8,5.34,2.02,7.58,24.86
Be3Bi3,화합물,2,155.24,4.1,6.39,27.81,12.84,6.43
SY,화합물,2,104.58,5.3,6.56,29.24,2.46,11.11
IrH4Pr4NF,고온,5,119.86,3.0,6.44,14.98,6.23,46.26
NaCd2Eu,화합물,3,140.07,5.5,6.65,29.24,2.76,6.53
Ta2UBi2,화합물,3,95.78,4.9,12.3,11.86,12.31,6.45
OsRh4Sr2Pr3,화합물,4,114.56,5.6,2.17,21.8,13.99,3.12
LaPtSNd2,화합물,4,25.11,4.5,5.0,46.01,7.99,14.07
FTb2,수소화물,2,50.37,5.2,3.31,60.51,6.14,247.08
CuLi3,합금,2,92.94,4.7,11.36,35.94,14.58,4.04
S3ReHg3,화합물,3,23.23,3.4,12.74,8.8,5.9,6.01
Cr4Re2Au2,화합물,3,43.81,5.7,11.31,4.01,9.49,28.31
Ti4Mg3GeCr2Yb3,고온,5,56.55,5.6,8.25,2.05,5.54,157.17
Ta2PbK2Rh2Pd4Sr2,고온,6,41.28,6.0,6.21,13.56,2.81,127.79
C3HTaPd4,화합물,4,145.84,5.0,2.72,41.84,6.59,27.17
HTm,합금,2,125.24,2.0,4.0,31.01,1.37,4.96
Li2,원소,1,205.32,1.0,19.62,10.26,9.32,0.0
CdLa2Mg,화합물,3,121.23,3.1,10.37,30.14,11.02,2.1
Sn2Th2Cd3,화합물,3,127.3,3.7,4.3,44.3,5.51,13.55
Tm3BaFe,수소화물,3,9.9,4.6,3.01,35.07,12.53,226.52
Fe2Ta3NaW3,화합물,4,72.27,3.0,2.56,8.76,6.36,8.61
Re2Cr2,합금,2,165.21,5.2,13.47,32.45,2.49,4.75
C3AlSbK4,고온,4,124.4,5.0,4.29,1.64,4.9,40.08
BaIn2W3,화합물,3,149.21,1.6,7.2,46.33,11.06,7.61
Au2TeTb3,화합물,3,10.25,3.1,10.38,3.61,0.9,12.31
Dy2BeN2,합금,3,112.22,3.0,2.77,53.59,10.73,1.68
Rh2Fe3,화합물,2,152.12,5.6,12.78,10.04,14.38,15.52
ZnDy2Re3N3Tl4,고온,5,98.06,2.1,3.68,6.98,3.73,75.77
Se3Tl3,화합물,2,11.79,2.4,4.33,32.31,9.8,4.5
V2Si2Be3Ru3,화합물,4,50.56,3.0,12.34,19.35,11.99,4.71
Sr2ErGa3Rb3,화합물,4,18.7,4.2,6.23,3.35,11.25,5.57
Ag2Th2OsTa,고온,4,75.7,5.0,6.19,14.07,5.78,121.21
C4Tl3Mo4,합금,3,69.22,5.2,13.08,28.9,1.85,6.78
Zn2Mo3,화합물,2,45.19,4.4,4.85,35.37,1.13,7.58
ReHo2,수소화물,2,33.41,2.3,1.19,41.8,3.99,143.5
H2Os2,합금,2,130.38,5.2,2.43,27.8,13.5,11.33
AsP2Dy2,화합물,3,124.93,3.4,6.31,24.25,12.46,21.79
Li4ZrAgP,화합물,4,155.95,3.6,7.59,14.09,12.52,7.15
VHgPb2,화합물,3,97.22,4.1,4.91,21.67,2.86,7.78
As2Sm3Ti,화합물,3,133.8,2.8,1.67,45.98,3.98,14.61
O2Se2H4,화합물,3,24.92,5.2,12.31,15.63,5.84,12.35
Y2Mo2,화합물,2,55.68,5.7,12.05,29.81,10.32,41.95
SnHo2,합금,2,151.27,2.6,8.45,22.92,2.2,15.09
MoOs2C2Sc2,화합물,4,115.05,4.2,6.35,13.99,10.55,21.39
RbPb,합금,2,54.14,2.5,2.11,145.12,13.17,0.0
Ge2,원소,1,150.2,3.0,15.6,95.3,2.12,4.43
LiTh2,수소화물,2,34.44,4.2,2.78,17.37,8.05,221.08
Cr2VMg2,화합물,3,14.76,5.9,13.36,19.53,11.6,8.76
Fe2TeCo2,수소화물,3,32.67,2.8,4.26,28.87,7.1,198.92
SnCe3Ca2,합금,3,121.42,3.9,7.81,115.84,4.83,8.6
CuSnRh2Tb,화합물,4,28.32,2.3,3.6,3.28,9.96,19.74
BiNaCa,합금,3,179.67,3.1,5.96,45.78,4.25,5.85
Zr2NY2ScCe,고온,5,82.59,4.1,8.05,11.73,10.24,132.39
Sc3SbSr2TeMgGa3,고온,6,57.89,3.7,3.03,5.07,12.4,76.63
Rb2Dy3,합금,2,141.3,6.0,11.18,100.66,12.1,4.48
VIn3Mo3Pd4CaMg,고온,6,38.49,3.2,3.44,13.84,9.65,149.81
Eu2Al3,합금,2,50.97,5.3,7.82,9.98,10.89,5.24
Au2NiTa2Rh4,화합물,4,41.62,6.0,11.71,19.62,2.07,26.96
PHg,수소화물,2,38.28,2.7,2.18,55.27,12.26,204.06
O2SbPrNTi3,고온,5,100.24,6.0,7.51,11.1,9.21,54.01
La2Tl2Hg2,수소화물,3,1.5,5.2,4.85,71.82,0.81,249.43
VMo4Ce2,화합물,3,94.22,3.2,12.11,21.32,13.15,30.78
Cs3La2Hf,합금,3,161.17,5.3,15.83,93.91,5.56,9.42
Ce3SrTm2,합금,3,63.95,2.2,10.77,115.32,8.68,4.91
Yb3Mo2,화합물,2,42.61,1.9,3.48,46.32,5.97,18.17
UPtMo2RhTl3,고온,5,134.71,5.9,4.37,13.75,5.3,140.53
AuPrTa,합금,3,177.69,4.9,3.33,120.22,3.55,12.19
SiTb4Ce2Os3,화합물,4,55.58,3.0,9.51,39.11,5.95,11.41
IrRe,화합물,2,46.84,5.0,6.39,37.74,3.29,19.69
CoTl,화합물,2,42.52,2.8,2.3,13.16,3.59,7.88
CdTb2LaZn2,화합물,4,35.07,1.7,12.91,2.91,13.91,9.08
Ho4Eu3Cd3,화합물,3,37.89,3.2,8.03,18.86,1.84,0.17
DyCs3LiZn3Rb,고온,5,99.64,3.9,4.67,11.54,13.17,34.47
Th3Co4,합금,2,72.54,5.9,9.22,90.6,2.14,13.34
ZnPdSc3Er3Sm2Fe,고온,6,107.57,4.8,4.6,1.49,11.21,164.0
Zr,원소,1,80.52,5.0,20.04,40.69,4.06,8.11
SrOs4,합금,2,119.35,3.9,3.29,147.04,11.36,0.0
Se4MnZn2Yb,화합물,4,119.86,2.9,12.94,37.71,4.68,4.31
Li2BeCuSnBaMg,고온,6,132.59,3.0,5.28,4.2,11.95,75.79
P3Mn2,합금,2,157.36,4.6,6.03,141.72,4.49,3.37
Eu4Pb2,화합물,2,12.18,3.6,9.96,48.08,2.38,5.36
Co3WMo2Re,화합물,4,66.28,3.6,12.65,28.81,14.69,2.88
Sm3In,합금,2,149.81,4.7,9.89,126.0,5.53,4.55
ZnTb3Gd2Pd4Cd2P2,고온,6,122.62,3.8,5.88,9.61,13.23,99.03
SiGeMnHo2,고온,4,130.8,2.0,8.41,7.08,0.36,31.18
NaAl,합금,2,28.48,5.8,14.19,101.01,9.58,5.04
Ta3Ho2Te2,화합물,3,159.3,5.7,8.87,12.34,10.54,3.4
FeTe3NNd2Si3,고온,5,54.78,4.0,7.13,7.28,8.02,156.72
SnIn2,화합물,2,135.16,3.0,13.71,7.41,12.29,12.18
Bi2U2Te3,화합물,3,45.79,3.5,2.79,34.04,8.77,21.21
Nd3,원소,1,25.28,5.0,6.91,189.34,6.35,7.45
Pr4Nb2,화합물,2,82.57,2.9,7.68,28.99,14.3,15.86
CaZn2Ag,합금,3,108.28,3.5,3.58,12.07,10.98,12.8
Y2PbScHg2V2As2,고온,6,40.38,5.6,8.95,11.45,6.91,66.26
BaAgGaNb2,화합물,4,48.09,5.4,12.13,40.64,1.6,6.84
Sm2Tm3Au2,화합물,3,18.95,3.8,3.57,9.75,13.22,21.68
PrSr3W2NaTi3,고온,5,68.8,3.8,8.11,5.83,6.19,71.85
Ga4,원소,1,95.44,3.0,15.35,8.89,9.71,1.54
Er3Mn3,화합물,2,116.64,4.8,13.76,16.68,12.97,5.65
F3Ir,화합물,2,10.88,1.8,9.87,33.38,6.54,0.53
Si2V2,화합물,2,113.26,3.8,3.08,46.98,4.9,18.77
Re3TiLaBNa2Ca2,고온,6,30.96,4.1,5.15,14.51,5.0,35.74
Gd2Se2AlV3,고온,4,110.82,2.6,4.09,8.76,13.94,86.82
Mn,원소,1,49.7,3.0,21.8,233.8,4.57,2.86
B3Cu4Hg4,화합물,3,150.17,5.9,2.86,27.47,3.69,12.57
LuNb3Co2In,화합물,4,142.9,3.7,12.99,9.46,4.9,5.49
Ag3Hf2B2Re2,고온,4,135.17,4.9,4.82,10.32,13.54,129.3
PbF,화합물,2,45.53,4.8,4.04,42.63,4.27,10.35
Re2P3,화합물,2,70.55,4.3,7.09,49.05,14.92,15.27
TmHf3Li4Ce2,화합물,4,20.89,4.7,4.5,23.79,11.42,29.91
Sb2Li2Pd2,화합물,3,29.53,5.9,12.16,45.98,1.05,14.04
C2Dy3,화합물,2,45.49,3.5,7.6,10.33,3.05,12.06
FeNbCu,합금,3,122.98,3.8,3.92,142.27,6.22,0.88
RhAlBeF,고온,4,95.73,4.2,6.84,7.34,11.54,166.78
Au2Re4,화합물,2,62.64,2.4,9.36,30.23,0.57,6.65
Pd3Si,수소화물,2,16.83,5.3,5.38,38.05,14.97,204.48
MnW3,합금,2,46.98,5.0,2.75,72.68,0.96,2.59
SiAsNb4,화합물,3,129.71,2.6,11.61,5.37,12.92,4.66
Bi3CeRuC,고온,4,54.94,5.4,8.71,13.39,10.55,82.07
YK4Fe3,화합물,3,71.94,5.3,3.15,0.84,2.35,9.87
Dy4Tm3Au2Sb2PtNa,고온,6,67.53,4.8,7.49,6.6,12.75,123.71
Tm2Ag2CsGe3U,고온,5,35.12,4.6,6.06,2.48,8.86,148.01
Al3TeThN4,화합물,4,14.15,4.4,6.56,42.99,10.72,12.26
Dy4F,화합물,2,60.0,4.0,10.76,23.05,12.38,5.4
Al4Pt3,합금,2,39.14,5.0,6.88,25.27,7.02,23.25
MoAg2Ce3Eu,화합물,4,12.97,5.7,13.48,37.87,3.6,7.68
Mn3OGd,합금,3,52.0,3.6,6.86,118.47,5.86,5.29
SmSi2Yb3ThCu4,고온,5,117.89,2.9,5.04,5.41,4.79,116.6
NaMgAs2,화합물,3,62.86,1.6,6.75,25.45,2.54,0.79
Cu3Dy4Hf,화합물,3,20.85,2.5,12.86,23.53,0.67,22.21
Al2P,합금,2,27.16,2.7,14.18,132.63,10.18,1.19
K4Mn2,수소화물,2,45.23,5.1,5.48,69.08,4.77,291.38
Zn,원소,1,109.97,4.0,20.33,4.64,8.61,4.81
W,원소,1,163.56,5.0,2.21,154.99,3.02,4.98
Ge3Ce,합금,2,145.31,3.7,3.03,126.28,7.28,4.57
Th3Yb2,수소화물,2,6.24,3.8,7.05,18.09,6.39,163.66
TbErS,수소화물,3,12.65,2.8,7.49,70.95,2.6,246.29
Os3Th3Sb,화합물,3,159.74,4.9,13.69,38.66,2.49,6.94
Au2Sm2Ho4Os2Pt,고온,5,113.74,3.2,6.72,12.96,0.9,55.98
Al3OsCe4,합금,3,87.34,3.5,9.81,96.86,4.36,1.62
MgIn2,수소화물,2,14.3,5.3,7.95,45.27,2.75,221.51
F2Ti4,합금,2,167.07,3.2,8.56,62.15,9.35,4.72
Dy3Hg2,합금,2,83.54,4.1,8.76,146.63,6.59,6.52
YZn2,합금,2,123.77,5.6,4.98,7.24,4.4,6.93
LuTi3Cs4Te2,화합물,4,143.7,3.4,7.2,49.34,10.52,22.49
IrNi3ZnU4Pd2,고온,5,127.69,1.9,5.84,5.8,4.68,153.2
BiLi3,화합물,2,65.99,1.6,13.83,21.45,10.71,5.7
Tl3Ni,수소화물,2,45.73,2.9,7.25,58.34,14.07,196.93
CrBGa2,화합물,3,119.02,5.1,3.27,29.32,5.85,14.16
Y2BTm,합금,3,40.53,5.2,2.48,74.34,3.68,14.06
Ga4O2,화합물,2,34.58,2.3,12.86,41.25,8.33,4.0
F4Ho2Ce3Tm,화합물,4,74.06,4.8,3.88,14.41,10.95,6.31
MgNd2BNiTi2F2,고온,6,49.63,2.1,5.29,3.3,3.44,37.64
Rh2OsIr,화합물,3,147.15,3.0,9.99,6.18,0.15,1.8
As2FCoCa2,화합물,4,17.12,2.6,10.87,0.54,8.25,8.5
Be2Eu2Cs3,합금,3,139.83,4.1,13.52,6.94,12.94,10.68
Pb2RbHo,화합물,3,147.04,3.3,2.73,32.13,9.47,10.15
K4F4,수소화물,2,38.78,4.6,1.68,46.59,4.62,212.89
Pd3,원소,1,31.64,2.0,5.34,112.76,7.34,0.0
AgAl3Th3Te,고온,4,72.76,2.1,5.29,3.19,6.27,136.12
Ti2Nb,화합물,2,135.15,4.8,6.47,10.93,7.57,9.39
Eu3Sc4,합금,2,164.49,4.6,15.11,50.04,3.12,11.13
Cs2SnIr3,수소화물,3,50.27,3.0,4.58,19.52,14.21,286.21
CrBi,화합물,2,32.0,5.6,1.52,31.39,5.69,9.95
Rb2P,화합물,2,70.79,2.1,3.01,12.36,8.79,5.43
SnPr4,합금,2,144.13,1.5,5.29,12.41,7.97,2.71
HfCe2,합금,2,178.15,2.7,15.9,34.29,10.13,19.32
SrMg3Cd2In4,고온,4,68.31,4.9,7.98,13.26,14.23,141.8
TmSnNi2Nd2,화합물,4,61.67,4.0,11.34,45.05,4.11,5.8
Ge4Th2Ti3Mg2,고온,4,133.33,2.6,5.6,2.2,7.47,150.52
NiLu2,합금,2,123.61,2.9,8.5,88.45,10.34,7.41
NaGeEr4,합금,3,141.03,1.5,12.95,79.59,10.78,5.79
Ce3,원소,1,8.48,3.0,1.94,399.66,0.61,1.59
CaC3,화합물,2,75.15,3.3,12.0,49.52,5.44,41.41
Sn3N2Cs2,수소화물,3,31.23,5.7,3.27,6.7,2.85,148.56
Ho2Ni3,화합물,2,41.85,4.8,13.7,17.38,9.0,7.45
Mg4Na2W3,화합물,3,143.62,5.8,12.48,49.53,9.23,18.23
Co4GdCe3Ho2Hf4,고온,5,120.23,3.0,3.1,2.88,6.45,127.86
Pr4SnTeAsU3Pb2,고온,6,68.7,1.9,6.55,7.44,8.91,40.8
Al,원소,1,88.34,5.0,3.72,310.32,7.94,6.54
Mn3Dy2W2ReCo4,고온,5,79.15,5.2,5.57,9.99,0.56,118.4
Ru3NaSi3,화합물,3,40.01,3.5,11.8,43.66,6.52,16.04
Tm4Mg2,합금,2,34.32,6.0,3.27,104.38,7.86,10.55
Li4Zr3,합금,2,129.46,3.6,2.81,23.32,3.11,6.14
OsCe,화합물,2,110.13,4.8,10.5,25.87,3.04,7.99
Sm2W3Ti2,화합물,3,37.72,1.7,13.73,5.01,0.9,3.12
N2HoNd3,화합물,3,62.77,4.3,8.62,31.69,5.11,36.51
O2Ca2B2,합금,3,81.45,1.8,4.78,100.15,4.17,0.22
SrTbRh4Zn4SbMg,고온,6,48.71,3.9,3.85,1.95,4.68,159.18
EuSc4,수소화물,2,30.22,1.9,3.92,11.2,1.2,210.8
Ag3PrPbSiBa4,고온,5,90.63,3.2,5.34,8.34,12.46,135.05
Nb2Co3Be3,화합물,3,18.72,4.0,9.6,22.92,7.8,16.18
Ta4Ge3Ti2,합금,3,104.95,4.4,11.87,38.8,14.87,8.26
Mo2Be3,합금,2,68.58,4.4,5.69,132.42,12.18,6.07
PRu3,합금,2,49.84,2.2,9.98,13.03,3.03,5.1
H3AlTm2,화합물,3,144.11,5.1,6.14,29.67,11.89,15.23
SrB3Hf3,화합물,3,78.7,2.1,13.12,30.73,4.05,12.61
Sr3La2CaRb,화합물,4,75.32,4.5,7.83,5.48,2.02,11.83
NbGd4Sc2Dy2,화합물,4,72.98,3.3,8.44,29.42,1.1,3.62
Rb2Rh2Te2,화합물,3,31.72,3.9,7.11,25.57,13.94,11.37
BiSc3Tb3Pr3,화합물,4,93.8,3.2,10.83,49.63,1.0,2.2
As2Pb3,화합물,2,52.19,2.3,13.19,2.08,6.09,6.3
VFe3,화합물,2,101.86,5.3,12.8,4.66,0.89,6.52
Rh2H2As2,합금,3,166.0,4.8,7.34,127.62,0.1,9.91
FPt3,화합물,2,132.18,4.2,9.62,43.88,2.87,6.42
Rb3YP,합금,3,85.8,5.9,5.65,104.0,13.61,5.32
Re3Cu2,합금,2,161.43,2.7,15.84,136.24,10.97,0.0
MoSc3MgTi4Pr,고온,5,116.66,2.5,3.3,8.47,13.21,89.57
Ho3FYbTa3,고온,4,68.86,3.9,5.0,2.1,3.34,156.89
UNb2,합금,2,110.98,5.6,9.1,78.94,2.91,8.79
As2,원소,1,220.99,2.0,1.63,239.02,9.74,0.0
SYCo2Nd2Tm3Li,고온,6,69.04,2.9,8.57,4.3,5.47,118.96
Si3P2,합금,2,89.91,4.2,10.45,36.46,6.13,11.79
DyAu2BiHo2,화합물,4,139.3,4.9,7.3,13.94,14.41,30.31
Se,원소,1,34.87,3.0,20.09,297.33,4.47,7.67
Pt3Ta,합금,2,103.85,2.7,8.26,27.86,1.86,6.95
Mo3Gd2PdDy2,고온,4,40.61,3.1,3.76,6.21,10.62,76.28
PdSrGe2Ga2,고온,4,80.65,2.7,8.28,14.06,3.35,50.49
LiB,합금,2,30.08,2.2,4.09,15.63,7.69,8.43
Th4Na4F2,화합물,3,54.98,1.8,5.7,47.84,9.44,3.3
BNa4V3,합금,3,119.19,5.4,3.26,87.13,9.41,4.6
Ru,원소,1,41.97,3.0,14.76,230.78,6.37,1.96
Be2Na2Ir2,수소화물,3,13.52,3.4,2.2,52.92,6.09,273.23
CsCaSm2Bi2,화합물,4,38.66,5.0,13.12,29.91,11.63,6.07
Nb2PNd,화합물,3,117.16,3.2,1.83,11.07,11.0,1.54
ThGd3Pt3H3,고온,4,33.78,1.7,4.34,10.47,13.87,64.51
Se4Pt3ReIr3Tb2Ca,고온,6,30.65,2.6,5.88,5.13,3.92,150.35
Ag3Mo3Co2Sn2,고온,4,92.52,5.1,6.74,2.27,5.32,104.53
F,원소,1,11.95,5.0,3.58,97.72,7.46,0.51
PrB2,합금,2,160.51,2.1,2.41,72.75,14.42,0.0
H3HoCe,화합물,3,55.52,4.1,12.7,19.9,9.32,8.4
Eu4Li2,화합물,2,142.73,3.0,9.04,46.38,4.48,6.45
Pt2Sc2,수소화물,2,10.14,2.9,4.53,42.47,5.29,142.28
Hg2USb3B2,화합물,4,69.83,5.5,5.99,16.54,6.35,8.92
CoZr,수소화물,2,5.44,3.0,5.04,19.38,5.41,181.72
Eu2Ho,합금,2,52.92,4.4,5.65,103.59,1.65,7.61
HPbMoSr4Co,고온,5,124.1,1.9,7.75,14.62,4.41,54.9
SnBa2,화합물,2,147.83,3.8,9.35,48.13,10.13,3.5
ReHg2,수소화물,2,4.34,5.8,2.56,72.07,7.38,246.11
Pt2Pd2,합금,2,130.75,5.5,3.69,115.76,5.71,14.24
B4Mg2,화합물,2,100.48,4.9,9.51,0.98,5.12,11.09
N4K3Er2Ca3H2Tm2,고온,6,127.79,3.1,7.04,10.39,3.4,158.99
Si3Cu2Ho4,화합물,3,123.88,4.7,10.32,30.43,1.97,30.08
Nd2CaTi,화합물,3,76.17,5.9,1.72,45.61,7.13,10.73
In2Te,수소화물,2,32.7,5.9,4.07,42.23,14.3,195.98
InSi3,화합물,2,40.27,3.6,3.74,38.9,10.42,3.3
OTiTh2F4,화합물,4,86.57,2.9,8.5,33.92,13.78,5.88
Ge,원소,1,186.42,3.0,9.64,335.81,1.13,10.17
YbGd4GaO2Sc3Rb,고온,6,59.63,4.6,7.11,3.34,2.9,42.95
Pb4H4,화합물,2,119.77,3.1,2.72,7.56,2.38,4.53
U3Cr3Mg2,화합물,3,68.75,4.9,7.24,15.35,8.9,8.9
Ho2,원소,1,110.87,1.0,1.15,341.25,5.15,0.0
Dy4CrRh2Se2,화합물,4,58.17,5.0,3.49,17.66,1.75,8.74
Er3,원소,1,184.45,4.0,21.38,76.78,5.67,6.32
Au4,원소,1,210.71,5.0,13.26,169.74,9.54,0.07
Li3GePd2,화합물,3,70.34,5.1,9.44,39.06,12.04,2.05
Nb3Fe3,합금,2,62.05,4.7,3.33,68.18,0.19,0.0
Al4Os,합금,2,76.59,3.6,2.84,41.8,7.35,3.14
TeTh2W3,화합물,3,147.92,4.0,2.63,49.23,10.3,5.57
Si3,원소,1,40.85,4.0,5.74,166.09,0.51,14.13
YLi2,화합물,2,150.16,1.6,6.49,36.41,5.16,0.61
Sn3Y3,합금,2,75.66,1.9,7.25,84.8,4.15,4.19
ScRe3Te4Sm2,화합물,4,123.05,3.7,5.74,5.18,0.8,20.74
TiF3,화합물,2,38.72,1.5,8.31,1.07,2.81,26.21
Se3SiSr2,화합물,3,68.32,2.6,9.0,1.87,4.59,21.01
Gd4Cd3Ho2,합금,3,150.34,3.6,3.42,135.72,11.6,2.44
K4F,합금,2,37.45,4.6,7.74,21.59,0.94,8.6
K,원소,1,136.48,1.0,7.84,75.78,1.85,4.85
Al2Ta3Sm,화합물,3,105.33,4.3,4.57,37.87,1.62,4.3
S3Tl2Dy3Sn2Re4,고온,5,138.49,2.0,7.48,13.17,8.35,58.14
Al3Tm2,합금,2,83.9,3.1,14.52,10.6,7.94,6.14
Ga3As3,합금,2,20.01,1.9,11.18,28.38,9.64,2.37
Zn2ThMg,합금,3,111.18,2.5,13.47,88.82,9.75,10.52
As4Tm3,화합물,2,73.75,3.6,2.28,16.45,7.86,18.37
HfMg,화합물,2,56.91,4.3,9.53,3.48,14.49,6.81
Ag2SeYTe3,화합물,4,125.79,4.1,6.15,37.7,9.53,8.22
BiYBa2Cu2LuSn,고온,6,113.34,2.6,4.59,12.11,6.05,120.18
Zr2N2Ga2,화합물,3,150.02,4.6,2.73,21.78,5.26,3.46
Tb2As2Li,합금,3,141.01,4.0,4.74,43.46,7.07,10.6
Hf2Mn4,화합물,2,130.32,4.0,10.28,27.41,3.9,13.22
Se2WGe2,화합물,3,38.24,5.5,4.41,19.68,2.14,11.15
ZnOsBa2Cu3,화합물,4,62.6,2.8,11.8,31.09,3.8,11.98
Ca4Cd4ULa2,화합물,4,155.2,4.3,7.4,9.52,10.95,11.24
Zr3As2Te4,화합물,3,90.86,4.5,3.48,23.5,11.09,6.14
Tl3W3Tb2,화합물,3,63.86,5.7,4.32,45.09,0.57,8.05
InBaAs3Ti4,고온,4,83.27,4.3,8.91,10.57,14.65,156.45
NiBiMo2,화합물,3,113.39,2.6,3.44,49.22,9.64,19.53
In2V2Y4Os3Bi2Ca4,고온,6,49.57,2.2,3.15,7.42,11.4,121.62
Ni3N4,합금,2,83.76,2.5,4.0,102.9,12.38,1.87
Mn2Nd2,화합물,2,12.05,5.4,11.88,22.94,7.41,9.82
Ta3NiF2Si,고온,4,126.54,5.2,7.35,11.16,9.07,119.33
Pr3Ge2Ir2Fe,화합물,4,55.56,5.5,3.28,11.17,0.72,9.95
PbCoNiP4In2Ba,고온,6,82.97,3.6,7.94,4.22,4.55,66.44
NbSi3Ba,화합물,3,74.47,4.5,4.67,15.34,13.41,4.87
Cr4,원소,1,92.66,4.0,19.64,63.65,2.22,0.26
Ta2S3Sc3Pd4,화합물,4,48.87,2.6,8.28,33.46,10.62,15.83
HoIn4,합금,2,140.3,4.9,5.83,51.94,6.38,7.54
UCu2,수소화물,2,17.15,2.6,2.55,31.6,12.78,198.32
Pr2GaCo3Er,고온,4,87.99,3.1,7.5,2.46,4.55,139.92
Ga2Ge,합금,2,170.65,3.2,14.12,132.8,11.94,0.0
AsTa,합금,2,159.44,3.9,9.77,118.0,13.23,16.44
U2Tb2,화합물,2,75.58,2.0,7.46,48.02,7.42,9.59
Ru4Tb2Si2Rb,화합물,4,126.94,4.9,11.56,44.6,5.86,2.84
Th2,원소,1,231.82,2.0,19.11,24.52,6.93,1.42
Nb3Sb2Ir2Hf4,화합물,4,27.3,5.9,1.91,19.48,8.89,5.17
CrV3CK,화합물,4,119.77,2.3,3.23,39.14,2.79,0.62
FeYTl3,합금,3,50.23,2.5,15.72,34.92,4.55,2.08
SeP3BeSc2Mn2Dy3,고온,6,54.09,3.7,5.32,6.06,2.32,144.69
UYb3CoMnY,고온,5,51.12,3.0,6.68,9.54,10.12,32.75
CaLuCo3FPbSb2,고온,6,53.52,2.0,3.47,1.97,13.06,50.76
Sc4Yb2Cd3ErLa2,고온,5,75.35,2.3,5.23,13.46,1.28,150.1
Ru3Li,합금,2,55.57,2.1,4.47,34.0,0.77,7.05
Rb3Ir2Ag2,합금,3,124.52,2.9,15.17,19.58,1.35,4.32
Hf4VC,합금,3,99.95,5.3,9.13,129.84,7.81,10.01
CeBeEuFe2,고온,4,98.29,2.6,8.63,3.93,10.85,162.15
SiZr4Sc2CW,고온,5,38.85,4.1,5.1,7.05,12.43,39.72
Se3H,화합물,2,41.63,1.6,12.18,8.45,7.83,0.14
RhBPbAsN3F3,고온,6,87.4,4.3,7.75,14.11,14.59,38.77
TaMoHo2Be,화합물,4,65.39,1.6,10.82,20.19,12.29,5.02
WVNi,화합물,3,12.57,2.4,4.01,44.85,11.42,7.88
W3ReIn3,화합물,3,136.9,5.4,13.93,16.38,10.36,9.01
Ag3,원소,1,28.12,3.0,18.16,72.14,3.96,0.74
Au2,원소,1,99.84,3.0,2.48,190.94,9.22,0.0
SbSc4,화합물,2,57.68,2.7,3.42,2.49,7.27,5.89
BiIn,화합물,2,42.03,3.9,4.68,11.02,10.91,9.88
UC2W4,화합물,3,48.12,1.9,2.3,9.86,4.34,0.0
NaYSb2Mo3,화합물,4,135.64,3.0,7.96,16.52,4.99,7.15
PrReSm2,합금,3,39.46,3.2,8.33,25.17,13.82,6.34
Mg2Ca3,화합물,2,149.56,2.4,8.46,6.07,6.93,27.39
Si2H,화합물,2,73.9,2.6,3.96,34.37,0.76,4.2
TeNa2Re4,화합물,3,108.46,5.4,2.26,9.22,13.19,6.09
Mg3La3U3PbCrPt,고온,6,132.55,1.9,5.67,1.07,5.51,157.79
Sm2Mo3,화합물,2,159.58,5.1,5.16,27.31,3.22,9.42
Re4Zn2TePd2,화합물,4,65.89,1.9,12.78,16.97,8.91,0.0
Sr3NaAlAg4S3P2,고온,6,43.72,4.3,4.71,10.26,8.74,40.86
Hf4DyThCa2,고온,4,41.04,3.1,5.65,11.3,2.44,67.1
V4UCu2Tb3,고온,4,36.53,5.1,7.11,1.33,13.5,99.02
GeCd2,합금,2,44.77,3.0,15.76,42.81,0.81,12.17
Ca3,원소,1,86.97,4.0,19.27,351.63,7.01,2.19
Zn4Gd4S2,합금,3,121.75,5.2,5.06,136.73,7.61,9.93
Mo3Ni3Cr2,합금,3,169.57,4.6,4.31,89.17,5.78,2.16
Cd2U2RuPbNi2,고온,5,62.77,2.8,8.14,8.2,2.16,105.48
CdNa3Pt,화합물,3,79.9,4.5,12.57,17.64,1.13,10.86
TbNd2,합금,2,151.56,3.5,11.66,128.57,1.46,17.81
Cs3S2,합금,2,35.61,5.3,2.03,9.65,14.58,13.42
AsRh,합금,2,38.71,4.0,6.73,108.33,2.82,9.87
LuRh3,화합물,2,66.87,1.5,8.83,37.81,5.77,0.91
BaRe2Ge2MgRbEu,고온,6,87.36,2.3,6.83,7.52,7.44,95.67
Tl4LaTe4Zn3SnGe2,고온,6,131.39,5.1,8.67,6.61,2.33,136.59
BeTaZrPr2Na,고온,5,39.08,5.9,5.58,8.23,2.97,149.16
Ce4Pt4,합금,2,86.01,1.7,9.48,130.15,2.0,4.78
Gd3Si4,화합물,2,24.21,1.8,4.54,12.47,5.17,6.78
Os2Mg,합금,2,139.66,2.4,9.69,8.11,3.72,0.0
K2PtTi2,화합물,3,93.39,3.2,5.9,48.03,8.59,14.75
ZnPt4Ag2Nb2Mg2,고온,5,32.83,2.7,8.54,10.0,13.1,124.57
Co3GdPd,화합물,3,87.49,2.1,3.89,27.18,2.44,6.75
PdPHNBa,고온,5,96.78,4.6,4.8,10.78,1.48,61.09
Pt3Ir2S,화합물,3,92.84,1.8,3.26,34.43,5.99,25.43
Rh,원소,1,144.97,4.0,12.67,216.34,3.61,2.46
Sc4,원소,1,162.23,3.0,9.03,50.74,0.89,0.12
SBi3Li3Ta3,화합물,4,121.4,6.0,8.31,21.32,2.77,12.87
Eu3SrAl,화합물,3,140.16,3.9,8.98,15.43,6.97,7.1
RbBaSc2,합금,3,37.76,2.3,12.56,134.55,5.14,6.28
Re3Pd,화합물,2,69.1,4.0,1.71,27.8,7.7,18.73
HgHf4Tm2Cs,고온,4,127.12,2.6,7.39,9.07,14.06,123.45
Yb4BaAu,화합물,3,90.33,2.7,10.04,5.29,14.32,5.56
Sm2Cr4HgTeAs2Tm3,고온,6,139.55,2.6,5.52,7.71,7.96,159.19
Sb3Sc4Ru4,화합물,3,54.84,4.6,4.08,49.01,0.53,7.98
As2Ce3EuCd2,화합물,4,102.89,4.6,2.29,40.76,11.98,3.04
NaRhIn2Tm,고온,4,106.25,4.7,6.08,10.67,1.77,54.03
AgZr2K3,수소화물,3,9.8,5.7,1.14,34.46,9.75,207.18
Pr3Ti2V2Au3,화합물,4,45.0,2.4,2.87,6.26,6.48,9.15
TeHfCd,화합물,3,136.58,3.8,7.75,18.51,1.77,21.73
PrMoTi,합금,3,101.47,5.9,12.45,90.27,5.23,4.93
Th3Lu2Pb3,합금,3,31.81,4.5,8.78,141.82,10.58,1.08
FeAuN3,화합물,3,27.46,3.8,6.99,45.37,10.25,31.8
NBaTm2SbLi2,고온,5,58.75,2.7,7.26,5.19,5.03,93.71
Bi2Tl3MoPb2,화합물,4,74.09,3.6,2.2,18.26,0.24,10.53
ReGe2,합금,2,108.39,4.1,13.4,131.63,2.79,0.0
O2Nd,화합물,2,155.11,1.5,3.81,6.32,7.08,1.46
Na3Y2Pr4Eu2,화합물,4,135.82,4.3,3.23,8.01,13.2,3.35
HgSnPt3K,화합물,4,65.91,4.5,11.21,22.37,9.65,30.69
Tb2Cr2Hg3,합금,3,34.54,1.9,14.3,106.23,14.54,4.84
Rh3ErH3Ge2Fe3V3,고온,6,113.09,3.4,7.82,4.06,5.87,143.25
Ta3,원소,1,20.25,3.0,19.99,107.49,1.4,3.42
Be2DyLu3P2,화합물,4,141.48,4.9,7.98,19.92,14.11,12.64
Re4S4Ge2MoCu3,고온,5,51.94,4.9,5.5,11.17,10.14,44.61
Nb3LaTb,합금,3,174.21,3.2,15.08,76.26,8.82,0.0
TbCoW,화합물,3,42.09,3.0,12.09,7.77,0.45,13.15
Fe3SmTb4,화합물,3,12.69,1.9,7.41,48.33,2.64,0.0
FeMoO2Tl4,화합물,4,128.38,2.7,3.87,24.18,2.02,11.2
MoSi2Ba3Hg2,화합물,4,85.95,3.8,5.8,44.5,2.32,2.23
K3In,화합물,2,148.76,4.8,6.96,44.28,3.39,13.31
Ag2Ca2TiFe2Pb3,고온,5,115.5,2.0,5.08,2.73,3.85,50.3
Ta2La3Si3Pb3Ho2,고온,5,117.92,5.0,8.69,13.22,7.35,111.0
PrP3Mn3,화합물,3,138.62,4.4,6.87,40.97,3.2,2.05
YLu2Cs2,합금,3,104.28,5.9,11.3,52.59,9.46,24.25
Co2,원소,1,12.23,2.0,1.49,61.05,8.81,0.0
ZnLi4,합금,2,125.8,1.5,8.4,104.18,1.41,17.39
H2Zn,화합물,2,97.61,3.0,6.23,25.83,13.42,2.42
Ti3,원소,1,112.68,3.0,19.99,19.1,1.67,1.06
Nb3H3Tb,화합물,3,49.73,4.5,5.06,37.56,10.45,16.15
As4Au4Pd2N3Sn2Bi2,고온,6,41.02,5.4,8.77,5.11,14.15,59.35
Fe2KCd,화합물,3,115.96,5.3,9.04,14.31,12.85,16.25
Cr3LaTm2Tb2,고온,4,67.89,2.4,5.71,3.89,5.86,89.54
InBa3N4Gd4Al4,고온,5,128.68,2.4,8.59,2.46,12.3,28.21
HU2,합금,2,41.67,3.2,8.75,19.41,7.38,3.49
Hf4Pd2,화합물,2,82.68,4.0,12.52,41.89,12.76,10.75
Ga3Be2S2Pt2Cu2Yb,고온,6,65.12,3.2,4.22,8.96,3.08,144.24
W2Yb,화합물,2,20.5,1.8,4.67,38.08,1.04,5.92
Dy2Cs3,합금,2,124.92,2.4,7.17,17.5,9.71,1.95
GdEu3Sb2Sm,화합물,4,139.35,2.4,10.37,22.22,5.99,29.33
Cr4Rh2Be2Li2Mo2,고온,5,101.08,5.5,5.49,12.5,8.98,107.85
NiC2U3,화합물,3,71.94,4.1,13.81,1.71,1.26,7.47
SmAl3P2,합금,3,68.62,1.7,3.94,114.65,11.28,2.99
PrHgEuF,화합물,4,146.67,2.1,10.25,14.32,1.35,35.13
GeIn3Ir4,화합물,3,57.54,5.6,7.24,3.53,3.22,5.88
CdRuIn4,화합물,3,91.89,4.2,5.79,45.98,0.9,12.98
Se3LiHo2Hf,고온,4,79.49,4.1,4.41,12.48,14.61,120.41
MoSe2Co3As4,화합물,4,16.38,3.5,13.66,5.9,4.33,12.43
Yb2WBe2SiP3,고온,5,71.25,3.6,5.46,3.93,11.16,69.92
HfMg2,화합물,2,92.21,4.6,12.32,43.23,1.27,5.38
Fe2W,화합물,2,22.91,4.9,4.71,6.28,3.48,8.01
TmAg,합금,2,113.49,2.5,9.52,66.28,9.06,6.58
Cs4BDy3O3Ce4,고온,5,57.76,2.7,3.66,1.77,14.1,37.46
SbLu2La3BeGa,고온,5,139.91,3.8,3.1,11.01,3.08,87.78
Li2KTi,합금,3,177.5,2.9,7.07,26.37,2.15,8.88
Ga2S2Se4Tm,화합물,4,86.56,1.9,10.43,19.39,5.15,5.02
P3O2Nb,합금,3,40.59,4.4,15.26,44.21,12.37,15.05
PrBi3LuY2,고온,4,77.16,4.2,8.2,2.13,2.52,126.23
BeTi2,화합물,2,80.43,2.9,8.1,37.26,2.09,16.35
Ho2Sb3,합금,2,26.56,5.4,14.19,104.53,0.75,13.78
Dy4ThAgMn,고온,4,107.31,4.9,8.18,14.04,12.96,51.72
Mg4Rh,합금,2,128.7,1.6,14.97,108.14,2.05,10.54
ONaTaKP2,고온,5,66.97,5.5,7.14,10.27,1.62,141.5
VInHoBa,화합물,4,120.8,3.5,8.65,11.67,3.1,15.23
Ta3HfZr,화합물,3,136.59,4.0,2.5,15.54,14.15,8.47
VH2,합금,2,46.41,4.9,9.92,125.55,6.82,0.63
Si3SmCd4,합금,3,165.98,5.8,2.32,118.62,5.83,11.73
N2Nd2ZnTb,화합물,4,24.34,2.1,12.93,24.74,9.79,3.71
RhMgNd,화합물,3,98.41,3.6,12.86,33.98,13.37,8.7
InGa3,합금,2,145.78,5.8,14.96,147.5,4.91,9.25
Tb2C2,합금,2,107.69,4.0,14.89,83.73,9.79,6.62
Rh,원소,1,33.33,4.0,15.86,145.16,6.55,0.87
Ta4In3Ti2Sn3MnOs2,고온,6,54.7,5.6,7.92,7.76,2.09,54.48
ZnHo3Y3,화합물,3,102.22,3.5,11.66,10.46,6.76,1.37
Dy3,원소,1,69.62,4.0,18.19,236.69,7.18,9.53
PbBa3Pr3Si3,화합물,4,126.09,2.4,5.47,5.6,8.92,4.89
OsTl2,합금,2,49.92,1.8,7.02,20.09,12.18,4.43
Ce4BMo2Si2Tb3Nb,고온,6,93.14,4.7,8.04,11.02,2.18,166.17
Rh2SeNa2Os2F3,고온,5,34.95,5.6,7.89,9.51,4.88,102.34
Ho3Pb4Nd,화합물,3,17.48,5.0,6.22,42.34,1.02,14.37
Sn2GeReCa2Y3P3,고온,6,47.91,1.6,7.07,2.11,4.4,77.54
Nb2Cd2Li3In2Gd3,고온,5,68.59,2.5,3.26,11.44,6.23,89.73
ScBe2PrCU2Au4,고온,6,53.5,3.0,6.09,10.08,10.13,93.79
HoMnGa2,화합물,3,54.78,3.2,2.6,11.86,9.93,10.59
Eu2Li3K4Rh2,화합물,4,148.27,5.3,7.77,39.54,0.65,15.2
Si3AuNd2,합금,3,21.71,5.3,5.41,10.9,5.3,3.39
TiHCdHf2,화합물,4,82.57,3.0,2.66,20.19,8.32,8.9
Bi3Sr3CBa3,화합물,4,110.64,3.4,10.18,7.86,1.76,5.84
Ho3Lu2Pd3,합금,3,57.73,2.5,4.42,107.68,13.31,0.0
Cu3Ti2,합금,2,108.44,5.2,12.09,71.14,0.78,9.1
Hf3HoHgF2,화합물,4,32.04,3.7,9.69,32.71,12.0,17.76
Si2C4Fe2,합금,3,134.16,1.6,8.83,106.85,3.55,0.2
Sr2BaSb4,화합물,3,72.33,3.8,8.87,8.24,8.84,9.55
Zr2Th4P3Er3Fe,고온,5,68.69,3.3,4.61,6.36,8.62,147.34
YbHf4Dy2Er2LiLu,고온,6,92.1,1.9,6.38,7.34,4.36,98.59
Rh2NdSr3,화합물,3,92.05,5.2,5.33,27.54,9.22,21.97
NHo4S2,화합물,3,45.19,1.9,2.03,22.4,13.99,4.4
NbZr,화합물,2,147.5,3.0,2.93,13.38,14.45,28.14
Sm2EuHf3,합금,3,36.36,5.8,5.33,97.95,5.66,16.94
ErGe3W2Sr3S,고온,5,65.46,5.7,8.26,11.53,14.01,131.52
Co3O2Be4,합금,3,109.36,5.9,4.64,15.61,0.5,7.51
K2Li2,합금,2,178.83,5.0,12.23,72.31,0.45,9.48
CdBeHo3Rh2ZnGa,고온,6,105.61,5.1,4.31,12.0,2.25,92.19
Dy2O2,합금,2,161.82,5.0,4.2,25.11,14.87,7.86
AlSi2Ga,화합물,3,148.73,1.8,8.17,34.15,12.59,7.32
Ag4,원소,1,84.85,4.0,5.03,181.99,2.46,0.52
As4Pt2V2,합금,3,133.55,3.6,4.08,120.42,3.77,18.17
Ho3Au2,합금,2,162.14,4.4,15.64,122.43,6.19,2.7
Pb2,원소,1,8.15,3.0,14.32,389.96,1.16,0.0
ZnB,화합물,2,142.6,4.6,1.95,23.08,10.21,9.72
NaCo3Mn2Hf2Rh2Tm2,고온,6,33.1,2.4,4.08,6.33,7.44,83.88
Rb3In2Sr2Ni3,화합물,4,133.4,1.9,9.95,11.0,0.96,9.39
Hf3B3Tl3Li3,고온,4,66.16,3.3,6.56,5.48,0.4,81.91
Lu2Dy3,합금,2,87.61,2.2,8.8,131.16,3.43,4.31
NbTl,화합물,2,43.67,5.7,4.28,13.38,2.34,8.38
N3Al3,합금,2,140.26,4.7,13.37,6.58,11.28,9.38
Zr3Ca4,화합물,2,78.31,4.5,9.43,13.54,1.05,4.94
BaPN2,화합물,3,104.19,2.3,4.17,12.45,1.98,2.43
Sc4Tl2,화합물,2,21.5,2.5,8.92,44.96,12.29,10.72
SnEr2Pt3RhHf,고온,5,105.1,4.4,7.34,13.75,0.65,124.4
Si2S3GeIn2,화합물,4,38.99,2.5,8.01,23.62,9.77,10.3
TmU2,화합물,2,128.19,5.1,10.78,12.04,3.27,6.84
SCr4Ag3La3Ho2,고온,5,136.3,1.8,6.62,1.6,1.38,115.22
BeH3Tb,화합물,3,117.54,4.2,5.24,39.07,7.75,13.39
Ba3Lu3Si2Pb2,화합물,4,70.01,3.5,5.53,11.52,0.24,5.48
C3Ag,화합물,2,110.39,3.8,5.53,17.17,2.48,10.42
BaCuRbH3,화합물,4,11.54,1.7,10.07,10.66,3.64,16.3
CdEr,합금,2,128.11,4.7,4.81,53.86,11.72,5.01
Ca2RhAg2Yb,화합물,4,119.56,2.2,8.63,22.99,12.47,1.32
Ru3Ti2ReB2,화합물,4,150.37,1.6,6.61,13.73,2.92,11.01
La2Na2,화합물,2,29.61,1.9,11.22,27.88,11.49,7.37
Th2N,합금,2,138.0,3.7,13.67,20.25,0.22,10.24
Pd3Bi3N2Li,고온,4,119.91,4.8,7.13,3.83,13.01,163.99
TeWScIr4,고온,4,98.02,6.0,6.87,3.2,9.18,109.33
Cd3Rb2As,화합물,3,55.59,5.8,3.07,3.85,9.03,5.15
Ti4Mo,화합물,2,46.49,5.2,7.01,20.14,3.98,19.04
C3Yb2NaNbZn3,고온,5,133.66,5.9,7.94,3.19,9.16,71.67
PdHo4Tl2,합금,3,89.97,5.9,10.63,44.59,5.94,4.17
Ir3Er3,합금,2,172.94,5.8,10.37,85.46,14.44,4.82
LiCrErK3,화합물,4,109.21,4.4,6.56,33.29,5.68,13.36
ErAsAgYBe2,고온,5,135.94,5.6,8.44,10.9,9.4,137.15
In,원소,1,236.6,5.0,4.81,35.27,9.53,6.4
H3Ti2,수소화물,2,4.86,2.2,6.05,59.53,2.97,198.82
Fe2Mo,화합물,2,157.7,3.2,13.67,35.37,4.11,5.32
DyLu4Tb2Ho,화합물,4,115.64,2.9,8.5,32.24,14.89,12.29
Os2SnNb,화합물,3,140.82,1.7,12.51,37.37,12.58,3.03
Re2Tb3Al3,합금,3,53.82,2.7,13.31,17.85,11.51,0.0
Li2Lu3Tb4Zr2AuCu4,고온,6,56.94,2.5,3.43,2.21,2.72,28.63
Nb4BaO3,수소화물,3,52.63,2.1,5.59,55.52,7.69,233.49
CuV2Au,화합물,3,42.15,3.6,2.24,25.04,12.95,12.51
Sr4Pb3,수소화물,2,8.55,2.4,4.18,24.89,13.57,128.44
Li3Ho3ThGe3Co,고온,5,106.23,2.9,4.84,12.36,8.91,138.46
Hf2Sc3,화합물,2,35.18,5.2,4.3,8.54,3.87,13.17
Te2HK,화합물,3,14.57,4.7,9.84,19.39,13.86,1.91
CrTiHgNi4,화합물,4,126.49,4.2,1.52,10.47,6.74,9.59
Er2DyTb2Tm2,화합물,4,132.43,4.1,8.71,34.72,9.79,6.05
Hf4,원소,1,15.95,5.0,12.19,33.8,1.44,7.95
Cu4Os3PdB2,화합물,4,78.59,2.4,7.07,14.38,2.92,3.0
Ce3,원소,1,176.65,4.0,13.25,33.88,0.76,3.61
UCs2Re2In3W3Er2,고온,6,136.57,2.9,6.78,6.98,6.27,93.12
PtAu4Ir2BeRh2Li,고온,6,116.96,1.8,6.55,1.4,12.34,129.54
GePd2Ba,합금,3,118.87,5.5,15.79,120.17,1.34,6.39
CuTm3,화합물,2,51.99,3.2,6.42,5.85,0.74,10.1
Tb4NAg2O,화합물,4,92.59,4.8,11.75,13.74,10.26,11.47
F2CePd3,화합물,3,13.85,3.1,9.97,43.85,9.68,3.15
TlHo4Hf4,화합물,3,137.65,5.4,10.29,11.72,0.33,2.31
UIn3,화합물,2,85.89,3.4,2.7,34.58,9.64,8.26
PC4,화합물,2,95.85,5.0,11.38,25.85,13.91,15.0
V3,원소,1,73.21,2.0,13.39,345.57,1.61,11.14
Os,원소,1,95.03,5.0,18.1,390.22,9.58,7.44
TbHg,합금,2,97.12,4.6,11.19,48.63,9.23,4.48
CaKSbFAs2Sr,고온,6,60.63,5.1,3.18,12.97,9.8,71.97
Pd4C4Bi3,수소화물,3,2.73,3.1,7.15,71.55,7.14,197.53
TeTl3BaTm3,화합물,4,11.62,1.6,3.53,21.4,11.52,0.0
AlMn2,화합물,2,154.27,1.8,5.44,35.47,0.18,1.98
EuMg2Zr2,합금,3,73.95,2.5,4.65,142.3,1.35,10.14
CaSm3Rb4Cd2,화합물,4,121.57,2.5,12.55,3.99,3.48,2.83
O2SiAs3,합금,3,76.19,2.2,5.62,50.29,14.18,0.72
H4Na4Os2,화합물,3,101.09,4.2,13.61,23.77,11.6,14.28
Eu2PtAlMgBeTa,고온,6,35.24,3.7,8.36,6.96,7.3,65.28
PtZn,합금,2,101.61,4.9,5.32,114.74,8.98,15.11
CTb4AuAs3BaEu2,고온,6,84.54,5.5,5.71,12.11,12.92,144.49
As2,원소,1,55.64,3.0,1.21,360.27,3.85,5.6
CaBi2,화합물,2,135.04,3.3,3.05,5.77,0.31,10.59
Ge2Ru3Eu,합금,3,22.54,5.5,15.61,56.93,4.13,8.46
Tm3Sm4,화합물,2,95.61,3.4,5.45,19.79,6.68,3.86
ZrNdAg4,합금,3,86.05,3.5,14.08,53.07,13.66,10.65
W4RhHgZn,화합물,4,144.6,4.3,10.81,28.37,12.67,4.6
La3Se,화합물,2,23.37,3.3,8.18,28.26,3.81,12.21
HfNb,화합물,2,131.27,2.2,1.89,40.41,7.14,13.5
Sc3B3PrNd3,화합물,4,90.75,4.7,8.42,29.81,0.5,7.08
C4OsTi2Ir2Er3Cd3,고온,6,116.69,2.9,7.26,5.87,7.71,93.85
SnAsNb3,화합물,3,67.87,2.2,11.37,35.18,5.68,2.46
La2Os,합금,2,47.11,5.2,10.38,70.45,6.74,18.99
Cs2CH2,합금,3,26.93,5.4,2.19,37.26,2.1,7.38
S3Pr3Mg3WNi,고온,5,107.28,3.4,7.14,6.61,14.32,84.86
Mg2Ge3Mn,화합물,3,39.42,5.0,3.55,21.46,8.6,4.59
C3Rh3BN,화합물,4,67.94,5.0,11.38,7.23,1.93,7.95
ScSi3Pt,합금,3,105.81,3.4,15.44,131.68,13.66,19.15
TbNd,화합물,2,94.29,5.2,5.98,1.12,8.42,6.58
Ba2V2,합금,2,173.91,2.3,5.08,143.02,6.46,3.75
WCdTiO3Er2,고온,5,39.72,2.3,3.85,3.22,3.32,114.35
C3ErRb3HoCa2Na2,고온,6,70.05,3.6,4.37,3.64,4.7,62.72
LaCs4F4,합금,3,108.92,2.9,12.85,29.36,9.01,9.2
MgTm2UAs3,화합물,4,92.76,2.6,3.75,40.64,8.47,26.9
In2Na,합금,2,174.19,4.2,11.35,125.48,14.71,7.65
Na3Cs4O2,화합물,3,153.79,1.7,13.57,30.6,13.9,9.24
Pr3Mn2Tl3Mo4,고온,4,39.52,2.5,8.27,7.28,10.77,82.61
Pt2Nb2,화합물,2,80.85,5.2,4.35,37.87,0.73,8.38
Sr3LuCuN3,화합물,4,28.44,4.3,6.64,16.53,10.91,17.2
Hf3Tb,합금,2,167.48,2.6,6.88,17.34,3.35,9.75
TlTiPd2Nd2Pr,고온,5,51.9,4.4,6.92,6.44,2.65,105.5
Re2B2Zr4,화합물,3,119.56,4.2,2.7,25.29,2.61,8.98
K4W3Rb,화합물,3,159.35,6.0,12.1,9.44,3.41,14.81
AlEr4,합금,2,48.54,5.4,10.19,72.21,1.07,8.67
Ga2Sn4P2Zn,화합물,4,112.14,4.6,4.82,25.33,11.72,15.61
Pb2Mn2,수소화물,2,57.99,4.8,6.66,50.36,3.72,101.63
Cr2K2Ga3Eu4,화합물,4,63.96,1.6,4.22,43.0,7.15,11.14
CdLa4,화합물,2,118.9,2.1,7.14,24.91,0.33,5.44
CdNBe3Sc4,화합물,4,81.41,3.4,3.05,21.7,9.3,11.13
Ho2CaRbRh2PdCu3,고온,6,80.93,2.1,8.46,1.62,9.27,73.17
Ru2Rb,화합물,2,109.28,4.3,10.44,45.75,7.69,27.6
NaBe2Li3,합금,3,149.02,4.6,4.85,124.14,11.37,13.34
Y2Al3Os,화합물,3,60.25,4.6,6.64,35.99,7.7,10.41
FHoCa3Sm3,화합물,4,34.04,1.5,5.24,2.89,5.49,4.84
Nd2BiU2,화합물,3,76.14,1.8,6.56,29.41,7.31,8.85
Dy2Pt2Lu2Rb3Ho2Rh,고온,6,44.7,5.7,6.41,14.24,3.9,92.41
U3As,화합물,2,20.88,5.2,5.45,10.18,0.26,7.37
Se3,원소,1,63.61,2.0,17.86,32.04,7.08,0.0
WSe3Bi,수소화물,3,44.28,3.4,1.42,42.8,0.77,231.83
B3Pr4,화합물,2,53.79,5.3,6.04,47.36,2.53,7.94
Ru3Au3,화합물,2,131.03,3.4,7.97,22.87,7.67,10.9
Ti2Yb2Sb2,화합물,3,69.34,2.4,4.88,14.8,5.02,15.54
Pd2AuIn3Ca3,화합물,4,140.79,2.7,11.23,11.23,6.41,22.41
Tm3W4,합금,2,125.37,4.9,12.0,124.83,2.15,0.8
BiUHC2,고온,4,93.95,3.1,5.97,10.99,5.74,45.23
Na3Lu2H3C2Ir3Tl,고온,6,61.32,3.3,5.33,1.76,0.74,43.75
Ga2TaCu3Ti,화합물,4,10.3,3.8,4.96,47.83,0.84,3.65
Zr2Rb,화합물,2,73.73,3.9,6.87,42.26,3.59,3.72
B3NaSb3,합금,3,130.02,4.7,7.74,120.88,7.44,6.06
MgCe2Tb,합금,3,68.09,2.4,3.71,7.36,3.19,14.33
HfSm2,화합물,2,65.03,5.6,12.89,47.08,4.79,11.77
Lu3S2Er3,화합물,3,119.06,3.3,7.13,20.1,8.09,4.79
Pr2Sc,수소화물,2,9.73,2.2,4.22,11.18,11.74,196.99
Sm2Cd2ZrTm2U3,고온,5,40.92,2.8,5.3,1.96,12.22,71.62
Co2BaTi2,화합물,3,92.06,5.7,6.12,13.37,6.67,23.06
Nb2GaCo,화합물,3,14.6,3.7,13.0,36.16,5.81,9.4
Zr4Pr3,합금,2,82.28,1.9,8.47,60.21,10.01,8.19
Y2U3Rh2,수소화물,3,5.21,1.8,5.08,56.3,11.37,232.98
Nd2AlLu2Li2,화합물,4,41.82,2.3,8.59,7.41,0.79,2.93
Y2Pd2,합금,2,145.01,2.3,12.39,97.15,10.13,3.58
Fe2Eu2Li,화합물,3,90.48,3.0,11.39,27.12,0.54,6.54
Ho4Ti2Te4FeNaTl2,고온,6,97.23,3.3,3.32,5.64,1.9,137.57
Ca3Hg2Er3Nd2Be2Sr,고온,6,86.74,2.2,6.65,11.02,9.68,113.96
Pb,원소,1,46.02,4.0,3.08,248.65,2.26,4.72
Te3GdEu3Ce3Co3,고온,5,128.78,3.4,8.16,12.73,3.78,133.81
InIr,합금,2,49.26,3.7,2.88,77.41,8.0,6.85
Ru3,원소,1,140.56,3.0,19.5,389.29,1.32,0.0
Re2LiLu3U2,고온,4,81.52,2.1,8.93,6.61,13.23,96.18
NiTeBi3Rb2,고온,4,47.17,5.8,6.87,6.86,12.32,35.22
NiCsSe2,화합물,3,85.72,2.7,12.83,33.11,6.99,11.92
CaYTiTl2,화합물,4,133.79,3.1,4.97,36.1,9.34,0.12
K2ErDy3Te2Zr,고온,5,73.51,3.4,8.56,3.3,9.03,109.85
BiAs2Ir2Ca4Hg2,고온,5,93.18,3.4,6.52,11.51,11.12,136.36
Co2S2Re4PtCe,고온,5,70.47,3.8,5.31,10.07,8.3,150.07
Si3Li2Pr,화합물,3,88.63,2.3,8.39,15.43,7.06,14.84
NbRu,수소화물,2,29.84,5.8,6.7,10.29,13.64,140.26
CaNaAs,수소화물,3,39.86,1.6,5.02,60.19,5.57,190.73
PdZrTh2,합금,3,67.98,5.5,8.8,62.15,3.28,5.89
KHgAu2Rb2,고온,4,54.31,2.2,4.33,11.6,7.65,104.16
LuNdNaZr2,화합물,4,58.82,2.2,2.8,11.24,5.88,8.26
Rh3Pd2ZrBa2,화합물,4,104.98,5.4,9.6,23.9,9.88,20.34
KPr3,화합물,2,116.27,3.1,12.47,38.83,8.5,5.67
Li,원소,1,16.56,2.0,9.93,398.38,0.95,0.0
Er3Pt,화합물,2,37.58,3.0,11.32,37.6,1.11,5.05
IrCu3BSn,고온,4,32.07,3.6,4.85,13.16,13.97,122.42
ZrDy2,합금,2,97.75,2.6,8.43,103.18,8.83,5.22
Nd3Ce3PtAu4,화합물,4,96.03,4.4,5.25,40.64,4.83,11.99
SeEu2Na4Pb2,고온,4,77.22,3.9,4.19,2.56,3.82,43.39
Nb3Bi4Ca2,화합물,3,10.75,4.5,12.41,36.03,13.33,6.18
EuCu2,화합물,2,74.94,4.8,4.39,21.4,3.7,6.16
Si2AlPb2Ho4,화합물,4,78.51,2.9,11.59,6.73,5.89,3.92
Be2MoIn3,화합물,3,101.53,1.8,10.82,8.68,5.06,17.78
Ti3U4NaMn3,화합물,4,122.84,3.9,13.13,23.34,5.05,20.01
K3Y2La2Os4Sn,고온,5,95.79,4.1,5.14,13.14,1.65,137.86
Zr2K3N,화합물,3,33.48,5.1,2.81,34.1,8.31,8.34
Ru2Sm4CrMn3Sr2,고온,5,139.12,5.7,7.34,4.39,4.06,131.86
Si4Tm4Sn2,화합물,3,99.82,2.2,9.72,49.98,11.52,1.06
Nb2TeSc3,화합물,3,83.41,4.5,11.13,10.81,5.93,19.11
CsRu2W4,화합물,3,109.75,3.2,11.24,44.61,8.33,6.52
B3Ni4Sn2Fe,화합물,4,95.13,2.8,10.39,18.32,12.9,8.11
Ru2Ga3,화합물,2,59.13,1.7,7.92,11.41,8.69,3.08
P2,원소,1,32.95,4.0,21.52,14.15,2.6,7.07
V3Rb,합금,2,134.25,2.0,12.01,5.8,12.38,2.72
ReTi4,화합물,2,119.29,3.8,4.12,11.88,0.59,26.31
Eu2SiO,화합물,3,68.1,1.7,2.31,12.11,6.96,5.02
PbTe3Ta4,화합물,3,17.75,3.1,9.58,4.54,13.27,35.65
Mo,원소,1,96.79,5.0,12.05,234.42,8.09,10.44
BiCrLi2Th4Si2,고온,5,101.18,1.5,8.91,14.9,6.68,150.02
Ag2Zr2Be3,합금,3,134.3,5.3,4.69,7.92,3.63,10.35
Pr2LiMn2,화합물,3,78.2,3.0,9.45,22.13,5.96,13.14
Si2Ge,화합물,2,47.21,5.6,12.61,18.76,9.66,25.89
Se4Ru,합금,2,157.09,3.9,3.23,11.04,1.58,2.65
ReN2Dy2Bi,고온,4,73.92,2.3,3.13,13.27,11.57,157.18
Ag2AsZr,합금,3,151.38,5.1,9.3,93.48,2.28,8.51
ZrNd2,화합물,2,66.31,5.2,11.04,21.69,11.16,26.27
Ir3Al3Ce3Y3Se2Ru,고온,6,76.95,3.0,8.42,14.64,13.18,138.26
Ag2BW3Th2,화합물,4,131.96,4.5,11.59,46.48,9.06,16.69
K4Mn2PtBi4,화합물,4,68.87,4.7,9.27,1.77,8.61,11.0
Sm3Er,화합물,2,81.5,3.0,8.57,11.99,7.79,17.27
Ir2Li,화합물,2,36.05,5.5,2.9,44.12,3.54,13.98
H3In2,수소화물,2,58.35,1.9,6.02,9.69,14.33,207.49
Eu4CYbCd2,고온,4,49.42,3.3,4.28,11.45,10.85,62.36
NiYK,화합물,3,35.48,4.0,3.95,44.58,4.7,0.92
Ti2Ho,수소화물,2,41.81,4.5,4.94,22.23,10.38,170.07
Eu3,원소,1,210.63,4.0,2.88,197.7,3.68,0.71
Sm,원소,1,35.11,4.0,18.91,331.14,7.66,11.89
SnPd3AgCsPt,고온,5,93.97,1.7,8.42,2.37,9.55,144.87
S3Ho3Ti,합금,3,91.71,2.1,8.09,81.58,14.91,11.73
Co2,원소,1,159.96,3.0,9.85,266.3,1.83,2.15
Sn3B4,합금,2,132.12,3.1,11.09,127.73,1.47,1.4
Hf4ReIr,화합물,3,92.21,3.6,8.45,14.72,8.52,11.16
Rh2Yb2Y2Ba4,고온,4,79.56,2.8,7.18,13.47,7.5,121.22
Nb2F3WAl4,화합물,4,114.29,5.5,5.11,9.91,6.16,11.16
Zn3Na2,합금,2,55.51,4.7,2.77,9.86,7.04,9.3
Te4Si2Ho4,화합물,3,31.45,2.3,8.0,40.75,0.6,5.59
FHoTm4Al2,고온,4,110.7,2.6,4.47,10.84,6.91,122.63
NaYb2Zr4RbGd2Y3,고온,6,31.06,4.5,7.12,6.09,7.38,168.21
Pr2Tl2B2,화합물,3,157.14,4.5,2.1,1.08,4.2,28.96
Mo3P2F2,수소화물,3,27.15,3.0,2.34,33.69,3.1,259.67
Re4Ho,화합물,2,21.71,4.0,2.77,20.01,14.85,5.48
In2,원소,1,86.69,2.0,14.67,293.5,9.68,1.32
N3,원소,1,112.05,5.0,20.54,189.05,8.91,2.89
ZrBi2,합금,2,41.51,4.8,4.38,78.9,2.9,5.04
TmMnSc,화합물,3,65.6,4.7,6.53,14.79,9.41,12.32
UMo4,합금,2,77.67,4.4,5.1,61.43,10.1,5.93
TeF2,화합물,2,145.03,2.3,6.1,48.68,10.71,6.16
PtCo3,합금,2,40.73,2.9,12.83,114.12,11.38,26.47
SrAu2HB2,고온,4,133.72,2.7,4.25,6.61,6.92,32.14
FTb2Sb3,화합물,3,158.44,6.0,8.98,19.96,13.52,6.22
OFCu2B,고온,4,100.01,2.6,4.39,7.55,1.22,55.19
LuZn2Al2Pt3C,고온,5,59.6,4.1,5.08,5.84,4.3,49.39
Ru2,원소,1,40.46,3.0,11.2,124.16,5.62,2.81
Au2Eu2F2,화합물,3,134.33,3.2,13.04,41.56,3.72,15.51
Mo3,원소,1,33.63,1.0,12.91,229.21,4.87,1.18
Nb3W2YbPd3Au,고온,5,111.33,5.5,7.52,10.79,9.35,109.87
NNaHf2,화합물,3,74.3,1.9,2.95,8.64,11.59,4.96
Eu,원소,1,73.07,3.0,2.33,156.73,1.74,0.0
Er2Ir2,합금,2,153.15,3.2,13.39,16.9,8.66,0.0
DyAuTa3Ge3,화합물,4,138.04,1.7,3.91,47.33,12.75,23.35
Ta2F3Ba2As3Nd2In4,고온,6,114.31,3.0,8.47,14.15,6.39,88.97
VN2U3,화합물,3,133.91,5.0,9.24,13.76,4.88,13.15
ErInBGa4EuCd2,고온,6,90.57,4.8,5.37,2.96,5.58,165.99
GdGaTe2,화합물,3,81.72,3.1,9.92,27.3,1.37,13.04
Mg,원소,1,71.35,5.0,20.92,100.16,2.33,6.28
Sc2O,수소화물,2,35.66,2.4,4.42,26.87,14.28,194.55
Te4,원소,1,194.4,5.0,20.97,156.77,8.44,2.78
Ce4TiPNi,고온,4,126.9,5.1,8.86,1.87,10.71,81.18
BiYNb2,화합물,3,102.37,2.4,2.86,31.38,9.34,11.97
Li,원소,1,232.56,4.0,10.62,4.13,6.47,4.7
Cu4Be2Ag4Er2,화합물,4,32.31,3.6,4.63,42.52,4.63,11.1
F3Te2Sc,수소화물,3,31.13,1.8,4.13,79.08,3.42,252.62
Sc4O2,수소화물,2,3.35,2.1,6.69,16.2,10.6,155.09
K3Ni2,합금,2,140.4,3.6,9.18,122.33,9.13,13.23
Be3SCo,합금,3,125.78,3.2,6.39,47.74,14.35,2.59
Lu3Yb4,화합물,2,121.24,3.8,4.16,7.64,14.02,45.49
Au2Ta3Pr2,화합물,3,102.13,6.0,9.38,43.47,7.07,8.26
BiDyBLu,고온,4,84.42,2.9,6.71,2.94,0.12,81.31
Dy4Ta2,합금,2,95.09,2.8,11.22,30.69,6.37,34.12
Ru2Cs2W,수소화물,3,35.73,3.8,6.04,25.62,9.9,125.44
Nb3Hg2Hf,화합물,3,66.45,3.9,12.39,2.8,12.17,8.27
Os2CuO2Si3Li,고온,5,44.52,5.0,5.27,13.34,2.42,119.73
PrRe,화합물,2,88.71,3.8,3.63,15.41,6.64,3.82
Ba2B2,화합물,2,95.28,3.4,3.54,36.41,12.28,3.81
Co3Eu2,수소화물,2,50.15,3.3,7.82,44.77,2.91,272.95
YbK,화합물,2,70.83,4.0,4.0,10.37,7.95,6.39
Lu2ErZnAuCuW,고온,6,41.28,2.3,5.56,9.06,3.07,99.17
CrO2,수소화물,2,51.52,5.7,3.74,13.27,1.13,179.34
Zn3C2Be2Ca,화합물,4,69.25,4.2,12.1,28.16,2.89,2.59
OsS3In2,화합물,3,14.33,4.6,6.71,46.87,7.87,10.83
Cu4,원소,1,192.49,5.0,21.77,52.88,4.87,3.65
Sc4,원소,1,210.31,5.0,0.7,214.25,1.09,3.85
Lu2SiMn2,합금,3,68.41,2.1,9.47,40.83,5.31,1.45
Sm2Be2,합금,2,46.08,3.1,10.81,66.15,3.64,10.07
RbSm4Tm,합금,3,59.45,4.4,3.0,132.98,0.23,17.5
Nd2SiO,화합물,3,35.02,4.8,8.74,31.29,0.16,17.83
Ca2Gd3Si2W2,화합물,4,29.09,1.8,5.91,23.86,6.46,4.83
Er2TiGa2,화합물,3,36.84,1.7,10.79,3.27,8.2,35.88
UTm,합금,2,163.51,3.6,6.97,36.11,8.56,1.99
Bi4,원소,1,199.24,5.0,14.53,1.67,9.06,5.26
Te3C2SeSi2,화합물,4,124.86,5.3,6.75,46.41,8.73,8.93
Nd2Ti2Ta,화합물,3,43.75,5.5,11.5,41.68,9.45,28.1
GaTi3,화합물,2,111.68,3.6,10.3,33.45,12.11,0.39
AlHo3BeK4,화합물,4,106.76,4.9,7.16,18.84,8.68,10.23
SeO3Rb2As,고온,4,136.88,2.7,4.53,4.48,11.24,53.77
Rh2HgN,화합물,3,65.54,3.8,10.83,14.86,5.31,26.38
Co2AuUCa3,화합물,4,145.27,3.0,5.02,41.57,12.83,8.12
SnAs2,수소화물,2,22.62,4.4,4.86,43.19,5.19,213.02
AlB3Zr3RbSb,고온,5,68.78,5.0,3.21,2.96,0.17,39.18
Nb3KSe2,화합물,3,37.4,2.7,4.52,33.67,8.37,4.3
As4Tm2Zn2Sb2,화합물,4,15.58,1.9,13.08,1.01,12.51,7.9
PbAg4,합금,2,83.24,3.8,6.04,119.93,8.56,21.08
PdN2,화합물,2,98.43,3.4,1.86,11.39,8.04,3.92
TmPd2,수소화물,2,46.38,1.9,6.71,26.39,10.88,187.52
Sn2ErCe2,화합물,3,107.64,3.9,7.92,25.21,4.66,6.87
Ru2Si3BeRh2Lu2,고온,5,95.7,2.4,4.04,14.53,8.42,161.69
Tm3CdAu3K,화합물,4,30.18,5.0,11.39,32.81,2.78,9.74
Te3AsCd3,수소화물,3,36.23,3.7,4.71,54.1,8.0,120.57
Ru2C2NaS4,화합물,4,20.87,4.1,7.04,1.92,3.43,33.44
Cs,원소,1,196.89,5.0,14.75,240.95,9.52,4.43
Tm2EuDy4Hg,화합물,4,66.33,3.7,5.27,18.97,1.23,3.96
Pt3Sn,합금,2,105.91,5.8,15.1,8.38,3.7,8.07
F,원소,1,163.84,3.0,14.85,30.75,2.03,2.13
Hg2BaFU4AlOs,고온,6,93.54,3.3,7.29,10.75,11.0,90.47
NdB3Th3,합금,3,139.85,2.0,7.58,79.59,1.87,4.74
Eu2GdRbPdRhSe4,고온,6,134.92,2.6,7.94,13.01,10.63,131.9
In2Ir4,화합물,2,14.66,2.9,8.89,44.17,12.74,3.63
Nb2Ba3,합금,2,122.04,3.3,8.39,19.61,12.2,1.7
Cr2Bi4,수소화물,2,23.97,5.1,2.78,77.11,4.81,206.81
NiIn2,화합물,2,142.23,1.8,3.05,27.86,9.34,0.0
Pr2Zn,화합물,2,72.42,4.6,1.81,19.29,3.99,4.76
Cs3H2Th4Pt,화합물,4,73.22,5.0,2.19,16.75,13.9,19.31
Rb3Eu2,화합물,2,155.36,5.9,11.83,30.24,6.02,14.59
F3Rb2Hf4H4Si2,고온,5,104.6,5.6,5.01,9.32,10.22,90.43
NiHgMg3B,화합물,4,101.12,1.9,1.66,41.36,1.67,13.01
MnSr2,화합물,2,115.27,3.4,7.85,40.01,14.38,6.25
F2Hf3Os2N2Rh3,고온,5,67.86,4.2,6.91,2.03,9.41,86.45
Nb3Co4Se2,합금,3,172.24,4.0,5.97,109.84,4.44,8.33
Nb2In,화합물,2,108.94,4.1,11.61,22.88,4.75,21.44
Ga2In,수소화물,2,4.9,3.8,5.37,78.85,4.6,103.0
Er2EuB2N,화합물,4,137.5,2.0,11.13,6.79,2.74,10.51
Li2AlRuRe3GeHf,고온,6,68.78,3.3,4.88,8.15,9.89,61.99
N2Ti2OTb2,화합물,4,149.0,3.1,4.15,35.12,2.1,13.15
Pb2Ni2Tm4Ho,고온,4,118.97,5.6,6.13,7.03,14.23,120.61
AsWLu3Th,고온,4,112.3,4.8,4.39,5.07,2.24,130.61
K3Zr3,합금,2,42.63,4.6,3.77,137.61,9.82,6.42
Sr4Lu2Te,합금,3,87.29,2.0,11.58,45.06,5.81,1.13
Pb2Hg,화합물,2,73.2,5.5,8.45,36.12,14.08,9.91
Zn2Cu2U2,화합물,3,73.42,2.8,3.29,46.32,11.52,0.13
Ag3Pd2Al,합금,3,60.7,3.8,4.34,67.81,14.95,8.17
Cr2,원소,1,152.15,4.0,20.96,10.21,8.04,0.6
CsFe3Mn4,화합물,3,76.58,5.0,2.39,29.61,9.41,14.69
Nb2Sm2Pr4,수소화물,3,25.42,4.9,2.19,28.22,14.46,181.26
TbPb3O,화합물,3,15.88,2.4,5.41,49.84,9.72,3.97
MnAg4Gd,화합물,3,100.58,5.2,6.7,21.37,4.23,22.85
Ce2W2,합금,2,134.01,2.8,15.37,140.27,11.1,0.91
Ca4Pr2,화합물,2,23.26,2.4,1.94,24.18,5.88,8.1
Nb4Hg3Se2,합금,3,22.24,4.0,11.74,47.76,2.34,9.87
Pd2Cr4Ba3,합금,3,108.64,5.3,12.41,131.2,5.63,9.04
As2Rh4La3Ga3,고온,4,91.11,2.4,6.46,6.98,7.36,107.43
Zr2Re4,수소화물,2,10.79,1.9,5.0,32.86,2.25,190.93
Ir4W3,합금,2,100.3,4.8,14.75,73.25,10.93,7.42
Dy2,원소,1,15.47,3.0,6.57,20.13,6.1,13.17
Zr4Pb,화합물,2,127.17,1.7,12.98,20.65,8.53,16.55
Sb3Na2Hg,화합물,3,100.42,1.9,9.14,26.95,3.19,0.68
ZrCeNb3,합금,3,56.32,3.2,2.67,12.26,11.61,8.97
S2Ir2,화합물,2,16.87,5.2,11.04,43.75,14.92,15.96
UTb3,합금,2,31.51,4.4,7.57,51.92,4.08,8.05
W3Na2AsNO2V2,고온,6,137.75,3.6,8.79,5.77,1.07,86.77
Sn2Er3Nb2,화합물,3,24.67,4.2,7.75,36.01,6.95,6.35
Na2In3Nb4Co2,화합물,4,72.75,3.5,4.55,23.27,14.0,5.87
Ge2Cd4,화합물,2,43.0,3.7,8.37,47.79,14.57,9.97
TbSHoSrPt,고온,5,79.67,2.1,4.18,14.87,12.24,153.88
YbLi,수소화물,2,5.34,3.1,4.55,65.98,10.63,185.31
BeRh,합금,2,40.02,3.1,7.81,89.83,13.35,3.66
LuTh2,합금,2,170.73,4.0,15.35,127.23,8.56,4.64
O4Be,화합물,2,143.96,2.7,2.07,29.06,8.67,3.56
Re2Tl2,합금,2,175.53,5.7,3.69,69.99,5.31,11.73
SiWBi,화합물,3,117.92,5.1,12.49,38.65,4.81,4.46
C2FeCo2,화합물,3,62.34,5.4,8.72,13.28,12.55,11.04
CuTm2Mg3,화합물,3,68.1,2.1,8.11,49.23,14.39,12.16
HNb,화합물,2,83.19,2.3,13.81,13.84,10.7,14.75
CsIr2Ge4,화합물,3,105.92,4.2,10.47,23.55,7.86,8.01
PrYbSn,수소화물,3,56.48,4.6,2.45,33.92,8.12,195.79
W2C2Se2,합금,3,91.82,2.1,13.14,129.33,3.46,12.89
Cr4Al2Hg2Zr,화합물,4,140.35,5.9,13.59,40.37,10.36,9.1
Mn2,원소,1,220.74,5.0,4.34,35.01,6.7,7.29
Y,원소,1,192.24,2.0,12.41,387.33,5.68,6.82
Mg2S3,화합물,2,116.64,5.9,2.71,45.64,9.32,12.26
Th2N2,합금,2,60.44,3.8,8.32,19.24,0.2,8.52
Au,원소,1,175.06,3.0,19.19,6.27,1.8,0.0
W2B2Ta4,합금,3,30.02,2.1,5.71,98.13,4.82,7.46
NiBi2In,화합물,3,68.88,4.2,3.83,36.43,14.13,26.34
ORh3Zr2,화합물,3,93.73,5.1,2.66,27.66,0.8,7.03
U2Au4,합금,2,160.23,4.2,6.15,33.59,4.29,7.16
Ce2In3,화합물,2,155.19,3.2,3.8,36.29,10.44,32.45
ScSi2,합금,2,94.51,5.6,8.05,58.17,0.83,12.24
Pt4ErSrTl3,화합물,4,28.73,5.8,6.06,22.5,9.31,4.29
GdSmU4,화합물,3,14.32,4.6,5.86,3.53,5.53,4.68
Ca3P3H3,화합물,3,52.4,4.9,10.44,37.9,5.37,6.66
Co2S,수소화물,2,41.58,5.7,6.53,29.58,10.42,192.51
KPr4Y3V3Mg,고온,5,58.77,2.9,7.07,2.65,11.48,35.57
Tb3,원소,1,222.12,2.0,6.39,345.46,6.14,0.0
Sn2F4Pd2PtCaRh2,고온,6,84.99,5.0,4.05,9.46,10.08,79.56
As2,원소,1,135.14,5.0,0.6,383.04,8.75,2.15
PAl2,수소화물,2,2.9,3.2,3.75,72.58,9.95,182.47
CrW2Gd3Sm2,화합물,4,53.82,4.8,6.41,44.4,2.47,11.19
Co2P,화합물,2,70.62,3.8,9.9,39.64,11.61,23.12
ZnIn,합금,2,35.13,4.5,10.91,44.63,14.24,4.12
In4Na2Y2,합금,3,120.84,3.8,10.43,80.69,6.11,17.69
Ce3Dy2Sr2,화합물,3,11.97,2.2,3.51,23.57,11.31,12.83
W2Ca2PEu2Au2Tb2,고온,6,57.29,2.9,4.62,5.9,1.51,129.0
Cd3Os4In3,화합물,3,43.94,2.2,4.01,49.98,7.98,7.6
Nd2Nb3Li3,화합물,3,104.49,4.2,4.99,21.79,3.8,9.46
MoCe3Cr2F2Pb3B4,고온,6,105.06,3.9,6.38,9.16,0.24,100.15
Mn2Hg3Tb3,합금,3,88.06,6.0,11.4,68.22,6.92,35.38
Sc,원소,1,25.19,3.0,9.78,16.5,8.42,1.55
Th3,원소,1,154.35,3.0,11.35,206.88,1.75,0.0
CIr3Fe,화합물,3,142.91,4.1,2.59,43.1,2.91,7.07
Gd2Cu2,합금,2,89.34,4.6,3.84,92.77,3.92,8.36
Tm,원소,1,97.96,3.0,12.33,291.7,0.61,0.05
H2Ta3,합금,2,156.91,1.7,12.51,130.53,5.57,7.33
Au3Os,합금,2,29.22,5.0,10.54,8.23,12.93,15.66
RbLi2SbSNi3Cd3,고온,6,71.64,2.5,8.62,8.1,2.55,109.29
SiMn4,합금,2,94.81,5.3,4.88,51.32,10.12,17.54
BiNd2Ca2Mg3,화합물,4,55.26,2.2,7.5,9.9,12.82,15.97
SbLa,화합물,2,48.66,4.5,6.48,45.06,11.57,9.3
Hg2EuLuPr2,화합물,4,136.22,5.0,4.93,26.22,12.83,14.3
As2Os,합금,2,171.55,2.7,2.91,6.74,1.66,2.08
W2Pb3O3,화합물,3,16.13,4.7,6.35,1.09,9.89,40.58
Y,원소,1,168.49,2.0,8.06,168.19,8.88,3.22
B2Sc3Ce2,화합물,3,36.59,4.4,11.52,16.33,8.49,4.5
Ho2Ba2,합금,2,117.68,5.9,7.39,50.41,9.66,3.56
Ni3Tm3Ba3,화합물,3,142.96,5.0,7.03,45.65,6.85,21.89
Gd2Y2,화합물,2,114.22,5.7,2.79,17.15,4.45,37.04
Ce3CuCr4,화합물,3,110.61,3.6,11.05,38.54,14.87,18.78
Th3Cu,화합물,2,100.09,3.6,1.98,29.37,14.86,4.88
Mg3Th2,화합물,2,117.87,2.5,4.08,8.88,1.69,4.08
Ta2Cs3Ce2Hf2Be3Ho2,고온,6,47.36,4.8,7.03,13.65,2.21,76.08
Sn2Gd2Yb,합금,3,100.95,5.9,6.62,120.58,8.88,11.25
Os3PrCoP2Cr,고온,5,44.42,2.0,5.17,11.51,11.66,72.97
Nb3Ge4Cd2Ni2Be2As2,고온,6,69.2,3.5,6.42,2.27,11.97,138.65
Dy3Sr2Ru,화합물,3,70.94,4.0,11.31,11.44,5.39,9.36
B4Pb2,화합물,2,22.36,5.1,1.59,10.95,9.39,11.61
LaK2Te2,화합물,3,153.37,5.1,13.42,47.56,12.55,11.95
Ru2W2Na4,합금,3,105.24,3.4,9.58,142.64,1.91,17.14
Ce2,원소,1,201.8,1.0,18.57,189.1,2.14,6.24
W2CeO,합금,3,42.16,2.7,12.79,37.43,6.16,8.47
TlYb3N2,합금,3,97.01,3.5,5.9,129.64,0.85,7.09
PbBe3F,화합물,3,21.51,4.0,6.79,34.39,12.5,11.34
HgTe2Sn3TiSb2,고온,5,62.98,2.0,7.71,5.07,6.1,86.13
Lu2Mg4Sn,합금,3,70.06,4.0,3.66,120.95,12.38,4.86
B2Sc2VEu3,고온,4,94.53,3.0,4.49,14.51,12.15,148.76
V4Fe,수소화물,2,47.71,5.2,7.05,47.21,14.84,127.83
UPb,수소화물,2,39.72,3.7,3.93,35.03,4.52,130.33
Pr3Rh4Te2U2In2,고온,5,48.83,5.0,6.17,6.51,4.24,43.08
Fe4Sc3,화합물,2,76.5,5.5,8.51,46.23,4.42,6.02
O4,원소,1,138.69,5.0,12.07,55.58,9.52,6.97
Co2NbNi,화합물,3,29.31,3.5,3.16,34.38,0.77,6.61
Os2V3Ta3,화합물,3,78.75,1.5,1.72,46.62,13.53,0.92
Hg4PrTm2HoDy2,고온,5,102.59,1.7,4.8,3.25,10.0,33.74
GaCs4,수소화물,2,31.59,3.8,7.7,38.48,0.34,236.5
Dy2B2Hf2,화합물,3,106.92,2.4,9.25,22.25,13.03,3.48
Dy2Pt2GdTl3,화합물,4,11.96,4.1,1.83,5.72,14.6,28.72
Li4C,합금,2,135.85,2.9,5.21,11.85,6.18,3.75
La3,원소,1,138.72,3.0,14.61,381.31,9.42,2.84
B2EuYb4Si,화합물,4,62.01,5.1,6.92,1.48,4.22,11.51
Y3Tb3,화합물,2,89.62,3.8,8.09,30.94,10.04,17.43
CoBi2NEr3Ir3Ga4,고온,6,33.98,5.8,3.13,10.75,7.01,53.74
Pd3B3Tm2,화합물,3,76.33,4.3,3.72,41.12,0.61,5.8
HgTb3FeLi,고온,4,61.48,2.0,5.83,4.27,4.55,31.7
PrH3,화합물,2,138.83,5.2,10.88,37.9,4.89,11.46
Ga3Ni3LaNbDy2,고온,5,85.64,4.6,6.63,14.88,9.87,60.29
Mn2Sr2Hf3,합금,3,169.74,2.5,3.35,19.58,6.32,4.57
Ag3Ir3GaIn2Zn2Er2,고온,6,76.66,4.1,8.91,11.74,6.56,115.72
NbAg2CuZr3,화합물,4,15.56,4.1,5.99,37.34,7.29,6.61
Rh2TiIr,합금,3,71.87,1.8,8.2,98.68,7.52,8.26
PtIr4,합금,2,75.05,2.6,3.49,66.86,6.37,15.81
TmTaTb3Co2,고온,4,135.88,5.0,3.23,4.37,10.46,44.06
Nd3,원소,1,84.45,3.0,2.72,65.52,6.54,3.39
FNaCuMn3,화합물,4,76.7,2.2,6.7,26.44,12.87,17.9
Ta2COs4W,화합물,4,34.18,5.5,2.41,46.17,8.24,3.3
MgSSc2,화합물,3,111.75,4.6,2.77,32.29,1.81,23.79
Ru2CrDy2K2Ir,고온,5,63.48,3.2,7.68,2.49,0.65,124.17
Mn2CuP2,화합물,3,86.66,3.8,9.19,28.92,12.32,1.53
PrReIr,화합물,3,31.89,4.1,4.27,21.37,2.75,3.28
Tb4Sm3,수소화물,2,11.45,2.6,1.49,56.04,9.21,280.1
Co4Zr3Th2As2,고온,4,47.88,4.7,8.51,11.02,6.0,147.16
Th4Cd3VBe3,고온,4,134.82,4.9,8.28,5.15,13.99,58.64
Rb3Pb3,화합물,2,42.21,1.7,8.92,9.73,12.56,4.81
K2Rb3,합금,2,47.72,5.8,7.4,11.54,1.1,21.65
OAs2P3,화합물,3,115.21,5.5,3.47,8.04,4.68,10.67
Li3V2Ni,화합물,3,21.68,2.7,8.12,49.77,13.09,12.49
Ru2Ga2,합금,2,178.25,2.0,6.91,42.99,4.73,4.56
CeBi,합금,2,144.64,4.8,10.06,36.91,2.61,2.92
Te2,원소,1,49.93,2.0,21.56,334.03,3.36,0.0
Pr2Sb2Al,화합물,3,142.5,4.5,4.15,27.06,12.87,9.66
Zn2Cu2Y4Dy2Cr2,고온,5,54.14,4.8,4.11,13.71,0.68,147.58
Cd,원소,1,216.99,4.0,2.79,194.11,1.59,3.55
Nb2S2Ta4Rh3,화합물,4,50.84,5.4,4.36,15.39,11.95,11.64
Re3OCs3Lu3Se2Au3,고온,6,44.28,5.0,3.41,4.05,1.66,87.26
CuO,합금,2,47.29,3.4,13.55,140.76,11.04,10.34
CrLa2Ti,화합물,3,19.92,2.7,1.84,37.99,3.25,4.91
Er2Nd2,수소화물,2,13.61,2.1,1.11,19.79,3.58,182.89
PdHo3,수소화물,2,38.11,2.9,1.88,50.71,1.63,123.68
GeRb2,합금,2,78.46,4.5,13.03,100.21,0.51,8.93
W2Ag2Na3,합금,3,131.83,3.3,3.77,27.22,8.86,6.61
NaCd4Pb2,합금,3,130.49,4.1,8.75,144.79,6.96,7.53
H4Mn2Pb4Ag,화합물,4,48.78,2.1,6.44,24.88,12.83,4.68
LuMn2,화합물,2,14.59,3.5,9.38,6.97,1.19,9.33
MoZr2,화합물,2,78.47,3.0,9.61,36.95,1.22,7.14
ScBa3In2Gd2,화합물,4,56.2,4.1,12.43,34.58,7.88,12.24
Ir4V3,합금,2,164.9,4.4,10.34,111.9,1.52,5.93
Eu2In2Pb3,화합물,3,20.79,2.9,5.88,23.33,3.9,9.57
CsLa4Sn3Er2,화합물,4,49.34,2.6,6.06,23.36,7.28,1.94
Pd4EuC4,화합물,3,96.87,4.2,2.04,23.81,6.98,10.37
Pt2SRe2,화합물,3,145.81,4.9,4.66,14.97,4.42,22.85
Ca3B3Be2,화합물,3,132.76,4.8,2.34,28.66,2.49,7.38
AgHg,화합물,2,54.64,4.9,1.78,49.28,11.27,6.88
Os2Sm3,합금,2,143.28,2.1,4.11,56.15,2.06,3.31
Mo3Mn2Fe2,합금,3,179.71,4.3,10.2,29.96,6.99,4.44
CrEr,합금,2,174.3,1.6,7.72,94.0,12.15,4.12
Au3Mn,화합물,2,98.15,4.8,6.58,13.85,11.18,5.24
Nb,원소,1,213.16,3.0,20.07,367.78,2.06,3.07
Sm2ZnSn3,합금,3,135.9,5.3,15.7,100.53,2.25,8.41
Co2HBiSe2ScTe4,고온,6,53.09,4.9,8.14,14.12,13.16,147.73
VPr,화합물,2,19.91,2.7,10.92,12.73,12.96,8.38
MnS2P2Cr2,화합물,4,88.24,4.7,4.26,9.29,11.21,5.38
RbRh2Lu,화합물,3,15.02,5.5,10.94,10.88,4.35,15.08
Y4PbCd3Ag2,화합물,4,81.44,5.7,12.84,38.95,8.99,5.09
ReO,수소화물,2,23.41,5.8,5.5,70.86,4.86,266.23
Li,원소,1,89.53,2.0,12.65,371.89,6.92,0.2
Se2Mg4CeZn,고온,4,89.97,1.6,5.7,11.95,13.59,80.7
N2O,수소화물,2,48.27,5.8,2.26,54.52,10.58,195.31
Au2FZn2Hg2W2Sn2,고온,6,46.2,2.1,3.19,6.75,10.23,140.43
Ta2Si2,합금,2,151.07,3.7,6.84,96.78,14.18,0.0
ZrLa2Ho,화합물,3,76.69,4.8,10.52,40.99,2.57,31.78
AuSN,합금,3,144.02,2.2,5.62,52.12,12.3,4.55
Hg3Ho2Ag3Fe,화합물,4,99.67,5.7,7.54,44.38,9.05,10.9
YTa,화합물,2,79.33,4.8,5.61,9.97,12.72,9.65
Ge3Gd3Cd2,화합물,3,49.38,5.5,10.39,0.78,4.93,33.95
ORb,화합물,2,12.87,4.8,13.76,49.17,5.83,12.49
LuIn3,화합물,2,14.75,3.8,11.32,39.27,11.1,16.9
Ho4In4,화합물,2,106.5,3.2,9.38,50.0,7.22,12.95
Mn2PtPd2Pr2Ru2,고온,5,75.08,4.4,5.79,5.9,3.86,103.95
OV2FN2,고온,4,71.5,3.6,5.13,14.92,4.29,114.88
Rh2,원소,1,212.45,3.0,14.59,20.28,2.53,3.83
Dy2HoMg2Cd,화합물,4,15.88,2.0,11.74,41.85,4.54,4.76
Ga2NiSn,합금,3,21.7,1.7,3.26,108.37,13.88,7.62
TlZr,화합물,2,37.21,3.3,5.36,46.05,6.64,10.7
FCe2Mn3,수소화물,3,37.25,2.4,7.67,14.82,7.06,235.3
Pd3TmMo3Mg4Hf,고온,5,137.95,5.7,4.2,12.52,13.61,139.47
Bi2Nb,화합물,2,40.14,1.8,7.6,49.98,11.74,7.71
TmEu,화합물,2,55.39,2.1,9.53,3.15,11.5,0.0
Yb2Te2Ge,합금,3,75.05,3.4,6.91,97.48,12.48,5.6
Fe3As4Cr,화합물,3,71.57,2.8,2.31,10.23,13.18,0.0
ReBe,합금,2,175.52,4.0,13.6,26.76,1.23,4.61
CoPr3Yb3,화합물,3,118.55,5.1,5.31,46.15,1.9,20.79
Te2,원소,1,67.36,3.0,3.59,48.69,6.53,3.43
ZnPrSe,화합물,3,148.41,2.7,3.03,17.46,11.07,1.1
Zr2Y3Yb2,합금,3,152.39,2.2,4.34,63.46,2.3,4.39
La4Tm,수소화물,2,18.95,2.0,7.27,25.97,6.65,163.44
Tb3U3C4,화합물,3,153.88,2.5,7.36,43.15,8.62,13.41
MnAu2Mg3,화합물,3,88.67,3.2,8.55,24.75,2.94,6.0
Pb2BeLa3,합금,3,46.19,4.0,7.6,69.02,11.85,4.87
U2Pb2NaIr,화합물,4,14.02,1.8,12.72,44.61,13.06,2.57
BaTe,합금,2,58.39,4.5,12.52,112.23,10.47,16.71
CaZr,화합물,2,124.45,1.8,7.25,3.61,12.93,11.88
EuPb2Ga3Ni2Ho,고온,5,53.18,4.2,5.02,11.86,1.26,127.88
GdK2Ga3,화합물,3,76.7,5.2,11.08,25.93,14.4,4.62
Ni3Hf2Cu2Al,화합물,4,128.55,4.0,4.5,41.9,7.41,4.17
S2PbEu3V,화합물,4,50.75,5.9,12.1,16.3,5.19,36.2
U4In3TbNd3Nb,고온,5,68.9,3.3,4.33,12.66,13.99,79.94
Cd2Se4C2Er3EuY2,고온,6,111.13,4.5,8.86,7.34,10.32,93.98
Fe3InTi,화합물,3,20.46,2.1,3.18,7.03,3.46,13.09
TeLi3NiRu2,화합물,4,146.1,4.8,11.21,32.71,3.13,8.01
Sr3Te4Pr,화합물,3,44.29,2.0,8.87,17.82,1.34,3.44
F2Te3Sc2,합금,3,54.1,4.8,9.92,136.54,8.67,4.37
Pd3Tb,화합물,2,67.58,4.0,10.38,36.9,0.44,9.76
NdTi2Al2,화합물,3,67.62,5.9,13.91,48.68,14.72,7.65
CoY2,합금,2,75.24,3.2,15.07,145.95,6.0,7.74
BNi2,합금,2,108.57,4.9,10.15,122.93,1.58,12.73
Si3Pr,화합물,2,139.95,4.3,8.22,11.7,7.42,6.31
NbAu2LuHg4As3,고온,5,116.22,2.2,3.42,8.5,3.86,122.82
AlRb2Nd2,화합물,3,120.51,5.4,5.42,27.35,1.91,19.86
Tb3Ir3Sc2,화합물,3,56.24,3.2,8.23,11.3,9.72,18.64
CeEu3Cr3,화합물,3,110.84,4.5,3.84,11.19,13.12,16.27
PbGa2,화합물,2,12.07,2.8,3.34,8.13,2.44,4.98
Ce2Mg,화합물,2,119.07,5.9,4.04,42.22,9.1,8.57
Tb4FeMg3Be,화합물,4,147.63,4.9,10.17,6.87,1.98,11.63
Th,원소,1,156.15,4.0,20.3,307.82,1.9,0.37
Sn3Sb2,화합물,2,20.89,3.5,3.05,47.23,12.11,5.95
DySmSn,화합물,3,115.82,4.9,8.15,5.31,9.07,27.13
TaBa,화합물,2,150.09,5.8,10.9,6.08,8.04,18.41
Co3SrMg2,수소화물,3,2.09,5.9,1.29,57.79,5.61,264.71
TmOsCu2,합금,3,52.6,5.5,11.93,56.54,4.73,14.88
Ru2Au,화합물,2,110.04,3.7,2.13,35.01,1.77,2.99
Mg2Th3Co,화합물,3,69.27,5.5,2.11,1.18,5.82,9.12
Ho2Ta3SmCr2,고온,4,49.46,2.9,6.38,7.94,13.54,91.31
Si3Ta2U2,화합물,3,147.72,3.2,1.89,37.51,7.17,7.78
RuZrPbTa,고온,4,121.57,4.4,5.54,9.42,8.95,97.84
B2Cd4Au3CsBe2,고온,5,96.68,5.0,4.41,13.03,13.97,56.76
Te2Dy2,화합물,2,109.36,5.6,2.64,45.18,12.87,15.8
PdNd2Ru,화합물,3,135.87,5.1,5.5,23.23,5.55,18.11
Tm4CeCsMo,화합물,4,18.22,3.0,13.58,48.09,7.76,5.31
HAl4Hf3Eu2,고온,4,71.05,4.1,8.48,13.94,7.78,85.89
H2,원소,1,91.98,5.0,21.81,185.24,3.79,8.78
Sm3BeEr2Au,화합물,4,41.84,4.2,10.89,10.87,9.38,10.43
Nb3Na2Th3B4,화합물,4,88.77,1.8,4.45,18.27,3.02,6.23
Pd4Eu,화합물,2,55.33,3.4,6.3,6.64,4.76,10.8
PtTl3,화합물,2,65.33,2.7,13.24,2.35,1.44,2.45
AlRu2RhIr3,화합물,4,84.5,3.5,8.54,11.92,4.15,7.36
Ho3Sr2Zr,합금,3,97.19,6.0,14.48,11.77,11.5,13.69
Nd2CsRb,화합물,3,77.75,3.7,7.35,24.52,14.83,24.9
SbLi4Hg,화합물,3,94.11,5.4,7.59,2.14,5.72,11.53
IrHfPdV,고온,4,52.5,2.7,8.57,1.61,7.92,86.82
InEr2Nb,합금,3,65.93,1.7,6.17,60.02,8.46,1.57
Th4Mo3Na3NdPt2,고온,5,68.08,2.4,6.66,9.1,1.99,50.76
GdCe,화합물,2,153.96,3.9,10.59,10.56,8.53,11.04
Zn,원소,1,114.92,5.0,17.89,158.86,8.86,8.1
S4AlW2,화합물,3,125.87,4.0,9.59,26.74,13.35,6.38
Ba,원소,1,57.85,2.0,0.88,383.27,0.67,0.0
Tm2BiAl2,수소화물,3,10.44,2.5,2.42,25.15,0.62,104.08
Fe2O4CaSc2GdCr,고온,6,65.11,4.1,7.12,1.75,12.43,143.19
Os3PrMgLi,화합물,4,106.37,3.2,10.3,18.79,7.03,2.63
Mo2La4Ta,합금,3,137.6,3.2,5.88,111.01,11.83,12.36
Pr2HgGe,화합물,3,47.12,3.3,12.53,16.5,4.1,58.08
OYbC2,화합물,3,73.94,4.6,1.96,36.87,5.94,3.33
TaPtZr2,화합물,3,29.0,2.4,3.67,14.5,10.03,0.29
U3TaRb3Cs3,화합물,4,61.25,2.3,5.17,29.42,5.14,8.72
SiAg3Y2Cu,화합물,4,98.4,2.6,10.55,10.68,5.83,12.44
S2Li4,합금,2,85.15,5.5,3.17,40.74,13.85,6.93
Ce4Hf3CuRe4,고온,4,40.33,5.1,4.59,4.83,7.27,64.91
Sn3CFCeDy2Zr4,고온,6,71.74,5.6,6.81,14.26,0.4,82.53
O2Pb4Zn3Pr,화합물,4,65.6,5.6,11.82,47.71,2.71,14.81
Ce3Zn3Lu2SmTa2N3,고온,6,83.08,4.4,4.44,2.66,10.22,45.21
Dy2NaSi3,합금,3,146.86,5.3,5.15,62.6,12.06,17.88
Hf3,원소,1,224.8,3.0,1.56,153.35,1.03,2.49
Cd3SiNa3,화합물,3,147.43,5.3,3.8,1.54,8.56,3.68
SnMn4In,화합물,3,120.97,3.5,10.53,2.82,10.78,10.18
NbPrFeNi,화합물,4,109.04,3.4,8.1,31.57,13.99,5.1
As3Mo4NBa2Cd4,고온,5,30.58,3.7,5.1,9.91,7.39,83.01
Cs2SFe2,수소화물,3,52.51,2.9,2.28,53.63,2.56,143.53
O2As2,화합물,2,41.18,4.2,7.59,44.92,7.78,11.74
Lu2H2BiPbHfLi,고온,6,46.06,4.0,5.58,7.32,8.62,167.93
HScS2,합금,3,77.78,4.0,2.61,80.25,0.73,3.23
Ca3Pt2Cd,합금,3,158.45,3.0,6.76,27.91,2.08,23.93
GdGePbMo4Te,고온,5,78.27,2.9,5.86,4.43,7.32,121.51
Ni3Ti4,화합물,2,56.54,4.0,3.71,16.39,13.32,47.56
NiOW2Er,화합물,4,94.97,4.6,5.21,37.86,0.39,11.05
CsTb,화합물,2,33.39,4.1,5.26,6.99,8.6,11.73
SmZn2,화합물,2,111.79,3.8,12.11,44.74,5.84,11.23
HCu,합금,2,149.41,5.3,8.9,106.3,10.52,5.74
YbBaCr3Os4,화합물,4,35.76,3.5,8.08,14.81,7.12,11.56
Na4Ir3,합금,2,96.29,3.8,12.04,55.66,14.91,5.52
Pb2,원소,1,134.26,5.0,0.61,118.27,7.33,2.99
HfPb2PtSm,화합물,4,103.88,2.7,11.59,12.24,4.23,5.64
NbVTh,합금,3,76.5,3.9,14.14,97.99,2.25,13.11
Zr4TlPrMg2SiPb2,고온,6,56.98,5.4,8.77,6.14,1.74,86.19
Be2,원소,1,13.73,5.0,3.91,100.37,5.22,2.4
UPt3Te,합금,3,140.34,2.0,2.09,146.1,3.73,1.45
PtCu3V3Sr2,화합물,4,21.75,3.9,3.21,4.28,5.62,8.48
PdPr2Mn3,화합물,3,57.89,3.5,11.14,13.98,7.34,1.87
S,원소,1,88.23,3.0,18.14,284.14,2.11,7.39
Ta2,원소,1,23.81,1.0,14.63,96.55,7.49,7.71
Ga3In2Cu3,수소화물,3,18.27,3.7,4.27,47.93,1.02,148.31
PAu2Sb2,화합물,3,111.67,2.4,8.32,36.75,0.8,3.7
Au3HoOs2,화합물,3,29.1,4.3,4.62,46.98,9.12,4.9
RhNi2Si3W4,화합물,4,15.33,1.6,2.53,34.84,13.17,1.07
Re2Sc4Th,합금,3,169.04,5.8,9.27,96.54,2.94,7.66
Nd2GdSb2,화합물,3,66.07,3.9,3.92,23.09,10.38,2.66
Ag2ThSc3Tl2,화합물,4,13.03,2.9,6.01,44.18,12.03,11.08
Cs2Eu3Cd3Mo4Sm,고온,5,35.11,5.9,5.39,5.45,8.35,160.26
Hf3K2,합금,2,64.58,4.5,5.73,58.21,6.56,15.22
In3TaZr4V3Ni3,고온,5,117.9,4.4,3.43,11.57,3.94,69.25
BiAg,합금,2,77.43,3.9,6.84,118.9,4.23,1.02
Sb3Si2Be2,합금,3,78.01,4.2,2.41,92.48,6.11,12.06
O4,원소,1,132.57,4.0,16.05,353.99,2.07,0.71
Fe2Ba3,합금,2,105.07,5.9,10.31,16.13,14.29,10.19
Ce2HgNa4Eu3Sb2Cs3,고온,6,36.37,3.6,3.05,6.85,2.79,141.06
SW2,화합물,2,98.27,5.9,8.94,29.9,1.75,6.82
Ca2,원소,1,134.6,5.0,12.32,54.91,3.0,2.39
HfK3,수소화물,2,14.48,3.2,1.87,58.06,14.27,189.85
YO3AgH4Ba,고온,5,48.24,5.3,5.59,2.35,11.88,67.88
Dy2Pt2ONbSm,고온,5,46.76,5.3,7.64,11.55,2.92,141.28
Zn2LaSb3Ir3Ru2,고온,5,65.92,2.0,5.06,14.55,7.39,153.22
Pt2Ga2Te,합금,3,133.24,3.0,14.99,80.05,0.11,1.14
IrRb4TaK3,고온,4,101.51,3.8,7.97,8.43,3.23,93.24
Ag2O3Rh2,화합물,3,72.28,3.9,10.84,26.5,3.36,6.23
Ge2As2W2SrLu3Ba,고온,6,40.32,3.1,4.92,13.92,0.96,155.48
Li2Ru2Mo2HAu2,고온,5,94.84,4.6,4.31,8.33,6.89,113.73
Nd2TlYb4Gd3,화합물,4,16.96,1.9,5.1,24.91,7.72,1.23
La3WPtB2,고온,4,128.28,4.2,6.57,2.29,1.03,79.57
MgEu,합금,2,140.12,4.6,6.55,18.04,10.87,3.69
Si2Se4Fe2,화합물,3,109.81,2.5,11.9,46.62,9.19,6.31
V3In3Fe4,합금,3,67.24,1.6,10.31,15.37,5.02,9.46
Co2Ta2Mg3Rh2,고온,4,51.12,3.3,4.17,2.99,12.3,59.69
Sc2Mn3,화합물,2,129.99,3.6,7.84,1.45,10.44,33.16
CePb2,화합물,2,95.97,5.8,13.67,46.68,9.84,27.45
CSi3,화합물,2,75.0,5.2,6.2,27.68,1.77,20.54
Os4Si2,수소화물,2,16.98,2.1,3.13,79.77,9.95,104.94
Ce2IrK2As,화합물,4,158.72,5.6,1.66,29.67,7.22,6.9
OsTeRe2Nd3P3,고온,5,56.06,2.5,5.97,3.35,7.26,126.1
Se3SiBTb3Os2,고온,5,129.51,5.3,4.06,9.35,10.96,38.57
O2Pt3Th2,화합물,3,107.88,2.4,5.55,30.23,9.18,6.34
Lu2Ru4Pd4Cs3,화합물,4,133.1,3.6,5.5,3.47,7.02,80.38
Mn2Sb3Gd2CrCu,고온,5,139.35,3.6,4.82,12.07,11.13,81.8
Os4Ir2P2Ce,고온,4,77.07,4.5,4.19,2.76,8.93,63.6
SeBe3Na2Co,고온,4,79.44,3.4,7.77,10.28,3.59,66.06
Lu3Yb3,합금,2,134.69,3.2,3.08,59.87,4.04,0.74
C2Se2ZnS2Ti2,고온,5,113.45,1.5,6.93,6.38,7.04,31.98
Hf4Sm3In3,화합물,3,125.92,3.5,9.33,25.72,1.86,7.11
DyPrYb3,화합물,3,23.82,5.8,3.58,22.31,7.61,17.26
Hg3TiNdBiVDy4,고온,6,36.99,2.7,4.96,2.09,14.18,51.06
Al2Bi3H,합금,3,151.95,3.3,14.84,8.96,11.14,5.49
CrO2NdCsScS2,고온,6,53.14,2.2,4.83,6.8,3.13,124.9
Sc4HLa,화합물,3,85.56,1.8,8.17,27.17,9.95,21.54
H4N3Yb3Al4Cr2Ba2,고온,6,87.78,1.8,7.7,7.35,1.06,157.14
CuAs,합금,2,112.15,4.7,15.38,146.32,13.27,11.59
YEu2Ru3,화합물,3,59.83,2.0,3.76,23.43,12.96,8.52
Pr3Rb2HgSc,고온,4,126.81,5.2,6.44,4.48,13.93,113.55
C2,원소,1,193.29,4.0,3.4,346.24,5.91,0.53
NdLi,합금,2,102.88,5.8,5.61,12.87,4.96,23.44
OCeIr2,수소화물,3,49.11,2.0,7.63,41.45,12.59,183.48
Hg2MoSr,화합물,3,119.17,1.7,2.4,21.73,1.37,10.18
Co4Sb2Ti,수소화물,3,3.32,5.4,4.46,38.64,6.06,159.73
Be3ZnMo,합금,3,81.71,5.5,7.87,68.79,4.59,7.92
Ca3In4Os4,화합물,3,94.5,5.4,4.28,10.72,2.8,6.07
MoBa3Cu3AuIn2,고온,5,138.06,3.3,4.0,13.64,10.08,58.49
Rb3Si3Ca,화합물,3,71.26,3.5,12.15,32.84,4.68,12.97
NaTa3Pt2Er2,화합물,4,111.8,6.0,4.39,10.53,5.56,19.48
Sc3Dy3RhSb,화합물,4,45.97,5.1,8.92,18.49,1.75,11.66
Ba4Ni3NaEr2F3,고온,5,119.17,4.1,5.2,5.06,12.14,32.14
ErMn3,합금,2,83.17,3.6,2.39,121.3,3.71,5.92
Pr2DyBa4Ag3,화합물,4,101.11,4.3,11.76,48.5,12.96,13.95
Hf2Zn2Pr4,합금,3,80.92,4.2,12.22,28.59,10.07,7.78
CoReYbNb2,화합물,4,41.01,5.3,5.78,1.1,8.38,4.88
Mo4Ho4,합금,2,42.35,2.3,6.44,36.31,5.45,2.86
Bi3SnTm4,화합물,3,17.85,3.1,2.3,8.71,6.12,5.82
SbWAu2,화합물,3,155.38,3.0,10.65,9.08,11.84,7.75
Ge4,원소,1,130.56,3.0,11.96,62.85,5.42,2.82
GaRe2,합금,2,157.99,5.2,12.16,93.52,11.53,7.75
PrDy2RbHo3,화합물,4,137.8,5.2,1.53,4.07,13.52,4.05
Ga2Be2H3,화합물,3,26.62,3.2,10.08,27.86,1.39,12.07
Tm3La4CsFe2,고온,4,45.81,3.8,8.86,8.84,3.59,113.65
ScCd3H4Os,화합물,4,15.98,5.2,12.71,1.58,9.06,21.28
O2,원소,1,33.65,5.0,11.07,60.81,7.35,4.77
Pb4V4,화합물,2,54.6,5.8,12.62,30.12,5.05,30.83
NiRe4,합금,2,175.7,1.9,7.18,23.59,5.39,2.94
TiBi2La3B4Yb2,고온,5,65.16,2.7,4.56,12.62,12.12,85.49
C2Ba4,수소화물,2,57.44,1.5,6.08,32.46,9.85,231.85
Pr4Ti3Er,화합물,3,38.92,2.2,4.39,24.37,9.75,20.44
FePt2,화합물,2,63.72,2.6,11.47,10.06,10.54,16.51
Rh3P2H,합금,3,40.55,4.9,13.24,136.04,10.88,7.64
Ti2AuSi,화합물,3,20.45,3.7,8.51,43.22,11.35,14.63
AsReRbTb4Ca,고온,5,102.95,4.2,4.41,12.37,11.35,106.21
Mg2Eu3,합금,2,138.23,1.6,15.23,110.08,0.33,1.59
FeN2Ce,합금,3,128.98,1.7,2.16,146.04,8.12,12.0
Lu4S3InMg4,화합물,4,156.8,3.6,12.0,26.87,4.72,4.22
AuCr3S2,화합물,3,156.37,2.6,3.59,6.88,13.96,24.79
HgSn2VTl,화합물,4,149.09,3.1,11.38,40.36,12.99,10.54
Au2BiU2C2,고온,4,67.22,4.5,6.29,8.48,12.62,134.83
Cu2Sc2,합금,2,58.86,5.0,6.09,119.09,0.14,6.65
CdPd,화합물,2,136.17,4.2,11.88,23.21,12.06,10.36
V3CdBe2La3,화합물,4,152.39,5.2,6.77,18.82,7.71,21.48
NdU,합금,2,144.09,4.7,12.52,117.38,1.06,6.95
Ce3B2SiSn2,화합물,4,127.44,3.0,11.02,25.79,2.26,4.47
Nb3Ag2,합금,2,138.61,5.6,14.29,80.81,7.74,5.25
Ce,원소,1,19.93,2.0,15.83,362.8,9.82,0.0
InTa2Re3,합금,3,99.53,2.6,7.41,62.73,2.3,17.93
BaIn2Sb2CoCu2Au,고온,6,61.46,5.9,6.38,2.53,14.93,92.0
Al2PrNb3,화합물,3,67.71,2.0,5.26,32.68,8.67,0.91
Se3CoCeReHoPb2,고온,6,78.57,5.0,4.38,7.17,1.06,109.86
AlZn3O,화합물,3,151.78,5.5,7.47,5.94,1.24,33.78
YB4Sc2,화합물,3,101.56,3.1,9.05,2.74,8.09,29.96
F2RbC4,화합물,3,154.95,4.6,7.0,33.47,3.51,12.26
Tl3H2ZrNb2Ho,고온,5,53.01,4.9,7.17,13.35,4.4,152.74
RhSnTiAgOs3Se,고온,6,107.6,2.0,4.41,5.87,4.27,94.52
Bi2AgRhEuLu3W2,고온,6,120.54,5.5,8.3,2.85,5.23,72.39
Tl3,원소,1,142.03,5.0,20.91,232.39,1.74,0.0
UMn4YbH,화합물,4,37.12,4.4,12.78,12.54,5.03,23.2
GdCd4Ge3Au3,화합물,4,119.09,4.4,12.62,14.46,2.16,8.39
Ca2SmF3Au3Tm3,고온,5,75.34,5.0,3.4,4.42,13.1,99.42
Nb3Ta3N,합금,3,133.23,5.0,7.7,115.22,4.46,12.97
TbCe2,합금,2,179.81,2.4,13.76,104.41,10.84,0.89
EuTe2B,화합물,3,120.44,5.3,7.1,6.47,5.5,15.45
P2U,합금,2,133.03,2.9,8.19,120.44,4.57,10.19
AgY,합금,2,58.77,3.9,11.54,40.54,12.98,8.16
LuPtP2K2,고온,4,55.34,4.0,3.51,9.0,2.6,89.96
Os2CsFe4,화합물,3,140.85,3.6,4.3,37.56,8.75,27.38
Cu2C3YLu3Nb4,고온,5,117.98,5.0,4.51,2.78,6.82,118.15
GaOsPbErBa2Fe3,고온,6,100.67,3.9,5.95,8.48,9.23,41.38
OB2,화합물,2,99.98,3.8,2.29,25.45,0.85,9.73
Pr2Hg2Yb3,화합물,3,82.1,2.7,1.73,13.07,9.04,11.15
HfSi3Ir,합금,3,27.48,2.9,4.91,143.92,4.66,3.51
SiPd2Cr2Li4CoFe4,고온,6,120.5,4.3,7.12,10.63,3.83,85.9
B2CuZrTi,화합물,4,43.68,3.2,9.5,22.57,0.79,8.44
SiCo2Ag4,화합물,3,151.36,3.0,3.18,19.42,9.59,22.97
Si4W2GaY2,화합물,4,83.01,3.2,10.67,3.19,3.84,17.97
Y3Ca2Re3,화합물,3,43.92,4.8,13.03,23.27,0.58,23.58
Rb4PrTh,합금,3,140.69,2.1,4.05,141.03,12.03,0.0
Dy2ReK4,화합물,3,30.93,5.0,9.82,40.03,5.07,9.16
SbP2InNi3Ba,고온,5,113.7,3.0,8.22,8.0,0.13,123.59
Si2In3SSb2Pt3Tl2,고온,6,53.89,2.6,7.35,3.18,9.38,65.44
Sb3W,화합물,2,135.8,5.5,6.02,20.83,13.84,13.58
Cu2N4,화합물,2,75.74,5.4,8.58,17.1,13.49,14.09
Ba3Pt2KSr2FRu,고온,6,71.79,2.9,6.67,13.77,8.4,60.66
Ce,원소,1,84.68,3.0,0.53,374.61,4.51,3.67
ReScZn4SrErCu2,고온,6,112.35,6.0,3.27,8.25,7.05,69.07
Zn2Tb,합금,2,176.01,2.2,9.84,60.03,6.14,7.72
EuTb2,화합물,2,136.06,5.8,4.03,28.25,9.29,18.24
Ni2P2Ca2,화합물,3,75.28,2.9,3.64,18.87,0.77,13.55
PdYbEu,화합물,3,15.86,4.1,12.95,12.53,2.6,24.23
Pr2TmFe4SnGd2Cu4,고온,6,127.76,3.0,3.06,9.74,10.35,69.04
Yb3Ir2,합금,2,24.36,3.0,9.18,112.66,9.26,7.8
HgCa,화합물,2,35.43,3.0,3.03,25.9,10.92,11.28
Mn3In,화합물,2,20.17,5.9,12.69,19.89,4.84,27.33
PdO2Co2Sm,고온,4,106.45,4.3,7.69,12.51,3.22,40.74
Rh3Fe4Ge,합금,3,90.47,5.5,2.47,48.66,6.84,8.97
Tm2Nd2Ba4Se2Na2Co3,고온,6,30.89,5.4,4.03,3.27,14.64,86.48
Ta2Be3Pr,화합물,3,124.95,3.4,7.0,13.04,1.16,31.62
NdTm,합금,2,81.15,5.9,9.59,42.45,13.56,8.05
MgFe2OsSeC3Sr,고온,6,42.64,3.7,8.02,13.27,12.02,93.03
HgH,합금,2,154.59,3.0,12.72,112.4,14.43,9.34
Cr2Bi2,화합물,2,110.19,3.3,7.83,27.17,8.56,18.76
Rb4,원소,1,165.71,4.0,8.61,77.7,1.29,1.84
Ho3SP4,화합물,3,30.43,4.6,13.74,35.06,2.01,11.51
BeFPdRe4,화합물,4,92.96,2.6,5.85,44.71,14.52,9.36
O2Mo2Au3,화합물,3,74.98,5.3,4.55,47.59,2.55,15.38
USn3N2Rb3,화합물,4,32.22,3.0,7.44,22.84,4.21,5.04
Tm4Pt2U,화합물,3,27.21,5.5,13.47,21.39,1.03,28.86
Sm2GdPb2,합금,3,134.43,5.8,6.08,138.63,2.22,3.68
Pd3CoMnK,화합물,4,119.48,2.9,3.28,42.62,11.52,16.11
Ni2As2,수소화물,2,27.13,1.8,1.28,55.8,1.03,203.78
SmY3Ag2B3,고온,4,39.83,1.6,7.56,5.01,3.14,40.53
Ti2Ag3,합금,2,43.58,5.6,6.99,44.81,1.99,10.93
Na3,원소,1,168.05,4.0,4.59,345.28,6.86,4.56
C3TaN2HgMgHf3,고온,6,35.4,5.2,6.7,9.84,13.82,36.81
ReRbBiMg4,화합물,4,19.98,5.7,12.92,33.45,4.95,32.97
Li3SCu,화합물,3,55.23,4.8,11.75,44.87,7.8,23.42
P2Th2LiIn3Ge2,고온,5,36.69,5.0,4.89,9.16,1.12,133.47
Na3O4,화합물,2,70.3,2.8,12.96,30.24,12.68,5.78
Sc2Li3V2,화합물,3,24.12,5.4,11.09,42.76,2.67,14.92
Ca2KB,수소화물,3,40.14,1.7,3.46,15.63,7.95,160.95
PdSb3,화합물,2,146.81,2.8,1.78,25.98,7.39,2.34
SmSr,합금,2,121.4,1.7,6.24,99.27,0.16,0.64
LiCd2,합금,2,96.23,4.8,5.3,98.35,9.84,7.27
Os2B2Fe,합금,3,110.61,4.2,11.94,78.11,1.44,8.33
CdO3Se4Re2ThTb2,고온,6,139.39,5.5,3.49,3.75,2.53,82.9
Pr4Co4TeBe3,화합물,4,105.3,5.1,5.6,13.89,8.36,3.32
Os,원소,1,59.9,4.0,4.88,253.17,1.52,2.01
K3YbRe2Mg3,고온,4,102.22,1.9,6.47,12.57,1.39,111.37
Cu2La2,합금,2,176.46,5.8,7.73,124.47,6.06,8.03
Pt,원소,1,66.9,2.0,7.88,357.82,2.72,1.02
BRe,합금,2,61.91,5.4,6.9,91.07,6.23,8.63
HoO4,합금,2,159.05,1.6,11.51,41.75,3.68,14.21
CoZr4,화합물,2,56.84,6.0,10.42,30.11,12.88,9.0
O3IrBe2NiMo3Mg3,고온,6,69.3,1.9,5.92,14.68,1.28,140.97
Ce3Pd4OsEu2La4Ag3,고온,6,106.63,2.6,7.51,7.31,11.38,78.67
Ti2Nb,화합물,2,65.01,5.8,2.69,6.26,7.04,8.87
SEu3,화합물,2,58.07,4.7,4.95,38.32,8.03,9.21
GaY2Mg,화합물,3,19.76,6.0,1.85,24.64,2.52,12.19
Mo3SePr3,합금,3,77.42,2.5,14.67,29.98,7.04,4.78
P2,원소,1,201.82,3.0,4.24,9.45,9.93,0.0
Ni2BTb3Fe2C2,고온,5,67.74,3.1,7.39,12.68,3.38,77.24
NbGa2,합금,2,158.42,3.8,11.3,89.28,2.06,2.95
N3Zr2,합금,2,150.36,5.3,15.26,84.51,14.03,8.68
SMoAuSr3,화합물,4,130.51,2.6,10.58,40.67,14.45,6.52
Hf2Sr3,화합물,2,56.72,5.3,4.12,34.86,14.08,11.28
Cd,원소,1,20.47,1.0,20.6,215.32,4.83,5.26
Mn2U3,합금,2,147.7,2.7,3.11,93.39,4.99,3.08
U3Fe2Ti,화합물,3,136.34,3.5,2.98,5.13,6.61,26.37
CsTm3,화합물,2,102.93,5.7,2.57,44.59,7.89,5.26
Re3Eu,합금,2,136.43,3.9,10.84,73.65,6.63,7.4
In2Th4,화합물,2,11.86,4.0,9.94,24.98,13.37,33.25
CoCs2Mn2K3,화합물,4,104.5,2.0,10.64,41.46,1.36,6.59
Yb2O3Co3Sc3Y,고온,5,112.86,5.1,8.74,6.82,11.51,90.79
B4BaMg3Zr,화합물,4,100.57,2.9,2.43,27.45,8.28,11.81
NiHf2,합금,2,64.68,3.7,4.97,120.55,2.87,2.39
Lu4AlU,화합물,3,27.46,4.1,11.4,6.99,1.44,6.02
Ni2Cs3Ru4PbK3,고온,5,133.02,3.8,4.02,4.59,13.72,45.26
Nd3Re2,합금,2,55.94,2.7,3.59,21.9,6.68,1.97
W2Cd2,화합물,2,68.53,5.8,12.07,29.08,5.55,7.41
Co,원소,1,211.54,1.0,5.96,135.9,0.58,0.0
C,원소,1,92.01,4.0,12.37,60.52,9.88,7.85
Si3Gd,화합물,2,20.69,3.1,4.84,8.15,8.32,12.85
PTb3VCo2,화합물,4,14.65,2.0,4.61,12.31,0.84,3.65
Gd4Mg3SnCoAl4Eu3,고온,6,124.81,2.2,3.12,8.97,10.05,73.38
N3Y2Sb2,화합물,3,128.72,3.9,6.07,45.4,3.24,31.42
HoRh4,화합물,2,81.63,2.1,11.97,35.83,10.03,0.0
MnTl2,화합물,2,66.97,2.2,9.51,41.12,13.03,7.48
V2S3,화합물,2,36.65,1.9,7.43,20.96,9.57,4.59
Gd2,원소,1,119.55,2.0,15.95,282.16,5.98,0.0
TlCe2Nb2Hg3Gd,고온,5,119.42,5.5,6.03,11.61,9.02,98.72
Mo2PrBa,수소화물,3,33.24,5.3,2.93,44.03,13.11,259.85
Er4YSm2,합금,3,159.34,4.1,5.86,93.28,8.93,11.01
BiTb2Be2,합금,3,56.06,3.9,7.15,113.62,1.29,3.95
ZrCa2,합금,2,99.06,5.2,7.88,138.88,13.97,9.82
GaRb2TbU2,화합물,4,148.8,4.4,2.15,12.81,0.59,4.28
Er2Co4,화합물,2,59.15,4.1,11.54,6.7,6.52,8.55
Eu2Mn2AlTe3,고온,4,41.77,5.6,8.63,4.65,12.86,88.52
RbS3Fe4Mg2Ca,고온,5,110.38,2.2,5.95,8.04,11.56,57.65
Te2W3Tm4O2,화합물,4,44.21,4.0,8.4,10.37,13.11,4.23
Fe3In2Ru3,화합물,3,91.52,3.6,4.9,23.73,10.35,11.56
HgU,화합물,2,97.33,5.9,11.74,3.96,8.63,17.11
Tl4Mn4,화합물,2,134.22,4.1,11.25,36.56,0.35,10.02
EuZn,화합물,2,101.51,4.5,8.34,32.61,7.13,12.15
Mo2HPd3Al,화합물,4,127.66,4.0,1.79,25.84,2.27,2.68
Ag3Re3K3Lu,화합물,4,51.54,4.3,4.11,16.32,14.11,15.25
UZrCs3Al3,화합물,4,114.65,4.2,3.92,9.11,0.63,17.79
BiIrP3,화합물,3,85.74,3.3,6.25,39.01,1.82,8.07
CaGe2SbTb2,화합물,4,93.67,4.6,2.22,11.13,13.21,16.46
La3Ni,화합물,2,114.61,2.7,7.64,22.67,9.85,4.47
Eu4Ba2DyFe,화합물,4,132.37,5.2,5.86,1.97,7.24,7.26
NdZn3,화합물,2,44.55,2.6,8.78,43.81,0.67,4.79
Be3H3Bi4Ag3,화합물,4,47.66,3.6,10.69,22.02,4.21,15.63
CoPdTb3,합금,3,156.95,5.8,5.53,23.61,14.43,14.37
Se2,원소,1,68.66,3.0,15.97,239.22,0.98,0.07
AsBeTl4Re3,화합물,4,26.42,4.4,2.26,32.73,6.92,20.19
BaHf2Be3Cs,화합물,4,86.86,2.3,10.83,38.16,10.74,5.01
TaNd3K4,수소화물,3,36.37,4.8,3.62,44.13,10.14,144.84
Pr2RhAs,화합물,3,117.27,5.5,3.51,40.92,4.47,9.87
F2Au4Mn3,화합물,3,147.1,2.5,1.65,34.13,13.66,11.27
InNd4,합금,2,104.08,3.8,7.5,8.7,7.67,5.79
Hg3,원소,1,228.95,1.0,17.29,355.44,4.31,4.01
TmMn2ZrPt2Te2,고온,5,112.82,1.7,5.05,3.75,5.96,126.43
Li4Mn3,합금,2,57.85,4.0,2.87,72.36,7.75,4.65
Ca4CeZn,화합물,3,34.6,1.6,12.1,3.21,1.32,0.0
Ni3Eu2Mg,화합물,3,151.67,1.6,7.7,30.91,13.77,3.37
Tl2Pb3Sb4Na4,화합물,4,136.69,2.0,13.07,11.27,6.59,4.12
Co3Rb3Hg3W2Pt,고온,5,114.55,2.6,7.65,3.55,8.4,107.33
Zr2TbSi,화합물,3,157.81,5.6,2.6,34.63,5.1,6.19
K2HgTi,화합물,3,136.51,2.0,8.66,41.53,1.35,6.96
Sb3Ru2HgAg3,고온,4,52.25,4.4,7.1,7.98,3.16,74.8
Sm3Y4Cu2As2Be,고온,5,86.94,1.7,7.63,10.54,14.36,116.7
GaAg3Li,합금,3,122.09,5.5,10.76,10.85,5.69,11.95
Hf3,원소,1,58.77,4.0,6.2,16.66,2.93,3.33
Os3Zr,합금,2,91.43,5.7,15.62,64.02,4.71,4.6
Na2AgPt3Cu,화합물,4,16.38,5.1,5.92,34.19,9.7,37.52
Ag2PMo2,수소화물,3,46.43,5.8,1.22,35.64,13.3,231.31
YbFe4LaSr3,화합물,4,140.67,5.3,11.14,12.07,6.29,6.41
Ga2B2,화합물,2,106.71,4.0,10.14,25.16,7.84,9.53
Tb3Te2Yb3Cd3,고온,4,55.04,5.0,5.87,9.32,14.65,81.98
MnSe3La3Ta3,화합물,4,44.05,3.2,9.46,41.37,6.99,18.18
ScTh2,화합물,2,48.39,3.6,6.45,14.13,7.41,2.8
Os3OSc3Zn4ErCe3,고온,6,112.57,4.7,3.16,1.13,1.83,58.94
OsS4Gd2Hf2Sm4Pb2,고온,6,98.57,5.7,6.18,4.48,3.04,97.2
MoCs4Th3Sr2RuP3,고온,6,69.48,4.2,5.28,6.91,14.16,87.76
NbP3Te4,화합물,3,105.18,5.5,10.04,32.0,5.39,6.12
Sm3N4FeCdTh2,고온,5,51.06,4.9,3.86,10.37,11.6,57.63
PtAuRu4,합금,3,45.72,1.5,12.95,33.77,12.07,15.2
Ba2N,화합물,2,22.89,2.3,2.85,43.8,7.78,3.04
WU,수소화물,2,6.02,3.7,1.27,51.36,1.96,260.5
Ru3O2Tl2,화합물,3,145.44,2.7,1.69,4.33,7.36,3.85
Sr2BaSn2Bi3W,고온,5,73.27,3.0,8.01,7.16,4.6,90.43
Pr4Tm3,화합물,2,125.16,2.2,3.36,14.53,1.6,0.0
In,원소,1,145.23,2.0,7.27,113.21,5.91,0.0
CsDy2CaF3,고온,4,114.72,5.5,5.02,13.37,11.4,106.54
Y4Se,합금,2,31.09,4.3,2.16,98.35,0.58,13.82
Er2Rh2GePd2,화합물,4,100.78,5.2,12.14,39.49,6.52,12.61
Re3Zr2,합금,2,56.92,3.6,13.2,71.38,9.98,7.06
Sn3CSi3YbSr2,고온,5,89.02,5.7,5.55,5.22,5.51,67.82
AuNdBi2,화합물,3,89.58,5.3,11.66,36.64,14.26,14.19
Pr3O,합금,2,122.06,3.5,8.26,84.12,12.98,4.64
Al4MgSb2,합금,3,151.09,5.5,3.44,139.36,11.3,12.82
TmRuSr2ZnBa3,고온,5,68.72,3.5,5.13,2.32,6.15,156.67
YZn3N2,화합물,3,122.55,4.5,7.57,17.13,11.3,15.79
H3Eu3UB4Ru3Nd,고온,6,136.32,4.8,8.94,1.53,0.44,40.9
SbOsAg2,화합물,3,92.12,5.4,8.27,23.8,4.99,8.1
Mg2SeSc,화합물,3,124.11,5.4,2.38,45.78,12.36,54.19
Mo2O4Lu2,합금,3,21.56,2.5,4.61,25.36,11.02,8.66
BaAu3Mg3Hg2,화합물,4,61.14,5.0,9.82,10.71,13.32,18.69
Er2InC2,합금,3,51.95,4.3,9.62,62.54,14.28,8.2
Zn2Tm3,수소화물,2,31.6,2.3,7.97,56.83,4.76,229.43
Re3S4Cr4La3Ba3,고온,5,35.31,3.8,8.87,3.7,2.15,88.58
Nb3Eu3B2,화합물,3,63.34,5.4,7.8,11.98,14.78,28.49
Ir2Ba4La,합금,3,125.71,4.4,11.64,40.81,8.81,9.22
Mg2Nb2CaEr2Ba2,고온,5,82.18,1.8,5.66,7.55,4.68,30.19
Tb3Be3Tl,합금,3,121.78,4.2,4.44,16.15,8.13,9.98
TmOs,합금,2,93.37,3.9,15.95,68.1,12.33,0.0
GdBe3,합금,2,157.55,3.0,6.78,56.72,7.26,8.46
Ru4O3,화합물,2,33.11,5.3,8.62,12.65,8.5,14.71
Ce2Ge2Na2Sr2UOs3,고온,6,100.13,5.1,8.35,6.87,11.63,149.56
Ti2Re,화합물,2,65.33,3.8,7.55,22.62,9.37,3.13
Ho2As3In3,합금,3,174.54,2.1,6.55,43.03,11.07,4.94
Tl4TaEu,화합물,3,143.11,2.5,10.55,36.42,11.54,3.94
Zr2Ag2AsCeTm2,고온,5,58.04,1.9,7.45,9.12,7.24,123.19
EuTa2,합금,2,68.08,4.3,3.42,28.49,2.82,21.14
Pd4Mg4,합금,2,45.34,2.5,13.98,111.03,0.94,19.6
Zr2Rh3Lu2GdC,고온,5,108.94,3.7,7.65,12.82,6.44,104.71
Ge3W,수소화물,2,37.2,4.1,3.22,53.88,12.91,227.8
InOs2,수소화물,2,34.2,1.9,6.04,25.48,4.2,262.93
AsH2ErCaTb2Be3,고온,6,120.9,2.4,8.48,2.82,4.74,41.17
Cr4Sb2Ni3,합금,3,153.8,5.5,4.96,37.58,11.61,16.69
V3Mn,합금,2,154.25,4.5,13.92,38.3,12.76,7.47
U4Cu2PF,화합물,4,105.45,5.6,5.1,26.02,13.3,11.94
V2Bi2Pt,화합물,3,22.7,5.9,5.22,17.19,12.58,12.46
PdTb,수소화물,2,14.68,3.5,5.81,66.91,12.23,278.65
W2Er2PdHg3EuCe,고온,6,40.89,3.4,3.51,6.68,7.5,124.0
Hf2Er,화합물,2,101.0,3.5,9.18,31.46,14.21,7.42
Ca2Ta3Zn,합금,3,98.38,4.3,4.03,13.97,1.6,3.43
Pr4Pb2RhNiTm3S2,고온,6,43.29,5.7,5.39,7.07,10.39,41.49
NaPSn3GdCd3,고온,5,124.77,2.6,6.49,12.31,8.5,158.46
HgO,합금,2,178.46,3.4,4.32,69.98,7.17,8.95
Sr4Ni4AuHf,고온,4,48.98,5.8,4.93,12.14,4.39,33.12
Cr4Hg,합금,2,59.78,3.0,5.49,15.31,0.31,0.82
Li4OH3,합금,3,117.76,5.0,2.09,102.79,11.46,10.02
Na3BeHo2C3,화합물,4,46.85,1.8,3.48,17.13,14.55,12.06
Ta2AsHo2,화합물,3,42.26,5.7,7.98,40.02,13.99,7.12
LuB2Sc2,합금,3,51.97,2.4,3.73,80.31,5.4,0.0
Mo2Ga4U2Pt3,화합물,4,116.61,2.5,10.74,38.06,4.94,5.13
TeBe2Cr,수소화물,3,58.87,3.7,4.48,73.01,2.37,214.92
S4InRh,화합물,3,143.9,2.8,10.73,43.07,13.93,0.0
YHgWSb2Ag,고온,5,60.49,5.2,5.46,3.67,13.36,83.22
Sr3Y2Li,합금,3,82.94,3.9,13.2,103.46,6.96,6.53
O4,원소,1,147.56,3.0,13.27,389.37,4.61,5.35
Ca3Ta2,합금,2,57.14,2.2,2.51,68.6,1.91,0.35
Ru2Zn2Ti,합금,3,29.49,4.3,2.08,98.88,11.84,5.13
NbMg3,합금,2,176.69,5.4,2.06,77.19,8.2,12.53
Sn2Lu2,합금,2,79.39,5.9,9.6,25.27,1.99,9.31
H3Pr3Mn,화합물,3,74.68,4.7,7.86,14.72,9.81,19.39
Nd2N2,화합물,2,72.49,2.7,9.9,13.0,12.72,5.39
SrRu4Cs3As4,고온,4,98.81,5.7,7.2,12.41,8.09,56.96
Ca4FeAl,합금,3,139.45,4.3,5.22,44.46,13.01,28.48
PbF3TmBi,화합물,4,26.38,5.7,11.75,11.85,9.46,33.71
Re2,원소,1,30.76,5.0,18.22,218.1,8.02,15.86
N3BaEu2Bi,화합물,4,97.47,4.1,8.5,38.79,11.48,11.11
Eu,원소,1,58.9,3.0,4.5,87.48,7.86,0.05
Gd2U,수소화물,2,36.59,5.5,1.1,78.92,5.71,266.32
Fe2TmNi3O2As2,고온,5,99.39,5.2,8.96,2.54,0.47,80.73
TaVHo,화합물,3,41.96,2.0,7.72,31.98,1.42,3.85
Nb3Mn2Gd,합금,3,101.99,2.4,13.28,33.62,14.43,1.19
KSn3Ir,화합물,3,26.67,3.7,4.81,21.6,12.94,3.55
RuBi2Ti4C3B2Pt,고온,6,103.88,5.4,8.92,6.15,0.65,42.33
GaTi2,합금,2,138.72,6.0,6.6,136.49,10.44,6.39
FLu,화합물,2,143.9,3.5,13.31,7.08,1.29,9.68
RhSbHf2F2B,고온,5,97.52,2.2,7.2,14.0,14.58,31.69
As2W2Fe2Ce4,고온,4,73.48,4.1,6.17,5.99,0.19,54.29
Ta3Ca2ScSbOs2Pb2,고온,6,58.46,5.8,5.78,11.69,10.75,50.1
HgSb2Be2Ge2Li4Er4,고온,6,49.38,3.2,7.76,6.19,7.1,33.44
Fe3U3Cu3W4Ni,고온,5,68.76,2.5,3.01,13.16,4.22,108.24
CaS,화합물,2,68.03,5.7,2.67,27.32,4.24,5.78
WEr2,화합물,2,106.58,3.3,5.1,41.39,11.36,9.09
ScTh3HFEu3Tm4,고온,6,60.82,5.5,6.9,6.8,14.73,42.32
P4YbTl2,화합물,3,50.23,5.4,2.94,7.86,1.97,24.79
H2SnYb,수소화물,3,1.11,5.7,7.34,22.79,0.69,107.6
Pb3,원소,1,29.33,2.0,5.97,139.06,1.74,0.0
NdPb2,화합물,2,20.74,4.9,5.25,8.21,4.94,12.66
Mn3Ni2,화합물,2,48.81,4.5,13.19,12.86,12.04,26.01
Al2Ca4,합금,2,78.52,5.4,12.68,95.31,10.46,9.46
VHg2,합금,2,130.79,4.5,10.39,26.51,8.7,2.97
Si4N4KPb,화합물,4,81.96,5.2,6.77,46.19,6.41,19.23
Pd2Al3Nb2,합금,3,79.12,1.8,2.3,68.62,13.96,0.0
Ag2HoSr2Au2Hf2,고온,5,100.32,1.6,3.03,1.39,14.71,63.86
ReTa4Co2Yb2,화합물,4,92.25,3.6,5.95,25.08,8.39,19.64
Ti2Cu3,합금,2,116.1,2.1,8.88,73.15,4.94,4.09
Cs2Zn,합금,2,85.86,5.4,6.73,47.32,0.51,15.95
Ba3Er3BeRb2,화합물,4,142.7,3.7,6.67,18.25,10.61,16.41
Mo2Tm2S2Os3Au4Cs,고온,6,136.04,5.4,5.41,12.32,1.7,50.96
Ta3NiYb3As4H,고온,5,34.16,1.6,8.15,14.01,13.4,108.37
Tl3CrAgTe2,고온,4,119.93,5.7,7.49,11.05,8.97,144.56
Tl3Ti,수소화물,2,59.05,2.9,1.69,29.63,12.78,201.53
FEuBe2,화합물,3,107.58,4.5,2.07,21.35,0.92,21.91
CuTh3Rh2Si,고온,4,73.99,2.2,8.96,1.94,9.66,85.19
Sr2Tb2Er3PbHg3,고온,5,134.6,3.3,5.15,6.03,4.37,103.02
C2RbGd2S3BaCu,고온,6,71.35,5.7,3.98,12.23,4.87,138.91
Hg3,원소,1,133.16,3.0,2.56,160.55,5.93,0.05
Ho3Yb4,수소화물,2,48.6,4.2,3.7,75.18,10.74,123.22
TmRe2GaCe3,화합물,4,83.07,2.1,6.18,31.99,1.5,5.92
Ta2Mo3Pd3WV4Pr,고온,6,89.56,2.1,8.76,11.86,10.99,63.27
Sn2Yb3Ba,합금,3,149.12,3.0,13.68,30.24,4.58,0.0
Na2RuEuCr,화합물,4,89.97,2.9,10.37,22.35,2.24,15.31
H2Cs2Tm2,합금,3,61.3,2.3,10.49,77.99,12.59,2.74
GeU2,화합물,2,80.74,3.5,8.6,9.77,1.52,22.98
TeCu2,합금,2,166.9,2.8,7.18,84.74,13.96,1.87
AuCo2GdSi2O4Hg3,고온,6,84.35,3.8,5.51,1.05,4.5,146.33
Ga,원소,1,178.07,3.0,12.7,331.93,3.16,0.0
Cd2Mg2Sr,화합물,3,128.32,5.3,4.2,14.08,14.01,17.76
Pd2Ta3,합금,2,70.29,1.5,9.66,24.54,0.63,1.38
Sn3NaNd2F,화합물,4,31.71,2.6,7.71,43.6,10.96,17.6
Li2U3,합금,2,132.7,5.4,6.13,27.77,11.59,6.95
RuCd,합금,2,59.86,4.8,7.56,5.73,12.07,9.96
STe,화합물,2,100.34,3.5,8.01,7.12,8.6,30.0
F3Ge2,화합물,2,30.4,2.6,4.09,46.94,5.11,6.38
Re2Eu3Bi3,합금,3,88.33,1.6,3.98,65.98,10.13,1.39
Er2Pr3Tl,합금,3,136.83,2.0,3.9,23.79,3.81,1.14
Ca3Pt4,합금,2,179.63,1.8,8.57,135.8,12.91,5.88
Fe4Gd,수소화물,2,21.93,4.1,5.15,52.42,1.75,219.25
PdBaNFe,화합물,4,96.88,2.8,10.09,17.08,9.05,6.21
TbDyCs4,화합물,3,61.75,4.0,9.91,3.51,13.89,2.62
CEu4Hg,합금,3,123.97,5.2,11.3,102.35,5.81,6.24
WPt2,화합물,2,145.24,2.9,2.82,26.5,12.6,3.76
Re4,원소,1,114.24,3.0,14.78,360.64,2.87,0.0
Th3,원소,1,85.74,4.0,1.76,32.86,0.61,0.56
Ti2Au3,화합물,2,117.92,5.5,5.51,23.63,12.42,15.68
Tm3O4BeYb,화합물,4,156.73,5.6,7.75,12.96,7.08,8.03
B2La3Zr,합금,3,75.17,4.2,6.21,37.94,4.34,5.38
Mg2AlRuB3,화합물,4,20.27,5.7,11.8,34.22,2.26,12.39
H4In,수소화물,2,16.36,5.2,3.15,48.46,6.0,215.36
Nd2InGa3,화합물,3,18.79,3.5,2.48,30.49,2.96,11.73
U2Mn3,화합물,2,122.18,1.5,1.66,18.13,9.71,8.72
Lu3La,수소화물,2,52.13,4.5,7.37,40.43,10.47,144.21
Ga2Ho2Cd2Tl4Y4,고온,5,42.24,3.5,8.62,14.08,3.99,140.74
Pb3Cr,화합물,2,14.17,2.2,3.09,43.33,13.35,2.05
AsBe4BiCaRb3,고온,5,56.71,1.8,4.16,14.82,1.9,39.16
As2Au4,합금,2,38.68,3.7,9.9,92.32,7.42,5.54
Cr2N3Na2Ce2,화합물,4,153.06,3.0,5.2,46.36,5.46,16.37
MgAs3,합금,2,117.59,5.6,10.74,132.93,14.47,3.79
Sn3CdCe2,합금,3,72.06,3.8,4.48,118.17,6.13,8.46
As3Tl4,화합물,2,24.7,5.1,7.85,9.62,6.73,9.7
Fe3SeEu2,합금,3,44.88,4.4,5.12,57.23,0.99,18.12
Na2KMg2,화합물,3,123.15,2.7,4.24,13.47,2.33,30.78
Cr2Ho,화합물,2,27.2,3.6,13.78,23.03,13.52,7.21
Lu2HCo2Os3,화합물,4,114.69,3.6,4.06,39.29,5.65,3.39
Re2Eu4,합금,2,30.71,5.1,3.69,123.29,10.77,2.35
CeHo3Mn,합금,3,26.25,6.0,5.16,142.95,5.54,9.94
Lu3B3Pr2Zr,화합물,4,44.19,4.5,3.59,13.88,12.59,5.12
SLa3,수소화물,2,58.85,3.1,5.68,73.44,11.19,279.59
Zr3CdC3,합금,3,117.72,2.6,5.9,88.85,11.18,9.68
Ga3Th,화합물,2,149.7,1.5,9.88,36.87,7.97,2.99
ZrTb2Lu2TeW,고온,5,75.38,5.5,8.27,12.97,0.32,128.74
K,원소,1,140.8,5.0,3.92,66.43,8.43,4.45
LiOs2Ir3Th3,고온,4,65.33,1.7,4.55,11.12,12.97,44.3
PbTaNd,화합물,3,154.13,1.5,11.12,45.34,9.8,16.99
Sn3Au2Te4,화합물,3,29.16,2.6,8.08,13.41,12.87,2.34
SiNb4Y2,화합물,3,152.87,5.4,3.68,24.74,9.5,15.92
SiY,화합물,2,142.97,5.6,12.14,42.15,7.82,13.81
Mn2K3,화합물,2,145.31,3.0,6.73,29.13,8.1,3.59
IrNa4NdGd4,고온,4,32.45,3.6,3.37,13.2,11.77,37.09
Sm3WSnPt,화합물,4,150.86,5.1,12.03,0.71,13.89,9.97
KW4Au2,화합물,3,159.2,2.0,12.99,45.61,1.15,4.73
Rh3H2PrSm2Ir2,고온,5,103.79,1.7,6.14,1.92,14.33,87.06
Tm3Cs2Hg,합금,3,27.58,3.0,13.12,61.03,3.48,11.0
Fe2As4K2Y,화합물,4,83.02,2.3,7.67,27.47,10.33,6.12
Tm4DyBi3Rh2,화합물,4,24.56,3.1,10.18,35.29,4.45,20.43
SeP3Ta2Pt2,고온,4,69.02,4.8,5.67,14.51,13.76,119.03
NRu4Mg4Sc2,화합물,4,144.97,2.8,3.84,15.53,13.11,17.79
SnTl2Be,화합물,3,76.76,4.3,2.54,32.93,9.82,3.22
In3Ca2PtTa2Ho2Au3,고온,6,35.02,3.7,7.4,6.56,3.64,144.14
ZnKGe3,화합물,3,105.21,5.3,1.5,5.76,6.26,3.34
In,원소,1,228.37,4.0,7.26,146.83,4.23,2.69
Sr4MgPd2Ce2,화합물,4,95.21,4.3,10.12,34.81,13.08,11.63
Dy2Ga2PdCo4,화합물,4,89.9,3.7,11.34,40.2,0.53,15.03
TmURe2Er4,화합물,4,80.4,1.9,10.94,49.19,0.11,14.37
Th3H2,수소화물,2,7.5,3.1,6.9,21.5,4.86,265.51
GdCsW2,화합물,3,72.8,2.2,9.85,2.05,3.68,6.78
S4Ga2V2,화합물,3,155.6,1.6,4.77,2.0,0.65,17.63
Fe4Te3,화합물,2,52.01,2.4,5.15,31.4,9.08,4.46
Cs3Tm3Os4,합금,3,107.45,3.4,2.72,113.76,11.3,2.11
U4SeLa2,합금,3,158.0,4.3,9.26,51.28,14.95,5.97
IrCrTiRhCoNb2,고온,6,108.21,1.9,4.12,11.68,9.33,166.26
Ag3Hg3ThTa3,화합물,4,60.47,5.2,8.61,34.16,1.93,17.3
Gd2,원소,1,149.44,5.0,3.13,120.28,1.63,1.67
Co2In4Si2,합금,3,20.33,3.9,7.93,85.39,1.41,8.06
URuCo2Nd2,화합물,4,143.57,3.0,2.85,15.13,12.94,1.55
AuPrLu2Ag3H4Ce3,고온,6,42.36,5.8,3.63,5.72,12.34,156.06
Au3Pt2TmTeP4,고온,5,133.75,5.8,7.92,2.99,9.29,145.61
HV3As4Al,화합물,4,68.89,3.5,9.17,5.43,9.5,9.57
Sr4Tm3Hf3Rb2,고온,4,97.94,5.6,5.5,7.67,14.43,115.94
VBa,화합물,2,44.81,1.5,11.21,12.4,9.85,6.69
DyK3,화합물,2,143.2,3.6,7.44,30.39,6.5,3.88
Al2Y,화합물,2,65.62,4.5,9.0,15.32,14.27,13.45
Sb4Li3Nb2,합금,3,141.68,4.9,7.9,129.84,3.6,2.5
Ca2Nb2,수소화물,2,44.35,4.0,3.88,39.33,14.68,270.88
AlPt2Fe4,합금,3,56.78,4.4,8.9,97.3,10.46,8.42
SeW3,합금,2,170.78,4.1,15.41,31.19,11.35,10.0
Hg3Cs2IrTh2,고온,4,112.39,3.4,5.68,10.39,4.48,146.18
U2Pd2HoH2,화합물,4,137.9,2.6,6.03,31.15,5.94,3.07
Tb2Ce4Lu2F3W4,고온,5,63.51,5.7,3.14,4.23,4.33,129.7
LaMoPb4,화합물,3,45.83,5.1,2.89,1.22,12.4,5.93
In2Tm4Cd3B3,화합물,4,104.5,4.1,12.71,8.51,10.05,7.08
Cr2WSrU4YbCd2,고온,6,110.74,2.1,5.52,1.73,1.47,131.89
Ta3,원소,1,213.73,4.0,19.8,76.68,7.03,0.0
Bi4S2RbYSn3Nb2,고온,6,64.5,5.0,3.86,5.11,5.52,104.0
CeS4,합금,2,167.28,3.0,13.05,135.65,2.54,8.87
FSi3SbAg4N2Pt3,고온,6,86.13,3.2,7.79,5.38,11.93,155.18
B2S,합금,2,35.75,4.6,2.88,83.17,9.66,40.92
Te3AsHf2Ti,화합물,4,59.06,3.1,3.2,37.96,6.4,35.11
DyHo2SmAsSiIn3,고온,6,81.96,4.4,7.61,9.62,0.91,38.08
K2Cs2Cr2,화합물,3,28.88,3.3,11.99,41.99,1.85,7.46
Ti2ZnPtSe3Yb2,고온,5,58.1,3.3,7.74,10.33,11.94,80.71
Mn3BaTh3ReLi3Ge2,고온,6,54.3,3.9,3.56,8.01,9.87,88.25
Ta4RhPrHCsBe2,고온,6,62.43,3.1,8.14,11.7,14.93,29.02
B4Mn2TeScF4Li,고온,6,72.36,3.5,3.78,9.18,3.01,38.32
W2BaYb2Cr3,화합물,4,139.8,3.0,4.69,12.66,6.92,5.99
Se2S2Ir,합금,3,122.92,2.2,7.75,65.28,8.97,2.74
Pd2,원소,1,24.4,4.0,21.9,181.74,1.42,2.09
EuBa4,합금,2,151.08,5.0,6.22,145.66,12.57,7.75
GdHo4,합금,2,27.97,3.3,7.28,139.49,11.07,4.38
YLu2Mg4,화합물,3,116.23,5.4,8.4,7.78,4.22,5.47
U2V,합금,2,144.8,4.5,5.48,59.29,6.73,8.87
S3,원소,1,64.2,5.0,19.84,335.4,4.22,6.69
Pt2,원소,1,54.41,4.0,7.39,248.58,5.1,0.0
CeVLiPt3Rb2,고온,5,75.65,1.6,8.41,11.89,5.7,76.52
CaLu4AuO2,화합물,4,146.6,2.0,13.92,16.31,11.0,3.75
Ga3Co3,화합물,2,144.72,5.6,8.54,4.29,0.88,5.07
NiGaC3Ru2Pd2,고온,5,45.4,1.6,5.02,14.27,0.71,130.87
O3,원소,1,10.39,4.0,21.18,21.52,4.57,1.26
SiSm4,수소화물,2,29.93,4.8,2.95,28.84,13.74,290.56
LuHf3Be,화합물,3,111.69,2.9,5.41,42.41,10.04,0.0
Tl2Pd3,합금,2,21.53,3.0,12.82,137.72,4.18,19.88
Tm2Mo4,화합물,2,158.38,5.4,6.28,43.2,7.0,19.44
C2Lu3GaBaTi,고온,5,113.45,2.4,5.78,7.73,3.34,155.25
CoZrNa4Ta3,화합물,4,90.66,5.6,2.65,19.97,1.9,7.82
BeBi3In3W2Al3,고온,5,139.08,2.0,8.17,12.33,14.73,161.25
SiTh,합금,2,56.52,3.6,10.67,70.45,9.54,0.0
V4Cs,합금,2,92.32,2.5,6.74,67.57,9.16,9.68
Dy2V,합금,2,177.48,5.9,6.94,143.6,12.2,9.04
RhAsMn2,합금,3,41.46,1.7,14.22,66.19,2.88,15.13
Dy2V4,합금,2,108.59,2.1,14.02,140.91,0.72,13.86
CeFFe2CaYb2,고온,5,48.75,3.2,5.62,6.24,7.7,123.05
Re,원소,1,78.71,2.0,15.47,398.84,6.84,8.94
As3Cs2S2,화합물,3,16.62,3.1,4.04,18.18,6.79,4.64
Ir2Os3CuP3,화합물,4,21.31,5.9,7.01,7.5,1.48,16.26
Th4Gd2Dy3Pb4,고온,4,74.68,2.7,5.79,14.94,10.94,140.81
WSb2,수소화물,2,43.23,3.0,3.87,11.8,14.9,112.09
Re2B2P3Zr3Ta2O3,고온,6,52.71,1.7,6.15,9.68,5.01,156.11
Rh3Na3,수소화물,2,20.12,4.3,6.58,48.15,3.06,144.62
Tl2MoCs2Sr,고온,4,118.24,3.7,4.81,3.33,9.72,113.4
ZnC2S3,수소화물,3,58.58,3.3,4.77,54.81,8.99,163.73
Re2Cs3,화합물,2,79.55,4.7,3.33,22.88,10.04,10.97
Ba,원소,1,96.43,4.0,15.23,3.65,0.71,5.12
Sr2GeCu,화합물,3,69.97,6.0,1.83,19.05,5.97,8.9
Ti2Mn2OF2,화합물,4,148.97,3.7,1.8,29.79,0.18,5.03
GdRh2Li2,화합물,3,47.87,2.6,6.63,10.71,14.74,12.14
BaCu3Eu2,합금,3,111.35,5.6,7.32,145.51,12.98,5.72
Nd2Na2Y3Tb3,화합물,4,22.23,2.2,13.6,42.92,10.73,9.59
Fe2In3SiTl2,고온,4,30.53,5.2,6.0,6.28,13.27,87.63
Lu,원소,1,97.41,3.0,7.7,230.07,7.95,2.58
Cd3F2NiVB,고온,5,115.74,1.8,4.25,1.07,8.26,73.23
Sn3AgRb4Tm,화합물,4,13.06,5.7,5.89,2.11,2.19,5.6
Sm3ZrN3,수소화물,3,14.9,2.5,4.33,71.36,6.33,223.57
Nd3K4ZrTl2,고온,4,99.23,2.3,8.2,10.95,13.12,91.7
DyU2Rh3H2,고온,4,45.24,4.1,6.55,1.37,14.03,121.89
SmCd2,화합물,2,98.48,2.5,5.71,42.5,6.83,9.02
Pr4Cs4,합금,2,74.74,4.7,8.8,87.87,5.78,6.78
ErYGe3Te4,화합물,4,132.78,5.0,6.95,10.12,14.58,5.66
Tm2Yb2SmTe4Li2,고온,5,90.03,4.8,6.35,3.21,10.31,128.67
W4U2LuRh4Ir4Rb,고온,6,44.3,4.4,4.64,8.0,0.16,53.92
RbMg2F2Ce4C,고온,5,112.71,4.2,4.07,7.6,13.93,65.87
H2K,합금,2,121.6,2.1,5.87,85.37,13.49,10.47
Th2Sc3Y2Be2,화합물,4,130.72,4.3,4.4,10.72,4.02,14.43
Pr2YbRu4,화합물,3,59.02,1.7,4.3,20.55,11.09,3.64
Ni2,원소,1,224.17,4.0,6.94,388.93,7.31,4.77
RbNa2Y,합금,3,29.58,4.2,8.79,30.72,13.84,0.0
BeMnTl3,합금,3,143.9,4.5,8.86,128.42,1.1,8.48
Os2Ho2MoY3V,고온,5,86.6,1.7,6.01,2.18,4.83,76.92
Ag2Hg,합금,2,151.32,5.4,15.99,136.89,8.65,8.17
Sc2Ce2Os2,화합물,3,142.22,3.2,9.26,31.83,12.79,0.0
Sb2NbN2,수소화물,3,53.09,3.8,4.13,50.77,12.24,147.2
Ta4Ag2Na2Yb3,화합물,4,84.62,5.0,8.74,20.46,4.44,17.53
Sm2,원소,1,67.87,5.0,2.52,30.27,1.09,0.71
NbSi3,화합물,2,23.97,4.7,7.68,2.58,10.56,13.46
OsSi2,합금,2,35.02,3.5,3.02,39.22,4.53,4.51
Ta4Os4,합금,2,68.4,2.0,12.09,147.23,11.03,0.46
Mo,원소,1,219.12,1.0,19.44,63.7,2.38,0.0
Ni2V4Mo2,화합물,3,84.91,4.1,5.69,17.49,0.21,38.55
ZrCd4Ag,합금,3,102.1,2.0,4.92,135.47,14.56,6.07
ThMg3Zr3Zn2,화합물,4,99.32,2.1,8.74,25.22,1.38,7.66
U4Lu2Fe2Se,고온,4,41.97,1.7,7.58,8.62,12.35,142.93
Mn2BeLa,화합물,3,153.9,2.0,11.15,47.01,6.41,21.86
Eu2MnCdSc3Re3C3,고온,6,61.26,6.0,5.91,5.09,6.07,140.25
Nd2Cs2W4Zr2,화합물,4,137.08,4.4,11.54,34.53,14.88,8.26
CaSr2Ga4Tl2,화합물,4,26.94,1.8,11.53,4.46,5.02,10.26
WNdSrNbO,고온,5,79.59,1.5,4.79,9.02,0.59,123.92
Ce,원소,1,201.85,3.0,7.33,217.08,0.96,0.0
V2Co3,합금,2,100.02,5.7,9.73,69.12,3.5,3.31
TbTl3Zr3,화합물,3,102.37,1.6,8.96,25.96,2.14,0.0
MgGaGe4,화합물,3,104.49,5.8,11.58,2.9,9.55,8.61
SnGe2Eu2Sb4Ga,고온,5,44.07,4.3,8.01,5.38,13.76,141.22
YbEu2Sb3Al,고온,4,132.91,4.9,8.37,2.56,4.72,58.47
Ag2Cr,화합물,2,87.23,4.8,10.95,36.73,6.84,3.96
AuIrPbH3,화합물,4,44.53,2.3,2.89,18.75,1.87,11.78
Tb2Sb3Ga,화합물,3,25.87,3.8,2.61,21.97,12.58,6.7
AuRb4,수소화물,2,45.16,3.0,6.14,59.91,8.3,184.45
ThDyPdGdLi3,고온,5,133.53,2.5,4.09,2.02,0.16,48.57
OP2Nb2Sb,고온,4,101.95,2.3,5.69,12.08,1.07,131.35
Gd3La,합금,2,25.89,4.6,5.34,121.7,9.18,9.2
Fe3HoHgAu,고온,4,135.73,1.9,5.78,2.04,9.48,30.56
Ge3CSc3,합금,3,179.7,5.7,6.81,30.82,9.18,2.14
Nb2Cd2Tl2,합금,3,100.84,3.6,6.66,38.53,14.98,7.83
LiBi2SmYH3,고온,5,91.43,1.8,8.84,10.9,8.69,107.68
Te,원소,1,214.22,2.0,5.91,166.68,6.42,0.04
Ti2Rh3Sr,수소화물,3,22.61,5.8,3.05,35.3,13.67,183.12
Ga2Eu3Pb,합금,3,103.97,2.0,2.83,145.64,4.21,4.15
Sn3Se4RbTlRe,고온,5,139.05,3.2,6.23,13.91,2.37,115.42
S3Cr3Na,합금,3,124.07,4.5,6.45,105.81,2.69,3.3
Al2O4Pt,화합물,3,130.3,2.6,3.63,40.86,14.84,7.72
Ir3Y2,합금,2,168.12,3.3,3.12,133.22,9.58,9.41
YAg3Hf2S,화합물,4,10.35,3.3,4.47,10.06,13.47,14.21
Rh2UCuDy3,화합물,4,92.0,5.7,10.31,41.19,14.06,24.89
Re3Tm3Sc,화합물,3,145.3,4.4,7.03,26.78,4.49,18.33
Er,원소,1,23.62,4.0,19.96,62.46,4.01,10.14
F2,원소,1,25.14,3.0,4.71,210.38,9.47,2.56
Tb2SmTe,합금,3,77.49,2.6,5.01,105.97,10.13,5.32
Ti2Eu,화합물,2,33.54,2.9,10.39,49.69,9.72,10.94
BeRbThMoV2,고온,5,52.8,1.8,7.55,12.64,10.02,151.13
AgYSi3P4Rb4Sc2,고온,6,68.0,2.4,8.38,6.05,14.9,108.13
Mo4Os4Si,합금,3,179.2,3.1,4.19,17.32,13.82,6.69
P3Ho2,화합물,2,110.13,5.9,12.44,5.2,4.44,19.42
Tb3Sb3Al2Pd2CeN2,고온,6,83.55,3.0,4.72,11.51,0.93,33.52
Nd3Bi3AgCr,화합물,4,154.97,4.3,4.84,38.78,3.22,1.79
Sc3Bi2,화합물,2,135.15,4.4,11.03,29.15,9.58,7.74
PdGe,화합물,2,136.94,2.3,3.54,40.72,6.89,13.01
ErMg4,합금,2,57.74,2.0,5.89,45.33,1.43,9.32
Ge,원소,1,199.4,4.0,21.74,2.9,7.38,8.03
Lu2Y,합금,2,107.23,2.2,7.56,11.6,7.0,1.84
Sb4PbSn,화합물,3,120.94,4.0,4.85,17.18,14.19,4.72
Mo3,원소,1,35.99,5.0,9.27,252.07,4.81,7.44
SeSr4Fe3,합금,3,158.93,3.8,7.71,73.32,11.09,12.28
Ce2Hf2,화합물,2,151.49,5.2,12.59,19.36,0.69,11.7
Sb2,원소,1,27.44,2.0,14.86,11.68,7.59,2.56
Ga4Ru,합금,2,67.3,3.9,4.09,53.91,10.44,3.96
La4Ta3V4U2,고온,4,121.74,3.8,4.86,7.74,4.66,46.21
Al2,원소,1,84.08,3.0,10.83,392.6,3.8,4.6
Dy3Fe2Pd2F2,화합물,4,86.8,5.5,2.08,9.75,9.07,16.75
TmDy,화합물,2,114.35,5.0,3.91,41.64,6.35,25.32
LiGa2HoNi2,화합물,4,159.79,1.7,8.87,13.9,13.37,11.27
SrLu3P3,화합물,3,44.73,5.5,4.62,3.83,0.23,5.36
Ag3Pt2,합금,2,166.69,3.7,4.65,90.55,10.7,2.31
UAs2Dy3Ni2Ho,고온,5,83.22,5.6,4.84,1.58,7.22,78.06
FU3YbC4,화합물,4,51.44,5.2,8.45,11.49,4.97,8.62
SrTmSi2Sn2Au,고온,5,101.85,2.3,5.63,13.21,14.27,133.75
Ho3Cd4,화합물,2,136.27,4.3,5.72,28.91,14.19,20.35
Sm2TbTl,수소화물,3,44.55,2.8,2.44,37.7,10.71,102.91
PdBaSc2CCr2,고온,5,110.57,3.0,7.17,9.88,2.93,102.66
RuMoTl,수소화물,3,11.56,3.2,1.88,35.79,5.21,178.06
Lu2GaNi2Er,화합물,4,138.64,5.9,3.42,17.1,4.56,11.17
Ru2In2Ce3,화합물,3,29.3,2.7,7.79,22.36,8.12,5.27
Ga3VAl2NTi2,고온,5,82.0,1.8,3.6,8.55,3.58,123.24
AuIn2Ag2Zr3Sr2,고온,5,50.5,4.5,8.56,14.52,6.73,89.17
PbNb2,수소화물,2,49.12,5.3,6.74,9.94,7.07,119.44
Zr3In2Sn,화합물,3,147.93,3.1,12.18,32.07,7.32,0.29
FTe3CuGd3Ta,고온,5,51.53,3.6,5.65,12.53,14.47,121.05
HfBi3,합금,2,176.78,4.2,12.69,106.44,13.73,6.56
MgAg4,화합물,2,75.46,1.6,1.52,42.26,13.67,6.34
NaAl,합금,2,50.72,2.7,3.65,135.45,10.48,8.75
Hg3Co,화합물,2,119.08,4.8,11.21,7.29,13.28,4.45
In3Au2BaUNb,고온,5,98.95,2.9,7.81,7.3,12.54,146.32
Ir4Tb4,합금,2,162.81,4.9,12.5,18.96,9.89,6.32
SrTaY2Ba2,화합물,4,138.77,5.4,7.42,42.24,12.57,11.62
AuTl3Sn,화합물,3,57.45,4.7,10.15,31.34,14.92,10.17
K2Rb2,합금,2,47.22,3.7,2.14,58.26,10.1,3.82
RePbTh4,화합물,3,93.86,5.7,4.46,48.62,7.61,11.89
AsZnW2,화합물,3,42.63,3.0,7.74,35.98,3.73,6.99
La4Pr2,합금,2,33.05,6.0,12.33,47.11,12.4,12.31
Ru2Ir2Ni4NdPtCa3,고온,6,120.92,3.7,3.15,9.83,6.79,138.79
HoF3,수소화물,2,21.56,2.5,6.43,36.24,4.81,176.42
Au2Pr3,합금,2,25.35,5.1,7.25,18.83,6.7,4.93
ZnC,합금,2,158.23,6.0,7.17,73.47,9.61,13.04
Sc3Hf,화합물,2,149.97,4.4,3.28,5.14,9.33,14.41
SnHf3AlGdErEu,고온,6,107.85,2.9,6.48,12.57,1.44,92.94
Na2FeGd2,화합물,3,111.94,5.4,11.85,47.1,12.93,4.4
Os4,원소,1,14.3,2.0,17.74,221.0,5.54,0.0
Fe3Al,화합물,2,114.92,3.8,3.67,28.57,9.57,11.78
SmSe3H2,수소화물,3,24.8,1.6,5.33,39.85,11.04,229.79
Er2Zn,화합물,2,116.03,1.9,7.82,16.68,11.87,9.65
Rb2Pb,화합물,2,83.35,5.3,3.79,11.4,11.65,4.47
PdS,수소화물,2,29.44,2.9,5.12,59.79,3.47,161.25
Li2W3Co3Ba4,화합물,4,90.52,3.7,3.04,31.16,14.8,13.89
Si3TaU,화합물,3,46.14,5.4,3.07,1.05,9.03,7.18
AlTa,화합물,2,121.54,6.0,9.18,21.59,7.14,10.1
FeTlAg4,수소화물,3,16.99,3.2,6.43,79.64,2.47,266.05
Pt3Pd3Se4In,화합물,4,33.22,1.6,9.78,35.38,9.03,19.89
Au2InCo4Ta3,고온,4,59.5,4.2,4.16,11.8,0.66,69.1
Rh3Pd3Eu2Hg2,화합물,4,32.17,4.2,12.04,2.96,6.17,8.78
Zr4Be3Co2NZn2Gd,고온,6,77.43,2.6,5.15,8.39,11.8,82.61
CoMoYb3,화합물,3,17.44,2.1,11.23,19.66,9.87,4.55
Ta2Mn2NEu2,화합물,4,154.46,3.3,5.03,49.35,8.74,12.42
Pd2O2Cd3BYb,고온,5,59.86,2.6,5.41,8.65,0.81,68.5
Rb4V2Pt2,화합물,3,59.5,2.5,6.88,36.81,1.18,3.62
K2Ru3,화합물,2,35.56,4.7,9.06,45.02,4.63,36.21
ThEuV,합금,3,107.25,2.5,10.25,22.32,13.93,0.19
Ce2P4Hg2Be3HoTb3,고온,6,112.92,1.5,7.03,9.95,2.55,32.26
ReNb3Sr,합금,3,103.93,3.0,10.07,64.13,11.1,0.5
U3Al4Tl4Pd3In,고온,5,102.66,1.9,8.71,4.26,5.81,115.63
Ho3Al2,화합물,2,159.95,4.2,8.9,44.16,3.92,10.32
Au3Mn2Si2,합금,3,138.68,2.4,11.82,28.94,9.65,2.69
PdCd3Sm,화합물,3,58.36,5.6,6.65,36.42,4.58,10.31
C2Be4CaSm2,화합물,4,68.62,3.2,9.33,25.39,12.44,12.18
Sm2KMg2Pt2,화합물,4,64.83,2.4,9.18,42.21,10.59,4.64
Hf3Ce3Eu,화합물,3,36.2,4.4,10.41,8.9,0.71,9.06
Mg,원소,1,139.38,4.0,21.42,286.95,9.83,9.24
Se2Fe,수소화물,2,39.82,4.3,1.81,74.36,7.79,265.41
Ho,원소,1,148.95,3.0,21.7,6.54,4.36,1.1
Ca2FeCr,화합물,3,66.24,5.5,13.55,1.55,9.2,6.69
HCuPb4,화합물,3,21.11,4.6,12.44,6.84,8.5,21.66
F4Tl2O,화합물,3,68.31,2.0,11.6,30.95,4.99,1.35
Gd3Te2,화합물,2,124.99,2.6,1.73,19.24,6.3,8.5
HSr2,화합물,2,71.12,4.0,7.57,21.31,9.56,13.51
PrSc4Lu2,화합물,3,77.62,5.7,2.61,38.46,13.88,13.49
CeCrV3,화합물,3,37.83,4.4,2.84,6.07,10.69,8.92
AuAsNd,합금,3,89.33,5.9,12.89,23.23,5.25,4.84
Mg3GeSn3Hg,화합물,4,115.88,3.9,10.61,35.96,6.9,36.79
Pd3Ni2Dy,합금,3,121.86,2.5,12.65,149.14,13.74,0.8
Tm,원소,1,177.88,5.0,6.82,43.97,4.2,3.35
MnCo2Ga2U4,화합물,4,125.89,5.9,10.44,8.29,13.4,12.45
Rh4OsCe2,화합물,3,80.19,5.4,2.75,10.4,4.19,10.2
BPb3Ga3,화합물,3,28.69,2.6,3.3,44.18,14.24,1.64
PrMg3,화합물,2,91.91,4.7,12.68,33.25,4.74,13.29
BSrHo,화합물,3,48.04,3.7,8.21,35.68,13.51,5.62
As2Er3,화합물,2,115.22,2.0,5.06,17.25,3.61,10.42
Os,원소,1,19.72,3.0,10.61,132.51,4.4,1.7
U4V2Mo4,화합물,3,47.84,2.3,11.41,17.37,0.48,15.27
Co3Pt3,화합물,2,139.82,3.3,10.67,46.38,8.26,3.9
AgZr2CsRb,화합물,4,144.11,5.5,7.13,14.14,12.16,7.91
Al2HoBe3Ge2,화합물,4,113.08,1.6,6.18,45.31,11.54,10.96
V2Gd3Ru2Y2,화합물,4,72.94,4.8,3.94,12.02,2.72,14.82
ScCo2SiOs3,화합물,4,99.74,4.9,4.41,28.75,9.85,4.41
RhAl3Th2,화합물,3,59.96,3.7,11.24,13.98,10.84,8.12
AsBe3Ti,화합물,3,61.46,5.4,2.03,36.35,4.67,18.21
MnH,화합물,2,83.48,4.0,10.38,49.62,4.7,6.97
Hf2Ba,화합물,2,56.83,3.1,11.13,30.52,1.08,0.62
IrP,합금,2,144.52,5.2,11.4,116.32,13.76,5.79
RuLa2,합금,2,45.01,4.4,4.19,104.38,14.56,5.24
Cd2V2Te,화합물,3,23.24,1.9,8.64,26.38,1.89,21.57
ScPCrSeMoHo,고온,6,63.57,2.7,6.06,2.48,6.79,56.2
Nd3V,화합물,2,78.91,4.5,8.23,44.19,10.64,0.26
Te2Ti2,합금,2,130.35,6.0,9.81,38.16,2.96,9.13
S3Al2Cr3Ba2,고온,4,117.52,3.7,6.78,10.26,0.67,155.1
PdBTa3Os3Ru,고온,5,71.22,2.1,6.61,9.47,7.07,100.07
Dy4Be2Sc3U4Au2Ta,고온,6,40.69,3.3,7.48,6.33,6.47,145.59
Pd2N4,화합물,2,124.3,2.9,12.84,21.38,3.67,11.92
KSi4PrNdSmDy2,고온,6,106.4,3.8,3.83,9.18,13.45,163.07
Tm2,원소,1,28.32,3.0,13.45,234.94,0.6,5.54
Fe2Ce3,합금,2,170.36,3.7,2.87,123.07,8.48,11.37
Cs2Ir2S3,합금,3,160.64,3.8,5.62,141.54,8.32,4.96
Dy2Mn4V,화합물,3,68.31,2.8,8.39,3.24,1.8,8.92
Gd3,원소,1,90.5,5.0,5.37,311.11,8.45,3.68
Ag2Si2TiHo2,화합물,4,58.31,5.9,8.38,45.19,14.77,16.31
F3Ru2Mg3,화합물,3,17.7,1.7,4.19,26.16,4.23,8.42
ErLu3Ce,화합물,3,147.62,4.2,13.62,46.23,10.64,6.29
HgCo4PrH2Dy2Ru,고온,6,63.96,3.9,8.09,14.34,9.82,92.22
FCs,합금,2,133.62,5.0,4.82,108.89,4.45,7.82
ThTl3,화합물,2,78.78,2.2,12.2,33.44,8.48,2.45
Ho3MnCr4B3,고온,4,40.54,5.0,8.6,3.98,12.45,166.14
Ge,원소,1,13.3,3.0,8.32,321.3,7.65,6.12
Sb2Eu,화합물,2,24.56,6.0,3.38,32.74,8.22,12.12
Ta2AlPrCo4Bi,고온,5,62.47,2.4,8.49,1.18,14.51,29.72
ZnSn2Th3Tb2F,고온,5,35.69,2.5,5.69,1.08,6.06,102.28
Re2Ag2Hg4Pt4,고온,4,81.46,5.9,3.37,14.66,0.75,56.47
Pd3Ta4Sc,화합물,3,54.67,2.2,10.7,49.74,10.62,11.68
NdTe4,화합물,2,100.38,4.9,6.18,25.01,8.95,20.68
C4,원소,1,80.27,5.0,15.37,350.22,6.88,0.62
Fe2V4U,합금,3,169.77,2.6,15.18,63.54,13.42,3.46
Bi2Cd,합금,2,175.98,5.7,6.73,64.88,7.3,4.38
Ti2HDy3,화합물,3,155.01,5.2,10.49,19.4,10.79,11.67
CoZr2Tl2Sc2,고온,4,59.69,6.0,5.75,8.73,5.03,71.37
Ga2Cs,화합물,2,58.93,2.3,3.69,37.72,8.16,0.95
OsN3Al3,화합물,3,121.83,5.8,9.45,16.14,7.06,22.67
Mg3Y2Bi3Te2,화합물,4,61.57,4.9,11.98,36.03,3.95,4.32
B3Cd3,화합물,2,110.2,2.1,6.01,20.43,6.16,8.74
DyFe,수소화물,2,51.23,2.4,7.1,35.88,7.04,133.4
NdMoK,화합물,3,24.1,3.0,5.88,1.09,6.28,5.71
HoOs2O3Pb3,화합물,4,68.98,5.3,9.5,34.86,0.43,26.69
AlTm3Ag4,화합물,3,39.76,1.5,9.86,18.19,6.79,11.6
P2,원소,1,169.86,3.0,14.13,397.92,1.58,0.0
Os4AlCu2,화합물,3,101.82,3.2,5.84,38.25,9.98,11.43
TiSc2Ba3Os2Cu4,고온,5,78.01,3.0,8.53,14.67,4.43,108.66
PGe,합금,2,54.78,2.3,8.34,130.51,1.16,3.55
Sc2,원소,1,223.39,3.0,3.42,380.74,6.97,0.0
SiNb3,합금,2,161.23,2.2,9.44,46.24,2.27,4.05
PdTeB2Ho2O3,고온,5,86.27,4.9,7.84,4.72,4.67,132.09
PdAl3,화합물,2,71.67,4.8,10.86,30.59,0.41,18.05
MoTl2,화합물,2,130.48,3.0,8.8,45.33,11.39,28.75
ZnW2Mg3,화합물,3,124.78,1.6,3.45,33.82,3.17,8.23
InSGeEu2Sm2Bi,고온,6,106.73,5.7,7.69,2.52,12.34,39.3
VAs3BePr2,고온,4,120.89,3.2,6.53,10.56,10.6,129.51
Y3GeMnMgSrRb,고온,6,34.97,1.9,3.03,7.93,2.55,54.29
ZrLi2Lu2Rh3RuPr2,고온,6,63.12,3.2,6.88,14.82,6.04,62.04
Mn3NdAs,화합물,3,25.13,4.0,11.85,41.17,5.26,8.37
Re2La2F2,화합물,3,104.44,2.4,11.76,17.99,7.77,0.31
RbGaP4NiZn3Al,고온,6,49.03,4.5,3.38,8.66,4.39,153.38
ScNi4Hf2AlNaIn3,고온,6,37.25,4.8,4.78,7.41,2.6,113.71
Te,원소,1,204.39,2.0,12.07,368.7,8.71,0.72
N3,원소,1,153.89,2.0,4.71,315.38,4.59,0.0
Ru3Dy4,수소화물,2,16.71,2.8,3.81,44.85,4.41,111.75
Ce2Hg2,합금,2,172.77,5.0,9.22,141.56,11.33,7.27
SrAu2InHf4,고온,4,79.3,5.3,5.28,1.06,0.17,118.74
SbSe,화합물,2,142.86,2.7,13.73,4.85,3.51,22.39
Se3C2N2,합금,3,61.0,1.6,10.56,71.55,3.03,2.65
FU4,합금,2,59.35,2.9,9.38,111.05,12.93,2.23
TmP3,합금,2,110.93,2.2,11.41,23.34,14.17,5.41
Ag4O,합금,2,24.62,1.9,15.98,88.55,5.45,17.93
NaSmGdF,화합물,4,37.07,3.9,3.7,21.67,4.05,5.68
YNi3,화합물,2,88.14,1.6,5.14,49.67,14.59,1.05
Li2Sn3B2,수소화물,3,49.87,5.0,6.31,14.13,6.88,179.52
Er2Re3O3Zn3,화합물,4,125.11,5.3,2.68,44.58,7.07,20.64
Mg3SrSb,화합물,3,135.54,4.0,11.13,44.52,13.74,6.15
Fe3H4Cr,화합물,3,58.42,3.5,9.09,16.98,1.95,4.25
ScTi2Ni2,화합물,3,153.09,2.8,13.75,16.47,1.64,5.55
Rb2As4Ge2,화합물,3,68.8,4.4,7.4,28.11,0.35,12.53
Cu,원소,1,215.83,2.0,18.81,226.6,9.35,4.18
Mo2,원소,1,18.93,4.0,17.59,136.79,7.9,0.88
ScMg3,합금,2,35.39,5.5,14.96,69.76,10.67,12.65
B3Se3,합금,2,144.19,4.4,6.86,10.57,7.15,4.84
PdZn4Cs,화합물,3,60.92,3.5,7.28,18.48,8.52,17.37
Ho3S3U3,합금,3,66.93,2.1,6.44,76.96,14.19,4.68
As4Rh3Ta3ReBe3Fe2,고온,6,50.45,3.9,8.12,2.66,5.84,71.36
Y2GeCo3VHf,고온,5,56.97,3.8,8.03,9.56,12.38,106.19
Ti3Ni2Th2,수소화물,3,26.29,2.5,7.84,45.12,8.68,214.94
FCaO4Os2Eu,고온,5,58.59,3.5,5.46,9.56,3.94,36.44
Y3Mg3,합금,2,63.63,4.7,3.74,17.69,9.22,4.25
GeZnLa2,화합물,3,43.31,3.1,11.75,28.29,6.8,5.61
Si3AuRh2,합금,3,119.57,4.0,15.7,124.0,13.32,14.18
O2Hf2SeNi2,고온,4,61.32,5.9,7.6,9.17,12.32,134.59
Ir4Se2ScRe,고온,4,110.39,3.5,8.16,4.77,6.6,73.06
Mg2Tb3Sb3HoCu4,고온,5,139.85,4.7,8.94,7.06,9.24,76.18
Ho4Al3Tl2Sb,화합물,4,57.89,2.5,8.93,29.1,14.8,3.74
WTm4GaTb4Y,고온,5,104.58,5.1,3.12,1.68,8.21,33.86
AlEu2,합금,2,124.3,3.3,10.32,91.61,5.91,0.0
Tl2,원소,1,70.58,5.0,18.31,138.67,1.85,2.99
Sn3LiCsRu3,고온,4,62.35,3.0,8.27,4.91,4.33,41.67
F2Ho3,화합물,2,103.3,3.0,5.22,23.88,4.46,9.83
Eu3As2,수소화물,2,24.51,5.8,5.07,24.22,6.01,205.85
W4C2Bi,합금,3,131.56,2.8,2.12,104.24,8.22,1.98
VEu2Ga2MnAuGe2,고온,6,94.86,1.6,6.33,12.03,8.65,111.78
AlIrLa2Y,화합물,4,127.63,2.8,5.41,39.36,3.39,16.01
Mn2UTiTm4Ru2,고온,5,106.63,1.9,7.75,2.62,4.18,68.19
N4Sc3TbCe2YbV,고온,6,111.44,2.8,7.97,5.42,7.58,65.01
AsTmErAgSr2,고온,5,84.51,2.8,5.13,8.84,6.95,159.33
ZnGeN2,화합물,3,159.04,4.6,8.87,20.75,13.88,4.21
Sc2Te4Si2As2K3Ba,고온,6,51.96,4.0,4.29,14.27,12.6,140.81
RhTi,합금,2,74.64,5.6,4.53,20.84,13.32,8.22
WIrY,합금,3,52.12,4.8,5.05,145.34,7.15,7.26
Ag3Y2,화합물,2,75.18,1.9,9.69,32.18,8.39,4.07
ZrGe4CsTi,고온,4,62.81,1.9,6.33,5.5,2.71,90.22
AuLu3EuY,화합물,4,124.46,4.4,10.71,14.19,0.99,9.98
Nd4Cd2PrScIrBe2,고온,6,54.68,1.7,8.33,10.42,13.1,74.74
MgRu2Y3Ho2,화합물,4,148.3,4.5,10.46,14.99,1.8,11.43
Nb3Os,합금,2,110.08,5.2,13.11,6.88,8.97,0.91
Bi2Ti2Fe3BeSm,고온,5,82.73,4.1,3.57,11.36,5.82,32.8
H,원소,1,173.76,5.0,8.07,202.03,9.16,14.08
Be3GdTh3P4Pd3,고온,5,133.88,2.3,8.21,10.14,8.34,90.37
CrAu2,화합물,2,106.39,5.4,11.78,30.3,4.74,17.69
AgZr,화합물,2,58.74,3.8,3.17,19.42,8.48,3.91
NbLu2Pr2,화합물,3,109.09,4.6,5.69,30.18,11.4,9.65
Ag2Al2,합금,2,27.97,2.4,2.76,52.29,5.94,7.0
Si2Co2ScDy3,화합물,4,48.09,4.1,7.46,17.43,14.09,12.41
SePd2,합금,2,177.61,3.0,6.33,97.84,8.13,4.77
O2In4,합금,2,115.62,3.5,5.52,54.11,13.51,5.65
OC2,합금,2,74.78,5.2,2.58,76.08,14.09,21.17
O4Tb2Se2,화합물,3,129.34,2.7,13.16,12.87,4.77,2.53
U3FeAl3Ir4N3Gd3,고온,6,69.4,1.9,8.47,6.55,14.27,121.92
TiIr2Si,화합물,3,29.21,2.8,8.88,34.32,3.26,1.51
CNd2F3Re2Ho2,고온,5,119.97,4.2,3.13,11.51,4.69,42.88
EuAs2Er2Fe4,화합물,4,112.6,5.2,3.86,40.44,14.6,11.62
Ba2Sm2ZrRb,화합물,4,47.31,5.6,5.13,30.91,9.24,7.4
SW2Ta3,화합물,3,145.84,3.1,13.77,28.96,1.4,14.96
Lu3Bi2,화합물,2,91.18,5.0,4.03,13.44,2.62,14.12
Au2Co3Sn2,화합물,3,156.77,3.6,6.36,47.79,1.61,2.69
Sm,원소,1,65.73,5.0,1.3,247.06,0.96,1.19
O2Re3Li3PrFHg,고온,6,124.43,4.1,3.68,12.59,12.55,101.04
VDy2Cd2Er2Lu,고온,5,44.77,1.9,4.42,4.62,10.8,70.5
Fe4Ge4,합금,2,133.07,2.4,3.81,147.87,3.82,1.72
As3Th3MgSnK,고온,5,139.2,5.5,7.77,3.01,0.2,58.97
Sc,원소,1,97.69,2.0,9.43,180.03,7.72,5.97
Cr2Dy2Nd,합금,3,147.93,2.7,11.77,112.13,7.66,3.77
Gd2,원소,1,99.67,3.0,17.67,354.0,0.83,4.34
SmC3Se3Lu,고온,4,121.01,3.9,3.75,2.88,11.3,133.7
FeHo2Nb4TaY2Re,고온,6,32.33,3.7,3.36,7.14,1.74,105.72
Sb3As2V4Pt2,고온,4,94.83,4.1,5.62,3.15,6.23,42.88
Gd2,원소,1,153.62,5.0,1.63,272.97,5.4,4.28
MoBi2BOs2,화합물,4,88.28,5.5,6.99,30.67,10.54,11.58
W2CdRe4Na,화합물,4,158.29,2.1,8.61,5.67,0.14,6.94
H2CaFe,합금,3,106.17,5.4,8.45,95.25,5.84,10.88
GdPd4Er4C,화합물,4,118.77,5.7,3.15,37.07,4.06,11.7
CdIn4Eu,합금,3,107.83,4.3,4.21,20.77,6.65,4.45
Al3Th3,합금,2,126.41,4.6,4.11,83.72,13.47,5.77
FeNbRu,화합물,3,132.43,5.5,11.74,11.22,12.34,7.09
FeB3Sr,화합물,3,26.95,5.1,10.49,0.62,0.51,8.69
YbPY2,합금,3,80.33,5.4,10.29,135.55,12.78,7.94
Zr3AuAs2,합금,3,92.72,5.9,11.03,79.28,7.92,12.81
K3W3,합금,2,122.27,1.9,9.8,71.63,10.76,2.01
SnPt3,합금,2,48.39,2.9,14.29,7.23,10.76,0.0
Ga3La3,합금,2,95.2,4.9,12.73,83.53,12.2,4.33
Cd3ScB3,화합물,3,10.28,2.4,2.3,22.12,14.8,8.39
N3Pd4Ta2,화합물,3,94.4,2.3,1.74,37.3,14.73,4.93
RbLi3Cr3,화합물,3,152.03,5.4,12.07,6.6,12.66,2.0
Ag2Nb3Fe3Ru3,고온,4,84.4,4.6,3.33,14.03,3.38,147.9
Sr2As3Os2,화합물,3,104.15,3.1,9.04,13.52,5.82,4.52
N4Au,합금,2,120.85,3.5,7.77,17.37,1.25,14.21
Sn,원소,1,126.68,4.0,15.43,236.67,9.06,9.96
CaPrTa3H,고온,4,107.02,5.6,3.08,14.54,13.21,64.76
Hf,원소,1,151.65,3.0,19.11,135.66,7.76,0.0
ErNd2H4,합금,3,124.12,4.8,11.19,51.74,12.82,4.99
Ba,원소,1,66.26,4.0,2.73,85.01,1.5,6.57
GeNi3,화합물,2,138.45,5.1,8.62,22.21,3.04,15.57
HGd3Rh4Ca,화합물,4,34.33,5.6,13.84,4.89,0.77,10.72
Sc2Dy2,수소화물,2,55.01,2.7,7.82,77.31,9.9,161.69
F3AgTa2Ga,고온,4,39.73,5.8,5.38,3.95,7.85,152.98
In2LiAg3,화합물,3,158.76,2.3,8.04,3.23,6.51,20.61
Yb2Cu2Os3La,화합물,4,159.56,1.7,9.61,47.94,5.14,11.55
La2Ti2AuGe,화합물,4,69.78,3.3,4.51,28.73,1.43,37.33
ScMg3,합금,2,152.21,2.3,5.07,40.66,9.59,3.49
Mg2B,합금,2,143.81,1.7,4.03,23.25,3.01,5.45
Cr3V4,합금,2,106.8,1.9,2.89,146.29,3.67,2.51
Si2F3,합금,2,148.82,3.6,11.22,27.1,12.31,1.24
Sc2Ca2,합금,2,149.77,2.3,3.69,51.78,3.22,0.0
PbCo3Pr2,화합물,3,135.97,3.5,11.5,41.63,5.34,7.6
SeZr3,수소화물,2,58.64,2.1,6.59,33.78,10.07,123.83
Hg3Ce3Er,화합물,3,112.56,2.2,11.0,41.0,5.47,15.23
Re2Cs3,수소화물,2,15.61,2.8,4.4,7.05,6.16,234.7
Re3C2La2,화합물,3,135.6,1.8,3.87,2.83,5.75,8.37
Ti2H3Ir4O2,화합물,4,36.58,2.0,8.42,21.34,4.92,3.09
N3BiLi3Th2,화합물,4,119.74,5.9,12.48,3.67,4.69,11.33
Sb2Zn,합금,2,74.37,1.7,10.98,8.21,11.97,1.78
HoNb2,합금,2,145.46,3.5,13.26,71.08,0.81,2.99
Nd2Mo4Sm3TiPt2,고온,5,128.97,5.6,6.19,2.37,5.87,132.31
TmP3B,수소화물,3,15.77,5.5,2.81,25.95,6.32,157.42
Si2,원소,1,226.62,3.0,9.12,353.25,4.43,3.95
SiMnBe,합금,3,160.06,1.9,12.66,114.28,3.34,6.39
YTl4Ru3,화합물,3,28.45,5.0,4.61,30.86,1.2,20.97
InGe2,합금,2,169.07,1.6,5.63,17.7,12.39,2.94
Ge2CrB4Sn2,화합물,4,54.32,5.2,7.8,18.67,1.06,6.43
CrPt3,합금,2,92.41,2.0,10.93,141.01,2.18,2.23
SeSn3Sm4,화합물,3,81.56,1.8,4.52,5.5,14.23,3.72
SnZn3In,합금,3,145.46,1.8,5.68,124.26,0.51,6.39
La2Sc3MgOs,화합물,4,145.93,1.6,2.22,22.46,12.02,13.46
TmTi,합금,2,53.42,3.4,8.31,89.91,1.41,12.65
Sc3NCo3Er,화합물,4,124.49,2.3,10.52,11.22,14.84,8.61
Ir2Mo4,수소화물,2,20.06,5.5,3.01,56.59,8.94,285.72
ErSmLa3Hg,화합물,4,87.91,5.1,9.38,47.99,2.74,24.76
Mn2Hf2SiC2VRu2,고온,6,66.42,3.0,8.23,8.6,14.97,166.11
Rh2Gd2Pt2Tl2,고온,4,88.69,3.8,4.32,2.83,0.93,108.39
U2Sr3Au2,수소화물,3,37.16,5.2,3.16,42.26,12.89,240.11
CsS2B4Cr3,고온,4,128.11,5.2,3.53,2.11,6.44,120.11
CPbRu,화합물,3,61.36,4.1,11.02,24.35,1.59,10.46
Cr3GeSmOs3C,고온,5,120.58,2.5,7.14,2.98,12.67,38.99
Se,원소,1,92.77,5.0,6.29,117.85,6.05,8.16
Mo3AlY,화합물,3,101.16,4.2,5.85,9.5,10.41,16.16
NO,수소화물,2,14.38,3.6,6.53,55.24,3.51,196.63
MoCaFeC3Ga2Nd,고온,6,129.6,1.6,7.71,8.07,4.29,35.99
SeH3,수소화물,2,39.49,4.2,2.49,12.42,5.72,186.01
PtPd2La3Au4,고온,4,119.76,4.2,3.92,7.87,11.26,117.31
Ba3Tm2Sn3AsRe2,고온,5,104.72,4.1,4.83,3.72,7.26,134.66
Hg3Pt4,화합물,2,97.68,2.7,9.31,33.85,0.48,2.85
MoVSe3Sc2N,고온,5,88.3,3.2,4.94,5.43,0.47,58.07
Co3MnGd,화합물,3,62.21,1.8,5.31,7.03,9.93,3.75
Gd4Ga2Lu2Nb3Ti2,고온,5,71.55,3.3,4.87,1.7,14.35,129.72
Gd2Ir2Zn2CdS3,고온,5,124.28,1.5,6.85,7.16,13.77,125.7
Mg4GdPrEu3Ce2Au3,고온,6,47.48,3.3,6.04,3.75,6.27,61.88
TaBe3,화합물,2,18.01,4.5,8.47,16.51,14.63,19.86
Gd3Sn2,화합물,2,15.56,3.8,6.29,25.81,12.71,23.64
P2,원소,1,156.18,4.0,5.22,63.43,6.22,0.99
S2Cd3O2Os,고온,4,96.77,1.8,3.5,3.77,6.32,133.63
ReF2,화합물,2,131.31,1.9,9.11,27.16,1.74,15.75
AlB2,화합물,2,146.49,4.0,5.65,26.24,0.47,4.92
N2Bi,합금,2,75.46,3.3,5.43,17.52,3.56,3.96
B2Sm4Co3Th3PbPt3,고온,6,117.58,2.6,5.6,13.44,3.76,161.88
Ho3O4Ge3U2Ir4Ru2,고온,6,45.98,2.5,8.69,10.78,5.78,82.92
NF2TiPd4K,고온,5,106.18,3.6,5.94,11.0,1.66,153.69
Pd4Eu4Mo,화합물,3,103.2,3.1,7.29,18.02,12.29,4.72
V4InDy4Na3,화합물,4,24.18,3.4,5.77,16.39,12.91,18.96
U3Mg3,화합물,2,137.99,4.0,10.78,32.65,6.08,5.2
Ir2,원소,1,70.58,3.0,16.57,250.54,5.09,2.19
Be3Ir3Ta2CdCa2,고온,5,55.05,3.1,5.57,1.88,2.92,108.84
Gd2Eu2Nd3,합금,3,89.23,4.1,5.32,101.43,8.86,10.26
AsTm3Mn2,화합물,3,25.26,6.0,9.73,48.35,3.12,6.61
Cr4HEr2B3,화합물,4,75.16,5.8,1.58,43.83,8.14,5.98
Li3NbReS2,화합물,4,61.09,3.6,12.23,20.19,8.57,5.01
AlYEr2IrYbLi,고온,6,34.4,6.0,4.39,5.81,5.22,118.77
Al2,원소,1,87.23,4.0,21.98,51.5,7.26,5.1
YPbGeFe2,고온,4,72.34,3.5,6.24,7.13,8.45,120.96
Ti,원소,1,40.89,3.0,19.08,133.29,8.26,2.99
H3,원소,1,165.29,5.0,18.48,129.53,3.22,5.11
Ti2Ca,화합물,2,73.31,4.0,1.96,6.23,7.2,20.53
Sc3,원소,1,224.78,1.0,6.86,243.91,6.87,0.0
Sc2TeSNbAu,고온,5,80.17,4.2,5.4,3.59,6.22,146.18
V2Pb,화합물,2,145.29,3.4,5.85,4.07,2.25,6.98
Cu2,원소,1,145.76,1.0,1.73,108.73,1.74,5.38
Yb3,원소,1,150.0,3.0,17.43,292.8,8.89,4.73
HZnLiP3,화합물,4,145.97,5.5,7.2,46.33,2.11,4.84
Sm2Ru3TiIn,고온,4,123.49,5.5,5.52,12.5,12.09,117.44
U4H4OY,화합물,4,143.51,5.9,7.02,20.33,3.76,5.16
Zr2Y3Se3W2,화합물,4,21.61,2.5,1.7,2.48,5.71,16.05
P2Y3ScSbHg4,고온,5,123.25,5.4,6.45,4.99,12.72,141.88
IrY2,화합물,2,141.75,4.0,3.59,15.56,10.46,2.67
Mn3Ga3,합금,2,80.34,3.6,13.09,43.78,1.37,8.03
Mn2Se2Te2,화합물,3,78.7,4.5,11.11,35.22,0.24,19.03
TeCr,화합물,2,126.34,3.0,13.98,32.26,1.08,6.53
UAu4FYbO,고온,5,127.68,5.0,7.61,6.55,3.07,36.28
Tm4Bi2Cd2,화합물,3,123.73,3.9,9.62,7.01,11.78,9.75
Fe3Eu,수소화물,2,31.04,5.3,6.15,25.44,11.45,289.7
Ba2Tb4,합금,2,103.93,5.5,5.53,81.02,2.46,22.3
Ti2Co3,수소화물,2,35.4,2.1,1.1,52.13,10.72,108.63
SbCeAs3B,화합물,4,111.6,4.9,4.26,4.86,0.92,6.68
U2Te3S,화합물,3,16.8,5.0,7.88,20.63,5.64,6.64
PYb2,합금,2,130.49,4.9,2.47,137.37,4.12,17.06
LiF2,화합물,2,158.99,1.6,10.18,28.37,0.21,0.0
P2ReFV3Hg2Ce2,고온,6,52.94,5.4,7.14,11.23,13.87,106.86
Sc2H4,화합물,2,143.8,1.8,6.48,16.8,0.29,21.22
Mn,원소,1,128.52,2.0,15.05,95.49,0.67,10.07
TmMo3Tb2Os,화합물,4,51.89,4.3,8.97,49.04,7.33,12.78
BeSSb2,합금,3,68.03,2.7,11.58,50.82,2.68,2.02
C2In,수소화물,2,24.39,3.0,5.45,29.51,10.2,289.2
UAu3PHo2Se2Na,고온,6,76.85,5.1,5.07,4.86,0.68,115.38
Pb2,원소,1,61.38,2.0,18.45,165.54,5.33,3.97
PAs3Hf2BiCa2,고온,5,122.83,5.7,6.64,4.34,11.78,43.29
HInTeIrPCs,고온,6,136.15,5.9,7.75,2.42,14.76,110.47
HoIn2Cu2,화합물,3,47.24,5.9,1.75,38.76,8.59,15.21
Tl2NBi,화합물,3,26.93,6.0,7.37,46.08,1.51,8.48
Yb4SY,화합물,3,116.24,5.0,10.62,39.7,4.89,13.4
Mo4Eu4Pb,화합물,3,94.21,5.0,11.83,14.99,5.75,14.0
HoTi,화합물,2,111.72,4.3,6.82,5.59,1.39,3.66
As2CoTb4,화합물,3,30.55,5.4,8.41,12.08,8.24,16.5
Sb4O3FeMg,화합물,4,28.36,4.6,4.15,27.21,7.33,12.43
Re3Cu2,합금,2,70.82,3.9,15.46,34.82,8.85,0.0
SeRh2CdRb,고온,4,125.76,2.1,6.25,9.37,8.43,132.78
Pr3P4Sb,화합물,3,48.95,4.4,12.83,22.08,14.0,7.12
Ga2Au,화합물,2,100.76,4.5,2.78,24.17,9.19,13.24
CuAl2UCa4CeSr,고온,6,35.28,2.3,5.33,5.64,9.63,70.55
H3In3B,화합물,3,69.36,1.9,6.39,10.82,1.15,7.66
C4Ti2K,화합물,3,14.25,5.0,3.56,26.08,14.06,19.94
P3Nd2,수소화물,2,50.37,2.8,3.87,29.84,3.91,219.42
ZrIn2Te2S3,고온,4,76.14,1.7,6.27,3.96,3.47,88.48
HgTl3,합금,2,41.89,2.3,6.47,55.23,8.87,0.41
YbCa2Cr2Co,화합물,4,64.25,2.9,2.89,38.43,4.66,19.37
TiYZr2,수소화물,3,4.07,2.2,5.34,74.09,14.94,139.05
Cd3Al2Ni2,화합물,3,51.31,3.3,10.62,41.99,2.64,32.02
Mo2U3Os3Sb,화합물,4,63.23,3.4,12.23,38.04,4.63,15.57
O2Ru,합금,2,37.02,1.9,7.91,120.43,6.13,2.92
PrY,합금,2,162.77,5.5,13.16,42.15,4.77,4.35
HAsV3Mg3,고온,4,94.61,2.3,3.43,12.39,1.93,53.23
Tl2As3Ge2HoN2Cd,고온,6,80.84,1.7,4.95,12.2,5.96,73.23
Nd3Re2Ni2,수소화물,3,27.58,1.7,5.89,5.76,10.79,176.85
Te4PCoCu,고온,4,30.17,2.4,3.13,3.92,11.34,83.78
Rh3Hf3Hg3,합금,3,31.07,5.6,6.9,32.07,11.53,11.76
Cd2,원소,1,207.83,3.0,21.69,156.5,2.08,1.17
GdAs,수소화물,2,6.94,5.1,2.23,24.85,5.57,220.27
Tm3ReSm4,화합물,3,62.87,4.6,8.85,47.63,6.32,17.06
N2Ta,화합물,2,94.31,4.0,2.67,34.38,3.98,9.21
FIn3Os2C,고온,4,100.27,6.0,6.07,3.46,11.87,120.79
Dy2Ir3Be2Cu,화합물,4,98.14,1.6,9.43,45.21,4.84,15.96
Mo4Nb2,합금,2,135.53,5.5,7.73,128.53,14.4,14.06
Co2S4Fe2SrMn3Hf,고온,6,65.6,5.8,8.33,5.69,1.14,118.35
P3U,수소화물,2,47.96,3.6,7.35,49.04,8.75,204.37
AgTb3,합금,2,140.74,2.9,15.02,48.12,2.38,6.84
ThScDy4Ru3Ho2Ca2,고온,6,96.31,1.6,4.39,13.75,11.57,66.97
Pr2In3Gd,화합물,3,79.4,2.7,1.58,26.72,5.34,6.37
Re2Tm2,화합물,2,69.93,4.9,4.81,4.83,8.83,10.09
Rb2Ba2B2Te3,고온,4,125.44,5.1,4.32,13.71,9.07,141.45
VDy3Cr3,수소화물,3,46.25,4.7,4.0,19.66,2.59,136.19
Tm3OsZn2,합금,3,21.0,5.9,10.97,46.5,11.0,5.27
W3F3Sc3,합금,3,172.49,2.9,3.95,85.29,12.56,8.32
Li3Mo3,합금,2,174.13,1.6,5.87,95.17,0.9,1.23
ScSb,화합물,2,74.9,3.9,12.93,26.14,13.93,71.68
Rb3,원소,1,55.15,5.0,6.16,88.23,7.06,6.19
Lu3Au3Yb2,화합물,3,41.47,4.2,2.69,20.98,2.87,9.51
Ni,원소,1,226.14,4.0,9.24,121.57,7.6,1.23
Ge2HfLu4,화합물,3,28.67,5.4,12.74,31.77,14.95,8.93
Nb2,원소,1,209.96,2.0,11.92,145.96,4.79,0.56
Tb3SbH2Sn2Lu2Th,고온,6,133.06,5.7,4.33,2.51,6.01,110.79
Ba3Nb2,합금,2,81.54,3.7,12.67,127.67,8.4,2.71
W3LaEr4Na2,화합물,4,142.72,2.0,9.17,6.2,3.08,0.43
CrBa2OH2,고온,4,61.32,5.2,5.84,12.82,14.47,76.76
Sn3Mg3TmGe2,고온,4,54.68,4.3,5.79,1.65,5.8,38.25
Gd3Sc2,합금,2,102.64,2.3,13.27,58.07,9.61,6.26
Pb,원소,1,212.32,1.0,19.21,26.86,3.43,0.0
CuSYb4Sr,화합물,4,56.7,2.2,3.31,40.23,11.15,3.78
Sb3YbC,화합물,3,132.92,3.4,11.83,17.89,0.17,4.95
In2Ca4Cd3Hg2Na2,고온,5,83.86,5.7,4.76,5.59,1.59,136.66
Ti3Se2N3Os,화합물,4,46.18,3.6,9.73,17.36,5.33,23.91
SSr,화합물,2,138.79,1.7,4.05,34.01,5.81,1.91
Ru3SbSm3,화합물,3,93.63,6.0,10.42,21.2,14.39,4.09
O2Cd2Hg3AsBi2,고온,5,67.19,3.9,6.79,3.62,1.27,73.31
C4F4BeNi2Nb2,고온,5,66.39,4.8,7.73,7.66,13.57,108.17
Se,원소,1,146.53,3.0,21.99,240.83,1.0,0.0
Rh4Pr,화합물,2,100.86,3.3,13.1,10.68,8.38,5.24
Ru2,원소,1,133.4,4.0,3.73,396.38,9.67,11.05
Yb2Pr,화합물,2,121.27,2.5,10.65,47.42,6.16,15.48
Eu2CrHgK4Sr3Te2,고온,6,63.56,4.8,8.4,3.7,3.81,46.58
TbV2OsHg3,화합물,4,77.62,1.9,10.46,29.73,7.27,0.73
Mn2RbSrNCsGe,고온,6,136.3,2.5,3.17,9.37,3.05,67.66
Nd2FTb,화합물,3,29.39,4.5,4.6,43.17,11.81,5.45
GaNd2U2Er2Co3,고온,5,138.46,4.7,4.04,12.54,13.82,115.29
Rb4Sn2Tm3GaAlNa3,고온,6,69.02,1.7,6.58,8.61,5.84,51.62
Na4Mo,합금,2,47.79,3.6,14.94,69.84,7.88,10.35
AuCdK3,합금,3,55.98,5.5,6.87,11.63,12.93,10.63
TiIr2,화합물,2,69.95,2.9,12.24,22.72,0.71,7.82
MoTlEu,합금,3,132.43,4.5,8.87,10.98,4.16,1.74
La2Pt3Se2,화합물,3,146.87,2.4,5.65,48.97,0.13,0.94
Ni3Mg4Sn2La,화합물,4,120.95,4.3,9.62,10.12,13.61,10.0
Ge2BiC2,수소화물,3,1.44,1.7,6.21,55.22,7.94,235.1
InCs2,화합물,2,138.07,5.5,9.57,27.38,13.49,12.36
SrRbCTh2,고온,4,62.13,4.4,6.2,11.13,5.29,148.4
La2CoTiSr2Gd3Au2,고온,6,119.05,3.9,5.42,3.92,9.11,88.46
U2CoSGa3NdSe3,고온,6,85.26,4.0,6.68,9.18,5.12,73.82
As2AlSr3,합금,3,120.61,4.6,10.07,115.19,9.44,13.38
H3OsRe3,화합물,3,49.64,3.1,10.21,13.46,7.37,8.88
Tl2Cr2,화합물,2,76.85,3.3,9.72,33.98,12.86,12.72
TaLa,화합물,2,45.8,3.7,13.67,17.17,11.84,4.37
GeY2TeCa3,화합물,4,98.49,5.5,5.49,18.09,9.36,3.89
Ba3Pt2Ta3Nb2BeAs2,고온,6,57.78,2.1,7.9,8.89,14.0,132.74
Au2BaHf,화합물,3,106.06,3.1,2.39,15.72,10.48,4.52
Tm2LiRe2,화합물,3,118.51,4.2,3.88,49.74,10.12,35.05
La4V3,수소화물,2,56.99,1.7,4.07,62.54,8.9,201.97
Si2,원소,1,75.69,5.0,20.04,200.72,1.15,1.86
Mo2Tm2GaY4,화합물,4,139.53,3.9,10.53,17.73,11.72,40.16
SF2Fe3Pb3,고온,4,87.04,4.2,4.18,7.25,2.33,157.3
Ag3Pr2Ge2,합금,3,161.76,2.0,12.55,133.19,4.36,0.0
Ba4Ca2Hf,화합물,3,151.37,3.0,3.15,19.73,7.14,4.99
N2AgLu,합금,3,99.07,2.4,2.66,118.3,2.86,4.74
Ce3SbScTePr3,고온,5,69.24,3.7,5.29,8.51,8.4,37.37
PdPt2Mg,화합물,3,24.34,2.5,4.19,22.43,8.97,10.47
Y2Pd2Rh2,화합물,3,144.2,3.6,12.12,11.78,1.34,12.93
EuSb4,화합물,2,36.8,5.6,9.97,25.63,5.52,13.75
ZrNd2,합금,2,92.96,4.8,11.35,128.5,10.57,8.13
CNd2,화합물,2,85.8,4.4,10.69,1.95,7.2,14.85
Eu2K,화합물,2,85.87,5.5,11.93,33.17,13.79,15.07
CsF,화합물,2,105.75,2.1,6.31,20.57,10.6,14.64
Sn3Eu3,화합물,2,44.26,3.5,1.72,26.49,14.7,13.8
PrTb4,화합물,2,59.61,5.8,12.85,19.3,0.74,16.92
Sn3Sc,화합물,2,62.62,4.4,8.68,45.77,0.2,10.24
N2Ce4C,화합물,3,52.22,1.9,13.91,4.26,3.43,15.3
NaNb3Fe,화합물,3,159.01,3.9,6.38,44.76,4.63,3.35
TaLu4Se2,합금,3,106.4,2.3,9.67,62.71,8.04,5.68
RhEr4Cu2SePb,고온,5,78.31,1.5,8.72,2.64,3.1,61.0
AlPtSnEu,고온,4,89.76,5.0,8.19,14.66,1.23,77.97
Ho2UPb2,합금,3,107.22,4.1,4.45,13.07,12.27,6.31
Mn2H2Rh3N,화합물,4,19.78,4.1,3.2,32.62,14.75,4.46
CdGa2Si,화합물,3,37.62,2.6,13.94,11.94,3.98,19.4
NiTh,화합물,2,157.31,2.2,10.47,13.29,8.06,4.0
Ag2NLaTh4,화합물,4,73.54,2.6,13.3,26.13,2.39,16.01
F,원소,1,218.09,2.0,0.82,270.11,8.32,3.9
CuGaOs2Ru2,화합물,4,93.65,2.8,6.69,36.72,2.07,7.06
Cs4,원소,1,115.79,4.0,18.9,353.3,5.4,5.48
Ag2Y2Sc,화합물,3,143.6,4.3,11.43,28.8,4.62,25.71
FeGa4Sb3Pb2Hf3,고온,5,129.6,4.9,3.84,10.03,5.29,159.44
MoP,화합물,2,95.37,6.0,12.66,32.41,6.12,11.15
Cs3Er,합금,2,144.11,4.7,10.52,25.1,10.55,4.77
BeV,수소화물,2,51.64,4.8,4.68,42.67,1.71,121.58
As3ZrTmSr4Sc3Rb2,고온,6,45.62,3.5,4.44,8.25,9.24,49.84
Au3Ge2EuMg4,고온,4,103.42,2.1,6.09,1.98,11.64,77.58
GeSi,화합물,2,37.55,3.8,12.24,2.1,4.08,5.42
HAs2,합금,2,157.28,3.0,10.97,81.41,7.01,8.8
H3In2NiCs2O2Zr3,고온,6,77.42,4.6,7.27,1.87,9.01,85.9
NbCsRe4,화합물,3,66.8,2.2,2.76,4.29,4.65,14.75
GaAuHg3UOs4Al,고온,6,43.81,1.7,6.62,13.42,7.28,27.79
In2Sr4Ca2Rb,화합물,4,25.56,5.2,5.64,14.59,14.78,3.72
Sb2Dy2Nd2,화합물,3,33.82,3.1,3.03,38.03,1.62,6.26
BiB,수소화물,2,15.1,4.7,2.05,50.42,3.09,106.95
ZrAsSbPt,화합물,4,26.41,2.5,12.28,30.21,3.44,3.7
Mo2Th,합금,2,66.05,3.0,12.4,42.9,7.32,6.42
Cu2AsFe,합금,3,114.48,5.0,13.46,126.92,9.38,8.9
CeNb3Sr2Ho,화합물,4,87.31,4.6,1.89,15.29,10.58,10.56
Zr2,원소,1,184.41,5.0,7.39,236.86,2.31,15.12
H4P,화합물,2,102.71,2.9,3.28,27.44,13.07,3.19
Cr2Re2Hg4,화합물,3,25.24,2.5,4.97,23.65,14.79,21.63
SnZn3Sm3Ge4ZrP2,고온,6,119.16,5.7,7.9,3.84,7.79,45.39
TeSe2ZrY3,화합물,4,144.33,3.2,6.69,11.98,2.26,7.46
Tb4Ca2Te2,수소화물,3,21.16,3.3,7.41,74.82,1.76,118.26
B2Zr3,합금,2,101.31,2.8,6.7,115.21,11.42,8.44
Zr3Y3Be,화합물,3,41.01,3.2,6.79,12.41,6.42,7.21
Er2Ir2Sm,합금,3,131.42,4.4,6.68,115.3,11.4,7.4
NaBa3Ti3Cd2,고온,4,85.42,3.1,6.53,2.93,8.89,105.23
Rh4F2Eu2,수소화물,3,8.03,2.5,7.13,58.91,8.16,268.4
ErSiCa4SeO2,고온,5,121.11,4.3,6.61,10.31,5.54,114.57
In2MgN,화합물,3,97.55,4.1,3.31,27.02,9.58,19.46
Si2P3Nb,화합물,3,89.29,5.3,10.41,44.33,6.93,11.12
Re2Cr2H2As4Pt,고온,5,104.09,2.3,8.26,2.38,7.11,115.38
CeDyHP,고온,4,39.17,4.2,8.58,9.28,5.49,80.03
VThSc,수소화물,3,37.01,4.2,6.01,72.03,11.41,155.37
Os2F,화합물,2,116.88,1.7,8.14,4.07,13.84,8.31
Ga3Co4,수소화물,2,56.12,3.8,4.15,59.14,4.43,238.2
Tb2RhU4,합금,3,142.01,3.1,8.09,59.42,9.2,0.23
Be3CaH3,합금,3,59.41,4.1,8.05,30.67,10.07,17.19
La4Si2,합금,2,176.13,2.2,12.2,102.91,1.59,1.69
SmTaS2,합금,3,165.85,5.3,9.7,68.76,7.7,10.98
BiCa2Pd2B3Tl,고온,5,124.82,4.1,6.18,3.65,5.02,116.24
Nd2Er2SnYb2F2,고온,5,39.52,4.3,4.2,4.43,1.84,157.62
Cs2Mn3SbHoCr3As4,고온,6,129.85,4.5,5.66,10.23,4.41,135.96
CaPt2,화합물,2,47.59,3.4,13.29,48.32,5.67,7.08
Ir4Ba3Lu3,화합물,3,38.59,3.5,2.54,18.13,13.67,6.48
NdBa3CoGd2,화합물,4,120.92,3.3,13.17,13.96,5.59,5.39
Ho4Se3Ce,화합물,3,142.54,2.8,11.01,48.06,1.55,4.27
TbPd3F3BTl,고온,5,124.11,2.1,8.72,10.84,14.71,88.8
Tb2Pr,화합물,2,88.08,2.6,2.25,3.82,0.78,1.71
Bi2Ru2USe2,화합물,4,76.87,3.1,12.83,13.39,11.1,12.15
Ba2Si4Al3Hg3,화합물,4,100.39,5.5,9.24,20.11,5.62,7.36
TeYMnSr,고온,4,139.87,3.6,5.81,13.35,11.49,108.68
Au3W2C3,합금,3,98.11,5.1,13.16,70.9,8.38,7.9
V2TmC,화합물,3,87.73,3.2,12.42,3.75,10.22,5.77
Te3Ga3V3SbZrW,고온,6,111.69,2.8,8.83,10.04,7.58,34.37
HfOs3Ba,화합물,3,30.48,3.6,7.27,23.04,7.07,32.98
YbReRh2Au3Pb3U3,고온,6,52.62,3.8,5.12,12.84,2.66,124.07
BaNbBiIn,화합물,4,78.5,3.3,2.2,42.88,7.74,3.06
RhV3Pt3Mn2,화합물,4,88.49,2.0,8.26,13.74,13.32,0.0
NdTe3As4C4,고온,4,77.39,2.8,4.2,2.29,7.47,79.92
GaSrRe2,화합물,3,131.18,5.6,10.06,8.55,6.27,8.15
Se3NbSb4,화합물,3,51.51,1.6,6.22,8.39,4.5,3.28
LaPd2,화합물,2,109.31,3.1,6.33,47.34,5.69,2.22
H2V3,합금,2,95.96,5.0,14.24,54.36,11.72,25.74
LiRuCu,화합물,3,112.46,2.0,6.37,37.6,4.5,2.97
Ni4C2Be,합금,3,127.32,2.6,14.6,125.6,14.87,4.3
Re3CuCeEu4Os2Fe4,고온,6,125.33,4.8,8.15,1.27,13.22,32.66
AuNd2LiPHg3Sb,고온,6,103.1,2.9,8.22,12.45,14.17,167.67
ErNd4,합금,2,134.66,4.5,10.16,119.77,1.68,6.31
Ho4NNb3,화합물,3,44.04,4.2,5.39,36.64,6.51,9.43
Nd2Cs2NBi2,화합물,4,55.95,4.8,3.25,30.34,3.28,13.39
CdLi3,합금,2,72.56,3.3,6.7,71.92,0.52,1.29
O2Sc2Na,합금,3,86.56,2.5,13.52,29.1,9.33,14.46
Rh2Ca3,화합물,2,56.28,4.0,5.58,41.52,11.22,11.3
Y2OsLa2,화합물,3,66.3,5.0,5.87,10.89,0.72,3.01
Th4Er4Y2,화합물,3,49.42,4.0,2.99,3.08,10.93,13.98
ErO2Ca,화합물,3,87.78,2.8,1.64,24.86,11.67,3.8
TmTeTl2Th2Ir2,고온,5,40.51,4.4,4.4,4.46,10.63,143.14
Yb2W2Ga2O3Hf2,고온,5,52.97,6.0,7.15,9.87,6.13,39.51
AsSbCa4Cr,화합물,4,114.24,4.6,7.04,40.92,13.51,33.28
Pr2Dy3Hg2Cr,고온,4,55.91,2.7,5.52,9.44,2.86,152.11
BiC3,화합물,2,60.23,4.7,2.75,10.37,0.28,8.93
Pb3Na2BaCu2Tb,고온,5,39.61,5.4,4.28,4.28,0.21,164.82
Sb2W,화합물,2,99.54,1.5,2.99,8.99,1.76,1.84
ThZnWRh2,고온,4,91.71,4.3,4.1,2.58,4.43,66.98
NAs2,화합물,2,110.57,2.1,10.97,35.45,5.03,9.43
PtBeHf2,합금,3,101.13,4.0,10.7,139.03,3.79,8.59
Ge4PdNi3Pr3,화합물,4,71.46,5.7,3.36,46.3,0.43,17.45
WTl3,화합물,2,56.17,4.5,7.03,43.78,1.67,20.56
LaCd2,화합물,2,88.82,5.0,4.09,41.17,10.16,23.81
EuTa2Al,화합물,3,52.58,4.6,11.61,9.46,4.4,5.82
NHg3EuW2,고온,4,80.53,2.9,6.71,12.23,1.66,65.39
VCaAg3Ga,화합물,4,127.74,1.8,9.08,18.42,6.45,10.75
Tb3La4Rb2,화합물,3,49.39,2.1,7.87,13.51,7.87,3.78
BPd2,합금,2,56.33,1.8,9.85,47.39,4.34,0.6
K2Zr3,수소화물,2,28.9,1.8,5.46,47.44,10.77,108.3
Mg3InCrW4,고온,4,82.14,5.8,7.72,10.15,3.64,54.75
ULa2PdK4Ce,고온,5,82.94,2.6,4.28,10.57,13.97,54.05
DyPr4Se2Th4,화합물,4,154.37,2.5,13.23,23.23,7.89,11.95
H2Zn2Ni2,화합물,3,53.13,4.7,5.03,3.41,4.02,8.2
Hf3Ge4Cs,합금,3,119.29,3.7,3.93,53.79,13.79,0.14
Ru4Co,화합물,2,31.95,4.6,6.62,27.2,0.75,17.67
WP,합금,2,90.78,3.8,12.47,45.91,12.33,9.48
Y2Rh2,화합물,2,39.34,1.9,1.53,10.62,10.48,5.81
EuHg,화합물,2,108.77,5.2,8.71,29.59,6.48,12.81
Ga4BaMo2Pt4,화합물,4,10.74,5.7,14.0,47.74,1.96,9.83
Cr3Hg,화합물,2,131.05,5.1,9.31,47.21,10.19,28.65
As2KThLi,고온,4,88.4,2.5,7.1,9.38,5.45,80.07
DyCs3Er,합금,3,65.23,3.6,2.93,53.64,7.67,1.27
TeTbBaZn2Fe4Ti,고온,6,118.38,3.2,8.63,8.74,5.35,131.59
Lu3K4,합금,2,156.7,3.5,4.18,121.81,0.23,3.87
Cd,원소,1,216.5,3.0,13.07,128.53,5.87,0.65
GdHg3,합금,2,158.44,2.0,3.06,97.04,1.75,18.14
Se2F3Tm2Ni4,고온,4,99.37,5.0,3.99,12.27,12.6,88.96
Nd3P4CuH,화합물,4,91.1,4.8,8.83,14.25,9.83,6.0
HgIn2Tb3Be2,고온,4,35.54,4.9,7.21,1.43,9.08,139.15
SiF4Li3,화합물,3,151.8,3.7,6.61,35.78,1.44,0.0
Nd3,원소,1,164.56,4.0,8.99,342.58,4.56,5.65
Tm2YDy2,화합물,3,133.69,1.6,11.02,33.53,7.88,28.68
InIr4Sc,합금,3,112.21,2.0,5.8,37.76,11.5,4.94
Sn3Fe2NIn2Ta3,고온,5,54.38,6.0,5.63,4.48,8.29,144.23
Y3Nb3,합금,2,44.73,2.3,12.48,85.33,8.34,20.9
Bi3Lu3Dy3Si4,화합물,4,56.34,4.0,2.24,20.07,3.91,2.24
ZrMoBiCd2Rb,고온,5,60.01,3.2,3.29,14.73,3.57,155.59
RbCs,수소화물,2,18.49,5.9,6.47,12.32,5.13,186.22
LiOs,화합물,2,34.96,3.4,6.03,20.77,4.67,7.84
CsSb2CeAu3Sm2,고온,5,111.72,6.0,3.15,5.63,14.34,136.43
Th2Y2Sm,합금,3,61.36,3.1,3.57,100.87,1.15,4.88
UNdTi2Cr3,고온,4,31.0,4.4,6.38,9.23,11.08,99.03
Pb2Be2,화합물,2,50.74,2.9,11.63,40.57,3.55,7.66
LuOs,합금,2,31.34,5.5,2.1,90.94,0.84,4.02
ULu2,화합물,2,92.48,2.5,11.17,11.47,7.49,14.73
GeEuEr4,합금,3,103.77,3.8,3.93,126.74,14.59,0.0
Na3Ce3Ir,화합물,3,113.95,4.4,11.66,13.15,1.56,11.81
SeMn,합금,2,36.32,1.5,3.73,30.94,11.23,0.0
Au2Rh2,화합물,2,132.16,5.5,11.55,29.3,10.92,10.48
InThLi2,수소화물,3,8.67,5.6,6.12,55.79,5.35,122.92
Ga,원소,1,112.8,5.0,17.42,127.45,9.37,5.56
RuMn3PbCd3,화합물,4,50.41,3.9,9.2,3.85,14.18,12.56
PbCd4O3Nd2,화합물,4,58.86,3.8,12.55,30.66,2.72,10.13
Ir2U3Cr3TiFe2,고온,5,69.41,3.0,4.99,6.99,0.79,121.35
Ba3Cr3,화합물,2,82.1,3.5,9.86,35.05,5.25,5.07
O4YEr4,화합물,3,49.23,3.8,8.76,2.1,2.43,41.9
Mg2Pb,화합물,2,108.52,5.5,8.26,31.33,8.96,19.51
Ga2As2Pd3,합금,3,90.05,1.9,2.22,140.46,11.51,5.38
Nd3,원소,1,18.85,1.0,6.85,58.81,9.53,1.62
Tl2Re4Cu3Mn,화합물,4,131.63,5.5,10.72,16.55,2.81,6.51
Os2,원소,1,130.6,4.0,17.84,56.17,6.14,2.83
U3Zn2Be2,화합물,3,111.52,5.7,8.74,40.79,13.96,12.8
Se3U3,화합물,2,147.33,3.7,9.78,5.05,14.13,13.45
SmTeCo2,화합물,3,140.37,4.5,9.25,31.55,13.42,28.29
Tl3Be3Eu4,합금,3,115.92,5.1,2.29,39.49,6.67,4.77
HfEu3MoOs2Nb2Zr3,고온,6,43.93,5.0,7.54,3.27,3.46,68.33
Ho2Cr2Te2Ga,고온,4,32.41,3.5,6.83,11.73,14.14,105.2
Er2Nb,합금,2,54.62,2.6,2.79,88.35,2.01,15.47
SeNbLi,화합물,3,67.64,3.2,5.34,3.67,7.54,7.67
Tl2Ge2,화합물,2,96.51,2.8,9.56,44.8,12.11,7.55
Hg3TbGd3,합금,3,56.07,2.0,6.24,35.6,1.3,2.6
La2Ca,화합물,2,144.1,1.8,9.41,31.74,13.87,6.03
Ho2S4Os3,합금,3,80.26,4.7,9.42,51.89,6.14,3.43
MoFeSi2W3Be3,고온,5,42.82,4.1,3.94,11.6,6.61,109.76
P3YbK2YOH4,고온,6,31.98,2.8,7.44,9.39,6.35,69.48
BAg3Ga2,화합물,3,25.34,5.2,3.04,22.41,11.56,13.89
LaReBi4Er,화합물,4,35.3,3.1,13.37,25.17,9.78,15.74
MnTa2Nd2CoCuNi3,고온,6,30.89,1.6,3.81,7.26,11.54,88.36
SeHf3Ga3Be2Yb3,고온,5,48.3,4.9,6.42,5.58,2.09,146.77
Te2Sm3,수소화물,2,13.52,3.2,6.15,9.72,9.11,194.23
Na2La2,합금,2,157.91,4.3,12.58,50.35,2.19,5.6
KCo3,합금,2,80.04,3.3,13.35,17.32,7.55,18.9
BiMnP2,화합물,3,125.86,2.9,8.13,10.53,1.18,15.64
Tb3Li3Al3Ti2,화합물,4,87.42,6.0,6.0,7.18,6.68,13.83
Pr,원소,1,200.64,3.0,18.49,279.24,4.44,1.65
Mn2,원소,1,154.7,3.0,16.64,238.36,1.65,4.78
BaLi4N3Tl,고온,4,114.0,2.8,3.27,13.31,5.18,82.4
InZrAuCrTe,고온,5,40.1,5.7,3.72,3.72,5.0,103.94
Cr2Pt2Tm3O4,화합물,4,40.03,2.9,1.75,29.94,8.54,61.88
AuIr2Rb3Te2,고온,4,122.15,5.8,7.82,2.48,11.63,79.32
CoPb3Nb3,화합물,3,90.82,5.6,5.41,18.9,0.14,8.72
Ga3NdTb2OsSr2,고온,5,101.08,2.8,4.96,13.95,11.23,109.81
B4TlSb3Rb,화합물,4,159.25,3.7,8.9,47.92,10.34,21.52
Sb2Al3Ce,합금,3,98.44,1.7,6.49,11.72,9.57,2.49
Ce2Pt,화합물,2,63.01,5.0,7.28,25.49,3.17,12.76
Fe3Re2Tb2,화합물,3,137.5,2.5,2.94,27.25,5.34,15.93
OsMg3Sr2,화합물,3,132.14,3.0,2.35,0.58,1.37,2.5
Cu4AgSi,합금,3,23.5,5.2,12.77,96.73,5.47,7.97
CeFe2As3,수소화물,3,15.86,4.3,7.26,21.85,14.58,104.38
AgNdEu,합금,3,67.78,1.9,15.26,120.9,10.67,1.93
Ti2SeEr2,합금,3,23.74,5.0,14.35,121.59,6.14,9.73
Ir2Ho2,화합물,2,15.03,5.1,10.83,46.58,7.62,22.29
Er3Ce2S,화합물,3,88.11,4.9,10.88,36.01,10.99,7.85
K2EuZr2,화합물,3,60.93,4.6,3.69,47.94,2.34,23.04
W3Dy2Na2O,고온,4,74.74,1.8,3.45,5.85,10.98,60.46
AlNaK3,화합물,3,90.37,3.8,5.6,34.72,11.5,29.83
Pd2Hf3Pt2,화합물,3,126.84,1.5,7.19,47.11,14.49,10.17
Ti3Ta2,화합물,2,113.05,5.0,1.62,23.58,14.69,16.14
B,원소,1,230.13,3.0,16.57,250.87,7.48,1.6
Eu2Rb4Se,화합물,3,82.23,5.7,1.89,3.51,4.5,8.34
Yb2Be4ScCrC3Ti2,고온,6,60.11,5.8,4.26,5.4,14.37,165.92
In2,원소,1,194.47,2.0,11.38,228.79,9.15,0.0
Li4Al,화합물,2,108.67,2.9,13.37,36.28,10.37,6.3
Na4Tm4La3Al2Cd4Pr2,고온,6,33.07,4.6,4.0,4.76,9.02,48.64
In2Nd2La2Ir,화합물,4,116.15,2.5,9.03,25.06,14.53,8.71
Hg2Zr4MnN,화합물,4,127.4,4.4,9.36,18.04,4.26,1.96
PtZr,수소화물,2,27.56,5.3,7.68,69.88,7.44,185.1
Li2Nd,합금,2,103.06,4.3,11.67,86.86,1.97,5.81
B,원소,1,66.34,3.0,15.27,115.38,4.86,8.36
H2ReTiGd4,고온,4,78.26,5.7,5.65,1.82,10.33,52.75
CEr2Sn2Ag2Sc4,고온,5,71.53,2.7,6.74,8.29,14.2,136.18
Hg2Ti2,화합물,2,59.85,6.0,5.12,0.71,7.72,24.03
GdTaZn4,화합물,3,28.84,5.1,13.86,45.59,11.35,12.73
Nb3HfRbCaLuGa4,고온,6,42.29,5.4,6.5,7.28,7.43,116.47
ThBBe2Nd2,고온,4,131.93,2.2,3.57,8.53,6.72,130.68
Tl4BiTm3,합금,3,51.71,5.9,10.52,111.43,1.98,9.16
Ga2,원소,1,97.92,3.0,6.14,354.67,9.76,0.0
Au3Si2AsTi2,화합물,4,151.48,2.4,8.93,47.18,9.66,9.25
Sm2NaAsNi4Ho4,고온,5,69.2,3.4,5.09,7.42,11.19,42.48
Sr2Zr3FDy2,고온,4,103.46,3.2,5.16,7.86,14.43,33.4
Ir3NbTb2,수소화물,3,6.96,5.2,4.53,26.47,4.61,269.11
Tb4Fe4IrTiSn3Yb2,고온,6,97.29,3.7,7.65,14.37,1.0,166.24
Co2F3,화합물,2,19.94,1.9,9.88,25.12,5.39,0.0
ZrRe,화합물,2,103.65,3.1,11.1,30.68,14.22,7.22
Bi2Au4Te3Mn2EuNi,고온,6,102.94,2.9,8.42,3.07,2.27,162.82
DyCd2La3Au2Se3,고온,5,36.93,2.2,3.28,10.67,3.67,140.62
Sc2Tm2Fe3,화합물,3,143.29,3.5,12.58,47.94,7.9,6.46
F3Dy4,합금,2,117.24,4.7,12.67,27.9,12.39,11.81
Mo3As2NbF2Hg3,고온,5,46.02,1.7,8.65,5.67,11.78,96.4
W3Sn3,화합물,2,31.97,5.1,11.25,23.34,2.02,13.22
NiSn2Cu3,화합물,3,90.23,2.9,5.28,31.65,11.18,5.04
Y2PbCsNi2,화합물,4,65.69,1.7,2.9,44.61,9.0,4.85
B3Ag2,화합물,2,43.61,4.4,2.19,41.94,12.94,14.73
Co2Mn3,합금,2,37.24,2.4,5.71,121.76,9.84,0.0
GdTlCd2Lu3,고온,4,115.2,5.7,3.21,4.78,12.59,155.66
Cu2Mg,화합물,2,44.02,2.4,8.61,9.62,1.65,2.69
MnSr3Th,합금,3,87.98,1.7,13.3,115.42,1.12,7.7
Se3Yb2Zr3,화합물,3,61.88,4.4,12.0,10.97,2.14,4.15
Cd3Tm2H2LiW2,고온,5,69.3,2.7,8.9,2.74,0.73,108.27
Zn2Ni,수소화물,2,40.37,4.4,4.11,24.33,13.81,202.73
RbCu2YV2Eu3Pb,고온,6,101.35,3.8,7.45,10.18,12.1,120.06
Ta2BiPd3Zn2Sc2,고온,5,63.29,1.8,8.78,1.86,13.57,44.43
SiHg2,합금,2,104.93,3.3,2.81,33.24,10.41,3.42
Si,원소,1,179.57,4.0,1.22,268.3,2.97,3.78
Os4Pr2Er3In,화합물,4,101.31,5.6,11.82,5.27,7.95,19.34
PrTlNaCs2,화합물,4,101.06,4.2,12.79,43.61,0.24,8.7
La3O3U2Sn,고온,4,30.02,3.6,7.79,12.01,1.7,67.97
ReYTb3Hf2,화합물,4,117.0,3.5,5.98,8.38,14.12,9.63
NaSc4,수소화물,2,30.65,5.5,3.43,34.72,0.41,275.35
ThSm4Sc,합금,3,38.26,5.1,14.97,90.73,11.86,13.8
Os3Mo2,화합물,2,22.87,4.2,10.39,4.79,1.2,18.98
Nd2Y3,화합물,2,79.92,3.5,5.06,7.02,12.51,1.43
Mg4Er2,합금,2,128.05,3.6,6.34,105.71,1.34,5.62
GdZr,화합물,2,158.7,5.2,8.6,35.84,8.51,12.25
Sb3Ca3Au,화합물,3,81.62,5.8,4.42,34.48,6.6,6.98
Pd2Ti3Dy2Be2,화합물,4,142.6,3.1,3.13,8.09,4.08,10.43
F3Sr2Mo2,화합물,3,41.88,2.8,3.78,39.36,9.22,3.38
F4,원소,1,105.49,5.0,8.35,238.55,4.55,6.88
K3Sc2Os3,화합물,3,67.28,3.1,9.89,32.64,8.35,8.05
La3Nd2Mo2W2,화합물,4,114.85,5.3,11.14,44.42,8.06,26.77
Si2,원소,1,168.7,5.0,17.55,214.62,2.16,1.87
Sb2Be2Re,화합물,3,68.81,3.3,13.84,41.77,8.91,11.54
Er3Cr2,합금,2,54.71,5.1,12.72,24.35,9.31,0.97
Cd2GaPd4Bi,화합물,4,21.17,5.2,2.51,8.55,14.09,8.74
Bi2Sb2,합금,2,68.55,3.7,13.23,6.48,8.54,0.0
NU3Pr2,화합물,3,130.72,1.7,7.13,3.87,14.69,0.78
Ga2Lu3,화합물,2,16.23,4.5,10.79,18.99,12.03,8.56
SAs2,화합물,2,123.28,2.8,5.11,5.31,13.18,3.75
Ce2EuSr2GdZnCu,고온,6,112.4,2.3,5.29,14.2,14.89,161.83
B3Na2,화합물,2,50.59,2.3,6.99,33.12,9.87,9.5
Sr2RuEu3,화합물,3,80.17,3.8,8.78,21.93,3.31,5.17
Pt2IrMg2Mo2,고온,4,74.07,1.7,6.86,1.83,3.77,26.25
Tb3Au4LaSm4,화합물,4,156.35,5.8,12.4,43.62,9.71,9.04
C2Ag3Th4Sc2,화합물,4,115.5,2.6,1.85,24.24,2.06,4.24
Pr2Gd4,화합물,2,71.94,3.0,11.84,15.43,8.31,23.48
Tm4Er3Th,화합물,3,150.13,4.2,13.09,22.15,13.52,15.95
YbCa2CsEu3Tb3,고온,5,111.87,3.8,3.68,9.38,0.85,107.14
B2Eu4,합금,2,125.18,3.7,15.25,128.56,14.06,4.11
Ce2RbOPr2,화합물,4,150.78,4.8,10.01,49.81,2.74,5.0
Rb2V2,합금,2,88.62,2.4,9.07,64.31,2.83,4.61
Ir2Mg2Pb3Nd2,화합물,4,119.23,3.0,8.89,45.59,11.24,10.49
La3Rh,합금,2,39.51,5.5,3.37,30.26,14.01,11.79
Pt2V2,화합물,2,103.65,2.4,7.78,35.69,10.99,5.79
PdNd2TaS,고온,4,99.46,4.3,8.52,14.11,6.12,161.8
FeSr4Ta2SiSn3Pr3,고온,6,95.48,3.8,3.44,9.81,13.73,32.56
LiSe2Zr,화합물,3,63.33,5.1,3.96,6.47,9.85,14.22
F3Na2,수소화물,2,20.82,5.0,1.97,12.28,13.59,217.9
SnHoNdLi2,화합물,4,126.22,3.1,2.41,5.29,9.38,6.76
PSn2Nd2Te3,화합물,4,70.24,3.3,13.52,7.31,5.27,1.28
Ni2SAs2Cr3Be2,고온,5,139.07,2.5,7.25,9.73,3.67,106.32
AsFPr,화합물,3,124.05,3.7,10.31,18.92,2.53,15.4
AsNNdSb3NbTe,고온,6,93.53,3.9,5.91,3.98,12.95,123.32
Nb4MnGe2,합금,3,178.51,4.8,11.77,114.46,4.84,8.86
DySi,화합물,2,11.1,2.2,4.96,18.87,10.23,12.7
Bi3RhGd3S2Ni,고온,5,121.93,3.4,8.3,7.38,10.55,91.43
ScLa,화합물,2,148.21,2.6,5.39,11.55,12.11,3.45
Ce2PrHg2,화합물,3,10.82,5.4,4.92,47.98,1.59,8.77
Rb3Sc4Pb,화합물,3,110.04,3.1,10.34,10.36,0.46,6.94
MoIn3Pt3ZrRh,고온,5,128.98,4.8,4.54,2.62,4.76,45.35
Tl4Ge3,화합물,2,134.48,3.9,6.85,39.14,11.08,2.73
W2Se2,화합물,2,35.09,2.7,8.68,28.77,3.61,1.96
ErZn2Ti,합금,3,141.79,5.3,15.14,36.17,0.27,14.2
NdV3ThBi3,화합물,4,24.1,3.8,13.9,26.68,7.71,4.67
AgO2PdRuK3,고온,5,91.89,5.7,8.13,14.93,5.86,38.73
Sb3,원소,1,131.3,4.0,6.37,121.54,7.81,3.84
CsIn2NaBi2,화합물,4,147.74,5.7,11.53,22.26,11.88,9.38
TiPdRe,화합물,3,41.26,3.8,11.37,18.99,13.24,13.32
Th2Ag2Nb2,합금,3,138.2,2.9,9.81,15.52,6.36,5.06
V2RuMo3,화합물,3,116.09,2.4,7.74,43.4,7.97,4.48
Ba2LiMg4,합금,3,124.87,5.3,6.88,53.66,13.84,9.86
N3BHoSc2,화합물,4,156.3,4.8,12.98,22.86,8.18,25.41
K2C4Bi,화합물,3,35.67,2.2,12.71,28.37,9.85,4.32
SnDy2Mn3Yb,고온,4,129.61,3.3,8.24,1.65,13.15,72.53
Ta3Pb2Se2Ho,고온,4,128.47,1.9,4.55,10.92,11.07,37.08
LuN3Mn3,화합물,3,66.44,5.8,5.39,34.44,6.8,8.04
Ca3,원소,1,63.63,2.0,1.78,207.32,5.0,0.0
Rh2Yb2Cu2Ti,고온,4,48.58,3.4,5.92,9.85,8.13,113.65
VSb2Y2Tl3,화합물,4,12.18,5.2,9.55,34.32,14.0,13.92
Se2,원소,1,25.06,2.0,17.99,308.87,6.4,1.06
CoUF2Ge,고온,4,91.51,4.5,8.88,11.96,1.06,157.96
S2Pr,합금,2,87.93,3.8,13.59,70.82,12.95,3.12
Cs3HgAl2,화합물,3,42.15,2.9,11.27,21.32,12.69,6.12
Hf2LuTl2,화합물,3,77.66,2.8,10.32,27.56,8.42,4.64
CdUNb2,화합물,3,151.29,5.3,6.19,17.21,5.11,7.04
LiGdSr3B2Ir,고온,5,77.94,4.5,8.79,6.59,8.99,89.77
WPbRu3,화합물,3,20.11,2.9,9.12,7.81,12.78,11.8
Zn,원소,1,235.31,1.0,15.31,192.01,9.12,4.92
Os3Sm4Rb3Eu2Se,고온,5,126.51,2.7,4.43,12.34,4.97,108.8
Pb2S3Ba3BeCo3Cu,고온,6,61.32,4.9,8.67,14.78,2.41,162.42
Hf4Cd3Ge,화합물,3,118.51,3.7,13.99,5.31,2.2,2.08
Ge3Er4Na2Ce,화합물,4,15.66,2.3,5.8,5.69,1.28,17.45
YPt,합금,2,135.4,4.2,12.26,51.66,11.49,3.31
Nd3InTh3GeSeTb2,고온,6,41.94,4.1,3.59,9.82,0.12,126.28
Pr2,원소,1,54.95,5.0,12.39,222.18,3.2,4.62
Zr,원소,1,167.59,3.0,4.11,71.84,2.41,5.76
Tb3K2S3,화합물,3,73.48,2.5,12.89,45.36,4.53,3.04
CuTm2Fe3,합금,3,64.48,4.0,3.04,53.16,8.95,5.34
Eu2,원소,1,216.13,3.0,14.19,370.0,7.28,2.16
Ta2HfTb2,화합물,3,22.15,3.5,8.47,12.96,13.77,0.41
Cu4Ta3B3,합금,3,112.74,2.3,3.95,27.36,8.97,11.04
SnZn,합금,2,88.8,1.8,11.77,72.62,14.54,17.43
S,원소,1,113.91,2.0,12.07,108.42,7.44,4.45
Li3Nb2P,합금,3,32.19,2.6,7.26,27.25,3.94,3.42
SeCoNi2,화합물,3,68.94,6.0,12.22,30.69,10.87,8.31
N2PbAl3Cd3Ni3,고온,5,52.15,2.2,4.01,3.2,0.91,84.52
Tl2Pd,화합물,2,83.98,6.0,13.48,44.05,2.23,12.15
Sm2In3,화합물,2,61.69,3.3,2.66,15.44,7.47,2.75
Co,원소,1,157.37,3.0,6.66,96.11,6.95,0.0
La,원소,1,216.47,2.0,10.66,107.66,9.82,0.0
Si3ZrMo4,합금,3,134.52,5.1,11.0,90.95,11.06,8.44
TeK2,화합물,2,131.09,4.1,3.12,42.69,13.22,8.46
InCrTi3CaEr3Sn3,고온,6,79.82,3.6,6.23,13.63,6.25,31.7
P3BeBaOs4,화합물,4,142.93,4.9,1.65,26.44,5.27,3.16
RbGeSnLu2,화합물,4,28.97,1.9,9.76,1.14,7.05,5.88
NaCdSn,합금,3,112.59,2.6,2.79,126.03,9.4,8.88
Lu3BiCe2U3,고온,4,60.36,5.4,3.19,5.53,13.91,64.74
V3La3Mo4,화합물,3,76.96,2.1,12.14,15.29,8.55,12.11
LaHf2Yb3MgSb2Na,고온,6,49.2,1.7,4.39,1.33,7.5,49.77
C2H3,화합물,2,89.87,5.7,5.96,16.06,2.48,6.87
Pr4NaHfZn4Ca,고온,5,119.17,1.9,4.36,9.87,6.0,127.99
SeGd3Cd2Ir,고온,4,87.9,2.6,4.46,4.33,7.4,139.83
MgFe2CdNd,고온,4,48.86,3.1,5.19,11.51,11.44,55.41
NbSi2,화합물,2,148.76,4.5,4.2,36.15,6.75,45.11
TbLiB3,화합물,3,70.34,4.5,13.76,1.15,5.85,18.87
WV2Pt4,합금,3,20.97,5.9,10.91,77.57,1.03,8.05
Mo4Cd2CSm4Zn3,고온,5,112.95,2.7,4.74,13.13,9.05,137.04
AlGa2Ca3,화합물,3,144.72,1.9,8.24,46.3,12.97,4.01
Ho2Na,합금,2,92.17,5.3,2.5,123.2,1.44,2.85
Mo4Lu3RbU,화합물,4,137.09,4.1,10.91,12.45,3.62,11.98
BiPb4,합금,2,48.14,5.9,11.82,66.49,9.85,7.14
Sc2Si3HfSb,화합물,4,82.72,3.9,7.13,4.95,6.67,23.81
Ce3In3PbTl2,화합물,4,41.04,3.1,4.11,26.75,14.28,10.74
Rb2Ga3Fe,화합물,3,107.1,3.6,4.76,7.95,12.92,2.49
As3,원소,1,160.27,2.0,0.8,230.56,8.47,10.56
RbFe4MgMo3Hf2Lu,고온,6,56.57,2.3,5.04,11.67,6.61,132.15
Os3FeZn3Cd2Te3,고온,5,133.84,4.8,3.38,8.53,7.86,128.87
TaTbCa3Au,고온,4,123.82,2.1,6.38,6.91,10.74,42.32
Te3CIn3Lu2,화합물,4,130.1,3.7,2.95,31.45,7.74,22.12
Pt3U3Y2Ti3Ge,고온,5,60.62,4.6,6.06,10.94,4.05,54.85
FeS3GdSm,화합물,4,149.8,5.1,1.85,17.14,3.89,10.37
AuCr3,합금,2,88.89,2.7,6.71,115.17,10.41,2.63
Sn2NaHo3,합금,3,148.52,5.7,4.1,83.02,9.58,5.72
K4CsGaSi2,화합물,4,74.84,4.7,12.83,29.91,9.98,4.59
P3Pd,합금,2,130.65,4.9,8.82,111.7,11.4,12.58
TePd3,수소화물,2,1.26,2.2,2.7,8.51,10.46,252.44
B,원소,1,128.73,4.0,4.15,79.56,1.93,1.52
Cd3FAgGd2,화합물,4,16.29,2.6,4.05,45.6,12.68,4.46
Eu3Mo4TiGd,화합물,4,106.65,2.7,2.24,20.11,8.17,12.24
Se2Li3,화합물,2,84.75,4.3,8.96,49.34,14.84,6.66
WVK2Pd3,화합물,4,76.66,4.0,7.42,16.23,14.44,12.39
Li3Yb4,합금,2,148.58,5.0,15.9,67.46,7.99,7.49
Tb2SnNbPb4Pt2,고온,5,126.48,1.9,7.84,2.67,13.47,118.1
Sb4PtGa3,화합물,3,79.81,3.3,3.13,47.59,2.56,8.46
Ti2Ho3Co2,화합물,3,55.36,5.6,11.19,23.79,7.79,8.59
Ir3ReAs2Fe2,화합물,4,126.82,2.0,13.29,28.02,1.84,16.49
TeErPb4Ga2Sc2Au2,고온,6,35.64,4.1,3.21,2.52,13.29,112.56
PdMo2SeV3,고온,4,90.95,3.0,3.5,14.33,4.36,67.47
Au3Te2K2Th,화합물,4,87.22,2.2,10.11,9.48,6.97,6.71
V3Ga2As,화합물,3,90.38,4.4,1.83,41.27,3.21,14.68
Sr2Ho3Rh3,화합물,3,32.85,4.5,1.54,28.18,10.77,5.59
RbZr3Tm3LiIr,고온,5,89.65,4.9,8.64,5.14,10.66,154.17
MoHoY4W,고온,4,116.7,3.5,5.69,4.79,13.75,62.23
Pd2Ag4Nb,합금,3,141.09,5.7,9.54,69.6,11.56,10.89
Mo3K2Lu,화합물,3,106.83,2.5,12.11,10.44,8.56,10.65
Rh4Bi2CrS3Hf3,고온,5,96.39,3.1,8.93,6.8,10.71,76.14
S4BGdTl2,화합물,4,128.45,4.3,4.99,47.85,2.11,11.48
STePd4,화합물,3,24.0,1.7,6.36,10.34,10.04,4.8
Th2Ni,화합물,2,54.79,5.4,8.52,19.45,6.33,33.94
Al2Pd3Au4,화합물,3,39.53,3.3,3.64,22.17,12.55,9.09
Th2Te,수소화물,2,9.41,5.5,6.49,7.78,13.46,152.46
Se4Re4,화합물,2,103.65,2.5,7.87,47.93,4.69,0.0
O2Ca2Tb,합금,3,27.81,5.7,9.95,145.56,7.94,18.46
Rb2Au,합금,2,83.58,4.9,9.93,100.12,10.91,5.52
La2,원소,1,107.06,3.0,3.41,194.9,4.19,5.46
Sc3Se3,화합물,2,27.67,2.3,10.26,8.17,0.84,12.24
Ga2CsNi,화합물,3,104.47,2.9,6.05,32.03,6.83,3.17
Th3N,합금,2,124.6,2.9,11.92,27.97,12.52,0.41
In3Lu2Al2,화합물,3,100.99,2.9,11.25,1.31,11.21,2.89
UNdBPb3,고온,4,47.41,1.7,4.21,7.87,14.04,82.52
SeZr2,합금,2,144.58,3.1,3.26,103.45,9.53,7.79
Hf3TePtSb3,화합물,4,131.85,3.3,6.89,23.96,11.95,6.4
AsHoFe3,수소화물,3,38.03,3.9,4.84,27.69,11.68,243.31
SeSc4,화합물,2,145.79,2.8,5.52,16.97,12.09,5.65
Cd3P4MgHfK3,고온,5,79.45,5.8,3.64,10.1,14.03,48.67
Zn3RuNb2Hf4,화합물,4,94.77,4.2,11.86,38.61,2.65,7.12
Dy3CaNb4IrEr2,고온,5,77.59,4.1,7.57,10.39,2.63,132.41
Dy2N2Cs4Li3Ge4,고온,5,100.35,5.8,7.58,8.74,2.56,42.98
O4Sr4Mo3Pd,화합물,4,82.41,5.2,3.49,28.37,4.77,8.01
Ta2Rh4AgSrB3,고온,5,128.38,5.3,3.05,10.93,14.28,145.17
Rh4PHgC3CdGd2,고온,6,36.48,5.8,4.04,9.97,4.41,93.68
Ni3Se2Ce2,화합물,3,71.5,4.8,11.31,45.52,0.25,11.88
Pd3GeBi,합금,3,150.04,3.7,5.38,106.52,14.24,5.51
U2CaPbV,화합물,4,131.19,5.0,2.66,13.11,11.36,17.09
Li2SeSbMn,고온,4,52.89,3.7,7.21,10.99,1.18,163.59
NdInAsHg2,화합물,4,50.41,4.0,4.16,33.99,8.4,15.66
Rh2Ti2Ni4,합금,3,119.06,2.0,15.74,126.32,0.49,1.36
Pr,원소,1,224.09,5.0,19.58,107.45,9.81,5.06
Be2B2,화합물,2,94.48,4.2,2.8,31.63,9.15,16.72
HNb3,합금,2,105.26,3.8,3.6,122.86,0.97,2.5
Tm4Al2,화합물,2,154.03,4.5,4.06,3.74,11.06,5.54
Ru4PtWRe2,고온,4,101.74,2.0,5.14,14.82,9.69,118.29
Sn2Cd2Ag3Cu3,화합물,4,43.61,3.0,10.82,37.09,1.5,1.93
Hg2Y,합금,2,170.94,1.8,15.73,8.32,0.84,3.41
Eu2K2V4,합금,3,74.24,2.4,3.48,13.82,2.89,4.29
InCo4,합금,2,102.81,1.5,4.79,127.58,9.43,1.35
Nd2Ta3,합금,2,73.62,3.7,6.84,18.46,14.38,1.06
Cr3N3Sn4Pd3,화합물,4,61.14,4.5,7.72,9.67,12.42,4.99
Tm4Sb3,화합물,2,14.07,4.3,4.44,28.82,11.66,27.71
Tb3Tl,합금,2,76.74,4.8,13.13,145.51,9.04,2.67
P2,원소,1,121.06,2.0,15.05,105.44,6.18,0.0
F3ThRb,합금,3,27.34,3.1,5.67,113.84,9.18,0.0
BLu3Nb,수소화물,3,59.7,3.8,4.13,78.12,8.29,168.13
Rh2Rb3,화합물,2,86.97,2.4,10.96,28.12,14.63,2.9
Co3Cs2Dy4Au,고온,4,34.21,5.7,8.12,5.51,0.72,163.34
AsPr2Ir2O,고온,4,96.34,4.0,6.3,11.5,2.81,98.08
Ir3As2Mo4,화합물,3,99.15,5.9,8.02,33.19,2.78,13.88
ThCs3Tb2Gd2,화합물,4,93.76,5.5,13.54,26.25,10.49,9.53
B2Mo2,합금,2,33.39,5.0,6.0,109.5,6.02,6.78
Cd2Os,화합물,2,81.47,5.3,14.0,16.72,13.63,13.27
RhAg,합금,2,73.31,3.7,15.17,5.25,10.7,5.33
Te2O3Tm2Ru,고온,4,57.06,1.9,8.97,5.04,7.91,109.03
TmRh2,합금,2,22.87,4.8,13.5,40.92,3.35,4.41
Au4N4Sm4UTe3,고온,5,106.57,5.6,4.46,11.78,11.95,51.96
Nb2Mg2,합금,2,48.67,5.4,9.46,12.93,6.4,11.65
Eu4BaNi2Tl2,고온,4,100.83,4.7,3.54,12.58,10.11,49.17
PtYb3AlBa2,화합물,4,73.26,1.7,11.62,34.58,4.31,2.63
TmC4Hf3,화합물,3,33.56,2.7,13.16,42.37,12.31,8.31
IrHo,화합물,2,120.02,5.2,11.1,4.26,9.85,19.73
Sn3N,화합물,2,73.77,2.4,13.47,5.38,7.26,7.32
Nb3Er2MoLa3,화합물,4,125.45,1.7,7.8,45.18,4.89,7.91
AsRe2CV2,고온,4,57.73,1.8,6.46,4.28,0.37,158.49
Os2,원소,1,18.86,5.0,15.04,110.35,4.17,7.35
Re3U3Bi4Cd,고온,4,66.22,1.7,4.6,7.4,3.53,38.69
Dy2Sn2MoAl,화합물,4,96.9,3.8,6.65,40.01,14.78,5.27
AuBi2RuCsRe3,고온,5,82.29,5.2,4.93,9.75,7.17,105.03
TiP2,화합물,2,125.05,4.2,6.17,4.36,5.48,1.18
NdNaZnBi2,화합물,4,72.48,3.9,6.04,37.13,2.97,11.17
Zr3U3TaTeNb3P2,고온,6,106.71,2.1,7.54,11.69,13.91,117.22
Ba2Eu2Na3,화합물,3,67.67,3.7,8.59,49.18,6.65,5.81
La4N2,화합물,2,150.56,4.4,5.5,40.18,12.02,16.2
Pt2,원소,1,90.55,5.0,17.68,283.01,1.42,6.0
Sb2Sc4,합금,2,123.75,3.2,4.72,41.3,13.21,5.62
ReLu2,화합물,2,89.02,1.9,11.61,4.03,3.37,18.83
Er2ZrPrNb2,화합물,4,143.0,2.6,3.73,16.58,8.11,5.66
W4NaTa,화합물,3,92.85,3.3,9.35,21.98,3.16,7.83
B2N2,합금,2,60.48,3.0,9.15,67.67,11.27,5.04
Th2Hg,화합물,2,121.83,2.6,5.0,47.28,2.81,5.32
Tm3ThAs2,화합물,3,23.18,4.3,11.46,36.95,9.12,33.51
Mn3EuLa3Sm,화합물,4,65.19,2.9,13.9,38.42,12.42,9.08
Cs2As2NaNbOs3Pb,고온,6,36.16,3.5,3.54,9.49,9.25,54.49
Sm3Tb3B3PdPr,고온,5,82.25,2.6,3.69,10.5,0.11,145.06
F4Nd,합금,2,102.03,2.7,6.29,40.86,13.15,3.81
Sb3H3Ir2Be2,고온,4,89.9,5.1,6.08,8.1,13.0,50.79
ErPBeAl2,화합물,4,59.67,4.1,5.59,30.04,0.42,9.08
VO2Li2Ru,고온,4,38.49,2.6,7.66,3.35,13.3,122.88
Dy2Lu3,합금,2,91.72,5.9,3.17,40.3,7.84,9.27
Rh3Er4Fe,화합물,3,150.15,5.0,12.82,45.54,6.83,2.57
CeH2U4,합금,3,126.16,5.6,8.99,69.77,3.32,11.64
VZr2Yb,화합물,3,155.77,3.6,6.08,23.82,14.46,5.89
Ca3,원소,1,14.87,3.0,2.67,125.65,6.35,5.44
HgBa2Cu4,합금,3,148.86,3.8,5.47,31.39,5.19,7.02
Sc3Ta2,합금,2,141.02,2.7,14.27,126.95,5.55,3.45
PdAu,합금,2,122.58,1.7,9.37,41.59,10.79,2.13
Mo2CdAu2,합금,3,169.58,3.1,14.26,18.18,11.24,2.73
Mn3SiN2,화합물,3,149.83,3.3,5.6,7.5,10.73,15.18
Rb2,원소,1,214.68,5.0,20.46,137.92,7.22,0.46
U3Ca2,화합물,2,115.12,3.1,8.63,4.76,2.06,25.5
GaTm,합금,2,158.95,5.2,2.16,78.97,9.8,14.3
BiFeLa2Cu,고온,4,73.01,1.8,8.54,10.32,14.86,135.1
Sn2GdEu2Ga4Ag2Bi2,고온,6,40.65,6.0,3.64,14.21,7.67,83.0
MgHg,합금,2,102.84,5.7,14.67,135.13,12.43,15.54
Ni3Sr,화합물,2,55.92,2.0,2.67,34.56,2.2,4.49
Bi4,원소,1,117.32,4.0,11.35,31.59,8.23,4.51
IrCeMnEuSb,고온,5,118.26,4.1,8.53,4.06,6.23,34.23
KFe2Te3,화합물,3,56.59,4.2,12.32,1.36,7.65,3.74
Mo,원소,1,187.8,5.0,2.05,279.91,3.19,8.89
Be3TbSm2Gd,화합물,4,95.68,4.2,11.37,39.04,13.92,4.8
Tb3,원소,1,206.76,2.0,21.93,187.85,1.25,0.0
HfPd2Ta,화합물,3,79.84,4.5,6.18,9.69,5.82,15.5
V4K4Th3,화합물,3,100.73,1.6,9.83,8.28,3.68,2.82
Pr2SnTh,화합물,3,52.08,3.1,5.02,27.58,10.15,9.25
Tm3Ni2Mo,화합물,3,77.0,4.1,8.19,17.0,12.39,8.12
MnTe4Si,합금,3,109.52,2.2,13.26,27.52,3.53,0.81
InCu,합금,2,138.91,3.1,11.29,28.25,5.53,1.05
Gd2Ca,합금,2,91.68,4.8,2.43,46.55,0.58,4.76
SbAgPt3Cr2Sr4,고온,5,58.8,3.6,8.28,10.37,0.34,49.45
TaNi,합금,2,98.8,4.0,15.32,14.98,6.35,2.32
Pb2H2Ag4,화합물,3,115.99,3.1,13.8,0.81,8.07,2.66
HfPrSr,화합물,3,99.5,2.0,11.83,49.74,10.99,11.75
K2RbH,합금,3,113.27,3.4,4.35,42.24,5.79,3.02
Ga4Be3,화합물,2,99.8,3.1,7.91,14.47,10.63,2.62
Nb2AgSc3Co4,화합물,4,18.95,5.9,2.38,25.16,13.58,15.17
Ba2Co2GeLa,화합물,4,122.94,2.3,6.76,26.65,5.85,18.52
Al2Be2Ag2,화합물,3,101.13,4.8,4.03,9.04,4.88,3.18
Pt2AgVP3,화합물,4,46.25,3.2,3.21,3.5,4.19,2.2
Gd3BiLu2Ce2,화합물,4,13.45,2.2,1.72,14.52,11.07,2.09
Cr2N2,화합물,2,105.61,4.6,12.61,12.04,7.33,9.73
LiW2,화합물,2,140.41,4.2,7.71,19.05,6.07,10.71
Ir2,원소,1,135.41,2.0,7.3,108.1,3.19,0.0
Ba3P4Be3Eu2,화합물,4,144.49,3.8,5.91,38.91,12.33,15.98
Rh,원소,1,206.03,3.0,18.75,259.65,9.19,10.45
Al3Na3Tb,합금,3,137.73,4.8,8.26,121.45,9.81,8.5
Ge2Be2Os2,화합물,3,68.01,5.3,9.59,0.55,7.72,44.03
PrRhYb3MgU3H3,고온,6,116.02,3.2,7.44,4.3,14.64,63.03
TlFeCd2O,고온,4,115.92,1.5,4.59,10.99,8.59,115.32
F,원소,1,193.52,4.0,16.84,159.37,7.4,7.28
Tl2V4,화합물,2,132.92,3.1,10.84,21.0,3.59,13.73
Gd2F2,화합물,2,82.27,3.6,8.34,46.27,11.79,9.5
LiEr2Gd,합금,3,103.61,5.4,4.87,78.32,7.11,10.88
Ho2V3Al2Pb,고온,4,30.19,1.9,3.11,3.37,4.81,106.45
OPt3Eu2Y,고온,4,79.35,2.7,6.02,8.7,14.83,78.54
Hg2Co3CsY2,고온,4,94.21,3.5,3.92,14.41,14.4,114.8
Ge3,원소,1,56.26,4.0,1.94,279.11,3.29,0.0
SrYb2,합금,2,125.06,4.2,11.74,43.63,12.12,2.57
PdCs3Nd2NSSr,고온,6,74.34,1.7,4.66,5.95,3.04,91.17
CYb3Zr,화합물,3,72.59,4.1,1.51,12.2,12.92,9.5
AlGdTh2Cu2Pb3,고온,5,111.6,3.2,8.62,14.04,2.13,135.97
Ba,원소,1,143.48,5.0,10.34,83.75,3.11,2.75
Li3Pb2Ti2,화합물,3,128.91,1.6,6.48,38.53,11.88,8.18
TmSm3,화합물,2,15.74,2.3,2.73,32.51,11.05,7.01
V3,원소,1,111.55,2.0,21.01,193.43,5.27,3.91
Ag3Li4Nb,화합물,3,70.95,5.6,2.48,20.4,4.28,14.22
OOsGdCd2,화합물,4,159.77,2.2,3.21,12.58,5.39,24.49
Te2Al2,합금,2,143.45,2.1,3.5,103.72,6.67,3.65
DyGd2,합금,2,31.76,3.6,13.78,88.61,3.64,2.32
SnBiU,화합물,3,152.09,4.3,5.28,24.95,6.05,11.71
AsLu3Er,화합물,3,34.83,2.6,1.89,6.6,2.6,22.17
AgSr2DyCo4PbLi2,고온,6,70.45,1.7,7.48,8.64,10.58,158.15
B2AlDyEu3,화합물,4,103.64,5.6,10.01,8.86,13.78,15.48
Pr4Sr4,합금,2,46.23,3.9,11.27,5.98,10.15,8.23
Sb4Te3,수소화물,2,20.54,3.5,6.0,25.67,13.45,200.64
Tm2F3U3Tl,고온,4,123.77,1.7,8.91,8.22,2.42,135.79
Ir2,원소,1,176.22,5.0,21.72,161.03,0.7,8.57
Fe4Y4U2Te2V2,고온,5,102.09,4.4,8.18,11.27,13.54,115.46
Gd2N2,합금,2,167.76,1.8,3.11,105.09,10.06,1.81
Se2,원소,1,104.8,2.0,11.57,339.0,2.6,0.89
TiRe,합금,2,114.71,1.6,8.27,81.97,10.61,4.45
PdSe4,합금,2,53.24,5.2,3.74,39.05,13.19,3.05
B3Fe3TaPt3Os3Cr2,고온,6,119.72,2.4,5.95,4.09,12.38,153.76
Mn2DyEr2,화합물,3,119.15,4.3,6.85,20.15,4.3,11.05
Pd2Sc3,수소화물,2,14.44,3.6,6.22,60.39,12.01,259.76
O3Ce2Zr2Yb,화합물,4,131.07,3.6,8.76,18.72,3.6,12.71
O3Be2Hg2,화합물,3,91.64,5.1,2.09,34.77,10.93,20.26
AgNa,화합물,2,40.98,6.0,7.28,9.38,3.92,5.26
Hg2Sr2,수소화물,2,44.73,5.5,7.92,53.58,8.06,230.15
Si3MgNd,화합물,3,19.54,2.4,9.74,30.89,5.74,15.75
WYSn3Ce4ReSr,고온,6,63.3,4.4,5.03,4.95,4.88,106.25
AuSc4Gd2ErNbDy2,고온,6,68.08,2.0,8.01,13.21,10.7,112.66
SnSi2,합금,2,50.13,4.1,2.81,121.06,9.78,2.11
Sr2CFe,화합물,3,145.47,5.0,1.96,25.28,12.17,3.28
Pt3P2CMnSiO2,고온,6,129.66,2.5,4.64,3.14,3.44,94.84
ZrO3,수소화물,2,48.61,5.1,2.71,37.13,13.13,121.66
SbHo,합금,2,72.39,3.4,3.44,120.59,13.23,0.69
Sc4PbHg3,화합물,3,49.85,5.7,10.35,49.79,14.79,16.3
NAlTl,화합물,3,156.92,2.8,11.27,18.64,4.85,6.78
NbF4,합금,2,35.71,3.8,14.89,36.55,11.74,12.18
Lu3C,화합물,2,37.22,5.2,4.55,26.99,8.21,20.55
Hf2HoO4,합금,3,44.0,3.8,13.38,112.19,6.01,8.35
GeOsAuGa2,화합물,4,34.66,2.3,2.84,45.92,2.06,17.63
Tl2AsRh2,화합물,3,143.6,2.0,7.65,9.96,1.98,7.21
SrOs2Yb3,화합물,3,148.49,2.5,12.27,5.17,13.34,6.33
Ba2Fe2,화합물,2,20.65,1.8,11.53,5.97,2.86,2.98
Ni2BaTh2Ca2,화합물,4,82.09,3.8,13.29,7.82,5.42,0.0
MnAs2Sc4Lu,화합물,4,19.6,2.8,7.95,42.98,4.89,8.54
Ca3Ag3,합금,2,140.17,3.5,13.6,128.01,13.35,4.53
U2,원소,1,38.8,3.0,16.88,219.72,4.87,4.13
EuBe3Yb,합금,3,32.84,3.9,9.46,128.76,7.24,1.72
Os2C,화합물,2,149.78,4.3,3.46,40.01,0.19,6.44
Re4AlTb2Se3As,고온,5,139.31,4.9,4.48,6.13,0.71,70.98
Nd3Au2W,합금,3,23.75,4.8,10.97,78.68,14.64,9.75
Os3Sc2,합금,2,82.45,1.8,5.5,92.9,2.01,26.18
Eu2H2Sm4ScDy2,고온,5,98.15,3.3,4.24,1.16,9.86,159.34
Pb3ZnAs,화합물,3,11.48,3.6,5.6,49.72,11.88,19.42
Dy3Mn2,수소화물,2,57.41,3.0,3.48,68.7,14.26,131.97
AuAg,화합물,2,89.46,4.9,7.06,22.76,12.19,6.36
TaCdSm3Nb,화합물,4,20.37,1.8,6.15,37.42,13.59,1.07
U2Ga,화합물,2,109.22,3.4,5.34,20.96,13.01,6.84
Bi2Co2Mn2,화합물,3,73.01,3.9,11.05,38.67,5.63,4.72
U,원소,1,227.12,2.0,8.42,338.11,0.55,1.33
LuTe,합금,2,98.71,2.4,10.99,129.98,8.0,2.1
Au4Ge3Os3,합금,3,38.52,2.3,11.61,141.59,3.31,2.15
Th2Nb3Ta2Eu3Pd3Se3,고온,6,91.83,2.1,8.28,11.44,0.95,62.22
MoScPd,화합물,3,82.75,3.1,6.39,37.73,14.94,12.84
Ru4,원소,1,122.49,3.0,6.03,5.33,2.09,3.69
KLa3,화합물,2,121.71,4.4,9.21,27.29,2.11,3.44
FPdP,화합물,3,41.46,5.3,12.57,39.11,11.28,4.47
Ho3Th2CoIr2,화합물,4,133.09,1.6,5.63,49.97,11.36,5.42
GeB2Co3,합금,3,76.37,4.9,15.98,29.43,14.31,9.17
PrIr2,화합물,2,120.98,1.9,9.8,47.94,6.48,14.51
AgYb2Gd4,수소화물,3,53.75,5.0,3.68,45.78,9.97,261.61
Ce2,원소,1,204.39,2.0,4.14,363.94,3.12,0.18
Er3PTb2Os,화합물,4,21.07,1.8,3.72,49.09,8.15,25.87
Tl3Pd2,합금,2,131.05,3.0,12.05,136.01,0.91,6.9
GaRe,합금,2,26.97,5.5,12.3,71.11,4.39,7.73
SrNa3Zr2O,화합물,4,75.89,2.6,11.97,42.16,3.01,29.95
Li3Ag3Te2CsAl2Hf2,고온,6,127.99,2.1,3.93,6.57,10.22,163.04
V2BaTlNi3Fe,고온,5,67.96,4.4,3.87,10.13,7.91,114.82
N2Nb,합금,2,53.57,3.4,9.75,135.78,4.09,0.0
Se3Dy3CoRu2,화합물,4,36.42,4.7,4.81,21.21,2.31,19.06
In4FeAs3,화합물,3,122.66,5.1,2.38,17.57,6.66,16.72
Hf2As2Mg,화합물,3,137.4,4.6,9.99,5.93,2.73,25.03
HoSi3,화합물,2,126.09,2.5,7.34,40.01,0.73,4.42
Nd3Zn3,합금,2,76.68,4.6,10.5,128.97,9.28,0.24
Re3Pd,화합물,2,123.87,3.2,4.68,29.57,2.64,2.05
Tm2ErW,화합물,3,75.81,1.8,9.32,15.31,10.21,13.49
GdCu2PbS2,고온,4,84.59,2.4,4.75,6.99,0.22,77.41
ErOs3Re2Cu3,고온,4,119.19,2.8,5.25,12.31,12.39,107.86
In2Mn,합금,2,37.52,5.1,14.56,48.53,2.82,8.74
Ag3Pt2Co,합금,3,101.72,2.9,6.94,105.96,1.88,5.76
Li2Mg2Pr3Ta2V,고온,5,69.76,1.9,3.59,13.03,5.64,120.4
Gd2Zr2Cd4,화합물,3,110.99,5.6,11.55,35.25,2.54,11.59
Nd2Al4Fe3Cd,고온,4,80.1,2.1,3.75,4.83,2.72,39.83
Pr,원소,1,72.42,3.0,1.68,398.44,5.27,3.33
Gd4Rb,화합물,2,158.32,4.4,2.73,37.22,14.51,9.75
Sc3Rh,화합물,2,10.97,4.4,4.96,2.69,5.07,12.2
CePb2Au2ZnW4,고온,5,67.68,5.7,5.74,11.2,7.65,79.54
Ag3PtGa2,합금,3,57.89,2.9,6.34,8.43,7.5,3.79
Ce2H2,합금,2,129.31,3.5,10.13,18.98,14.3,9.13
SEu4CoN4,화합물,4,125.28,4.8,10.38,45.59,3.02,3.82
Re4Ca2Si2W2,고온,4,44.68,5.4,8.33,9.82,6.25,149.75
Dy4Al3Ta2Gd4Ti,고온,5,103.64,4.7,7.87,3.64,13.05,141.83
Rb3Si,수소화물,2,29.64,3.9,5.1,27.46,8.95,277.27
Pr2In4,수소화물,2,35.02,4.5,5.99,19.38,11.96,124.88
Cd2,원소,1,232.12,1.0,15.72,135.37,1.76,0.0
Be,원소,1,173.0,2.0,12.63,10.44,9.16,4.38
TaCo,합금,2,101.19,3.6,5.04,50.98,9.65,12.61
Hg2Mn2,화합물,2,60.39,4.9,6.74,12.03,5.69,18.8
C4In2Ga3YRu4F3,고온,6,120.76,3.8,4.65,4.98,5.36,118.96
U3B3RhCdRu,고온,5,129.6,3.3,5.84,10.53,0.29,84.24
Zn4Sn2,합금,2,147.93,3.1,9.5,149.86,10.1,0.0
Pr4BaTh,화합물,3,105.89,3.0,9.57,9.28,5.45,3.11
YCsHPr,고온,4,109.24,2.4,3.6,8.43,5.93,60.54
H2AsLi3,화합물,3,135.22,3.9,13.96,20.0,11.33,10.43
Pd3Re,합금,2,28.52,3.7,14.54,59.68,5.54,7.01
CCeZrPr,화합물,4,73.02,4.6,11.89,31.06,1.99,11.49
Ta3Ca3,화합물,2,26.75,1.6,3.35,41.03,5.42,5.34
RbLa3,화합물,2,64.94,3.2,12.68,47.53,10.09,14.89
Mo4Ce2GaW,화합물,4,18.82,3.3,11.51,27.33,4.53,14.63
Be,원소,1,136.4,4.0,6.69,33.45,2.98,0.75
AlFe3,수소화물,2,8.12,3.5,6.4,77.31,9.8,218.53
AgOs3As,화합물,3,125.56,4.2,11.24,37.42,12.23,8.0
Li2Pb4CsSn2,화합물,4,63.41,2.2,11.39,38.01,2.89,1.95
FeTa3,수소화물,2,45.96,2.3,2.39,51.04,4.67,239.56
S3SeHf2,합금,3,33.17,4.0,8.77,13.97,0.33,7.91
B3Tm2,합금,2,24.69,5.1,13.98,81.66,14.09,8.09
Cd3Bi4CaRh3Tm,고온,5,39.14,3.9,6.11,1.27,8.85,97.03
BiSr,합금,2,122.81,1.6,8.95,68.67,2.99,3.44
Sm2YGdW2O2Te,고온,6,128.05,2.6,4.8,13.52,9.12,38.8
HgCo2,합금,2,163.23,1.8,14.92,93.61,0.57,0.0
Sr2,원소,1,93.29,3.0,2.72,393.01,6.27,1.78
SInTb2H4,화합물,4,159.79,3.7,3.81,31.33,8.55,8.19
TmPr2,합금,2,140.9,2.5,7.74,131.33,7.95,4.82
ZrCe2CsCdCr2,고온,5,119.28,2.9,4.91,6.28,4.9,71.43
NdFe3Tl4In2,화합물,4,64.9,2.8,1.91,27.43,4.87,24.09
Ru2GdBHf3Pd,고온,5,74.11,3.0,6.28,14.12,10.32,96.54
Hf2In3Sn3CdNiRh4,고온,6,122.05,6.0,7.16,7.59,2.18,154.66
NaC3Bi,합금,3,166.49,3.8,3.22,136.3,5.89,5.84
Al2MgBePt2Ca4Os3,고온,6,69.92,3.3,5.35,5.84,13.59,88.38
Nd2Ru2W2Gd2,화합물,4,71.57,4.2,5.16,15.88,2.69,8.53
Cs3Be4,화합물,2,85.95,2.8,6.78,39.41,10.46,7.59
Fe2GeCd3Tl2Cr,고온,5,94.27,2.0,6.6,9.79,0.81,81.59
Zr3In2,화합물,2,54.06,5.0,8.02,45.32,4.1,7.48
TbPrTl3,화합물,3,92.55,1.8,8.92,3.96,5.37,5.32
Sm2ErHo,화합물,3,146.16,1.9,5.41,31.25,14.41,13.67
Ge3Na2Zn2,화합물,3,59.09,4.6,4.24,44.87,9.42,4.35
OsS2,합금,2,172.34,4.0,9.87,119.85,4.86,7.99
Sc4Sb2Hf3Na3,화합물,4,85.0,3.2,10.07,12.83,13.15,8.02
ThPr3,합금,2,93.66,2.3,4.38,17.51,4.37,1.55
Cr3,원소,1,203.39,1.0,12.1,67.28,6.73,0.0
U3,원소,1,128.53,5.0,7.34,12.57,9.18,6.11
AsPd3O2Sb,화합물,4,116.92,1.5,5.6,8.55,1.74,5.12
Rh2Er3Cs4,화합물,3,93.85,4.7,11.79,35.44,11.73,23.87
NiCsW3AlSn2Pt2,고온,6,46.01,3.1,4.56,14.72,1.5,158.12
Rh3Ta3,화합물,2,72.92,5.3,6.31,34.46,14.88,11.14
Pd2HCo2,화합물,3,118.87,2.2,2.11,37.31,10.9,4.18
P3K2AsY3,화합물,4,81.17,3.9,7.23,1.65,0.63,12.07
Nd2Yb3Pr3V2,화합물,4,108.11,5.5,3.94,41.32,3.2,18.22
Ta4B3,화합물,2,15.55,5.9,2.45,44.15,12.26,8.05
Tb2GdNa3,수소화물,3,29.5,2.6,4.79,45.69,10.9,128.23
Mg2Cu3RuSm2Zr3Ga,고온,6,65.33,3.7,7.35,5.56,14.12,63.47
Co4Pt3HgFYb2Pr2,고온,6,32.61,5.0,4.84,11.43,5.37,79.5
Th2Au3RuAg2Nb3Hg3,고온,6,31.64,1.7,7.04,2.62,4.97,153.76
B4PbY3,화합물,3,109.16,5.0,8.91,41.96,5.32,11.42
Te3CrV3Lu2,화합물,4,39.42,2.7,3.75,16.96,9.54,7.48
Sb2Er2GeBe,고온,4,97.29,2.9,8.44,7.11,2.18,72.12
N4TlSe2B3,화합물,4,42.58,4.3,7.96,5.84,12.16,13.34
Fe3Ru3HfB4,고온,4,64.86,2.0,8.24,12.55,10.54,147.55
S2Co3,화합물,2,15.35,5.8,13.11,11.5,12.59,26.95
H4Bi2,수소화물,2,29.93,6.0,7.94,40.25,12.93,181.34
ReCa2Pd2,화합물,3,73.58,5.1,3.11,33.82,6.95,4.65
ZrRuSb2Dy2CeEu3,고온,6,69.57,5.9,5.88,5.16,3.29,95.09
ErMg3F3Cd,화합물,4,31.57,2.5,5.9,25.61,9.45,12.76
KOHo,화합물,3,138.83,2.3,7.48,29.49,12.95,0.0
MoSc3Nb,화합물,3,108.96,5.5,2.93,43.18,1.13,25.03
LiSi3Pb3Zr2Rb3Sn4,고온,6,46.84,3.6,8.21,13.67,8.53,152.42
Hf2Pt3La2Se3Cu,고온,5,123.73,3.4,8.94,6.72,10.51,82.06
Tm3Cd3,합금,2,176.4,3.8,15.66,133.94,5.98,1.05
TlB3As2C,화합물,4,102.26,4.5,3.52,42.73,13.1,7.26
BTiS,화합물,3,28.58,2.6,11.46,20.66,1.89,19.19
Gd2SiH,수소화물,3,40.11,4.2,5.19,50.84,4.05,248.22
ZrTa3,화합물,2,116.15,1.5,2.92,49.48,7.78,14.97
NaBi,합금,2,86.81,6.0,7.22,111.46,11.19,7.39
NF2In,화합물,3,80.5,3.1,12.27,15.67,14.39,21.15
NbY2Pt2Nd3,화합물,4,24.61,4.3,11.19,30.24,5.95,22.16
Yb2,원소,1,228.09,4.0,19.8,356.24,4.97,0.0
W4CdV2O,화합물,4,20.79,5.7,13.27,28.23,5.34,5.1
Sb3Cs2GeTlCr3N3,고온,6,89.57,3.3,5.8,13.89,9.81,155.58
In4Eu2P2Cu2,고온,4,35.06,1.8,8.2,2.64,12.11,56.27
Re,원소,1,104.69,1.0,5.08,396.58,4.26,0.41
LiP2,수소화물,2,5.06,3.3,6.75,79.48,10.89,193.16
AsO2,화합물,2,106.52,2.5,13.44,16.13,14.1,5.65
SRh,합금,2,108.74,5.1,12.58,7.75,12.09,7.34
Rb2,원소,1,196.05,5.0,13.02,236.29,3.62,1.86
HoCd2,합금,2,171.37,4.9,14.16,64.74,15.0,8.02
Ba2PtMgYb2,고온,4,71.24,5.5,5.25,5.93,3.93,44.69
Pt2,원소,1,201.16,2.0,2.65,183.37,4.61,4.03
Yb2Ni,합금,2,38.99,5.5,14.41,87.26,5.08,5.85
Pd3K3H3Ti,고온,4,121.55,4.6,4.52,12.79,8.72,146.55
Ru2CuEr3Th2,화합물,4,43.25,3.7,5.19,38.3,14.66,6.97
V3Cu3CdSm,고온,4,108.98,4.4,3.23,7.7,13.65,109.29
OsAs2PbB2Ga,고온,5,97.99,4.3,4.67,3.18,2.77,138.22
V3,원소,1,29.68,1.0,6.55,80.2,3.65,0.31
H2Zn2Hg2PtNaSc2,고온,6,68.14,5.6,5.3,10.21,6.27,132.07
Zr2Mo,합금,2,38.05,2.7,5.89,69.39,8.88,0.9
F2PdW2,화합물,3,25.72,4.7,2.39,19.95,11.89,7.76
Se2Hg3V4,화합물,3,38.62,2.2,10.96,11.43,5.34,3.23
YbTe2,합금,2,81.08,1.6,3.83,11.96,5.42,6.55
TaCo,수소화물,2,21.98,4.4,3.99,22.57,12.89,258.65
GeLi2,화합물,2,103.17,5.3,13.95,11.3,12.15,6.78
Ag2,원소,1,41.46,2.0,14.22,366.19,4.52,0.43
ScK2ErThIn2Os2,고온,6,40.49,3.5,5.53,5.85,12.52,91.97
Cd2F2Ti2,화합물,3,34.91,5.3,4.94,49.33,1.88,10.36
NbMo3Rh2,화합물,3,45.33,1.7,7.5,11.42,1.76,2.95
CrK,화합물,2,55.58,2.4,6.14,26.67,13.61,10.47
CdPdYSmCo2Tb3,고온,6,116.15,3.1,3.48,9.19,6.74,165.01
Pd,원소,1,156.96,3.0,13.11,314.97,7.68,4.72
Nd2O2Re3,합금,3,46.57,1.5,10.77,28.92,11.43,0.0
H2F3InSe2,화합물,4,53.31,2.1,6.23,0.91,0.91,4.29
As,원소,1,181.5,5.0,18.29,84.26,4.01,9.0
B2P2H,화합물,3,79.38,2.6,12.88,17.59,9.96,5.46
GdIr3S,화합물,3,80.36,3.4,4.01,31.02,5.89,11.4
F2Zn3Ta3,합금,3,143.39,5.7,6.41,65.25,3.76,7.32
Ti,원소,1,204.19,2.0,7.41,393.61,0.96,1.66
Ag3Eu3Ru,화합물,3,89.92,4.6,12.81,24.26,13.2,3.27
ZrNiV4Ag2,고온,4,69.49,2.2,7.77,1.25,4.59,35.35
Pd3MoTa,화합물,3,151.0,2.0,6.05,42.31,5.88,8.65
CoRb2,화합물,2,91.59,3.6,5.05,31.78,12.08,19.1
Ti2Ho3,합금,2,136.43,5.6,10.81,5.78,2.6,2.03
GdLi2Ir2,화합물,3,14.15,3.7,9.16,12.4,9.99,20.76
Zn3,원소,1,97.47,2.0,0.51,230.4,2.28,3.31
H2SnV2S2,화합물,4,154.33,2.3,6.22,37.77,8.33,1.61
Ag4Rb4Hg,화합물,3,33.62,6.0,3.7,44.54,6.79,3.67
ScAg3P2Si2,고온,4,47.99,4.2,4.67,8.31,1.81,124.86
ZnEr4,화합물,2,142.48,5.7,4.11,20.81,6.02,10.25
TbCsRuLuSr2,고온,5,92.72,3.3,8.84,11.0,12.61,130.11
CBe,화합물,2,108.22,3.7,9.09,41.71,8.77,7.79
CuTeTh3AuSn4,고온,5,133.04,4.3,4.8,6.36,0.81,96.78
BaCsSr3,화합물,3,13.3,4.0,2.65,6.61,10.02,1.31
BRu2NbAg3,화합물,4,112.49,3.6,12.54,40.42,8.68,5.69
Sb4W2ZnBe2S2P,고온,6,131.74,4.5,4.66,12.6,3.04,61.12
Te,원소,1,212.88,4.0,20.18,183.61,9.68,15.38
Cs4Y,합금,2,129.69,3.2,8.32,66.32,8.91,0.0
Te2Pt3,합금,2,170.8,5.6,12.39,61.25,10.03,10.79
Mg2SiTbMo4Ta3Al2,고온,6,73.42,5.1,8.21,4.32,6.77,90.73
O,원소,1,166.05,2.0,18.33,1.82,3.7,0.0
Pt3HoLaNi2Cr4Th2,고온,6,51.94,3.2,7.65,7.19,13.3,49.19
Re4Gd2,화합물,2,77.76,4.8,2.32,5.93,14.29,16.14
Au,원소,1,31.75,3.0,17.64,386.93,7.49,5.09
DyReNiHg,화합물,4,84.15,5.5,8.77,28.81,10.93,11.07
Pd2Yb2La2,합금,3,53.18,5.4,9.28,17.62,1.15,8.17
Sr2BSc4,화합물,3,133.94,2.3,10.65,23.7,12.0,18.73
V2Se,화합물,2,120.37,5.7,12.16,49.2,11.77,21.9
Ce3Rh3Zr,화합물,3,153.93,3.3,6.31,27.97,12.51,6.75
Sn,원소,1,220.52,5.0,18.41,385.65,3.43,6.45
La3W3,화합물,2,133.02,4.4,9.13,43.85,8.86,13.82
Be3Bi3LuNi2,고온,4,96.46,3.3,5.11,11.11,6.96,140.07
CCa3Nd2,화합물,3,27.51,3.1,6.55,8.56,11.81,8.58
Sc2HgTbTl3Ho3,고온,5,78.91,5.2,6.6,4.62,11.65,152.43
YAg3Sn4,합금,3,114.05,2.2,7.91,19.35,12.26,6.03
BiDyTm4As3Pb4B3,고온,6,87.09,3.3,6.32,10.05,11.09,122.74
UGdHg2,화합물,3,81.05,1.6,3.9,24.98,6.6,11.09
Ca4,원소,1,43.4,3.0,2.23,90.85,9.02,2.81
C3ReCd2Te3NiTl3,고온,6,66.11,3.1,5.27,14.26,3.05,129.46
Sm3Ir3Lu2Tm2Rb,고온,5,138.02,3.3,3.12,3.7,7.52,121.83
KAu2Se,화합물,3,152.09,1.7,11.63,8.55,5.44,6.39
Sr3Ba4,합금,2,24.8,3.1,14.38,129.05,5.22,5.98
CuW,합금,2,179.8,3.6,10.2,88.59,3.56,0.0
Ge4U,화합물,2,83.54,3.0,8.61,42.29,6.77,6.89
CrAg2ZnNi3S2Mg3,고온,6,32.4,5.8,5.48,11.71,2.78,165.0
LuN4H4,합금,3,78.54,2.9,14.53,24.32,7.77,23.14
HIn3Ge4Rb3LaAl3,고온,6,134.05,5.4,4.48,14.34,9.12,116.64
GeAuRe2,화합물,3,87.51,3.2,11.28,27.81,8.65,17.42
Ce4Lu2CaCr2Bi2,고온,5,73.26,2.3,8.18,10.58,13.57,83.21
NaCeAlMo2,고온,4,86.63,4.1,3.19,2.36,3.67,84.02
Al3As3Tl2,화합물,3,143.7,2.8,12.98,2.33,11.75,10.52
Ag2W3,화합물,2,156.72,4.4,4.15,6.67,10.24,4.46
Cr2PMoBi2FCa2,고온,6,63.63,5.9,7.91,10.76,9.77,94.15
Cs4V2,화합물,2,138.14,5.6,4.48,49.29,6.13,8.29
ErCe2Ho4,화합물,3,45.14,1.5,9.27,9.98,0.39,2.98
Eu4Si2,화합물,2,155.84,4.8,7.35,6.88,7.2,20.56
GaGd3,합금,2,72.13,2.0,11.31,93.29,9.57,7.36
OTm3Cr2S2,고온,4,53.93,3.4,7.33,4.63,5.85,88.62
Gd2Dy,합금,2,140.42,3.0,2.26,8.26,5.87,8.33
Sb3NdInLa2,고온,4,102.2,4.7,5.15,11.55,7.99,86.13
Yb3ThTm4,합금,3,147.37,3.9,7.96,50.02,2.34,0.18
Sn3Mo2CMn3Se,고온,5,130.11,3.4,8.9,3.82,13.79,88.68
ReEr4Ni3,화합물,3,138.63,5.5,2.52,5.91,6.21,18.69
CsPtN2,화합물,3,22.52,5.5,3.54,41.42,7.15,6.5
S4Si3EuDy2,화합물,4,57.97,3.7,4.2,41.57,4.17,3.6
Tb3Zn3Li2Ga2Cd2,고온,5,112.58,1.8,6.75,13.76,2.96,133.1
TbPMn2,화합물,3,144.73,2.2,7.88,33.19,7.1,5.46
AsBeLi3PdRh3,고온,5,72.86,3.6,4.3,5.47,7.05,159.08
Re3InSn,화합물,3,45.63,3.5,4.8,34.17,4.63,6.51
Gd2Hg2Ag,화합물,3,54.11,5.8,7.1,42.49,12.0,12.61
OIr2TeBa2Bi,고온,5,61.41,1.5,7.84,4.22,6.71,91.8
F4Rb2K,합금,3,28.06,5.9,13.56,44.14,12.94,12.35
Bi2P3Pd3Al,화합물,4,37.68,2.2,13.71,1.66,7.43,7.84
In4H4Ru,화합물,3,135.68,2.3,2.07,13.9,7.08,16.07
OsHf3Ag3,화합물,3,35.79,3.8,2.03,46.17,4.85,6.37
Mo2Zn,화합물,2,85.41,2.8,4.12,12.58,0.62,19.86
Fe2KZn,화합물,3,82.51,2.4,10.05,25.55,11.76,1.95
Tm4Mg2,합금,2,90.71,4.7,13.47,118.18,3.27,7.79
LuAlAu,화합물,3,101.25,3.4,9.77,7.26,9.05,5.7
Na3N3U2YBaTe,고온,6,65.11,3.9,7.92,4.53,7.06,167.29
TlLu,화합물,2,40.32,2.1,2.52,2.58,7.97,11.37
Se2Ca2,화합물,2,96.62,2.1,13.99,48.6,1.98,12.72
Cr,원소,1,12.97,3.0,12.42,243.81,9.51,6.23
Dy2Ba2Ru2ReAl2H2,고온,6,91.66,5.9,6.21,4.55,14.67,78.03
MnRu3,화합물,2,90.35,2.0,6.54,1.48,6.98,5.09
SbNbB2,화합물,3,71.64,1.9,2.06,16.03,10.1,4.43
InSr,수소화물,2,34.16,1.8,6.28,78.89,2.3,114.95
Os3Th2KAs3,화합물,4,152.97,1.6,6.87,30.53,7.1,1.02
CeRuMg4,화합물,3,15.71,5.7,2.38,28.65,7.38,10.84
Ti4Sn2Zr2S2,화합물,4,54.78,1.5,4.14,19.08,6.01,4.02
Er4,원소,1,111.37,4.0,7.31,307.05,5.84,0.72
Se2H4Pt3SMo2,고온,5,135.52,4.5,3.26,9.86,14.38,64.63
Cu,원소,1,12.38,5.0,13.24,236.88,7.11,5.61
MoTb3S2Lu,화합물,4,18.21,3.2,13.29,3.86,14.36,9.63
Mo2,원소,1,76.67,5.0,8.93,147.78,6.27,5.61
C2B3Mn2YbBe2,고온,5,97.42,4.4,7.63,11.87,12.66,86.75
Cu2Rh,합금,2,87.92,3.5,2.29,111.87,3.18,0.9
Pr4CrN2O3,화합물,4,155.09,4.0,13.84,3.35,3.01,9.3
ZrYbNa2,화합물,3,131.76,5.9,8.98,28.89,7.02,11.91
NdSb,화합물,2,39.57,3.4,7.54,3.74,13.34,9.28
Fe2SiP4S4,화합물,4,66.65,2.1,3.32,46.64,5.84,2.0
Cu4Ce2Gd2,화합물,3,132.25,5.5,4.08,34.05,14.15,6.63
K2Tl2,화합물,2,120.39,4.2,4.48,34.75,2.15,16.14
Sc2HgP2,화합물,3,59.56,2.6,3.71,30.46,4.56,0.45
NbTb3ScW,화합물,4,98.47,4.6,4.27,28.38,1.01,14.87
Os3Zr4Ce4Hf2,화합물,4,97.68,1.6,4.8,49.18,3.99,2.57
LaHg2,합금,2,125.47,1.6,3.85,26.13,8.21,6.77
Dy3Ca2,수소화물,2,17.56,4.1,1.26,40.64,10.91,213.07
Lu3Mo2Co2,화합물,3,48.84,4.9,7.94,24.84,4.1,19.51
Sn2FBi4,합금,3,176.29,2.0,7.84,141.49,4.21,1.35
CaK3,화합물,2,107.13,5.8,10.2,39.7,12.45,8.29
IrLa3SmEr2Ho2,고온,5,137.23,3.8,6.87,7.56,11.57,67.85
Bi,원소,1,175.94,4.0,15.07,127.74,1.46,2.91
Te2Sm3V3,화합물,3,120.25,2.4,9.25,41.12,0.19,8.18
Ce2Zr,화합물,2,99.85,3.5,12.91,40.16,8.47,22.22
Ca2O2,합금,2,45.88,4.0,13.37,73.91,12.67,8.1
Ni4La3SeDyLu2Nd,고온,6,121.76,2.5,7.89,11.91,11.24,68.97
CdC3Ta,화합물,3,106.92,4.0,6.93,47.16,10.22,6.74
PNb2Zn2Tl,화합물,4,154.75,3.2,11.07,4.27,2.3,9.08
CrTa2LaMo2Se2,고온,5,61.79,1.6,6.67,4.98,1.41,51.99
Rh3Tb4,화합물,2,41.35,5.5,6.74,43.68,13.12,17.93
Tl2N3CrPb3Eu2Ta3,고온,6,73.94,1.7,7.56,14.66,4.95,127.61
Rb3Mg2Ba2,화합물,3,150.52,2.9,5.64,3.56,2.3,13.23
Rh3InCu3P4,고온,4,93.94,4.4,7.23,12.9,11.83,33.73
H2SeSmTb,고온,4,86.37,5.6,4.06,2.2,10.68,63.73
Er4,원소,1,70.27,2.0,6.33,284.09,2.48,7.65
ErS2Al2K2Eu2Ho,고온,6,126.7,5.9,8.18,3.93,11.52,66.74
LaRh3CYb4,화합물,4,156.31,3.8,3.02,10.6,3.18,13.43
Co4,원소,1,177.07,4.0,2.74,313.69,8.65,4.92
CdTeCs,화합물,3,129.92,4.3,5.14,12.25,0.49,13.66
P3Pb2Re,합금,3,136.58,1.7,9.01,71.69,2.76,1.69
Dy2W2Al2Ru4Pr,고온,5,73.24,2.3,5.36,1.19,4.93,47.79
CsNdCu3,화합물,3,32.73,4.6,12.38,21.37,11.14,5.59
Re3Ir2Ni4,수소화물,3,33.59,4.0,2.33,31.58,5.95,115.26
Mn3Se2,합금,2,142.02,3.3,10.68,62.55,11.64,13.88
Pd2NbCoU2,화합물,4,100.48,2.9,6.34,25.3,13.8,5.26
Co2H2K2,합금,3,38.43,5.1,15.32,115.85,6.74,12.24
VH4Pr3Si3,화합물,4,36.9,2.6,11.84,0.74,3.03,6.62
Yb2DyTl3,화합물,3,30.35,5.9,1.91,37.6,13.61,9.47
Cs4ErZn,화합물,3,68.93,2.6,12.59,9.71,2.37,5.3
Ba3CPd2NaCs3Rh,고온,6,120.71,5.5,8.6,5.5,0.53,137.38
Tb3CeRe3Sm2Mn3,고온,5,111.28,2.6,5.84,2.49,1.01,41.31
Ho,원소,1,65.08,5.0,16.1,362.67,5.5,0.2
CrRbTl,화합물,3,111.33,5.8,10.35,3.75,4.76,9.73
Th3IrRe2,화합물,3,95.84,2.4,6.0,4.73,3.33,22.02
Ca3Er3Pt3,화합물,3,119.62,4.7,8.75,3.11,5.54,14.86
Dy3Th,합금,2,116.08,1.8,7.25,56.8,11.97,1.14
Nb2Pr2,화합물,2,141.45,1.9,2.56,31.58,14.79,3.24
PrLi2Tb2Ru3,화합물,4,110.57,2.3,13.18,2.32,3.37,14.19
N2Fe2NiTa,화합물,4,68.21,3.9,2.49,45.38,12.93,21.95
YbBa2Os3Au3U,고온,5,125.04,5.2,3.81,9.0,11.62,96.81
OsNb2Al2,화합물,3,65.02,3.9,2.83,28.8,9.87,25.68
Tm4,원소,1,41.32,5.0,18.94,263.62,8.72,5.15
Dy,원소,1,93.69,4.0,10.59,385.59,7.05,8.4
Te4CSrTiMn2,고온,5,39.06,5.2,6.72,9.41,14.83,82.39
InHo,수소화물,2,48.96,4.3,7.74,30.57,3.95,170.37
SnLu3Nd2Cd3,화합물,4,24.3,2.1,7.51,20.06,0.24,8.85
Co2Hf,화합물,2,142.67,1.6,7.44,18.9,8.71,22.42
Pd3MgGd2Cs2H2Tl4,고온,6,35.95,4.8,7.54,7.27,8.18,107.59
P3Ca3Hf2,화합물,3,62.26,3.3,8.81,10.5,7.28,6.97
Dy2Mg2Pt2Lu,고온,4,136.44,3.9,7.62,3.0,9.49,78.56
GdEu2Ce3NiGa,고온,5,52.32,5.0,4.25,12.65,2.63,44.37
Au2Sm2Sc3Ho3,화합물,4,72.83,2.2,4.98,3.33,12.15,0.46
H2Ag2Tb2Sm2,화합물,4,135.8,5.4,3.15,4.5,13.53,11.29
NdTh3,합금,2,106.77,6.0,4.24,83.53,0.78,5.77
Sb4Ni4Y4,화합물,3,117.96,3.6,12.58,2.25,2.95,8.38
Tm4V3Cu2ReSr2Rb2,고온,6,90.78,4.0,8.49,12.91,11.17,49.2
Ge4Ga2Tm2Sn3Re2,고온,5,102.98,4.8,7.23,7.23,0.26,137.03
PtBa2Sc2,화합물,3,149.36,1.6,9.76,36.96,0.63,5.88
Sn3Ti2Na,화합물,3,96.82,4.7,11.28,7.08,7.5,6.75
P2H3,합금,2,25.21,5.7,8.99,28.04,11.52,16.89
Th3,원소,1,15.92,4.0,11.28,103.3,4.35,7.75
W2Lu2Pb2Mg2,화합물,4,152.94,2.2,1.68,7.21,5.56,5.05
NbSe3,화합물,2,64.81,3.8,5.21,8.81,4.37,7.59
Pt3Cr2Ge3,화합물,3,33.32,1.6,7.83,13.16,4.17,0.37
Ti,원소,1,126.14,4.0,2.75,161.97,8.52,4.23
BiRh2,수소화물,2,23.65,1.9,3.8,11.0,9.12,286.45
CaMo4Rb,화합물,3,116.85,4.8,12.05,32.04,1.01,12.03
NaGa2HoZn2,고온,4,45.89,4.9,4.77,8.11,8.86,43.2
Bi3Ru2Pb2,화합물,3,71.27,4.6,11.73,4.1,9.96,6.95
NbGa3,합금,2,24.32,4.4,3.59,79.68,12.53,3.14
Ir2Ga2RePt2,고온,4,65.0,2.5,6.55,12.94,5.42,96.01
STb2,화합물,2,124.85,2.9,1.79,16.3,6.92,9.87
Hf2Pd2LuSc3,화합물,4,115.55,2.9,5.78,47.11,13.93,5.18
Ti4Eu4Lu2Nb2,화합물,4,110.46,2.8,11.9,25.47,8.25,0.0
Nb4W3,합금,2,41.18,4.9,12.23,94.05,12.76,0.18
GaN2,화합물,2,147.76,3.9,11.4,16.69,0.96,23.62
LaOs2Ga2Nb2,고온,4,118.39,5.2,3.5,3.03,5.19,44.28
Pd2C,합금,2,57.64,3.9,3.25,125.41,3.45,4.83
S3Pr,합금,2,154.97,2.6,5.77,85.27,4.22,7.33
Ag4Au2YbPb3F,고온,5,78.74,5.8,4.17,2.15,3.82,100.71
Tb2Rb2Ho,화합물,3,57.2,4.3,2.05,4.72,2.82,10.97
BaZnGe2Th,화합물,4,129.43,5.7,6.8,47.48,7.97,7.42
Au3Rh3W2,화합물,3,134.03,5.8,4.04,43.55,12.48,7.48
O2B2YTa2,화합물,4,16.81,5.3,8.0,46.54,11.14,4.03
YBe3,화합물,2,80.44,2.3,10.51,24.73,6.19,12.1
W2Sn,화합물,2,108.94,3.2,10.11,31.02,9.03,5.92
W2,원소,1,66.49,4.0,7.35,397.65,4.54,1.43
Hg2Mg3Se3Lu2,고온,4,58.2,3.3,5.16,2.59,8.86,76.7
Ag4PTi3Lu2AsMo3,고온,6,42.69,2.7,6.97,5.54,3.81,64.29
Rb3Si4Pb,화합물,3,11.55,2.2,8.64,38.08,5.96,3.62
K2Ho2Cs,화합물,3,97.13,5.8,6.33,43.62,6.25,12.44
ErLaSn,합금,3,178.35,2.8,4.43,133.12,9.88,2.59
U2,원소,1,171.49,3.0,5.13,344.4,3.37,4.05
Tm4Cd2La2Li3Gd,고온,5,45.55,2.4,6.61,13.94,14.65,121.48
Ta3Ba3Sm2,화합물,3,152.81,2.1,3.71,4.9,11.53,21.89
Mg2TiEu4,화합물,3,28.11,4.4,5.05,46.01,5.62,8.26
MoPd,합금,2,171.03,1.9,10.41,62.01,14.6,0.18
Tb3,원소,1,39.23,3.0,20.65,90.77,2.17,3.22
Nb2C3,화합물,2,25.86,4.0,8.68,36.53,7.88,14.76
Os3Li2PdBaTeHo,고온,6,101.2,2.7,7.34,3.44,2.49,136.48
OsHNi2Pr2MnSr2,고온,6,110.87,4.5,3.96,1.07,10.69,37.44
PtTl3P3Si,고온,4,71.56,3.7,3.53,1.41,10.3,123.01
Ta4U2Yb2Gd3,고온,4,128.74,3.2,8.62,7.6,9.48,43.63
Fe4Dy2Ba3SGe3Nd2,고온,6,53.08,5.6,3.08,9.18,0.44,124.69
PrHf2SnMo2,화합물,4,37.43,3.1,8.5,27.27,5.81,16.04
Se4Sb3,합금,2,42.64,3.3,13.65,125.4,8.38,6.43
Cu2Pt3Cd2SiHgSb,고온,6,136.36,5.3,7.2,8.34,0.3,109.28
YRe3Rh3,합금,3,40.13,3.1,5.18,92.49,10.09,0.9
RbTe2,합금,2,35.54,3.0,11.95,17.06,9.31,21.13
Te3Ge2,합금,2,52.72,3.0,11.84,133.54,2.97,10.05
AgOCd2Ta,화합물,4,125.46,2.9,3.89,46.96,6.51,7.58
Ru2H2Re,화합물,3,44.4,4.5,2.69,38.5,11.8,16.6
SbLu3,합금,2,156.48,4.5,4.71,78.84,8.95,9.38
Ta4BaEr3Pt,화합물,4,146.82,5.5,13.43,18.19,10.69,31.91
Pb2P3Rh3Fe3Be4Tm2,고온,6,131.13,5.6,6.67,1.92,13.28,116.08
Tl3Ga2Er2K,화합물,4,158.52,4.5,11.46,49.79,4.13,8.05
Rb3BeF2Nd2S,고온,5,128.76,2.0,6.73,6.74,0.88,33.19
MgCeIn4,합금,3,41.94,2.7,5.06,121.97,7.2,7.31
ReGdPb4,합금,3,141.1,4.5,15.07,108.75,1.57,6.97
W4PtDy,화합물,3,11.12,5.4,9.63,12.85,2.25,10.97
ScTl2,화합물,2,77.84,2.4,10.64,27.71,13.73,3.16
Mn2SRe2,화합물,3,113.19,2.5,8.33,33.39,5.38,45.6
GeAl3B2Pt2Sm4,고온,5,39.47,4.5,7.26,4.54,1.34,106.98
Ru3CrBaCe3,고온,4,51.21,2.8,6.81,11.6,6.75,81.08
Cd3AuTaMoEr2O,고온,6,111.62,4.6,5.73,6.34,14.32,114.48
Au2ErC4,화합물,3,32.91,5.2,11.42,38.53,8.98,13.72
KCu3,합금,2,60.98,2.6,11.54,49.27,0.62,12.29
Ce3Ga4Co2,화합물,3,110.44,6.0,8.39,24.43,1.12,19.93
Gd4Al,합금,2,164.79,5.1,13.27,132.85,5.8,20.14
CeRb2,화합물,2,136.19,5.5,13.29,29.88,10.31,29.34
Nb2AlBi2,합금,3,76.84,5.6,13.38,11.18,6.58,12.98
SAuRe,화합물,3,32.39,3.3,2.37,44.94,10.04,10.58
N3NdTi2,합금,3,24.15,3.5,10.06,97.18,12.62,0.0
Cd,원소,1,58.15,1.0,16.65,303.45,8.69,5.73
Au4Ba,화합물,2,125.89,5.4,4.36,33.37,13.89,17.98
InTi2La3Sn4,화합물,4,40.99,2.0,5.93,35.41,6.22,0.86
Y2Pr3Pb,화합물,3,24.53,3.0,4.6,46.09,9.92,10.5
As4Si,화합물,2,97.25,4.2,5.87,22.62,0.76,3.84
Ni4H2,합금,2,174.31,3.8,13.67,72.13,3.75,5.14
W3Dy,화합물,2,155.34,4.7,9.86,10.13,5.84,13.42
Rh2Eu4,합금,2,67.26,4.8,12.73,104.72,7.2,15.81
PtCs2ErTi3Mn4,고온,5,61.15,2.5,8.39,13.37,6.66,139.15
W2S3Ni4BiAlN,고온,6,93.46,4.0,3.02,14.05,6.1,30.25
Au3Re3C3,합금,3,39.29,4.2,12.32,51.61,2.95,3.13
Mn2La,화합물,2,80.8,1.9,10.49,2.32,10.91,10.57
ReCo3,수소화물,2,57.23,5.5,4.22,18.11,1.66,131.81
CrAlSbPr2,화합물,4,114.54,3.4,12.12,10.75,3.09,21.54
RhHo2Co3N4,고온,4,114.87,4.8,7.73,1.95,5.26,134.49
AlNi3,합금,2,42.85,4.3,10.58,110.84,5.79,4.08
W2Se3,합금,2,89.49,4.1,11.74,131.78,2.64,0.0
Lu2La2ErSc2ReAl2,고온,6,78.06,3.6,4.72,4.57,8.71,150.51
CRe3Ca3,화합물,3,133.19,1.9,2.63,48.21,11.85,0.0
HfFe2Ba,화합물,3,114.58,2.2,9.27,13.2,10.98,18.5
Ir2Mg2Rh2,화합물,3,17.64,4.9,11.66,48.51,10.74,17.07
UCTe,화합물,3,143.56,3.5,12.42,33.25,8.81,4.94
FeRb3PrSb4Cs4In3,고온,6,51.1,4.8,4.78,14.68,7.93,128.01
Tb3Tl2,합금,2,177.53,2.3,3.82,96.39,0.88,6.39
B2Mn2InNb,화합물,4,146.0,3.6,6.85,24.22,11.65,7.67
N3SnEr2In2Pb2,고온,5,122.8,4.2,4.96,1.37,3.55,109.17
LiOs,화합물,2,124.83,4.7,4.38,29.34,4.85,4.93
O4Th2Ag4,화합물,3,123.02,5.1,10.63,45.85,8.31,8.54
FAu2NdSm2,화합물,4,15.7,5.6,3.93,42.42,0.4,7.33
Er3Zr4,수소화물,2,10.96,3.3,5.74,46.88,9.57,146.11
In4SnHg3,화합물,3,75.12,1.7,7.02,0.58,1.87,1.52
NaHo2Zr2Rh,화합물,4,46.76,5.2,2.09,39.06,11.3,10.83
TlOHgCs2,고온,4,78.9,5.6,8.78,3.07,6.99,143.92
Th3YbV3CeCoRh,고온,6,98.75,3.5,8.1,3.55,7.62,104.89
YbHg3PNCuPb2,고온,6,109.17,5.6,4.3,6.47,7.04,57.92
SnGd3,화합물,2,13.33,4.9,5.41,47.03,5.25,6.45
Os2V,화합물,2,157.4,2.3,7.76,40.53,13.14,7.5
Ga3Sb,화합물,2,159.3,4.1,1.96,26.09,14.63,4.41
Zr4Re2Nb4Sc4Hf3,고온,5,58.05,2.8,8.11,9.04,11.85,80.56
S3SiSrNaCoN2,고온,6,61.29,2.8,3.03,13.16,5.59,77.07
AgSb,합금,2,70.63,3.3,12.81,113.62,11.6,11.47
Cu4LuZr2,화합물,3,130.21,2.3,6.25,44.61,5.58,17.15
Te2Ga3Cd3Be,화합물,4,33.54,2.0,7.16,35.7,6.37,10.21
Sb2VHo2,수소화물,3,9.68,5.6,1.47,8.73,2.98,204.43
O2As3Tb,화합물,3,120.66,1.7,9.32,14.96,8.85,3.23
W3Cu3,화합물,2,54.73,2.2,11.75,6.86,7.04,41.64
In,원소,1,135.7,5.0,5.81,206.89,5.26,3.86
BeSbCa,화합물,3,92.54,5.3,11.66,1.01,13.15,6.92
Rh2GaZn,합금,3,62.11,3.9,15.98,69.69,0.14,8.27
Pb2Be3La3Tl4,고온,4,66.32,2.8,3.28,12.1,9.08,36.7
Sm2Ba3NdRh3C3Bi2,고온,6,60.28,1.7,5.44,5.69,7.61,47.11
La3P2Si2Er4,화합물,4,70.89,4.8,10.08,18.22,7.42,8.97
Pt4Ta,화합물,2,97.55,4.4,12.81,24.22,13.13,5.19
Ta2PdHNbScTl,고온,6,32.88,2.0,4.19,2.55,10.81,120.33
Hg4Fe2,화합물,2,106.72,2.0,3.16,17.82,6.13,17.79
Rb3Nd2C,합금,3,143.18,4.1,9.52,67.76,3.35,24.7
Ge4ReGd4Ir,고온,4,104.09,1.9,7.69,4.82,3.39,74.28
W2ZrNi2Mo2U,고온,5,44.65,4.3,5.67,11.01,2.18,136.98
Co3Eu2SiTm2,고온,4,116.48,3.5,4.16,14.97,13.75,144.11
FeHf3C,합금,3,154.67,4.2,7.73,102.65,2.9,11.96
Ce2VIn2,합금,3,153.15,5.0,4.76,123.68,14.58,3.18
Hf,원소,1,49.95,2.0,13.68,129.38,3.7,0.04
Sb2PbHf2,합금,3,141.04,1.6,8.1,61.57,0.59,6.84
Si2Th2CeK,고온,4,70.92,2.9,4.01,2.43,3.05,57.44
AlTh4,합금,2,40.19,5.2,14.09,50.59,13.15,5.09
Se2CeYHg2,화합물,4,93.39,1.7,9.89,31.96,9.28,8.42
Mo3V3,합금,2,29.98,1.7,13.96,14.53,3.97,9.35
Y3V,화합물,2,80.69,2.4,4.34,19.14,6.56,5.77
NbPr2,수소화물,2,19.1,4.2,5.13,76.24,4.61,109.28
As3SiRh,합금,3,23.98,3.9,9.23,75.18,6.79,1.91
Mg2ReHoHf,화합물,4,22.69,4.5,7.43,37.01,14.03,3.19
V4Ir2,화합물,2,137.4,5.8,9.59,21.29,3.74,10.42
Bi2Ti,합금,2,167.92,4.0,8.23,127.21,9.26,10.01
LiBi3Pd2,화합물,3,60.45,3.8,8.01,26.86,7.39,15.03
Cr4Cs3V2Bi,화합물,4,92.5,5.3,2.82,16.52,12.67,7.79
CoScTbZn,화합물,4,119.82,1.6,2.57,14.56,5.0,4.64
Pr4S2Fe2ScTh2,고온,5,120.99,5.7,8.48,5.71,4.05,90.39
U3Nb,화합물,2,62.25,2.5,4.69,36.76,10.15,4.15
Nd,원소,1,34.0,3.0,14.75,160.86,4.82,4.29
ZrNb,화합물,2,103.32,5.1,6.59,13.96,6.77,10.25
Er,원소,1,184.1,3.0,19.36,84.28,7.74,6.56
WNbK3,화합물,3,99.11,4.1,4.96,8.65,6.33,26.67
Fe4EuLi2,화합물,3,62.97,4.6,7.11,14.09,8.61,18.59
BaAu3,합금,2,138.97,3.9,13.28,80.97,3.93,8.78
BaPNi3Ir4Tl2Bi4,고온,6,33.9,1.7,8.53,14.89,12.3,119.44
TaSc2BiHf2,고온,4,59.44,3.8,7.85,11.19,0.51,136.18
Y2CsTaPdEr,고온,5,96.46,4.7,6.92,14.22,9.3,123.42
AgCr2Ga2,화합물,3,52.55,4.2,9.62,9.33,3.24,7.86
La2Ce,화합물,2,154.9,5.2,11.26,24.68,6.54,15.41
Na3TbZn2Nb2Pd,고온,5,69.03,2.7,5.01,4.33,12.39,35.67
Ti4SeTl2,화합물,3,60.96,2.0,5.9,13.26,3.41,6.6
AgMo2Ba3Tl2,고온,4,33.03,2.7,6.09,13.08,10.33,107.37
Pr2,원소,1,56.46,2.0,7.54,122.58,9.39,0.0
Te,원소,1,211.05,3.0,20.04,209.71,0.56,0.0
LuPd3SiC3Ga3Hf,고온,6,136.24,5.1,7.11,10.84,14.55,42.43
Pt4Cs2Mo2CFe3V,고온,6,49.04,5.0,4.05,2.51,13.86,102.93
Cd3Ba2YbCuU,고온,5,55.32,2.7,8.71,9.15,4.03,138.79
Zn2IrOs2SeK2Cu4,고온,6,76.97,4.7,8.58,5.76,14.03,144.83
Ta2GdSi,합금,3,94.78,2.4,8.27,82.7,12.09,3.44
W3AgMg2,합금,3,104.03,1.6,9.03,146.63,13.88,5.59
Mg2TiNaRhIn2,고온,5,87.78,2.5,4.05,13.58,8.53,116.79
PdHo,합금,2,164.17,3.0,5.32,103.89,9.43,13.31
Ge3V,화합물,2,46.73,4.4,2.07,35.61,1.83,7.08
H2Pb4CrSr2,화합물,4,82.97,4.8,3.31,26.39,9.29,3.12
N2Gd3Os4,합금,3,156.97,3.9,2.46,35.47,0.89,7.69
Ti3MgTm4,화합물,3,104.8,2.1,11.5,18.77,8.12,2.33
Mn2Sr4,화합물,2,116.87,5.5,2.09,26.7,5.67,19.24
Ag3Ho2SrPdRh4,고온,5,56.56,3.8,6.75,8.77,13.45,33.8
Mg2Os2B2,화합물,3,77.75,4.2,10.15,16.42,9.42,4.6
Rh2S2NiHg,화합물,4,103.2,2.6,3.51,16.31,3.28,8.66
As3In2,화합물,2,43.32,2.0,13.88,23.28,11.86,12.53
Ag2Th2H4,화합물,3,114.13,4.2,8.62,46.51,3.25,9.56
Zr3USr,합금,3,154.45,2.1,10.08,60.26,9.37,0.0
Bi4Gd3,화합물,2,134.82,5.3,6.8,32.1,10.89,14.74
O2,원소,1,129.64,5.0,15.69,27.63,5.82,9.71
Mn2Rh2,합금,2,40.08,5.3,15.48,105.12,7.63,6.18
Al3Na2Ru2,화합물,3,28.8,5.7,4.58,25.65,13.95,8.03
Ca3TmTa2Eu,화합물,4,83.71,3.8,2.88,23.27,9.83,5.66
Cu2,원소,1,38.1,2.0,9.75,123.08,8.08,2.99
V3TaZr2,화합물,3,74.94,4.8,13.65,16.41,6.48,4.18
CsCaRu,화합물,3,71.23,4.8,12.21,15.97,9.51,21.77
Zn3,원소,1,210.14,1.0,3.47,362.49,3.71,7.31
LiBi2O4Tm2Y,고온,5,87.25,5.0,8.15,13.27,2.06,119.12
CsMnYb,합금,3,150.67,4.9,11.85,55.86,12.63,7.55
Y3Sb2Co3Eu2ErAl3,고온,6,48.97,1.6,6.9,9.63,14.68,148.63
Sc3,원소,1,172.15,5.0,18.49,28.31,9.51,5.62
CaYRe2Na2IrB3,고온,6,88.4,2.7,4.96,1.54,6.67,53.92
Fe4,원소,1,225.08,5.0,16.17,357.75,6.57,5.3
RhIn2Er2Te3Hf2,고온,5,71.77,4.3,4.96,10.99,12.42,117.34
CaSr2,화합물,2,26.49,3.6,2.37,6.47,7.15,55.94
Os4Sm2GePb3,고온,4,33.95,5.0,4.07,9.49,5.33,127.49
Sr3Ni2Au,화합물,3,10.23,4.7,10.89,23.59,14.52,33.45
Pt,원소,1,112.25,5.0,6.56,28.84,2.78,7.85
Sm3Cr3RbSi2,고온,4,61.09,5.3,6.0,14.68,14.16,40.86
Tb,원소,1,190.9,5.0,6.92,231.0,4.37,10.93
Ca3Au3Tl2BaGa,고온,5,43.63,1.8,4.84,10.3,4.09,132.68
Si3,원소,1,48.37,4.0,7.16,34.77,2.39,3.58
YF3,화합물,2,146.12,3.2,12.13,35.21,12.32,10.76
V2Sb,화합물,2,30.41,2.0,7.02,38.14,11.67,16.76
Rh4Hf4Fe3,화합물,3,74.12,2.9,1.66,10.33,13.23,10.31
RbC2Th,합금,3,172.02,2.2,7.62,144.43,9.37,0.01
AlMg2Lu2Nd,고온,4,86.51,2.4,8.5,3.8,11.22,92.19
WP4CuPrH,고온,5,96.45,2.5,3.62,8.85,9.86,100.71
BeB2Cs3PPb,고온,5,59.92,5.9,6.43,4.07,0.67,129.33
Yb4BeMg,화합물,3,94.08,3.8,13.96,47.73,13.68,12.74
VZrFe,화합물,3,103.46,3.1,7.34,22.7,0.3,5.65
Pt4Yb,화합물,2,55.27,4.6,1.66,27.23,11.29,3.7
Cd2K,합금,2,134.39,1.9,7.9,21.48,4.04,1.24
Ga3Eu3SbCu4Pr,고온,5,42.3,5.8,7.19,13.59,12.49,133.17
MnTi4,화합물,2,80.26,5.9,5.55,6.15,4.42,8.75
Rb3ZrU,화합물,3,140.68,3.7,5.32,18.83,1.78,5.21
Ti3Pb3Ho2Th,화합물,4,68.46,3.8,5.78,43.84,8.58,12.87
Tb4O2TaS2,화합물,4,24.6,4.3,10.86,34.86,13.28,8.35
Ga3Pd3HoV2,고온,4,67.25,2.3,4.34,11.16,5.14,88.52
Sr2AuBe,화합물,3,126.26,2.6,9.99,11.58,11.86,5.35
Ir2HgCdTb,화합물,4,49.64,4.4,11.52,25.3,14.92,24.13
Dy2InTi2Pt3,고온,4,69.07,3.5,7.91,4.13,10.0,131.93
Sr3Gd2Y4,화합물,3,144.98,2.5,1.88,30.22,14.55,14.98
N,원소,1,218.18,3.0,5.03,395.17,0.73,0.0
SbEu3,합금,2,84.08,2.6,10.85,31.77,9.24,10.38
N,원소,1,184.16,3.0,12.27,294.59,3.26,2.47
HgSn2TlTm2,화합물,4,11.19,2.9,12.59,43.22,13.94,6.21
Cd3Tm2SrN2UZr2,고온,6,60.07,2.5,3.17,5.48,9.92,73.99
Be2ErDyNb,화합물,4,85.16,4.9,11.39,12.01,4.61,8.38
K2YbP3,화합물,3,78.2,5.7,2.76,40.87,12.89,17.62
AlBeY2WSc2Mg,고온,6,127.99,4.2,4.09,5.18,1.12,92.03
Cd3HgRu3Co2Hf,고온,5,65.54,4.2,3.89,7.22,2.74,61.06
Cd4Nb2KEu2,화합물,4,80.98,1.6,2.58,7.08,11.68,29.22
Ge2Te4Tl3,합금,3,25.07,5.8,2.34,73.67,12.73,8.48
Eu3Au2Al2,합금,3,45.49,5.1,11.92,21.54,2.66,5.02
Re3,원소,1,44.36,3.0,11.17,202.45,8.91,5.72
Sn2F2Y4,합금,3,85.45,4.8,6.52,20.38,3.09,8.58
Bi2CoZn4Ru3,화합물,4,84.35,5.9,8.43,7.85,9.67,7.26
NdTm4MnPb2,화합물,4,38.97,4.6,8.14,49.77,3.75,7.24
Ag2,원소,1,33.74,3.0,3.06,279.63,8.26,4.65
NdPr2,합금,2,124.98,4.6,2.95,54.9,8.02,7.27
MnH3Li4,합금,3,40.81,3.2,5.8,96.06,14.26,4.34
TiTb,화합물,2,148.9,4.9,2.88,38.61,2.36,14.51
CdK2Sc,화합물,3,156.07,2.9,4.56,25.0,3.23,13.19
Cd4MgZr3Au,화합물,4,30.41,1.5,3.74,13.28,9.26,6.69
Ru2ZrC,합금,3,108.41,2.7,2.42,11.58,7.3,0.79
CeSm2Zr,화합물,3,87.27,4.8,8.17,40.83,7.28,13.99
SbAs3Y3,합금,3,178.78,2.5,7.85,132.55,8.2,3.64
OFBi,합금,3,89.62,2.4,6.82,77.46,12.28,0.15
W3Re2AsCe4ScPr2,고온,6,116.93,1.8,8.97,8.17,10.87,93.83
HCsAu3,수소화물,3,16.12,2.7,6.59,48.9,2.95,146.19
F4Lu,화합물,2,83.56,2.5,11.58,33.41,13.07,0.6
PIrPb2K,고온,4,66.17,1.8,8.83,3.87,11.32,129.12
Ag2S2GdYb2,화합물,4,145.03,3.8,11.13,39.57,12.03,5.67
C,원소,1,10.72,5.0,4.47,93.5,6.02,4.15
O2Re3,수소화물,2,56.12,5.1,2.07,35.86,11.92,216.32
Al3Ru3Re3,합금,3,131.06,2.2,13.75,52.82,6.15,1.57
Pr3Gd3,화합물,2,143.34,5.1,9.29,8.82,9.11,2.77
Mo2Ho,합금,2,91.77,3.7,9.62,51.77,14.66,6.54
Bi2Yb2Ho2,화합물,3,100.39,2.9,1.79,33.35,6.41,5.92
Ag4PAl,화합물,3,86.01,2.3,6.81,32.12,0.44,6.2
GaMo4Hg,화합물,3,84.7,5.1,5.24,19.7,5.53,6.8
ScZn,합금,2,50.22,5.5,10.26,90.84,13.31,16.6
P3NHTm,화합물,4,36.44,3.9,6.49,44.27,9.14,1.68
Sb2Pd2In,화합물,3,91.55,2.5,6.57,17.67,9.73,16.87
Yb2TbMg,수소화물,3,42.45,2.6,2.19,10.35,12.29,213.88
Si3K4Rb4Ce,고온,4,127.73,3.8,7.59,1.64,10.12,117.41
HoCr2Sm3,화합물,3,39.47,3.6,14.0,1.82,14.43,29.12
Hg2Tl,합금,2,88.31,2.8,8.03,47.7,4.22,0.0
YW3CuC,고온,4,112.31,5.4,5.89,4.8,8.05,143.05
FeCu3,합금,2,31.01,3.7,15.16,91.07,11.59,7.28
Cs2MgC,합금,3,78.89,4.7,10.97,12.62,1.91,0.27
OsGe,화합물,2,48.34,4.1,9.45,38.86,8.7,20.08
Zr3BiTi3Rh,고온,4,129.6,1.5,7.1,13.25,12.73,126.61
Ba3Mg2V,합금,3,171.56,4.1,2.52,6.67,3.07,7.27
SeCa4,합금,2,63.0,2.6,10.16,38.35,2.47,3.15
HSr2Sm3,화합물,3,152.48,2.7,6.61,8.94,7.05,3.68
PbRu4Ga2,합금,3,45.31,4.6,8.88,143.72,3.85,5.13
InC2Th2,화합물,3,76.47,4.6,10.36,30.82,8.91,10.44
Ta2Pr3,화합물,2,45.0,4.1,5.37,32.62,11.02,37.59
Co3Pb2Pr4Zr4,화합물,4,88.25,5.8,5.45,15.14,6.63,7.78
Y2Rb3,합금,2,33.66,4.6,13.45,135.74,7.4,14.94
CeZr,합금,2,22.75,5.8,13.69,131.26,11.93,12.49
Au3Zn2B2AgCr4Tl2,고온,6,94.72,5.4,6.0,11.3,12.36,128.73
W3FHfLu3N2Mn4,고온,6,133.7,1.5,3.66,13.94,12.03,63.4
As4Rh,합금,2,29.0,5.5,14.44,87.09,3.74,6.31
Pd3Dy3Tb,합금,3,99.04,2.0,12.02,148.97,7.46,9.82
Ta,원소,1,117.19,3.0,9.4,272.23,6.7,2.97
ErNaTm,화합물,3,93.7,5.8,7.4,44.07,4.63,8.85
Be3Mn,화합물,2,29.58,2.9,2.07,22.1,12.31,19.71
Se3Cu,화합물,2,24.14,1.7,13.98,49.96,8.52,1.19
Eu2NaCr3Nd4,화합물,4,151.31,5.2,9.44,39.96,10.97,16.63
VSrTe3,화합물,3,14.35,3.7,12.56,25.99,12.77,5.68
STe3Mn2Dy2In,고온,5,38.0,5.0,3.13,7.14,8.81,106.31
Ni,원소,1,167.82,2.0,10.94,142.35,7.28,0.36
Pd2HgCd2,합금,3,52.69,4.0,11.23,101.7,12.31,4.93
Sm2,원소,1,227.14,4.0,13.32,261.26,2.57,2.68
Ho3GdCd2Mn4Ga,고온,5,86.7,3.0,8.35,5.65,3.97,51.54
Sm4Os4ReTh,고온,4,58.77,1.9,4.69,9.79,3.27,71.87
Ho4Be3HTb,화합물,4,38.35,5.2,4.69,18.76,10.76,5.46
Ru2Hg,합금,2,85.56,5.4,4.41,140.54,4.68,2.62
Rh2Tb,합금,2,89.64,5.8,14.0,21.53,11.98,3.61
Ag4CeCaBi,화합물,4,63.1,3.9,2.6,9.64,14.4,19.2
Au4Re3Pr3,화합물,3,17.39,2.6,5.01,12.57,4.71,3.71
ScY4,합금,2,33.35,3.2,12.24,68.83,14.21,5.75
Cu,원소,1,180.99,3.0,20.82,99.32,9.2,4.33
Na3Tb2Ba2CsRbCd3,고온,6,118.65,3.1,7.9,11.13,2.6,117.03
Ti4LaAs4,화합물,3,130.51,4.7,8.37,3.77,0.11,10.53
Rb3Pb4Re2,화합물,3,17.97,5.1,10.02,9.99,5.07,9.09
OPr4U2,합금,3,120.45,4.6,14.04,147.63,7.51,12.07
H2Y3Ir2N3V,고온,5,93.23,3.4,5.44,11.07,13.69,123.68
Ir4Ca2,화합물,2,115.64,5.4,13.6,36.39,1.22,7.4
ErWGd3NdH3,고온,5,72.84,3.0,7.73,3.68,12.52,39.68
NiO2Nb,화합물,3,116.79,2.5,9.36,3.05,14.68,8.96
C3Hg4CsTe3Pr3,고온,5,66.4,2.8,7.76,2.03,11.55,132.42
AgIrTh2PrPb,고온,5,128.23,5.0,6.99,14.86,14.75,150.78
NaSPd,화합물,3,123.86,5.3,7.9,47.31,3.82,6.12
Ca2C3NdGe3Zn2,고온,5,34.01,4.1,3.1,10.92,8.01,44.9
H3MnPb4,화합물,3,59.04,4.2,7.42,3.14,8.2,9.23
Bi2NAg4Na2,화합물,4,22.94,2.1,5.17,4.76,11.85,4.92
Ba2,원소,1,177.79,3.0,17.67,76.34,4.12,0.0
Nb2Y2Al2Rb2,화합물,4,56.21,4.3,4.98,20.79,3.05,3.48
Nd2Cu2Sc3B,화합물,4,30.01,4.8,6.94,39.62,3.7,21.37
Pr4Cd3TeHg3ScSb2,고온,6,130.17,2.2,3.65,3.83,7.62,133.64
Rh3Sb,합금,2,66.23,5.8,8.95,29.44,13.41,23.05
Rh3P4,화합물,2,143.42,2.2,8.74,4.6,0.52,7.33
Zr2Cr4Ti2,합금,3,171.47,4.9,8.92,63.35,12.66,4.99
Se3Ir4Er3,화합물,3,33.24,4.7,12.13,47.36,1.14,6.47
ReNa4,합금,2,81.68,3.7,8.57,136.4,5.5,4.76
O2Co2Li3Yb3Ru2,고온,5,114.16,2.0,7.9,5.17,1.39,132.4
K3Sn3,합금,2,87.68,4.1,6.75,78.87,2.47,5.18
Nb4AlMnEr2,화합물,4,76.97,3.5,10.77,41.93,6.7,11.74
PtBe3Nb2MnAlLu,고온,6,77.77,4.0,5.57,4.63,12.07,41.45
ZnW,화합물,2,153.29,4.1,4.65,32.11,8.07,5.29
Zn3,원소,1,219.16,2.0,11.41,17.93,5.71,1.15
Ir3Ta2K,화합물,3,129.72,2.9,9.36,6.6,0.1,7.9
PrLa,합금,2,89.56,2.9,13.71,146.59,6.49,3.39
Hg3U4,수소화물,2,4.95,2.8,1.21,12.8,1.55,159.59
U4F,화합물,2,147.96,5.0,9.56,39.52,5.56,18.34
Ir3NbRh3,합금,3,100.43,5.5,3.39,144.96,0.78,8.42
Te2ScPrTa,화합물,4,155.56,3.6,6.64,47.96,8.39,9.48
Pt2,원소,1,36.98,5.0,14.76,145.79,0.56,0.68
F4Cd2Bi3NdBa2Re,고온,6,67.91,4.4,4.29,3.22,9.14,55.01
Nd2AlHo4Rb2NbTm3,고온,6,86.43,1.8,8.26,7.1,2.43,58.46
Mn3Hf2Os4Sm2Ba2,고온,5,90.37,3.6,8.11,7.62,6.23,84.81
InHHg3Ca,화합물,4,31.51,3.1,5.51,17.01,0.58,13.35
F2Sc,화합물,2,14.18,2.0,2.7,47.46,14.61,14.15
Zn,원소,1,72.59,2.0,7.95,225.18,2.77,0.3
Tb2Os2Ba2,화합물,3,158.9,2.6,1.78,35.85,0.14,2.18
VSm3Cd,화합물,3,97.57,3.6,1.8,14.87,7.29,3.02
Sb2Cd3SeLu,화합물,4,120.92,3.9,9.89,0.76,8.75,21.09
ErDyCeHf2Mo3Na,고온,6,65.61,2.5,6.08,5.67,9.53,103.61
ZrNb3Te3,합금,3,69.59,2.8,11.23,105.03,11.91,14.49
Te,원소,1,226.98,3.0,21.27,48.4,1.27,6.75
Tb3,원소,1,181.18,3.0,1.73,371.04,9.11,0.0
CdNd,합금,2,147.01,2.1,9.69,117.71,0.54,0.0
Si3,원소,1,189.09,3.0,12.05,286.96,8.05,0.0
Hf3Sc4,화합물,2,137.98,4.3,11.91,43.7,11.13,5.41
FSiZnPr,화합물,4,41.74,3.9,12.99,31.2,13.11,1.84
U2Ca3,합금,2,164.43,1.9,12.35,17.99,6.69,5.47
RbMo2Pb2TaMn,고온,5,56.67,4.3,6.58,13.7,8.84,164.89
O2Si4Ru4,합금,3,123.65,5.4,7.99,69.19,13.4,5.39
SrErHo2,화합물,3,93.99,2.5,10.02,30.52,9.75,3.86
SiCd4Re2,화합물,3,19.6,5.5,10.6,26.49,10.22,10.04
Ba2TaSmGd,화합물,4,132.36,4.0,3.87,46.52,0.25,10.0
C3CoNaW2Te4,고온,5,59.63,2.3,6.62,2.32,11.46,112.45
Ca2,원소,1,214.76,4.0,15.15,63.04,6.1,2.41
RbY2Co2,화합물,3,139.86,5.7,7.65,33.0,0.5,9.42
PdZrPt4Ba3Cd2C4,고온,6,49.74,2.3,6.38,5.17,3.72,36.68
Ir3Er4Nd4Mo2,화합물,4,48.05,1.9,5.72,20.14,6.36,10.38
NdV2,합금,2,43.95,5.1,11.24,68.48,6.32,15.52
TiFe4,화합물,2,92.77,6.0,3.07,12.07,4.59,3.41
ReZn2Nd2,화합물,3,83.61,2.7,6.01,25.43,12.38,12.98
DyCsPt2Mn4Be,고온,5,122.71,3.2,4.27,2.58,12.7,88.77
Zr3,원소,1,231.13,2.0,13.83,76.78,1.94,0.0
Tb4,원소,1,74.83,5.0,9.28,351.21,2.41,12.72
RhCd3,화합물,2,145.0,5.3,9.07,17.56,13.65,12.4
Al2Au2,합금,2,125.09,3.1,14.28,28.51,7.82,7.97
SNi3,합금,2,146.34,5.3,10.47,10.4,13.38,6.02
ErSbB,합금,3,56.21,2.7,8.54,7.78,6.89,0.0
Sn2Ce2,합금,2,177.95,1.6,15.64,50.32,7.74,14.04
Zn3Si3Nd,합금,3,114.6,4.5,13.17,98.2,4.36,15.63
MnGeTm2Dy,고온,4,127.32,4.7,6.03,6.39,5.55,67.11
Zr3Yb2,합금,2,177.9,5.1,13.88,64.94,7.99,1.81
Y4La4Ni,합금,3,23.29,2.1,13.63,126.47,3.92,0.0
PrV2,합금,2,130.47,6.0,12.02,67.21,1.75,21.74
PN4Er2F3Cs4,고온,5,58.68,2.6,5.41,6.24,0.93,51.08
Ti2ReRb2In2Te2Zr2,고온,6,102.54,3.1,4.53,9.07,6.25,94.18
Th3Li2Lu2O2,고온,4,123.61,4.3,7.76,12.5,9.6,166.05
MnTaCr,합금,3,132.76,3.5,8.58,144.08,4.69,0.79
TlW3Na3Ca2,고온,4,33.34,5.1,7.13,8.18,8.07,76.04
Cd2Al2Eu4Er3,화합물,4,65.46,5.5,1.75,28.38,2.98,1.99
AuCr2,합금,2,143.89,3.3,11.31,125.86,1.81,15.72
Zr3UPd4,화합물,3,111.63,3.1,3.62,42.71,10.72,2.61
Rb4Pb2Cu3Re2Ag3,고온,5,31.03,5.8,6.34,10.09,11.05,103.68
Nb2Ho3NdGe3Rb,고온,5,136.19,2.9,4.9,5.54,10.37,119.81
BiTiGaH2SiFe,고온,6,89.05,2.3,5.24,4.34,8.57,115.67
Rh2Mn4NaBa2Cs4,고온,5,107.93,5.3,4.15,14.6,12.43,61.39
MgNa3,합금,2,157.77,4.5,13.76,74.13,5.51,5.78
ThW2,화합물,2,59.5,5.6,6.05,5.66,2.99,10.88
Ta,원소,1,163.22,4.0,12.64,78.23,2.23,3.21
Re3Au3HgInW3,고온,5,31.27,3.8,7.74,1.17,14.64,41.74
Os3Hf2Tb3,합금,3,88.05,1.7,11.92,34.81,6.95,4.97
Ta2FN2Ag3Au,고온,5,42.02,4.6,3.28,7.11,9.53,113.07
Tm3Cs4CdV3,화합물,4,92.71,2.3,12.49,27.29,10.15,19.31
Ru3Si,화합물,2,105.07,5.2,13.69,18.82,7.61,40.23
H,원소,1,208.94,2.0,17.79,295.66,4.94,0.65
P2Ce,화합물,2,14.28,5.2,5.85,9.42,8.15,12.3
Mo4Te2Ti4N2Cr2,고온,5,78.82,3.8,8.26,12.26,14.73,129.27
Nd2,원소,1,130.12,4.0,15.93,90.7,7.33,8.1
Ru3Tb3Er2,화합물,3,113.79,2.7,13.73,44.63,1.78,11.47
Hf2,원소,1,96.15,4.0,7.61,2.06,3.96,0.44
Sr2TbSc2,화합물,3,90.56,4.9,8.37,47.51,8.69,11.77
UAu,합금,2,47.04,4.3,4.7,40.01,0.35,2.82
S3Cr2,합금,2,169.42,5.1,8.77,109.4,6.04,5.96
Nd3La3Ir3ErEu2Th4,고온,6,46.71,5.9,5.84,6.79,9.04,161.64
Ho3Mo,화합물,2,126.1,4.2,11.03,47.12,7.82,35.48
Mn2Co3,합금,2,148.58,1.8,15.26,86.17,3.9,7.41
Ho2Er,화합물,2,15.54,1.6,10.42,5.43,8.39,2.32
Co3Tl2V2,합금,3,166.25,5.5,6.65,43.41,1.2,5.01
Lu4Mg3Ce,합금,3,101.37,3.0,6.1,10.02,1.23,0.56
ReTlInMo3,화합물,4,59.06,5.6,6.24,45.01,7.37,5.98
InTh4,합금,2,23.6,2.4,10.94,68.69,3.84,1.64
Ti4Ni3Gd,화합물,3,53.97,2.6,8.83,38.05,14.42,35.54
Pd3Bi2Sm,화합물,3,125.19,4.9,1.64,13.6,7.12,5.66
TiSr2Nb3Tm2,고온,4,126.91,1.9,5.8,13.5,1.63,143.88
Rh2Nd2Ga3NiSb,고온,5,91.6,3.4,4.45,2.72,6.69,104.33
HfDy,합금,2,145.4,3.0,5.81,12.41,8.04,3.09
P2Rb2,화합물,2,58.53,3.8,3.71,9.36,11.34,4.61
W2FCs3N2,화합물,4,56.57,3.8,6.62,12.81,0.88,20.43
Gd2Cu2,합금,2,93.71,3.3,8.99,71.88,7.7,2.75
PdRuW4NbAuZr2,고온,6,52.78,4.4,5.91,7.75,5.14,99.82
Pr2Ti4Ge2Cs4,고온,4,139.09,3.6,8.55,8.43,12.48,85.05
Er3Sc3H2,화합물,3,127.67,1.9,2.8,32.18,5.52,15.78
Ga4Ca4,화합물,2,15.48,1.9,8.66,43.67,0.15,23.29
C2,원소,1,83.8,4.0,18.43,260.14,8.15,5.95
RbCe3Th,화합물,3,62.04,4.8,6.81,9.51,7.94,7.29
LiY2Pb4Ho4Lu2In,고온,6,102.08,2.2,3.2,4.65,5.21,61.28
As2Y2P,화합물,3,91.05,3.6,12.88,18.17,3.7,2.62
TiZn2,합금,2,53.39,4.2,2.15,44.74,5.6,6.79
Au2Tm2Ti3Ni,화합물,4,107.73,2.3,7.01,26.42,2.52,7.5
W3In2Cs,화합물,3,108.2,4.4,5.53,2.21,11.17,13.54
NdSiEr3,화합물,3,36.97,5.0,4.65,30.83,13.97,11.9
Mg3Nd4GaYb,화합물,4,22.03,1.8,7.41,20.38,5.95,5.47
MgPb3,화합물,2,23.08,5.9,1.75,12.75,1.8,17.38
RhCd2U2,화합물,3,50.01,5.4,10.87,40.32,2.55,10.38
La3MnCsPLuRu,고온,6,108.03,3.3,7.71,2.55,7.94,64.87
Li2,원소,1,40.54,1.0,9.24,58.02,9.69,1.46
Mo2NYb2GaW2,고온,5,136.22,3.2,5.64,11.56,1.84,56.57
Si4Ca2Ag,화합물,3,83.49,4.1,10.66,17.22,0.38,7.02
Gd2Mn3H2,화합물,3,100.75,4.3,7.58,38.9,5.28,14.77
Ca2As4ScBa4O3,고온,5,66.38,5.9,4.98,4.02,7.26,100.34
Co3W3,화합물,2,138.56,5.0,4.17,14.11,10.96,8.1
BeUIrZrGd4,고온,5,63.61,5.5,4.1,2.08,6.5,77.27
FeRu3,합금,2,75.15,4.3,6.36,133.74,8.6,6.58
Zn4SnLu,합금,3,126.78,5.5,15.93,19.26,8.35,6.39
NEr2Sc2,화합물,3,155.33,4.5,4.35,23.3,4.65,24.59
Co4Y2HgMnCa,고온,5,35.44,2.7,5.03,2.08,11.45,58.65
Sr4Ho2Tm2Cu,고온,4,50.15,4.4,6.19,2.73,8.04,73.92
ScAlMg3,화합물,3,144.7,4.3,13.18,6.82,0.79,17.78
BCaNa,화합물,3,66.27,4.0,1.59,5.99,2.38,5.01
ZrY,화합물,2,65.85,3.2,13.4,0.85,14.14,4.82
P2Ce,수소화물,2,54.81,2.0,1.43,9.83,5.67,270.53
Fe4Ta3Zr2Be3,화합물,4,61.26,2.4,5.35,8.25,14.04,10.6
USm4Dy4Hf3FeRu,고온,6,63.18,4.4,6.44,11.65,0.4,145.8
Ir3Cu4HfAu3,화합물,4,131.9,4.3,4.64,42.83,2.54,13.23
HoRb3,화합물,2,45.07,5.6,2.52,35.33,0.33,2.92
MgHg3,화합물,2,154.25,3.2,9.7,4.32,2.11,2.45
Ni2Te,수소화물,2,14.69,3.7,5.11,57.88,0.38,113.97
Cr2FPt3Zr,화합물,4,158.99,2.2,9.1,43.57,5.72,0.99
Ga3PtYb2TiRe,고온,5,139.56,2.3,7.92,11.58,11.67,128.95
Se4,원소,1,188.16,4.0,14.11,311.09,8.81,5.79
Y4N3Ru2,화합물,3,38.9,3.9,6.44,17.88,9.49,5.81
Ga2Si2GeB3,화합물,4,119.79,3.0,10.1,37.72,8.01,7.46
K4Fe3Mg3GaU,고온,5,94.48,5.6,5.99,2.29,0.82,143.34
La2Mn2GeDy3Mg2,고온,5,99.8,3.9,3.32,9.42,6.04,123.11
Ho,원소,1,34.87,4.0,18.45,117.4,4.27,1.57
Ag4,원소,1,71.75,3.0,0.92,355.2,9.58,0.0
ZrIr3Li4Zn2,화합물,4,49.49,4.4,3.4,48.66,2.04,6.63
Tb3,원소,1,39.3,4.0,6.84,144.9,8.07,5.78
HgPbSc,수소화물,3,45.14,4.9,7.74,61.51,2.44,269.47
CaZr,합금,2,178.17,4.5,2.86,27.63,10.03,14.55
Os2ThPr4Pt,화합물,4,79.64,3.0,5.2,20.97,10.46,4.67
Sc,원소,1,34.61,4.0,7.05,201.49,9.91,7.57
K4Cr,화합물,2,137.2,5.1,13.38,6.82,1.11,18.78
Nb3Nd2BeHo,화합물,4,102.09,2.3,11.9,22.35,8.78,4.37
Cr,원소,1,27.01,3.0,19.44,195.94,0.77,5.84
MnAu2,화합물,2,103.91,6.0,7.46,12.41,3.74,16.04
Ge2Sn3Ca,화합물,3,144.7,5.5,8.36,34.71,10.19,11.51
HBe3,수소화물,2,8.49,3.6,3.01,31.15,10.78,270.69
AsOs4,합금,2,74.86,5.2,2.68,147.44,11.04,9.49
Pb3GdTb,화합물,3,28.09,4.8,13.0,46.59,3.67,15.43
WV2,수소화물,2,45.22,5.3,5.0,69.32,0.48,159.25
Nd3PtCdH3,고온,4,72.7,5.7,4.42,3.8,4.42,103.46
Li2C3,수소화물,2,34.6,5.5,6.45,40.66,9.47,103.26
Se2Te3Ca2,수소화물,3,50.65,3.7,6.83,24.0,13.81,230.31
BVNa4,화합물,3,50.24,4.3,12.18,24.7,6.28,4.82
AgRh3Zn2,화합물,3,101.2,4.4,3.06,29.61,10.79,12.63
U3Ga2C,합금,3,97.2,5.5,8.26,86.06,6.25,6.16
Ce3FSm,화합물,3,51.08,5.9,3.68,31.15,4.31,7.18
Nb2HgY2Hf2Eu3,고온,5,122.61,3.5,6.64,4.41,3.09,91.45
KCa3,화합물,2,102.97,5.8,4.55,24.84,13.58,9.73
TaFIn3,화합물,3,101.24,4.4,6.38,12.52,3.15,8.62
Ru3ErNdThLiRb4,고온,6,37.71,5.6,6.48,13.7,1.88,76.33
Ag3Fe3,합금,2,76.61,3.9,7.97,108.87,11.56,0.0
Hg2GeLi2IrLu,고온,5,63.99,5.5,5.17,1.36,7.34,151.29
NbBe2Ni,화합물,3,96.28,5.5,5.41,26.57,11.78,22.04
TmBe4Mn,합금,3,79.89,1.7,5.1,85.19,4.62,0.0
Sr4U4Ga3Na3TiCd3,고온,6,105.74,2.5,8.76,10.39,0.17,155.08
Sb2Nd2Si4,화합물,3,31.42,4.5,3.54,30.13,3.21,10.22
Mg2Pb2HfB4Er,고온,5,54.87,4.9,3.92,12.64,11.85,74.47
S3Re,화합물,2,137.73,5.5,8.78,48.96,5.58,6.0
Pd2Zn3Ag2,화합물,3,67.99,3.9,4.12,2.88,1.39,12.47
Pd3TeGd2Y2,고온,4,65.59,4.4,7.16,9.9,2.78,58.89
Ce2Se2Pd2,화합물,3,117.39,5.8,6.6,1.13,2.01,8.57
MgAu4W,화합물,3,146.31,2.0,6.78,19.09,13.39,3.36
Gd2U2,합금,2,173.97,2.2,10.87,18.04,5.89,0.26
MoRb2Tb2C3,고온,4,88.2,2.6,5.24,2.58,14.11,64.08
Sm,원소,1,87.04,2.0,12.49,331.58,3.82,3.46
Dy3C2Se4NaTe4,고온,5,33.57,1.9,4.66,7.36,7.75,146.22
SbIr4Nd4Hg2,화합물,4,132.51,3.7,10.63,32.25,11.28,6.22
BiN4,화합물,2,139.74,5.1,8.27,26.23,6.92,7.06
Ag2Ce3V3Sn4Cs3B3,고온,6,106.98,4.9,3.03,12.06,2.51,82.81
Hg2Na2Lu3,합금,3,30.58,5.8,10.62,117.52,14.16,9.52
Ag3As2Hg2Mg3,화합물,4,18.4,4.7,10.81,15.85,9.67,20.9
C3Os2Dy3Tb,고온,4,87.38,4.1,7.12,8.63,11.9,40.59
Na2Re3ErBe2,고온,4,66.19,5.5,4.45,8.69,7.17,106.34
Hg4N4,화합물,2,137.92,5.7,2.24,7.44,4.02,9.04
ThBa2C2Zn3,화합물,4,119.69,4.1,10.93,18.5,2.26,12.06
Tm2Pd2Cd2Rh3SOs3,고온,6,137.84,1.8,5.52,11.52,3.7,114.27
Tb3LuPtV4H4As,고온,6,98.41,3.3,5.95,12.88,2.18,129.28
Ag3Sn3Hg3Mo,고온,4,53.87,3.5,7.39,4.04,8.61,130.96
N3OTl2,화합물,3,76.83,6.0,9.16,21.24,4.35,6.56
Ge2K,수소화물,2,22.82,4.9,6.37,65.74,14.98,169.13
Tm3Re3,화합물,2,101.74,4.3,2.84,31.31,11.75,2.54
Cu,원소,1,100.55,5.0,18.78,395.45,4.56,8.12
CoNa,화합물,2,154.08,1.6,4.61,42.8,1.08,2.46
TiO2Be,합금,3,71.65,4.6,3.19,42.99,5.78,4.87
SeYbSi,합금,3,42.66,3.0,13.14,7.03,12.75,1.73
Sr2Ca3Si2,화합물,3,57.13,2.6,8.36,6.04,4.06,14.45
Cr2,원소,1,72.95,5.0,19.19,161.05,4.14,6.28
HgKMoPd3,화합물,4,125.29,2.4,2.28,47.17,11.03,7.41
Ag,원소,1,161.23,3.0,18.08,221.75,8.44,0.0
As4Pr3Ba,합금,3,53.17,3.3,8.86,86.39,6.03,0.77
Pb3Au,합금,2,97.11,2.8,14.64,72.27,4.53,1.89
Yb,원소,1,222.78,1.0,19.21,76.13,8.2,0.0
YbIr,합금,2,45.39,5.9,4.6,144.61,7.39,10.5
Rh2Al2Ba4,화합물,3,31.48,5.9,5.73,41.97,14.59,7.98
Be3AsNd,수소화물,3,27.33,2.6,5.14,63.5,1.05,250.88
PbCa2Cu2P2Sn2Li,고온,6,65.99,3.5,3.67,4.6,1.61,142.91
Gd2GaMo3F3P,고온,5,109.78,4.2,7.42,3.66,6.39,72.34
PGa2Zr4,합금,3,118.48,4.4,10.64,114.38,6.39,4.5
TeTa2,합금,2,176.87,3.5,10.89,132.83,14.75,5.9
S,원소,1,85.93,3.0,5.39,377.88,4.24,2.12
Cu2SbMgMo2Nd3,고온,5,39.91,3.8,4.37,2.97,14.45,151.6
Lu2,원소,1,201.88,3.0,14.6,153.2,2.3,1.5
VCr2Co,화합물,3,36.82,3.3,1.79,17.07,0.19,4.28
Yb3P3Cd,합금,3,149.62,5.6,11.15,18.91,0.32,5.31
H3Na2,합금,2,88.37,1.6,10.04,107.9,9.78,0.57
F2H,수소화물,2,55.64,3.5,1.2,41.58,10.51,132.2
Ho3SrCaCOs3Ce,고온,6,114.99,5.5,6.09,2.81,14.31,161.32
LaMg2SrRu3Sm2,고온,5,122.17,4.3,7.03,11.81,4.48,56.68
LiOs3Tl,화합물,3,58.1,5.4,7.42,7.77,6.5,35.18
P2Te2CoDy2,고온,4,119.29,4.2,4.51,9.47,7.88,81.12
Pr4Ni2Rb3,화합물,3,28.63,3.1,12.94,11.37,1.1,0.0
Ge2AsBe2La3YSc4,고온,6,85.02,5.7,8.02,8.18,13.61,63.02
Th4V2,화합물,2,52.18,3.8,3.54,14.41,10.21,32.52
Th2Lu4,화합물,2,38.69,4.0,7.04,45.29,3.02,19.93
Si4Mg2VPt,화합물,4,157.27,5.0,6.28,48.73,3.7,20.99
Se3Th2,화합물,2,140.88,5.4,6.14,47.99,8.69,7.02
MgTh2BiRu,고온,4,48.9,2.2,4.5,5.5,13.72,65.92
AsGa,수소화물,2,43.56,3.6,4.34,18.14,9.6,263.13
Ag4VSi2Cs,화합물,4,55.91,2.4,9.65,37.52,10.46,5.31
V2Ba2Zn,화합물,3,105.17,3.9,4.62,26.47,5.88,4.04
Ca3As2,화합물,2,52.25,6.0,6.97,44.65,12.99,14.68
ZrPbTb4Th3C2,고온,5,136.35,1.9,8.43,7.19,2.09,146.0
Bi4N3As,화합물,3,95.28,1.6,7.99,23.06,13.67,3.35
Fe3,원소,1,157.65,3.0,20.15,10.58,7.02,7.67
Re4WTb,화합물,3,101.61,3.2,12.17,15.25,4.14,55.69
Ti2,원소,1,175.05,5.0,1.38,166.47,7.21,6.37
Ru4Ga2NbPbTa4,고온,5,51.99,2.1,6.39,9.17,10.22,88.28
CCeIr,화합물,3,130.23,1.9,12.05,35.71,13.02,3.3
Mg2Dy,화합물,2,113.42,2.4,5.97,34.26,12.49,2.59
Rb2Mg2Sc2RhZr3,고온,5,53.78,5.7,8.38,7.01,2.12,111.33
Er,원소,1,139.55,3.0,2.77,162.56,7.43,0.16
Na3Bi2Fe2,합금,3,102.04,2.3,13.21,47.87,8.6,5.31
Ce2Mn2K,화합물,3,120.17,4.4,8.11,14.97,8.54,11.41
Zn4C4,합금,2,90.74,3.5,4.25,20.93,4.82,14.25
YbRe3SnIn2,화합물,4,12.5,3.8,6.5,30.9,5.72,7.23
RuC3,수소화물,2,23.73,2.8,6.23,41.95,3.02,232.55
GaTb2Pr4SEr,고온,5,136.44,4.1,5.53,6.47,14.47,92.76
NiPrThSiK,고온,5,130.19,1.9,5.4,11.68,7.35,112.65
CoTeRb2DyNi4,고온,5,76.33,2.2,5.58,14.16,0.15,45.9
Cu3Nd2Yb2Ce,화합물,4,154.39,1.6,6.7,47.46,0.14,5.16
TeEu2Zn4,화합물,3,80.09,3.2,6.7,31.69,9.07,0.94
RhO3,합금,2,116.67,5.5,5.83,24.44,11.87,18.51
Hf3Sm2Bi4Cu3In3,고온,5,81.88,4.5,3.1,3.74,4.58,154.45
Ba2Ti3NiHg4,화합물,4,72.5,3.6,10.71,15.21,1.28,5.6
SmAs,합금,2,158.36,5.6,7.0,40.7,12.56,5.79
U2Pb2Cd2,화합물,3,90.55,3.3,4.41,25.83,3.06,3.65
U2GeZn,화합물,3,56.44,3.7,13.06,37.19,10.39,13.6
W4Si3Mn2Sb2,화합물,4,47.37,3.2,8.38,35.52,12.06,13.34
TmAl2CeP3TlHg,고온,6,113.8,2.9,3.59,2.17,7.43,64.03
Hf2Eu,화합물,2,147.03,1.5,5.04,37.98,14.21,8.65
Mg4Sb3BiPd2Th,고온,5,69.55,5.1,4.88,1.51,7.41,104.0
CaKCu,화합물,3,22.4,2.0,1.67,28.28,8.76,1.81
UGaRhAs3CdSe,고온,6,46.59,2.2,3.49,9.73,12.52,38.96
Li4Y4TmFe2,고온,4,116.34,2.2,3.66,1.31,14.18,152.66
Y2Nd2Sr2Ce,고온,4,94.21,2.8,4.98,1.51,5.82,71.81
Sb2,원소,1,233.94,5.0,16.18,310.48,2.39,3.71
Pr2Ir2Bi4,합금,3,90.58,4.9,6.97,67.57,11.36,21.74
F3V4RhCo3,화합물,4,33.1,2.2,1.54,4.15,1.08,23.26
Ta2Eu4NbY3,화합물,4,111.46,5.7,10.7,16.66,5.87,10.89
Eu2Y,화합물,2,156.76,4.7,2.74,4.8,0.4,7.37
Sn4KIr3PdInZr,고온,6,76.97,3.8,6.22,7.17,12.48,78.31
Cu2Sm3,합금,2,157.0,2.9,8.61,94.04,14.09,14.11
SmCr2Fe2Dy3,화합물,4,146.51,5.2,9.25,42.87,12.05,17.11
Ce3Sn,합금,2,132.45,5.7,4.87,104.38,8.45,11.94
Nb3Au2HfTm3Eu2,고온,5,31.4,1.9,6.38,14.98,11.18,126.73
Er2Re2,수소화물,2,55.51,5.8,2.07,55.28,9.4,201.17
Ce2Rb3,화합물,2,118.46,5.8,2.37,25.29,3.95,12.05
Ru4B,합금,2,89.79,6.0,7.5,87.82,9.28,6.42
RbSmTe4Ca3,고온,4,117.14,2.6,4.95,9.97,2.23,105.14
ReEr,화합물,2,106.48,3.7,10.68,1.82,0.99,7.59
Zn3Cr2Os4Rb4,화합물,4,70.45,2.5,1.64,15.0,5.32,14.31
Mg2AlCa4Fe2Ta,고온,5,104.67,3.9,8.48,2.43,3.9,68.72
SnNb,수소화물,2,47.0,4.9,7.92,54.6,1.74,287.07
BaS2Pd,화합물,3,72.93,4.5,2.29,34.89,8.97,46.38
PdIn2,화합물,2,159.38,3.4,4.81,10.96,8.42,5.76
K2Th3,화합물,2,156.78,5.2,6.92,17.26,11.47,10.05
SmSc3Ni2,화합물,3,25.67,4.7,13.47,27.34,12.26,9.69
Sn3SmMo3Pt3,화합물,4,93.82,1.9,4.27,17.51,9.25,35.83
Se2Yb3Lu3,화합물,3,41.63,5.8,13.88,32.61,6.46,7.62
Gd2,원소,1,33.0,3.0,21.76,375.46,9.85,19.32
ScLi3Zr,합금,3,92.97,5.4,6.98,54.73,13.0,2.86
Mo4Cs4,합금,2,160.76,3.9,6.44,10.14,6.91,2.3
PrPt2Au3In3,화합물,4,58.54,3.5,13.5,2.84,12.3,57.49
Si3Tl2,화합물,2,93.85,4.0,12.68,10.01,14.41,26.21
SmCrCu2,화합물,3,108.67,5.8,5.74,14.88,4.54,4.95
SmCd2Mo3Ta4,화합물,4,88.36,4.9,13.93,3.11,2.08,41.63
Th3Be2Nd,화합물,3,10.32,1.8,10.7,25.11,1.92,21.69
RuAl2YbAg4W2,고온,5,115.68,4.2,7.25,2.04,5.43,67.11
P3Rb2ErMo4,화합물,4,24.41,2.2,5.04,34.19,1.52,10.89
Mo3Os,수소화물,2,37.97,4.0,7.84,36.34,12.25,130.05
Nb2Lu4,화합물,2,75.57,3.6,12.24,35.18,12.37,26.68
Ag2FTbPt,화합물,4,58.67,4.4,13.31,44.4,8.26,13.98
Ce2,원소,1,104.98,2.0,13.71,146.87,4.24,6.49
Ta2Ru2S,화합물,3,24.38,2.4,11.0,43.75,11.28,5.54
SMo4InEu4RbBa4,고온,6,99.8,5.2,8.81,8.06,4.21,92.2
OMo4WCs3Hf,고온,5,50.26,5.6,8.72,8.84,2.21,160.45
LiTl4Sc2,수소화물,3,25.93,2.5,1.27,25.9,12.99,149.33
S2Sn,화합물,2,121.22,2.9,10.6,43.01,0.8,14.95
N2F3Ho3,화합물,3,42.73,1.5,7.56,45.89,2.33,23.39
AuTlSb3Rb,화합물,4,16.64,4.5,6.45,33.22,10.33,8.56
CaCr2In,화합물,3,45.28,5.9,12.59,42.4,2.97,10.58
Fe3Rb2,합금,2,137.55,3.3,13.32,25.22,6.72,9.14
OsHfCd4Sc4SbF3,고온,6,127.05,4.0,3.85,7.14,3.65,108.85
CoReNdTa2,고온,4,110.45,3.1,3.78,9.03,14.0,67.18
Zn2Sc4Nb3Ni,화합물,4,140.49,4.3,13.53,5.03,4.6,12.19
Pt3Ge2Hg3,화합물,3,119.56,3.6,6.3,12.02,5.41,3.02
DyCo2,합금,2,81.33,5.3,2.71,78.68,8.31,6.09
Ag2Y2Tm,화합물,3,57.79,5.8,11.91,41.21,10.69,8.45
Sc3KTb,화합물,3,138.68,2.8,10.94,3.9,9.33,3.71
Ti2Ca4S2Mo3Zn,고온,5,94.13,3.9,7.35,8.95,5.03,93.16
Al4K4,화합물,2,22.66,4.1,9.14,42.7,11.59,9.41
Si3Rh3Pr2,화합물,3,106.2,1.9,7.45,29.86,3.19,27.27
CWHg2Sm,화합물,4,142.9,2.4,4.58,10.98,7.55,4.61
Hf3,원소,1,77.29,4.0,2.03,133.29,7.14,4.31
TmRu3RhKNb3La,고온,6,97.75,3.4,3.89,5.01,0.92,131.82
Cd3K4AgYb2,화합물,4,85.07,1.8,5.13,8.1,2.13,11.11
VCo,수소화물,2,31.03,4.3,1.55,37.37,1.27,134.62
LuCa3,화합물,2,140.46,3.4,5.6,49.39,2.98,5.36
P4Pb3Se2,화합물,3,103.42,5.5,13.41,41.68,14.56,11.73
Lu2,원소,1,8.33,1.0,7.17,14.24,1.68,0.12
Nb2Ca4FeGd,화합물,4,139.67,4.6,3.08,32.14,3.02,11.92
N2Sc2TaNbCr2,고온,5,46.32,2.5,8.1,8.99,1.82,34.1
Pt2P2Tm3Ta,고온,4,117.59,5.6,5.53,9.16,14.28,98.34
Pt3SrU4FeBa2,고온,5,100.09,5.8,7.42,3.79,6.91,44.18
CeDy2Yb,합금,3,110.39,3.6,5.93,35.19,8.53,6.49
Au4P3,수소화물,2,28.0,2.7,5.69,28.24,1.14,155.02
V2Fe,수소화물,2,9.96,1.6,3.78,25.54,13.02,283.14
Hf2,원소,1,79.73,5.0,6.65,308.35,3.03,5.01
In4Bi3Rb2Zr4Cs,고온,5,56.49,4.5,8.44,14.28,1.92,99.06
MoTe2H,화합물,3,151.96,4.2,8.81,32.15,2.23,2.99
CoPt2,화합물,2,136.92,4.4,13.8,7.2,7.92,28.2
Se2Sc2As3,화합물,3,97.96,2.2,3.67,49.71,2.25,0.0
Sr3Al2,수소화물,2,7.3,2.6,2.75,54.03,7.9,144.76
CTi2,합금,2,73.21,5.1,11.74,114.84,9.57,8.31
Pb2Ca2Ir,화합물,3,57.37,2.0,2.11,15.59,10.55,16.27
ThPt3Rh2,화합물,3,13.06,4.6,11.29,26.2,5.02,10.47
HUTe2,화합물,3,33.92,5.2,2.31,19.4,11.86,21.76
SnGe2Sm,화합물,3,23.26,3.2,10.85,45.37,7.13,5.71
Pr2Tb2Co,합금,3,168.22,1.6,2.7,54.14,7.6,0.0
La4PrAs3,화합물,3,74.71,4.6,5.54,16.21,11.2,33.37
RuEu,수소화물,2,19.56,2.2,1.51,62.26,1.37,275.64
HoK3W2Ag3,고온,4,36.19,2.1,6.93,2.57,13.13,130.47
CsIrZrEu2Ba3,고온,5,97.62,3.3,8.76,4.23,3.93,108.37
Sn3Mn2NbS3,화합물,4,150.73,5.1,8.54,17.87,13.81,7.12
Ti2InAgB,화합물,4,98.05,3.9,7.74,17.38,9.65,4.77
Eu2Se2,화합물,2,108.31,3.5,11.71,18.41,7.3,7.74
Eu2,원소,1,127.12,3.0,7.11,93.59,8.31,3.17
Yb4BeBi3KCRb,고온,6,135.98,5.6,7.17,8.96,1.56,162.22
Lu2BiSe,합금,3,143.16,3.6,8.76,138.2,3.8,7.57
Fe4RhSr2GdNi3U,고온,6,114.76,1.9,8.43,11.27,11.0,44.76
BRu3Na,합금,3,145.66,2.7,12.71,145.23,7.62,3.86
Ta2C2Al3Be2Pd2,고온,5,72.69,5.6,5.87,2.55,14.28,95.14
CoCa2Zn2,합금,3,25.93,3.9,9.88,119.76,12.06,0.0
Sb2,원소,1,90.95,3.0,7.19,309.48,6.47,0.0
VN2,화합물,2,115.87,2.9,10.21,5.56,4.99,7.18
VMn2Se,화합물,3,11.25,3.6,5.74,36.35,0.27,20.5
NiRb3SnAs,화합물,4,113.52,5.9,9.77,18.02,6.12,23.25
Ge2MgAs2U2,화합물,4,81.22,3.4,3.09,4.06,2.75,6.72
AsSrZn2,합금,3,131.32,2.4,12.16,33.07,4.05,5.84
HgCs2GeSr2Mo,고온,5,125.24,4.4,7.79,6.19,13.45,72.54
Mo2Tb4F3,화합물,3,114.4,3.6,4.99,34.53,6.91,15.64
Pd2PtMoZn2Cu,고온,5,68.37,5.0,7.54,11.53,8.17,53.78
Mn3B3Nb2Sm,화합물,4,135.05,5.9,4.88,10.53,7.79,17.54
Zr2FRe3,화합물,3,57.7,4.9,10.69,4.0,10.63,20.45
CPr2U3,화합물,3,144.06,5.0,3.17,17.08,12.78,15.13
As4Sn3Lu,합금,3,119.57,5.2,13.88,60.98,13.42,6.16
Hg3Na2Te4Eu,화합물,4,146.25,1.5,6.95,47.2,14.33,0.26
Tb2GeBi4Ca3,화합물,4,101.8,2.7,6.33,10.54,2.08,11.55
Sc3Ba4,화합물,2,139.21,4.7,2.99,27.03,14.9,3.9
Au3PTl,화합물,3,108.84,3.7,8.62,4.18,8.2,19.4
Te2IrV,화합물,3,142.02,5.2,5.37,37.89,1.84,8.33
Cs3,원소,1,64.02,1.0,5.99,158.85,6.57,1.32
OsSmTbRe,화합물,4,15.25,2.9,6.06,43.24,2.31,8.23
Sm3SiRu,화합물,3,38.09,5.9,3.42,47.11,10.29,20.94
Sm2Dy,합금,2,148.83,5.1,5.93,67.74,8.02,19.18
Pr2Ce2,합금,2,61.15,3.6,14.5,72.8,2.13,9.57
Al3,원소,1,9.98,3.0,11.38,29.13,1.63,3.55
AsW3Ba,수소화물,3,33.68,2.0,7.18,47.1,6.88,225.74
AlScNi3NaBa4Co2,고온,6,109.28,5.9,3.49,7.4,0.91,138.61
Gd3U2,합금,2,112.11,3.5,3.0,26.13,7.62,27.87
Ba,원소,1,24.3,3.0,11.57,326.39,8.23,4.37
RbSmTl4,화합물,3,25.76,4.1,9.92,49.16,1.13,8.13
Se3BCeBa2,화합물,4,24.54,5.9,1.68,12.64,3.58,8.38
As3Lu4Ga2O3Y2Ru4,고온,6,135.44,2.3,4.54,8.1,12.35,134.05
GaPt2MnS2Rh3,고온,5,111.53,2.0,6.3,1.77,11.31,49.97
Cr2NAs2Al3,화합물,4,153.07,3.0,13.94,17.27,13.93,6.6
Ag2Th,합금,2,128.31,2.7,14.52,13.94,4.61,7.43
Ho2P4Ag2EuBaRh,고온,6,103.11,4.4,4.21,3.78,5.54,53.71
Fe2Gd4,수소화물,2,44.98,4.9,2.78,53.06,12.91,154.46
Ge2Re4,화합물,2,79.46,4.0,11.81,3.77,0.45,18.22
Ga4CrZn,화합물,3,87.94,1.5,3.26,36.74,5.85,2.12
CdNi2GaZn3,화합물,4,141.65,1.6,13.23,31.26,9.7,22.6
Tm3Si3Se4Ce,화합물,4,125.01,5.3,1.85,9.6,4.63,6.76
LaTb2N2Mn4Ru2,고온,5,117.12,5.9,7.97,6.68,5.52,152.27
Ce2Li2ZrNb3,고온,4,45.79,2.5,3.31,12.93,0.8,35.39
AuGd2Zn3Ho,화합물,4,34.31,3.2,12.82,19.77,12.4,20.62
N3Sn2Cd3Pr4Nd3,고온,5,111.59,2.8,5.86,10.53,2.63,56.36
Al3C,합금,2,153.28,4.2,7.9,71.93,7.37,1.72
Pr4Er2Ir,합금,3,150.79,2.3,6.43,63.99,10.08,0.0
PVMn4,화합물,3,78.4,3.0,10.6,3.61,6.89,7.35
CoTi3,합금,2,176.33,4.9,9.57,22.65,11.76,7.01
LuGd2YbPr,화합물,4,144.83,5.5,12.91,8.18,12.18,30.72
Rh4TbTi,화합물,3,62.09,1.9,6.21,49.51,14.47,18.48
DyNdZr2Cr4U4S4,고온,6,56.6,4.9,3.26,1.58,5.4,122.66
AgFe3TeEr3Sr,고온,5,38.53,1.7,8.71,5.48,5.4,53.21
NbSe2W3,화합물,3,33.72,2.2,3.92,24.87,5.67,3.82
RhPt2,합금,2,168.82,4.8,11.18,140.9,13.16,16.77
B2Nd4Co,화합물,3,130.33,1.8,13.26,25.3,2.38,3.44
Tb3Zn,수소화물,2,45.76,1.5,1.77,75.19,8.28,103.8
Ba2F2,화합물,2,60.09,2.8,11.53,24.36,11.71,2.24
Zr,원소,1,87.07,5.0,6.03,217.26,0.87,2.4
Se,원소,1,198.78,4.0,2.18,368.6,7.73,4.09
CoNd,화합물,2,81.99,5.7,2.71,32.26,9.04,10.73
FSb2,합금,2,168.07,5.5,14.56,15.29,12.91,13.14
Tm2Mg2Ta3Nd,고온,4,135.11,5.2,4.57,8.07,2.09,61.21
Sr4Re2SNdPb3,고온,5,63.19,1.6,6.83,4.43,12.78,76.83
Te2Ge,합금,2,24.74,5.8,12.01,88.99,13.54,9.79
Dy2Pt,화합물,2,140.32,5.1,3.49,43.98,11.87,17.04
O3Zn3V,합금,3,178.99,3.4,15.64,75.31,0.77,3.17
RhCr4AlHg3,고온,4,68.82,4.1,5.61,5.22,9.53,83.34
VS2Cd3Al,화합물,4,139.74,5.5,4.26,26.53,14.85,12.58
Rh3HfLi,화합물,3,83.39,5.1,1.54,34.36,2.85,15.54
FRh,화합물,2,137.48,5.4,7.98,45.28,12.58,6.23
SrCr,화합물,2,37.31,5.3,5.94,49.15,1.04,8.5
Se2Yb4TeOs,화합물,4,124.82,4.2,9.33,27.25,12.26,8.49
Zr2Ga3Nb,화합물,3,71.73,5.4,5.19,28.36,4.55,22.85
In3As3Yb3,화합물,3,85.14,3.7,10.89,15.37,4.17,5.36
MnEr4Th4Al2,화합물,4,92.93,4.2,4.72,8.64,10.7,8.24
Cr2FePV2,화합물,4,111.83,5.0,11.45,6.05,14.79,7.71
Pb3U4Ba,합금,3,68.09,5.3,13.53,9.84,10.35,9.57
O2BeTm3,화합물,3,47.69,1.9,7.36,23.57,3.6,11.31
B3NiRe3,화합물,3,118.22,2.8,4.11,10.41,10.83,1.48
SrInSGd2,화합물,4,10.07,4.8,2.68,23.06,5.42,3.99
NaNd2U3Nb3,고온,4,132.29,2.2,7.77,14.42,2.38,158.3
Lu2,원소,1,208.11,2.0,7.92,52.19,1.1,2.87
H3Mo2Ag2,합금,3,106.52,4.8,15.8,63.46,4.5,8.42
In2Na3,합금,2,61.81,5.4,7.13,79.48,11.37,1.49
Ca3F2W2Re,화합물,4,122.4,3.0,8.47,40.19,14.94,23.45
ErMo3Rh2,화합물,3,153.72,4.7,3.74,39.31,5.39,10.4
Mo4DyTm2,화합물,3,44.69,2.9,11.13,30.94,2.49,26.7
K4Yb3Pr2,합금,3,170.68,2.6,9.2,19.12,1.91,19.79
CdOs3U3Fe2,화합물,4,117.39,3.4,3.16,39.68,13.5,5.57
GeFeNd2Na3Hg,고온,5,103.45,5.7,6.61,12.98,14.31,86.59
MgCNd2V3Y2,고온,5,58.12,2.7,6.56,8.54,2.01,161.67
Fe3W2,수소화물,2,24.98,5.4,4.22,17.5,5.16,237.87
Li2HfAg3CoB3,고온,5,66.96,3.4,4.16,4.91,4.12,117.6
Yb4Er2Zn3MgAu3,고온,5,84.74,1.8,4.34,1.61,10.09,66.8
Mn2VSb,합금,3,155.85,4.8,5.44,143.51,2.06,4.76
Na2Mg3,합금,2,53.17,1.5,14.25,145.66,2.44,10.59
V2,원소,1,52.13,5.0,10.74,22.89,9.4,11.18
SrHo2Si3,화합물,3,116.67,4.4,8.09,26.96,7.94,9.84
Os4Zn3V3P2Rh3,고온,5,120.73,1.8,4.57,12.39,3.95,58.55
S3AlCu2,합금,3,169.76,4.8,12.83,148.84,1.23,4.56
W3Sm3Fe3,화합물,3,54.32,4.4,13.59,1.84,6.24,14.33
Rb2Ni3Ce2Ge4Ru,고온,5,61.25,5.1,5.32,1.74,11.89,99.46
Tm3Re2Tl2MgEu,고온,5,52.1,4.3,5.42,10.06,3.35,64.51
Cs4Mg4,화합물,2,12.22,1.8,3.49,43.9,12.63,20.35
Se4C,수소화물,2,48.72,4.9,7.46,17.99,13.76,150.76
Te2Ru2TiMg2,화합물,4,67.43,3.5,10.27,43.95,6.8,3.38
Eu2Te2Se3,화합물,3,24.33,2.8,3.56,1.25,1.47,8.45
PbMg3Mn4,화합물,3,65.58,2.8,8.03,8.67,9.73,6.4
Lu3PtAg2Fe2,화합물,4,94.76,2.1,8.45,1.92,9.62,20.79
Zn3,원소,1,119.46,3.0,2.27,224.59,3.83,1.27
LaSbRuCrU2,고온,5,91.17,2.0,6.01,8.0,8.47,126.31
MnNd2CoMo3Lu4,고온,5,87.07,5.5,5.62,14.42,4.8,41.43
W2Se2NAs4,고온,4,68.85,3.6,5.35,13.65,9.69,42.0
Th2Si4SnHo2,화합물,4,139.91,3.3,1.71,28.87,9.9,5.82
RbIrS,화합물,3,21.9,2.4,2.62,10.54,12.16,10.54
KH4Si3Cd,화합물,4,12.24,3.5,4.01,2.66,8.14,8.57
Hf3,원소,1,30.07,4.0,10.56,3.05,5.42,6.1
AgP3SiIr2,화합물,4,21.18,2.7,7.17,2.45,8.9,10.82
MoNa3Ce2,합금,3,174.46,5.9,11.16,59.16,1.28,15.98
As2Ti2,합금,2,178.23,5.2,12.08,141.05,9.82,29.13
USi2NPr,고온,4,83.58,3.0,3.79,10.18,0.29,126.64
Se3,원소,1,115.97,3.0,7.44,144.24,1.42,0.0
Ta4B2Eu,수소화물,3,41.67,1.6,2.76,52.05,4.16,116.69
Sm2FeSe2,화합물,3,50.75,5.5,9.26,48.22,4.63,5.7
Gd2Mg4,수소화물,2,52.72,3.7,4.19,28.0,3.66,236.33
Ba,원소,1,104.02,3.0,8.35,112.92,6.87,0.0
Ce2Mg2Th4,화합물,3,123.02,6.0,3.02,36.23,11.68,9.13
SrO4,화합물,2,76.84,1.9,7.16,18.45,11.13,8.81
KLiBa2Sb2V3,고온,5,53.53,5.3,8.56,14.92,0.79,103.48
Pb2H3,화합물,2,140.58,3.9,4.08,1.64,10.18,4.43
Ga3Au,합금,2,91.72,5.4,7.31,89.43,1.36,10.56
Hf2LuLa2RuCs2,고온,5,59.63,3.8,7.99,2.07,0.87,60.37
Nb4As4Zn2,화합물,3,94.84,2.0,7.74,30.24,3.46,24.72
Pt2,원소,1,220.38,1.0,7.28,25.73,5.22,2.02
Co2Te2,화합물,2,149.91,3.0,4.26,39.19,9.0,24.15
As2Sb3Ce,화합물,3,143.59,5.2,12.82,28.84,11.49,2.62
CrMo3,합금,2,109.98,5.3,9.45,60.72,2.65,5.48
KCr2Ca4Rh4,화합물,4,152.39,3.5,10.02,18.36,5.49,14.07
V2,원소,1,126.42,2.0,8.59,39.09,7.33,0.4
PbCo3CaSm3,화합물,4,97.54,2.4,3.26,13.47,10.65,2.67
Y3Rb4Al2Nd4Sr3Eu2,고온,6,112.34,2.1,7.46,9.28,1.03,106.29
BiSr2,화합물,2,83.34,2.3,7.76,7.35,12.16,3.78
La2Lu2Ba,화합물,3,26.84,5.5,12.63,18.14,7.91,14.84
Rh2S2,합금,2,147.4,5.8,10.22,56.74,5.8,10.53
S3Ta2,합금,2,166.33,2.8,12.01,120.6,1.08,0.88
Pd2Se2,합금,2,70.74,2.0,7.25,137.81,9.57,1.31
Pt3CuGd3,화합물,3,106.13,5.1,10.42,29.66,6.45,15.93
S2AuCdTi3,화합물,4,39.43,2.3,13.31,2.56,13.25,4.85
CuSPt2Tm2,고온,4,139.74,2.9,4.87,4.84,4.42,70.61
Sm,원소,1,160.37,5.0,3.56,225.67,9.61,1.85
MnMoOs3,화합물,3,46.41,4.8,2.47,43.27,0.27,21.7
F4Pb4Nd,화합물,3,92.6,3.8,4.05,28.45,8.39,3.64
Th3Nd,화합물,2,12.34,2.8,11.96,30.81,14.01,1.61
Te3PtTi4Hg3,고온,4,71.58,3.8,7.77,14.02,5.62,45.82
GeTh,합금,2,159.14,2.8,5.59,73.9,6.03,0.7
Ti,원소,1,77.29,4.0,7.81,134.6,9.1,5.7
CuAg2Ba4Yb,화합물,4,32.48,3.7,11.31,11.55,8.99,24.35
Rh2Nb3,화합물,2,145.87,1.7,11.16,39.75,1.18,8.55
N3,원소,1,198.49,1.0,18.45,81.82,6.93,8.62
Ho3Tm4,합금,2,158.53,3.5,12.19,57.91,14.62,4.84
NiCo2Te,화합물,3,135.24,4.1,4.01,27.52,12.34,6.3
U4Na4Re,화합물,3,142.93,2.3,5.59,43.88,10.59,11.52
CdCa2,합금,2,106.66,2.7,9.98,46.07,7.22,9.86
Nb3B2Pr,화합물,3,122.85,3.8,6.66,17.15,8.19,15.69
Rb3Mo,화합물,2,88.51,5.7,7.05,48.42,6.38,10.95
OsHfHo2Ag2,화합물,4,119.09,5.3,11.54,47.63,5.58,8.39
SbN,수소화물,2,2.74,6.0,2.57,19.75,12.31,135.67
H3,원소,1,79.4,2.0,13.69,64.58,9.64,0.0
FeCu2,수소화물,2,45.7,5.0,4.37,39.68,4.48,207.4
Cs4Se2K2,화합물,3,109.94,3.6,1.64,8.93,4.33,5.5
Si2BaSnAg,고온,4,117.99,5.3,7.35,11.55,4.06,120.08
Ga2CNb2Ta2,화합물,4,83.13,5.8,7.49,6.77,8.7,8.43
Ni4Pt2Ta4Fe2,화합물,4,113.74,3.5,6.63,30.45,2.25,6.2
H2PtRhCrSi2,고온,5,128.03,1.6,6.7,10.63,4.88,78.06
Ba2C3Er2Y2Hf,고온,5,64.66,1.8,5.8,12.78,12.07,89.95
Rb2CaHo3,합금,3,172.5,5.3,14.29,105.52,5.95,13.02
Tl3AsBi3,합금,3,90.42,5.5,2.78,32.93,3.36,2.06
Os4WRu2,화합물,3,97.53,5.0,5.66,47.49,14.49,12.42
CsSeNCo,고온,4,57.99,1.9,6.52,9.18,3.22,131.13
Bi2Tm4Lu2Ti,화합물,4,106.81,1.6,7.19,42.53,5.25,7.01
Gd2Ga4Hg4,화합물,3,101.77,4.8,5.53,4.96,5.08,4.93
Pb4Er2V,화합물,3,41.06,4.4,6.61,3.56,13.41,3.38
BOs2MnBi2FeIr4,고온,6,53.4,2.5,8.91,13.08,4.74,152.16
PdMgAg3Si3,화합물,4,48.17,2.4,11.39,17.02,6.43,18.42
SbB2TlU4,화합물,4,64.01,3.5,12.82,2.15,10.86,18.05
Ca2Sn4,수소화물,2,42.38,3.1,3.11,42.48,9.21,288.83
Pr3Mn2,화합물,2,26.59,4.1,11.1,38.59,8.05,4.74
SrNd2Sc2Rh4,화합물,4,110.51,4.7,13.1,2.25,11.08,11.11
EuRhCe3,화합물,3,27.13,2.1,4.77,36.91,2.11,4.1
AlGaTa,화합물,3,66.05,5.9,11.36,3.29,7.92,7.05
SSm2,합금,2,129.83,2.8,4.53,139.28,7.23,5.91
O2Cr4,합금,2,115.97,5.8,3.48,26.11,11.4,11.1
Mg4Tb2,화합물,2,143.66,1.6,4.41,34.26,2.19,3.99
F2Cr3B4Ga2,화합물,4,105.88,1.9,7.12,47.73,3.65,6.44
Sr2Be2,화합물,2,145.6,4.1,11.62,15.1,6.89,34.47
BeP,합금,2,57.52,4.7,10.23,85.63,8.75,7.6
WSm2,화합물,2,123.38,5.3,6.08,26.23,1.77,7.8
SiPbRe,화합물,3,96.09,3.6,8.51,40.48,1.9,25.7
FPr2TeN,화합물,4,124.32,1.8,8.28,2.04,8.49,9.01
Y3U2,화합물,2,112.0,3.0,2.69,32.0,8.03,11.66
Te2Th,화합물,2,62.58,5.9,12.34,32.59,10.65,8.91
K2H3C2CsLi2,고온,5,39.54,5.6,3.87,9.28,6.09,47.18
Sc2Hf3Ge3,합금,3,142.34,2.8,11.36,37.92,8.08,0.35
Cr3PtCaY4,화합물,4,107.73,5.6,7.13,33.03,13.59,10.65
Cu2Cr4,화합물,2,113.43,4.7,5.84,11.74,3.14,29.7
RhNTh2Pb2,화합물,4,43.81,3.1,8.93,39.09,13.18,4.32
HoW4Nb3,화합물,3,93.59,5.9,9.85,36.4,14.5,3.13
VO3,화합물,2,49.11,3.7,7.42,42.74,1.72,21.56
Ir3N2,화합물,2,123.13,5.1,1.99,8.21,10.29,17.8
Pr3Re2NO,화합물,4,120.31,3.7,9.1,8.94,13.17,7.73
Al3MnEr2,합금,3,89.85,3.1,4.95,74.67,13.9,4.72
BiMo,합금,2,63.16,4.5,4.23,47.24,10.67,10.57
Pb2UAgTa,화합물,4,112.29,4.0,1.65,1.84,2.81,18.08
Cu2RuSn4,합금,3,75.74,4.6,9.66,122.12,10.11,2.17
H4Sn4Mo2BaTiRu,고온,6,42.8,1.7,5.21,6.07,3.21,126.4
InDy2OGdTa2Nd3,고온,6,56.47,1.6,7.01,14.01,8.15,107.0
W4SiLa2Ce2Cu3,고온,5,113.05,2.7,3.67,10.93,8.66,34.44
NiPr4RuMo,고온,4,121.48,3.1,7.48,12.92,11.05,77.12
Pd3TlHf3Sm3,화합물,4,10.59,3.9,11.05,32.72,9.85,7.24
P2Pr3Zn2Ce4Pd2Ga3,고온,6,77.17,1.7,7.28,13.62,4.94,35.62
SSc4Dy3,합금,3,65.43,3.0,14.84,10.43,5.9,6.17
Ge,원소,1,107.55,3.0,16.48,218.66,1.7,0.0
F3RuZn2Sm2GdAl3,고온,6,128.43,4.4,3.18,1.71,6.8,116.21
In,원소,1,79.55,1.0,14.83,212.61,5.23,1.87
Rh2FeIn,수소화물,3,31.83,5.4,6.89,74.61,3.89,196.02
Li3W2,화합물,2,72.8,1.7,4.46,4.37,7.04,5.63
Yb3HoNbK2,고온,4,99.24,2.5,5.25,11.67,0.21,57.3
CsLa,합금,2,22.7,2.8,10.8,115.08,9.81,5.39
CsAs2In3,화합물,3,125.85,1.9,11.11,29.05,12.44,1.94
Ba,원소,1,164.11,3.0,9.36,288.33,1.61,2.04
SbNa2Al2Er3Cu2,고온,5,48.18,4.5,7.0,8.98,9.67,119.03
Ag4Li2Cs3,합금,3,20.72,4.1,10.12,19.08,13.44,9.69
NCa2,화합물,2,60.64,4.0,1.69,9.3,10.53,4.61
Yb2Hg,합금,2,114.2,2.2,15.73,40.42,8.97,0.0
W3,원소,1,216.6,5.0,9.56,138.85,4.53,10.19
Sb3TaTbBa2,화합물,4,56.57,4.4,3.17,28.9,9.72,19.16
Rb3Y2Mn,합금,3,85.77,2.0,10.09,44.74,13.83,3.85
O3Tl3Mn2,화합물,3,159.32,4.2,6.21,9.56,7.33,4.45
PbRh,합금,2,62.04,2.6,14.55,20.83,3.63,3.57
YbSi2URb2,화합물,4,62.36,3.0,10.21,26.81,7.06,15.77
Hf3Sb4Ru4Tm2,화합물,4,80.36,2.3,4.85,45.15,8.72,11.63
Ga2Li2,화합물,2,117.09,5.3,13.25,2.82,13.16,4.99
NiIn3,화합물,2,140.36,2.6,2.31,11.97,12.14,10.4
Sb4Hf2Ti3Rb2,고온,4,92.57,4.2,7.64,10.31,7.15,48.52
AlCu,합금,2,133.72,5.6,10.6,66.72,2.19,12.93
PbLaOs,합금,3,22.56,3.7,13.03,117.75,14.08,0.48
V3S2Lu2,화합물,3,98.75,3.5,5.74,13.74,1.97,8.43
PbYMn2,화합물,3,136.91,4.0,2.64,22.29,1.9,8.26
STeSi2,화합물,3,37.12,3.0,2.38,46.63,4.01,27.42
GdAl,화합물,2,100.27,1.9,11.16,33.62,7.11,0.35
Ir3PbGaLa3Cu,고온,5,101.41,2.9,7.89,2.44,11.5,33.69
Hf,원소,1,88.85,3.0,8.05,163.17,7.77,1.33
U3SnAu2,화합물,3,140.03,4.0,3.87,27.62,4.88,19.01
K3Er4In2Al,화합물,4,119.97,1.7,9.42,35.56,1.55,8.41
Os4F4,화합물,2,58.11,5.5,5.6,48.74,8.79,24.38
Li2Os2,수소화물,2,12.87,1.7,4.0,20.02,4.66,265.33
Zr2Eu3F2Cs2,화합물,4,115.93,2.1,7.9,20.96,10.45,11.77
MoAl2,수소화물,2,59.54,4.9,4.99,50.66,2.26,261.76
Sm2YbCdV4,화합물,4,138.14,5.6,4.4,4.82,14.04,13.88
Ta,원소,1,94.44,4.0,12.25,375.03,8.66,2.13
B3Sn,합금,2,139.73,3.8,6.47,148.74,8.2,9.23
Eu4Sn2,화합물,2,41.64,4.7,1.86,21.53,10.14,12.84
Ge3Gd3Yb3,화합물,3,52.6,5.4,13.56,22.81,12.95,9.55
CrAg2,합금,2,163.36,5.3,9.06,23.46,6.1,2.92
Sn2As3,화합물,2,114.28,5.2,8.12,9.43,10.6,7.15
CdRh,화합물,2,21.21,4.8,10.67,44.87,11.33,7.91
Si4Sm,합금,2,125.58,2.1,11.69,68.98,4.85,1.82
AgRuCd,화합물,3,73.97,4.4,13.83,10.85,6.51,6.13
Zr3Pr2C4O4,고온,4,130.0,3.7,4.8,6.3,1.02,131.22
Sm2Fe2As2Ru,화합물,4,152.62,1.9,6.43,3.13,14.02,4.97
Ir2Sc4RbBe3,화합물,4,33.89,2.2,10.23,39.95,6.55,0.0
TlK2Re2,화합물,3,18.6,5.0,10.72,4.29,0.57,2.54
Lu3Re2LiGd4,화합물,4,74.91,5.4,2.28,1.34,0.25,0.45
Dy2Te4,합금,2,29.12,5.8,7.86,68.21,0.54,14.84
AgRb2Ru,화합물,3,86.64,3.0,8.87,39.32,2.48,17.89
BiN2Sb,화합물,3,17.73,5.7,3.0,45.29,6.24,8.77
Mg3Cr3,화합물,2,148.37,1.6,11.3,25.38,5.64,11.06
Ho2Hg,합금,2,113.49,5.3,14.2,136.19,1.36,6.54
Lu2Co2,합금,2,132.2,4.4,6.92,49.76,2.81,4.44
AsCa2Cd2Rh2Se3,고온,5,127.71,5.7,5.44,2.31,2.58,112.19
Al2Mg2Yb,화합물,3,48.06,2.9,7.04,19.89,4.29,8.66
Pb2In,화합물,2,49.26,3.8,11.95,49.73,7.03,3.92
Rb3Ta2TeCd2,화합물,4,139.49,5.0,3.65,45.48,2.66,9.98
AlPr2NaCd2S,고온,5,85.68,4.8,4.66,2.77,5.92,132.8
W3LuNd2,화합물,3,18.51,5.1,2.05,36.39,3.3,19.87
Sc4Sm4VBe,화합물,4,41.26,2.8,12.98,31.02,8.65,7.39
W3Ho2Si3In3Ce2Ga,고온,6,50.11,2.2,4.91,4.75,0.51,134.62
W2Mn,화합물,2,159.23,3.0,1.54,20.89,2.37,10.94
Al3P3,합금,2,101.24,5.0,11.67,131.14,10.33,19.34
VCo,합금,2,156.01,3.8,7.01,87.91,6.55,4.58
Pr3ReAlLiCdS2,고온,6,52.3,4.5,8.94,14.76,6.07,31.86
GaZn2RhMo,고온,4,107.91,5.9,8.8,6.08,1.09,68.63
Ti2Tl3,화합물,2,94.18,3.0,7.64,21.24,9.85,1.14
C2N,화합물,2,28.99,4.1,13.85,37.91,7.7,5.14
Zr3Yb3MnSi,화합물,4,58.03,2.5,4.85,44.6,1.39,11.5
YbY2Cr2Mg2,화합물,4,146.13,3.6,13.82,20.77,5.45,40.78
Tl2Ru,화합물,2,156.63,4.2,7.24,40.17,7.36,11.77
DyLu3Cr2,합금,3,81.96,4.6,10.78,119.37,10.18,13.87
S2Dy3,수소화물,2,44.82,4.1,6.19,58.05,5.18,141.15
B2HgCo3LuDy4,고온,5,59.88,4.9,4.36,12.95,5.29,106.76
AsEuTm,화합물,3,16.17,2.9,12.28,12.95,5.46,16.11
Al2Sr,화합물,2,125.35,4.6,6.74,1.16,11.63,54.81
HfLu,합금,2,178.46,1.8,10.98,123.04,13.63,6.17
LiTeTb3Ir,화합물,4,49.85,4.2,13.81,38.11,8.98,16.35
F2P,화합물,2,12.17,3.3,2.72,24.23,5.35,3.9
Os4NdOTa3,화합물,4,131.31,2.9,5.97,5.27,0.94,0.0
Ru4Tb,화합물,2,56.25,2.1,12.38,31.57,14.39,6.0
SiGe2V3,화합물,3,33.2,5.8,3.68,37.15,11.59,7.25
Tl4GaMn2PtMg2V2,고온,6,39.93,4.6,5.23,1.11,2.2,159.63
N,원소,1,71.08,3.0,12.99,251.67,6.44,2.7
Cs2LaHf,화합물,3,151.76,5.3,11.06,23.03,12.99,18.2
Ge2F3NaGa3,고온,4,70.77,5.7,3.46,7.63,9.47,132.59
Mo2NbTb2,화합물,3,71.66,1.8,12.24,14.07,7.92,13.53
Pr2P,화합물,2,117.82,3.8,12.26,39.42,10.94,13.22
SGaTh3,화합물,3,116.32,1.6,2.89,13.34,0.79,2.35
Au2Ga2,수소화물,2,25.98,2.0,1.7,40.98,2.48,203.42
W,원소,1,183.4,3.0,6.15,165.62,1.37,5.39
HoZnAuNb,화합물,4,130.26,5.9,11.54,43.36,9.99,28.41
Re2PdBi4,합금,3,118.47,4.5,6.41,41.69,13.24,9.48
PHo,합금,2,28.16,4.4,9.44,126.16,14.81,0.26
Be2Y3WAs4,화합물,4,147.56,3.6,2.1,32.85,12.84,0.08
H2Er4,합금,2,20.39,4.5,2.66,122.28,9.33,6.77
Mg2ScGa2,수소화물,3,1.09,1.7,5.23,50.4,2.88,140.62
ORb3LuOsCa2Ge2,고온,6,35.57,2.6,6.99,14.48,0.63,161.64
Mg2F,화합물,2,61.98,2.8,10.55,27.01,14.84,7.05
MoEr3MnK,화합물,4,75.81,3.4,12.18,45.69,1.29,6.68
La4F4,화합물,2,15.08,3.7,6.37,46.43,7.07,8.71
Dy2FeLa2Au2,고온,4,91.02,5.1,7.84,13.34,9.59,84.3
P2Sm3Mg4,화합물,3,26.95,4.4,9.29,18.55,2.86,8.26
In,원소,1,131.91,5.0,12.49,123.07,2.39,3.45
Pb2TbNbTaBi2Mn3,고온,6,45.78,1.8,7.22,10.99,9.3,123.28
Cr4DyCa3F3As2,고온,5,104.76,5.7,4.4,14.62,13.48,55.1
Ru2PrYb4Be2,화합물,4,15.54,3.3,9.51,33.7,5.92,15.39
Pb3Si3Ho4Rh3Hg2,고온,5,108.93,4.6,4.74,3.03,2.74,78.4
Mo2Mg2CsHg2,고온,4,62.2,3.2,4.55,8.51,10.63,49.98
NbCa3NIn,화합물,4,74.6,4.6,1.69,7.56,2.69,11.39
AsBaP4Na3,화합물,4,154.95,3.1,12.62,26.78,5.59,11.98
BaLi,수소화물,2,44.54,3.4,5.74,5.6,14.15,207.68
Sc4Sr2Mn2Ba,화합물,4,90.85,1.7,7.15,34.09,0.26,6.6
CuPrCr3Y2,화합물,4,94.78,1.7,12.28,6.46,12.74,10.2
Ba2RbAg2,합금,3,135.96,3.8,4.12,141.2,7.02,6.12
AlDy3Cr2SbWRu3,고온,6,64.78,5.9,4.0,12.53,11.14,41.13
GeMg3Sb2Ag2Be2Na,고온,6,40.6,3.1,4.81,14.29,14.38,61.38
Dy3Rb2Tb2,합금,3,153.74,2.0,8.84,85.93,7.52,1.62
Pb2Tl,수소화물,2,27.39,1.9,4.73,24.17,13.78,183.24
Zr4OsH3Ti2CAl4,고온,6,124.31,3.8,3.41,9.46,2.2,156.4
BPr3Si2HF4Sb2,고온,6,51.86,5.0,4.29,1.86,13.32,138.36
Mo2,원소,1,68.11,3.0,19.63,376.68,8.8,0.0
TbTeS,화합물,3,159.2,4.2,11.67,43.31,0.75,4.44
Te2Tl,화합물,2,130.69,3.0,9.61,18.86,5.39,0.21
La2Th2Cd,화합물,3,125.38,5.7,11.24,8.3,9.55,21.89
TmPt3,화합물,2,94.94,4.4,4.73,42.4,1.78,9.78
Nd3V3Cs2PrSi3,고온,5,91.03,2.6,7.1,8.2,0.64,71.82
Gd3O2Ni,화합물,3,27.34,3.9,9.86,35.41,10.56,4.62
Cd4Zr2Os2Er,고온,4,38.84,3.2,5.12,7.52,3.37,48.94
Tm2Se3,합금,2,33.35,4.8,3.21,18.85,13.63,0.0
PrTeTa3,합금,3,171.6,2.0,7.11,39.38,7.32,12.37
Cd,원소,1,194.98,3.0,21.99,189.59,5.74,2.97
Rh2TbDy3,화합물,3,12.55,4.2,5.7,45.37,12.78,9.13
MnU3Se2,화합물,3,98.22,2.9,9.69,49.53,0.13,19.28
Dy2Al2CeMo,고온,4,63.17,4.8,3.49,4.36,6.7,52.38
PdYb3Ni3,화합물,3,38.61,1.9,3.08,10.9,14.81,13.15
Pr4Nd3Nb3Tl3,화합물,4,54.77,3.0,7.66,5.55,3.01,13.43
VW4Ru2Sc,화합물,4,150.03,2.5,11.44,19.21,7.75,3.37
O2,원소,1,70.29,2.0,3.08,12.88,4.74,1.88
RuHg2,합금,2,136.79,5.5,10.48,32.85,10.57,4.2
BeHg,화합물,2,60.55,2.6,11.26,18.83,14.91,2.33
HBa2AlRh3,화합물,4,52.01,4.7,2.64,3.1,12.6,18.89
V3OsNU2CdMn,고온,6,130.61,2.7,8.71,8.96,14.72,69.82
Te2Eu2Tl3,화합물,3,88.48,2.4,2.97,34.08,9.85,25.1
Mo3Ti,화합물,2,107.57,5.3,9.41,34.52,7.08,8.41
Eu3FGe3In,화합물,4,121.16,4.7,2.85,5.22,2.2,9.21
Ta2Dy,수소화물,2,8.61,4.1,2.48,32.23,13.9,200.67
MgSeAu4,합금,3,97.36,2.9,5.78,125.33,4.52,0.0
LuO3,화합물,2,63.64,4.7,5.7,15.13,10.13,13.53
CaRu2,화합물,2,14.62,4.6,12.67,31.2,1.44,9.59
Ni4AuSi3,수소화물,3,56.12,4.4,4.0,16.52,4.87,117.77
Pt4Ir,합금,2,90.86,3.1,12.05,112.47,1.5,5.82
HO4Hf2,화합물,3,69.34,3.1,3.39,33.88,5.59,1.47
SeTm2,화합물,2,154.2,2.3,5.07,17.41,2.49,4.39
S2Rh3Ir2Au,화합물,4,111.94,4.0,12.06,29.53,9.03,21.5
TiZn,합금,2,95.31,4.3,7.77,83.32,14.72,5.51
As,원소,1,67.31,4.0,20.95,368.18,4.3,5.86
SrPb3Nb3,화합물,3,20.64,5.3,2.76,37.7,4.0,7.14
Ce2LaRe,화합물,3,106.25,1.8,8.05,48.9,14.25,7.14
CdAsP,합금,3,151.01,3.3,2.17,46.05,2.82,0.94
LaGd2PtTh3,화합물,4,54.62,4.9,10.51,47.17,10.06,16.89
Be,원소,1,132.71,2.0,6.88,253.94,7.11,0.65
CsHo,수소화물,2,55.77,5.1,7.71,18.95,14.77,116.68
Pd2Os4U2,화합물,3,32.97,5.9,6.07,28.32,12.9,7.06
CsGd3P4RhEr3,고온,5,132.34,2.6,4.31,14.27,9.04,104.5
Ru2Er2Si2Zr2,화합물,4,153.57,5.6,12.92,15.31,0.53,4.76
InNi3PbPd2,고온,4,66.53,2.0,4.99,9.19,11.26,85.16
B2Al3Ho4,화합물,3,153.8,1.9,4.97,19.34,0.66,7.31
CsSe2Pt,화합물,3,64.48,5.6,7.74,49.07,5.29,9.34
TaSe3RbGe4,화합물,4,37.8,2.3,11.89,41.19,3.65,3.65
Th4LaC2Rh2W4Hf,고온,6,31.27,3.1,7.01,4.23,2.16,119.81
FeGePRe3,화합물,4,90.37,2.0,1.58,17.01,14.83,4.89
BaCeTe,합금,3,39.04,4.0,4.36,94.62,11.16,2.77
Al2FeIr3,합금,3,100.11,1.6,13.0,74.5,1.5,1.58
Ga3Cs,화합물,2,140.11,5.1,12.29,31.34,1.22,10.75
In2Cd3Eu4K,화합물,4,63.28,3.3,4.98,14.37,5.79,6.15
ODyCs4,합금,3,80.76,2.0,7.51,93.55,8.98,5.26
Pt4Bi4Cs3Mn,화합물,4,148.6,4.8,8.16,45.52,9.39,11.58
HgTi2,화합물,2,52.16,4.8,9.23,34.36,9.38,3.58
Os2AlBaSb3,고온,4,76.94,3.0,5.26,7.77,3.8,143.37
Cd,원소,1,116.64,4.0,19.95,335.77,0.55,0.0
W2N4In,화합물,3,39.03,4.0,5.5,36.79,1.07,23.95
BeLiFHf3Rh4,고온,5,62.49,4.3,7.03,2.66,7.86,43.03
Ni4AsF2,화합물,3,157.5,3.3,6.84,45.87,9.36,8.41
Te4ZrTm3,화합물,3,155.94,5.6,5.46,17.64,14.92,11.14
CoSm2Ga2Na2Pr,고온,5,79.22,1.9,7.91,9.69,8.84,141.39
In2As2CrSr2,화합물,4,70.33,2.4,4.72,33.09,2.11,7.34
TeRh4In2,화합물,3,43.2,2.4,8.92,16.56,11.54,14.65
Re2O3,수소화물,2,7.98,4.8,6.65,44.39,5.52,134.24
SnOs3Ba2Pb2Se,고온,5,121.98,1.8,5.08,11.92,2.6,45.3
FMgLi,화합물,3,130.85,5.3,12.28,18.64,13.55,19.77
In2O3,합금,2,21.78,4.9,2.06,69.53,2.22,12.87
F2OSb2,화합물,3,155.07,3.7,8.7,34.98,0.79,9.5
Cr2,원소,1,158.51,3.0,10.72,220.25,6.64,7.54
Sm2,원소,1,143.46,4.0,5.02,217.3,5.81,0.45
Zn2CrZr,화합물,3,100.82,4.8,13.27,43.67,8.36,63.54
GaTmHo2FAg,고온,5,124.13,4.1,8.0,13.79,10.64,152.49
La2Sn2Ca2Ba,고온,4,119.45,1.7,8.78,2.93,5.6,97.72
MnPdFeRb3,화합물,4,10.32,5.8,12.04,25.78,12.71,17.92
Cd2Na,화합물,2,107.94,2.0,3.67,17.59,4.81,6.9
La2,원소,1,171.59,3.0,20.89,382.41,4.87,6.64
Ir2Sm,합금,2,129.1,5.9,13.58,143.67,2.77,27.13
Se2,원소,1,20.02,4.0,21.13,143.06,5.38,1.42
CdOK3Au3H2B,고온,6,49.48,3.0,6.38,1.15,12.91,63.83
Na4NiSb,합금,3,114.96,4.0,14.82,70.64,5.53,12.77
Tm2Ni3La2Ru3Rh3,고온,5,87.78,5.6,4.97,13.99,0.35,100.53
ZnSc4Ti3,화합물,3,155.87,4.3,6.82,7.37,11.75,8.48
SmAs2,합금,2,55.06,3.2,6.87,26.19,8.35,10.05
Os4RuRb2,합금,3,144.16,2.9,2.72,77.94,0.88,0.0
CsReCo4Ca2,화합물,4,15.86,2.9,11.77,19.13,2.51,11.66
Ho2Na2P2Sn2SeAl2,고온,6,51.92,2.5,6.79,10.25,8.65,86.24
Tl3Re3Ir2Os,화합물,4,95.39,5.9,11.6,17.74,3.62,6.57
GeTlBa4,화합물,3,104.95,4.7,9.91,25.67,10.05,3.69
BePr3,화합물,2,68.59,1.6,8.9,47.44,12.99,1.52
Tl2Bi3Ge2Ru3,화합물,4,88.8,5.6,8.91,1.21,8.39,22.92
Ru2Fe2,수소화물,2,44.86,2.4,6.36,29.22,5.19,231.02
As2TlOs3HoGd2Th2,고온,6,53.16,5.9,5.28,14.82,11.31,129.04
Cr2Tm2,화합물,2,41.54,4.8,3.99,10.69,10.87,3.3
Y3Sm4P2Sr,화합물,4,14.02,1.9,2.11,7.48,3.37,11.15
Ti2Ge2In2,화합물,3,58.7,5.1,12.38,9.96,6.5,23.13
Li2As2Tl,화합물,3,135.89,3.9,3.13,14.4,0.15,4.5
Cs,원소,1,90.86,3.0,2.95,242.54,9.02,4.4
Re2NMn4,화합물,3,136.37,3.1,12.56,0.54,2.37,3.03
Mg2Sc3YbRuNd2,고온,5,43.77,3.3,4.76,3.28,12.02,78.16
P3Hf2Os,화합물,3,37.42,5.4,8.84,37.9,14.85,21.19
Tm4Dy,합금,2,161.23,5.4,4.03,43.74,2.01,11.36
As3YCo3Ge2Nd2Ni3,고온,6,53.6,1.6,3.3,10.96,0.73,152.64
RuAsPr2,합금,3,88.66,4.6,8.36,54.27,2.06,11.87
CsAs3,합금,2,85.3,3.6,5.87,9.82,14.47,9.17
S3Gd3ScMg2,화합물,4,131.94,5.6,11.43,38.77,11.69,4.2
Tm2CeFLa2,화합물,4,132.94,5.5,13.63,31.36,4.99,15.2
O3LuBi4,화합물,3,17.32,5.2,8.08,21.91,2.28,32.95
In2AlCe,화합물,3,46.25,1.8,13.71,32.61,3.6,6.75
HKSn,화합물,3,73.16,2.3,2.77,33.26,7.81,5.57
SMo3Ga4,화합물,3,46.69,3.9,8.68,33.14,3.93,22.27
Lu2Re2Sb2HgCe4,고온,5,111.54,4.0,5.26,13.22,4.13,115.25
Mn2Yb,합금,2,42.48,4.8,8.7,105.5,14.15,3.46
Sr3Ho2Na2Pt2Mo4,고온,5,49.62,2.2,3.71,14.85,6.73,149.81
GaMg,화합물,2,65.03,3.4,9.16,3.68,14.85,10.36
Os3W3Mg2,화합물,3,147.08,4.4,7.58,14.56,8.06,4.74
Er3Nd2Zn,화합물,3,142.06,5.3,11.03,42.47,10.29,38.03
F4HSm,화합물,3,90.57,1.7,10.34,24.34,6.42,15.0
Si3,원소,1,128.79,4.0,17.24,263.71,2.64,10.38
As3CuDyZr3K3Re2,고온,6,92.64,2.4,8.19,10.99,13.63,151.44
Hg3,원소,1,64.81,5.0,21.74,18.32,1.79,3.79
Mg2BiTh,합금,3,172.09,4.8,12.46,116.97,5.9,11.51
B2PbOs3,화합물,3,77.42,2.4,7.51,35.52,7.8,12.07
Pb2OsInN,고온,4,37.74,4.6,7.7,8.8,11.09,75.76
Yb2,원소,1,196.51,4.0,12.99,314.73,8.27,5.99
Tm3UMnSe4Ce4,고온,5,66.75,5.8,8.97,10.11,5.76,37.97
Li2C3,수소화물,2,30.98,5.9,4.94,56.06,3.24,231.32
ZnOsN,화합물,3,114.94,3.9,9.27,29.16,6.81,25.93
Nb2NdGe,화합물,3,138.11,1.5,4.57,47.96,11.88,3.38
Sr4La2Eu3Y3Cs2Er,고온,6,40.64,3.8,8.46,8.4,8.21,152.83
P2W3Co2Tm4,화합물,4,55.26,1.6,4.83,14.62,11.81,5.27
Os3Ta2,화합물,2,104.3,4.5,5.71,35.55,2.86,7.35
Rb3Th2Na3Ir,고온,4,70.33,5.1,8.58,8.48,7.56,152.25
W4Mg,수소화물,2,34.32,4.4,1.17,38.35,13.37,156.29
Cr2Th2U2PrCe2S,고온,6,100.78,2.8,6.98,13.06,8.64,93.89
HCu2,합금,2,127.1,1.5,3.34,34.61,10.06,2.36
Ge3Se2,합금,2,97.79,5.0,6.65,104.67,1.41,5.71
V2Zr4HgBi,화합물,4,35.92,2.0,13.97,9.46,9.87,1.45
YbTl2Cr2Si,화합물,4,145.29,4.8,2.13,7.59,7.4,9.17
Sr3Lu4Zr4Ga3,화합물,4,151.7,4.6,12.12,33.91,12.88,34.97
HfSc3,화합물,2,46.39,5.9,8.62,19.66,14.67,23.55
Cs2Co2Mn3,화합물,3,21.81,1.7,6.58,48.66,14.76,7.72
Na3Mo2Sn2Ba3Ta2Sr,고온,6,134.65,2.7,4.27,6.44,6.43,30.4
Eu4Al2NBe,고온,4,79.24,2.6,5.82,13.37,6.25,108.44
TeCo3MgAsRe4Pt2,고온,6,87.27,5.0,7.06,9.75,6.55,33.55
Ti2,원소,1,41.72,5.0,10.23,369.96,7.86,0.0
O2,원소,1,130.23,4.0,10.37,44.13,1.77,0.45
HfLu4Eu4Mo2Se3,고온,5,91.3,4.3,6.93,12.57,4.06,47.79
Co3S3Gd4,화합물,3,63.82,2.0,6.04,42.01,12.07,3.2
Tm3EuCMn3,화합물,4,103.18,1.6,5.4,3.56,14.28,1.82
Ta4,원소,1,227.97,3.0,6.83,88.68,5.19,9.66
Sm2Pb4,합금,2,175.47,1.7,13.48,69.92,5.28,0.0
Ir3Pd2Ti2O2,화합물,4,92.61,2.9,2.13,0.56,11.33,1.73
Li3As2CdBa3,고온,4,89.5,5.2,4.52,1.51,6.42,66.15
Ir2MgCe2HSiAs,고온,6,102.42,4.0,6.04,12.77,5.33,137.46
C2Ta,화합물,2,12.95,5.2,3.17,5.62,2.26,11.05
Se2Pb3Hg2,화합물,3,26.06,3.1,5.36,37.15,14.76,4.94
Pt2Sr3P2Ru3,고온,4,78.95,4.6,3.56,13.01,3.33,43.71
Tb2CoUYb,화합물,4,136.07,3.2,3.29,1.19,14.32,10.07
Fe2Lu4Re2,화합물,3,149.71,3.7,4.05,35.48,8.82,1.21
CeAu3Hf3Nb2Na3Ru3,고온,6,67.36,5.4,3.31,3.99,14.77,60.8
LuGe4TlNbZn2F3,고온,6,129.83,3.9,5.3,14.0,6.6,46.71
Bi2HTe2Nd2GeSr3,고온,6,36.02,1.6,7.26,3.34,13.73,94.04
PdB,합금,2,50.39,5.4,2.49,51.76,6.13,11.45
UCsNdIr2,화합물,4,137.09,3.6,3.28,13.27,7.91,1.54
HfCrTi3Ce2,고온,4,117.99,3.3,6.02,3.25,6.37,105.83
Nb2Mn2,합금,2,177.4,3.8,2.58,126.07,4.44,5.99
Nb3Er2Ti3Yb2,고온,4,33.24,2.2,8.25,14.11,12.75,106.39
Co3Rh3W,합금,3,88.89,2.0,3.98,24.79,2.73,2.12
ZrCa2CsBeCoW2,고온,6,112.84,3.2,6.16,3.02,9.24,85.15
SmAlAu2,화합물,3,138.58,2.5,7.0,42.5,7.14,8.12
Pt4Cs2Tm,합금,3,166.75,3.4,3.66,29.1,10.95,1.48
Rh4Pr3O2,화합물,3,99.38,5.0,10.95,7.58,10.61,9.71
ZrCrK,화합물,3,111.34,3.0,11.05,37.16,13.41,3.61
Th3Au3Rb4,화합물,3,33.48,3.0,2.23,21.51,6.59,9.04
Mo2Sm3Gd4Hf3,화합물,4,124.29,5.3,13.54,35.48,8.12,8.79
PbCuCo3Tb3Os3Sm2,고온,6,52.96,4.8,6.91,12.33,2.36,57.08
PtLiN4Cs,화합물,4,36.95,3.0,4.08,27.22,7.59,5.0
Ho3TaLi4,화합물,3,145.72,5.5,6.93,36.99,6.11,15.25
Dy2,원소,1,7.66,5.0,15.03,9.63,7.41,7.14
Tb3Cu3Zr3F,고온,4,54.24,2.8,6.14,13.08,11.38,59.6
Te2Er,합금,2,28.0,4.0,7.81,24.77,14.58,1.04
Ge2DyCBi3,화합물,4,67.15,4.5,7.73,18.18,3.06,3.65
HEu2AuEr4Ni,고온,5,82.24,4.3,4.29,8.03,9.19,78.61
MoHg2,합금,2,97.95,4.9,7.56,90.54,6.88,3.69
K2Yb2Sc,화합물,3,31.58,5.0,4.31,32.59,13.3,26.7
Ga2Sm2Dy,합금,3,43.67,3.3,5.44,85.73,5.43,3.37
K2Zr2H2VHo2,고온,5,113.5,2.3,3.21,9.45,0.38,56.36
PrAu4Ho2,화합물,3,120.67,3.5,9.18,24.0,8.98,5.21
TiB2Tm3MnPb4Bi2,고온,6,124.03,5.9,4.47,4.52,11.85,136.08
Rh4Sc4Ba3Lu4W2,고온,5,75.01,5.2,5.73,1.72,4.94,151.46
TeAuTa3,화합물,3,48.75,5.5,13.88,7.18,9.26,18.05
PbHgIn3,화합물,3,67.59,4.4,5.59,7.03,8.56,23.65
ScTbIn2,화합물,3,106.28,4.1,13.17,37.49,3.98,5.22
NiTl,화합물,2,107.17,2.0,7.34,43.76,1.13,19.08
U2Zn2InRb,화합물,4,86.42,1.8,9.29,17.54,9.59,8.79
Cr2Se3ZnPr3,고온,4,103.59,2.0,8.07,2.53,6.21,150.35
Se4URh3,화합물,3,56.09,4.3,8.53,34.93,14.58,3.5
WSY2Os,화합물,4,82.18,4.4,6.9,25.14,12.28,8.72
TiAg2,화합물,2,147.13,3.7,9.67,15.23,4.74,4.34
Na4Fe2,화합물,2,62.8,5.8,9.82,15.07,13.13,9.94
Er4,원소,1,167.05,4.0,5.21,72.69,5.2,5.46
TmSmAsNi,화합물,4,11.41,5.8,3.49,16.22,11.5,13.72
Ca2Re2Cd2As2,화합물,4,57.36,1.5,6.3,12.56,6.72,0.0
P4Ca3Se2Gd,화합물,4,47.72,4.5,5.83,46.72,2.58,5.96
GaY2H3,화합물,3,139.0,3.0,13.5,16.24,3.99,11.29
F3Rb4Sr4W,화합물,4,40.41,5.7,12.27,9.06,0.73,15.38
Mn3Cs2Ca3Sm2Li2Rh,고온,6,132.86,1.8,5.24,9.92,3.23,93.58
Sr4Mg2,수소화물,2,34.85,1.9,6.92,41.88,5.46,266.87
As3LuLi,화합물,3,133.4,1.9,6.93,3.15,6.99,0.0
Sb,원소,1,180.08,4.0,7.28,326.92,2.44,13.11
NCu2Ho2,수소화물,3,37.26,1.8,2.84,73.46,4.68,246.07
HgAl4,화합물,2,27.43,3.8,6.15,3.12,14.63,11.21
B2Bi2,화합물,2,104.71,2.0,11.26,11.42,1.42,8.91
W3AgHo2,합금,3,172.54,1.8,5.91,112.26,0.65,2.37
Eu3Nd,합금,2,118.18,1.6,6.56,88.05,7.66,1.95
Au3Cs,합금,2,121.93,4.2,4.9,25.7,6.02,6.46
Sc,원소,1,119.28,2.0,13.12,109.87,9.58,0.0
NdPb2Sm3Mo,고온,4,98.47,4.7,8.38,8.61,2.24,97.6
Lu3Eu2Bi2Sc,화합물,4,120.55,4.2,5.53,46.6,3.08,12.26
Er3Re2Sb2,화합물,3,26.93,1.9,11.72,16.0,1.85,3.9
Hf2Pt2HgPd2WCd,고온,6,48.0,3.9,3.09,5.6,5.88,158.05
Mn4Cu3Sm2Ti3,고온,4,88.1,3.6,8.55,9.97,2.3,106.49
TlPb3W3BEr4,고온,5,32.09,5.8,5.59,2.91,4.05,126.94
Ir2Ag,수소화물,2,23.02,5.2,5.11,47.37,5.18,173.01
Cu3P3Nb2,화합물,3,59.47,2.1,11.88,42.07,6.65,18.26
BNd2Y,수소화물,3,21.61,3.9,1.08,46.2,5.32,142.13
LuTh3,화합물,2,27.84,2.2,9.99,33.01,10.57,0.92
Sr,원소,1,10.78,5.0,14.52,177.25,3.96,10.8
Tl4Os4,화합물,2,53.48,5.5,10.88,10.34,0.13,7.51
Ge2Pd3,화합물,2,38.05,5.9,5.8,12.02,7.63,14.7
Zn2Os2Pr3O3BHf,고온,6,66.88,2.7,6.74,13.39,2.54,120.37
Cd3TiPd3,화합물,3,128.35,2.3,8.13,12.81,9.5,6.77
Sn3CK3Te,화합물,4,93.3,1.8,8.07,31.11,3.15,3.19
Ce4,원소,1,95.74,1.0,2.55,368.5,5.17,0.45
EuFO,화합물,3,77.58,4.2,3.68,32.7,1.18,11.46
N,원소,1,191.3,3.0,12.83,146.82,7.82,5.86
GeAg2Al3,화합물,3,131.26,1.8,2.76,9.31,3.09,5.89
Ba2Bi3Zr2Mg3AgHo3,고온,6,116.93,4.6,7.31,3.17,13.73,164.94
ZrPd3Sc,합금,3,48.28,3.0,10.18,126.16,11.72,6.6
Sm2Nb2,화합물,2,132.61,4.4,6.48,21.95,3.85,7.08
ErTe2,합금,2,36.6,2.2,3.97,86.81,5.62,0.19
Au2Ce3Li,합금,3,99.5,1.7,12.24,71.46,11.22,2.19
S2GeSe,화합물,3,116.08,2.7,4.81,43.62,9.06,10.74
Ga4,원소,1,9.13,2.0,16.32,382.69,7.91,6.24
Os4La2Nd2,화합물,3,146.51,4.3,2.71,49.03,1.5,21.92
Yb,원소,1,130.49,3.0,9.16,28.05,6.89,2.5
Sr2Sb4Ce3,합금,3,80.17,4.3,9.03,13.17,4.12,5.93
Sm3Ir,화합물,2,131.15,2.2,13.77,49.04,13.14,25.91
Mg4W2,화합물,2,92.3,1.9,2.4,32.23,11.16,44.61
Sr4,원소,1,108.33,1.0,10.44,250.03,6.62,0.0
K3ErYb2,화합물,3,153.7,4.5,9.63,12.38,4.35,12.13
Tb4Te2Y3V,고온,4,93.92,4.4,6.85,1.63,8.99,130.92
Os2Th,화합물,2,67.63,1.5,13.2,27.35,6.98,15.88
BiMo3Gd,합금,3,64.67,4.1,11.99,117.06,7.25,0.0
Sm2Bi3Mg,화합물,3,51.7,5.9,7.22,37.7,2.69,23.35
BeF,화합물,2,92.14,3.7,4.38,5.05,4.44,12.24
Hf4,원소,1,97.2,4.0,18.43,165.66,1.24,1.99
Ce4SbIn2Re3OYb2,고온,6,82.59,4.8,4.6,6.06,1.43,162.56
Dy3Au2Ag2Mo,고온,4,50.98,3.8,8.27,3.15,9.52,124.58
TlTiCr3Pd3,고온,4,103.05,3.2,3.7,7.6,12.81,106.99
CsW2Zn3Fe4Na3Tm3,고온,6,139.15,4.5,8.11,7.24,6.94,37.88
Sn2ZnV2Ta2U,고온,5,101.0,3.4,3.08,1.15,6.67,150.8
HoHg3,화합물,2,70.37,5.7,8.84,34.14,8.05,19.09
Sn2ReSb4,화합물,3,51.49,3.7,7.49,18.22,6.15,24.71
WSn4Tb4Si2Ba4,고온,5,73.85,5.2,8.79,5.48,4.77,159.8
CdMnOs2Rh,화합물,4,138.58,2.0,13.59,14.78,7.52,8.48
ZnCe,화합물,2,70.91,3.0,10.84,24.65,6.22,8.92
CsIr2Cd,화합물,3,110.72,3.5,12.89,43.06,5.29,17.51
Tb4Yb2Cr3Lu3Ce,고온,5,120.24,1.7,6.62,13.01,10.75,154.09
Ho3,원소,1,10.53,4.0,11.37,343.72,1.1,3.1
As2Ti2Sr,화합물,3,68.14,2.2,12.2,11.41,3.19,0.0
Nb2V3,수소화물,2,13.17,4.3,2.66,7.19,14.88,273.39
Mo3HfPr,화합물,3,12.81,2.5,7.89,1.63,0.75,5.4
BeCr2,수소화물,2,33.3,4.2,5.49,48.01,10.82,128.84
Fe2Dy2Tm2Zn2,화합물,4,88.58,5.0,9.47,28.14,0.37,11.25
Hf3,원소,1,132.39,4.0,9.47,115.32,6.03,5.45
NaIr3As2Sr2Ba3,고온,5,57.34,2.2,5.64,7.86,1.93,104.25
Cu3EuAs3Nb3,화합물,4,85.7,5.3,11.82,8.59,5.4,23.3
Ti3AuV2,화합물,3,36.86,2.9,6.03,33.15,12.99,0.0
NEr2Re3,화합물,3,55.53,4.6,8.99,20.08,1.84,8.67
GaN,합금,2,103.37,5.0,8.57,129.06,14.08,5.37
AuPd2Si4Gd2,화합물,4,43.78,4.2,10.34,27.62,11.01,12.62
Ho2Tm,화합물,2,121.96,4.6,3.38,47.1,10.88,7.91
KZr3Ca,화합물,3,18.29,2.0,13.85,46.41,0.41,11.83
Lu4Ti3ReSrF,고온,5,114.55,5.9,6.39,8.14,3.18,114.19
Tl3NaPd4,화합물,3,149.99,3.7,5.82,27.28,2.24,9.69
W2Ir,합금,2,57.24,5.0,6.89,146.24,12.56,18.37
Mn4RhPtTi,화합물,4,44.88,4.4,1.62,27.26,0.4,3.89
AgIn3,화합물,2,18.86,1.9,5.62,13.36,5.41,4.82
CaF2N2PdEr3Ni2,고온,6,87.57,2.3,7.27,9.8,1.61,87.87
Yb2,원소,1,111.95,4.0,19.27,135.33,5.96,0.0
F4Fe2BiBe2Cd2,고온,5,66.74,5.1,6.48,6.56,14.66,37.75
YIr,화합물,2,16.22,1.7,5.1,22.59,1.86,9.69
Na3In2,화합물,2,102.71,3.8,6.67,3.23,4.26,14.78
Na4TaSr3,합금,3,85.29,4.0,15.5,62.07,3.09,5.75
Mo3PrSi3Nd,화합물,4,40.76,4.0,8.5,39.77,2.77,3.93
FeTi,합금,2,155.17,3.5,8.57,117.04,14.53,0.4
In3Zr3K,합금,3,179.18,2.1,8.97,94.34,6.2,5.64
Cr2P2Dy,화합물,3,22.76,3.7,8.41,39.55,4.43,7.43
YbSnKPFY,고온,6,37.73,2.8,3.44,7.0,5.18,87.55
NiScSeBi2,고온,4,51.81,1.8,8.0,13.32,5.5,79.69
Os3La3,화합물,2,12.88,2.6,3.66,27.66,10.21,7.09
Os3Ni3Er3,화합물,3,87.16,5.3,2.33,33.81,3.44,7.37
Yb3CoHgCs,화합물,4,34.64,3.7,5.65,21.47,6.11,1.72
As2Tb,수소화물,2,1.38,1.5,7.93,56.47,11.21,249.7
ErMn2,화합물,2,48.66,5.1,2.87,13.73,0.11,12.17
YZr4,합금,2,164.24,3.3,12.74,103.79,1.84,10.33
Se3Os,합금,2,62.12,3.8,14.95,58.39,0.17,4.45
LiO2Sm2,화합물,3,94.18,2.3,2.55,22.79,5.65,12.83
BPrMo2Zn,화합물,4,105.65,3.3,9.56,10.29,3.04,24.24
Sb2,원소,1,43.01,2.0,1.96,165.68,4.63,1.62
HfAl2Lu2Mg2,고온,4,69.06,3.1,5.75,12.34,11.65,65.63
LiSr,화합물,2,61.94,5.6,3.75,2.48,4.24,7.53
Er2LiBiN2,화합물,4,94.13,2.0,5.19,41.24,0.83,0.0
Er2,원소,1,150.3,4.0,3.0,342.76,5.61,2.81
C2Pd4N2,화합물,3,20.73,3.3,3.52,3.01,8.15,28.65
Be2Gd4Bi3K2,고온,4,101.41,2.6,6.46,12.85,8.59,144.66
Ir4ErY2N2,고온,4,96.95,4.3,5.62,14.92,4.36,114.69
Mn2AsHg3,화합물,3,122.12,4.1,1.87,25.25,3.42,13.92
NbBa4,합금,2,61.71,4.4,5.11,35.06,10.49,0.0
Sb2Ru4,화합물,2,122.34,2.9,12.97,49.68,14.52,8.21
Ir2YTe,화합물,3,63.99,4.0,13.4,12.62,6.18,11.58
BTm3K2,화합물,3,125.71,3.5,6.16,24.12,7.7,3.5
HTl2,수소화물,2,21.78,4.6,6.14,54.55,4.36,141.94
Pd4Rb,화합물,2,57.53,5.0,12.34,2.03,4.24,10.97
Ce,원소,1,49.74,3.0,21.36,278.71,8.63,7.99
Si2Pd2K2Fe3Pr2,고온,5,111.15,3.2,3.06,2.44,0.56,107.12
Lu,원소,1,150.19,1.0,15.11,306.7,0.53,0.87
URe,수소화물,2,55.52,3.4,7.8,61.37,7.47,295.61
CoHgSiAu,화합물,4,58.55,3.1,2.57,19.27,11.72,0.29
Hf3LaTiEr3,고온,4,99.0,2.1,4.75,12.37,7.87,94.19
Pd2RhMn4,합금,3,118.49,5.0,11.32,126.67,5.67,9.33
Ir4,원소,1,237.37,4.0,4.47,336.7,8.12,8.0
Rh3In3Na,화합물,3,88.13,3.9,11.62,28.09,10.07,13.05
Tb2Si,화합물,2,13.08,5.1,13.33,30.65,9.01,13.64
Na3As4Ru,화합물,3,84.34,2.8,8.73,8.44,3.22,3.22
Eu2Zn,수소화물,2,40.26,1.8,3.76,29.22,0.99,161.84
Ni2Sb4NaCa2,고온,4,61.11,1.7,3.53,4.79,7.92,34.49
HgTl3,화합물,2,102.14,5.0,7.57,36.24,11.7,5.75
B2Mo3Re3,합금,3,38.98,3.5,7.4,127.2,9.05,1.28
Lu2Mn3Ag3Co2TmH2,고온,6,106.67,5.7,6.07,2.19,6.21,96.35
Os2Ba2Dy2Er3,화합물,4,125.66,5.2,8.18,33.18,3.19,10.81
RbF2Ir3,화합물,3,135.28,5.9,1.51,16.26,8.33,20.55
TaCaRb2Te4ThHg3,고온,6,120.9,3.5,7.02,7.95,11.16,82.18
LaU4,합금,2,167.09,2.6,3.9,95.77,2.13,13.39
Rh2SrZr4,합금,3,41.04,4.5,9.27,28.19,0.48,9.52
La2,원소,1,172.26,5.0,20.45,23.88,1.29,0.0
Yb3Re4B4O2Pb2,고온,5,132.27,3.2,8.92,11.04,2.82,97.3
Tb2La2,화합물,2,68.55,2.3,12.68,22.2,14.24,11.23
Rb2Rh,화합물,2,29.53,4.9,3.12,41.64,4.67,7.97
GaCd,합금,2,25.17,3.4,3.2,137.86,5.6,2.34
Hf2,원소,1,62.36,4.0,12.64,328.06,8.7,6.14
Ag2Te2,합금,2,38.47,4.9,12.7,81.33,3.72,6.55
TmInGe2Al,화합물,4,51.53,5.2,2.59,26.95,1.68,3.03
VNa2P3,합금,3,128.66,5.9,6.98,134.31,7.03,14.52
Rb4NdHo,합금,3,25.95,1.6,5.58,104.42,7.97,0.0
Ge2WPb2Tl4B3,고온,5,32.73,4.3,6.48,10.32,7.55,53.33
Al2Cd4,화합물,2,34.36,4.6,3.52,35.77,0.26,4.79
As2Ba3PdPt2,화합물,4,60.16,4.2,6.95,49.66,13.49,6.53
Na,원소,1,61.7,5.0,10.79,112.23,8.58,5.22
F2Cu2Ti2,화합물,3,74.02,3.8,6.65,34.15,13.81,9.25
HgHK3,화합물,3,113.09,3.0,11.96,13.64,0.91,17.89
Lu2Te2,합금,2,66.4,2.8,15.87,91.1,4.88,8.16
TbU2Cs3,합금,3,90.34,2.3,13.63,51.74,0.33,2.2
Li2V2SbCAs2Al3,고온,6,72.35,2.8,8.08,4.8,9.55,152.66
LaTh4Ce3BeCd3,고온,5,41.15,4.2,7.04,8.28,14.78,119.24
Er,원소,1,16.5,2.0,2.34,145.15,5.02,0.0
Hg2Ce4Pd2,화합물,3,19.66,3.9,9.36,8.98,11.42,6.35
Ni3Na3Dy,수소화물,3,43.35,3.5,4.44,60.69,11.67,116.11
MgSc2,합금,2,106.04,4.1,14.85,135.79,4.74,9.42
YTm2Mo,화합물,3,88.74,3.4,11.31,28.7,14.44,7.41
OsB,수소화물,2,47.53,3.0,6.59,77.58,8.14,288.64
OsAg4,수소화물,2,9.54,5.3,6.05,45.89,9.36,276.68
Pr3Sc3Dy2Sn,화합물,4,79.6,4.6,1.51,1.08,12.64,2.92
Eu3Sm4Cr2,합금,3,78.92,1.8,11.12,134.93,13.63,6.63
Zn4Mg3,합금,2,114.5,2.5,13.68,133.78,2.33,0.0
Pt2Co2Zr2P3,고온,4,135.64,3.6,8.65,5.82,0.94,53.06
Si3Hg2Ir3Ho2Ru3,고온,5,82.14,1.9,8.84,14.56,3.71,142.25
Sb2Al3Cd2Be2,화합물,4,31.13,5.2,12.75,31.54,14.41,6.6
CuRb3Te3Ga,고온,4,61.63,3.8,4.41,13.17,0.58,127.83
Pb4Hg2Th2Te2,고온,4,85.88,5.5,6.37,2.23,5.28,96.86
SrIr2Gd3,화합물,3,149.88,2.8,11.0,45.8,3.6,12.66
SrS3Rb2RhSb3,고온,5,82.0,1.9,4.72,1.87,3.92,69.3
YCu3,화합물,2,82.74,4.8,11.92,28.24,12.18,5.37
ZrMo3,화합물,2,155.6,5.9,3.22,20.06,4.26,29.11
EuLa,합금,2,107.5,5.4,2.99,10.39,4.88,7.19
Er3Cd4Hg3Ca3Li2,고온,5,131.26,5.7,4.38,12.99,12.98,75.99
Er3Nb2Mo2,화합물,3,133.45,5.0,12.72,16.25,6.55,33.96
TmTiNa3B,화합물,4,87.64,2.2,5.55,17.79,11.24,11.49
W3Hg3SeLiAlPb4,고온,6,132.29,3.0,4.77,1.65,2.92,153.1
FHf2,화합물,2,86.7,4.0,6.95,9.97,2.92,14.55
Pb2BAsTi2Ce,고온,5,64.67,3.4,5.05,4.04,14.01,32.29
RbHf4,합금,2,154.3,5.7,15.23,42.03,5.62,14.42
PdC3Gd,화합물,3,137.08,2.5,2.11,36.12,12.41,11.02
GaRb2,합금,2,172.35,5.7,12.7,85.21,10.07,14.04
Ce3Dy2As2Os2,고온,4,106.42,5.1,4.01,8.58,5.77,130.19
Ta4Ge,합금,2,149.94,2.5,14.92,95.47,7.11,0.0
ScN3,화합물,2,73.62,2.4,8.56,45.49,1.26,8.33
YbRhNa3Fe2,고온,4,120.0,3.8,5.69,6.05,2.98,69.62
U3Ca3Sn2,화합물,3,101.94,3.1,10.47,23.64,3.71,0.0
Eu2Pd3,수소화물,2,2.56,1.6,2.02,9.57,13.58,217.15
GaRuAl2Ce2Ho2Cr,고온,6,131.64,1.7,5.39,7.12,8.43,79.1
ThIr,화합물,2,110.53,3.1,11.74,45.8,10.23,8.5
Mn,원소,1,192.96,1.0,16.78,87.87,3.0,0.0
Sc2Ho3K4H,화합물,4,114.82,2.9,7.53,30.75,11.96,4.18
Pt2S,화합물,2,67.22,2.0,10.15,24.27,7.42,14.97
U2HgCr3O,고온,4,90.83,3.9,7.7,14.36,4.49,57.86
Bi3Sm3,수소화물,2,33.54,3.9,6.22,18.49,10.55,272.35
Zr,원소,1,129.33,4.0,17.66,112.54,9.09,9.58
U3Ni2CIr,화합물,4,30.07,4.4,13.28,29.54,8.08,11.85
W3S3,화합물,2,39.0,3.0,8.43,41.02,14.88,4.09
Pd2VF,합금,3,179.84,3.9,10.68,26.64,3.33,1.79
Ga3Te4,화합물,2,55.45,4.5,11.4,36.32,14.62,3.09
Sm3MgBa,화합물,3,127.01,5.1,12.65,35.07,10.39,4.95
LaEr2,화합물,2,146.47,6.0,11.71,47.67,5.06,13.99
RhLu2,화합물,2,80.78,2.9,8.61,26.41,4.78,39.01
Hf2SeSr,화합물,3,68.48,4.1,5.08,25.27,9.63,4.04
EuMoCr2,합금,3,153.67,2.1,11.83,7.02,0.41,10.5
PrHfBi2Au2,고온,4,42.8,1.7,5.97,13.32,13.16,59.07
Co3Gd,화합물,2,59.22,2.1,3.76,33.16,11.0,20.28
Sr3CuTe2TbNd2,고온,5,127.5,5.1,4.95,5.36,0.47,147.71
AgGe3,화합물,2,82.11,3.3,11.76,20.82,4.28,5.8
U2RbBe3Tb,고온,4,79.56,1.6,6.33,12.86,2.69,25.35
LaPrPt3AuV2,고온,5,95.17,1.5,5.69,11.81,4.91,88.24
Pd3Mn2Si3O,화합물,4,59.59,2.9,13.62,41.56,10.75,3.21
Cr2Zn3Y4Ca,화합물,4,124.36,4.0,4.27,8.0,11.78,35.64
Eu2N2F2GdH,고온,5,114.9,4.6,8.6,5.84,7.22,117.95
Tl3BeGa,화합물,3,139.47,3.5,5.21,37.55,4.83,20.05
PrPt4Na2Mo2Rb2Lu,고온,6,40.34,4.1,4.02,5.92,6.0,94.66
PbSe2B2Ru2Cr2Ag,고온,6,57.5,1.5,7.01,13.63,11.9,138.65
TlCd3S,화합물,3,52.19,2.7,8.77,47.66,6.2,16.42
BV3Pt,합금,3,59.65,2.3,14.36,92.59,0.65,5.83
Cd2Y2NGd4,화합물,4,94.69,1.9,11.16,35.13,13.8,5.49
Pr4Re2Hf,수소화물,3,9.57,4.9,4.95,13.35,7.07,188.51
NiPr3,화합물,2,124.35,3.8,11.28,27.17,1.4,3.74
BiPd,합금,2,130.9,5.5,10.25,144.24,12.98,11.36
Cr2Te2Hf2Nb4,화합물,4,148.82,2.4,4.0,40.95,6.13,1.28
H3Nb3Pd2Te3,고온,4,138.36,4.2,3.92,13.77,4.77,39.4
AsNaY4Ca,화합물,4,116.92,4.1,4.3,1.74,12.26,5.11
NRb4O3,화합물,3,37.2,5.2,6.64,40.18,7.4,5.7
Er2Sn2As3Eu2,화합물,4,153.74,5.7,7.93,47.3,12.25,8.41
Na,원소,1,67.07,2.0,17.06,365.44,2.71,0.0
Ni3MoInLa2Ce,고온,5,98.41,4.7,6.12,2.34,3.99,113.83
Cd2DyFe3Mn3,화합물,4,40.48,5.0,4.17,44.32,14.81,9.37
O2Pd3NOs2Cu3,고온,5,62.59,4.9,6.23,5.49,14.85,109.07
W4F4OsH3,고온,4,128.22,1.6,7.29,14.38,11.51,147.76
TlReHo2Ir2,화합물,4,104.74,4.5,8.21,10.57,5.67,20.41
NbCd3,화합물,2,33.67,2.4,5.06,48.8,4.88,10.5
NaSr,화합물,2,130.82,3.1,8.67,5.98,11.93,6.08
Rb3Cd3Pt3Mo,화합물,4,36.36,5.7,4.97,8.63,0.62,21.68
RbCu2,화합물,2,38.42,5.3,2.53,28.2,14.08,22.76
Er4Pb4La2Ru3Cs3,고온,5,55.24,2.2,8.74,9.11,2.61,87.21
YbCu2Ga2Ce2,화합물,4,84.87,2.5,2.04,12.12,9.72,10.71
TmSeMg2Cs3Ta,고온,5,38.11,2.6,3.45,6.19,2.05,160.1
In2Co3,합금,2,29.78,4.2,13.32,138.85,10.34,3.0
V2TaNa,합금,3,144.71,3.9,12.12,36.76,6.94,1.1
Dy4Cr2,수소화물,2,7.38,2.6,4.03,18.27,3.7,111.8
FGa2,화합물,2,68.81,5.1,12.89,19.27,8.72,12.97
WH,화합물,2,132.98,3.3,8.74,21.97,7.8,3.97
La2TeCd2Mo4,화합물,4,92.25,2.3,2.96,7.99,10.68,10.93
As4O2,합금,2,27.97,1.6,15.76,50.45,11.53,0.53
Yb2Sb2,화합물,2,156.96,3.2,7.65,23.04,5.5,15.62
CeGe,합금,2,72.13,2.5,5.52,32.03,3.21,4.25
V3SrGaIn2,화합물,4,157.02,4.4,4.05,47.0,5.6,15.68
Na2Y3SrNi,화합물,4,90.55,4.7,7.21,19.3,13.12,2.64
RbSiSbPbB2Be,고온,6,81.9,4.7,4.27,4.72,0.36,138.48
RhRe,화합물,2,87.31,3.5,7.33,1.94,3.05,6.48
Ir4CsMg2,합금,3,26.92,1.6,4.67,18.35,1.68,2.16
Cd2C2Eu4,화합물,3,42.31,2.2,11.8,40.33,8.27,12.21
CdRh2,합금,2,107.22,5.7,4.63,112.47,8.07,14.21
HoK3,합금,2,132.51,3.3,3.39,107.2,7.89,0.53
K3,원소,1,142.53,2.0,14.02,282.62,6.99,0.0
HAuC3,화합물,3,158.29,4.3,1.86,1.7,4.61,18.28
DyAl2,합금,2,20.69,2.2,12.1,149.09,0.49,0.0
CuMn2ErZr,화합물,4,81.67,3.1,6.22,44.4,8.62,11.09
Ge2CeNaCs2Ru2,고온,5,70.34,1.6,4.08,2.97,1.36,95.21
Gd2Ge2LaSm,화합물,4,65.28,4.5,10.39,36.21,7.28,34.86
F3,원소,1,79.36,3.0,21.15,31.2,4.49,0.0
HgV4Yb3,합금,3,39.11,4.5,3.13,52.53,5.76,4.67
Se3Sn2Te,화합물,3,130.95,1.9,1.81,25.77,10.3,17.33
FNa3La2TeRh3B2,고온,6,63.69,3.9,5.21,9.5,2.77,103.47
Nd,원소,1,120.39,3.0,1.8,123.19,4.98,0.65
Tm3SiSe2Rh2H4,고온,5,92.25,4.0,6.97,11.07,2.0,138.11
Sc3Ho3Tb4,화합물,3,67.21,4.3,13.48,48.97,2.94,13.71
CeTh2Nb3,화합물,3,69.06,5.5,9.51,12.13,3.43,23.57
Pt3Os4,수소화물,2,42.86,5.6,4.71,41.44,14.04,162.2
Sn2Pb2Mn2Au4Sb4,고온,5,68.09,1.6,6.46,4.62,3.05,59.49
Mo2Hg2Sn2Cu3Th,고온,5,73.2,1.5,8.07,4.81,13.15,118.84
Ru2Eu,화합물,2,28.49,5.9,8.09,2.78,0.57,11.5
Pd2MnLi2,화합물,3,30.88,2.8,5.3,38.0,6.52,19.36
NbO3P2,화합물,3,76.22,3.2,2.82,13.36,11.13,5.36
CoSb2RhTm3,화합물,4,102.66,2.7,5.32,47.17,5.61,23.89
Sc3Ge2,화합물,2,99.22,1.8,3.69,13.7,12.33,1.88
As2Ni,합금,2,145.88,2.0,5.21,73.54,7.64,0.5
Dy4Te,합금,2,31.8,5.1,10.88,69.15,6.7,23.82
BaEr4,화합물,2,128.99,2.4,3.69,26.09,2.81,12.12
TeHgCs2Mn3Th3Se2,고온,6,53.14,2.5,4.46,4.82,0.65,60.23
B2CrSb2Al3,고온,4,67.93,5.1,7.01,8.83,0.22,106.52
Sr3Mn4TbGe3,화합물,4,154.7,1.6,6.09,18.72,4.63,46.24
F3U2,화합물,2,47.9,3.9,7.72,6.17,14.06,39.92
As2Co3H3,합금,3,41.86,2.1,13.81,51.38,1.21,3.06
YCrTmAl2,고온,4,81.7,2.5,6.03,3.52,0.82,28.72
NiNRu3H2,화합물,4,99.43,2.8,9.87,24.3,4.17,8.91
Dy3Ni4Ho4Cs4Lu3,고온,5,35.38,2.6,5.44,1.37,1.1,120.76
As3MoMgSi3Cd3Cr2,고온,6,86.89,4.2,4.39,14.97,12.9,146.4
B4Ho4,합금,2,51.07,3.3,4.68,120.37,9.08,3.64
SbTa3Sc3Ho3,화합물,4,129.24,2.5,11.45,42.49,0.23,4.34
Tm2Si2,수소화물,2,42.13,3.3,3.13,44.63,13.89,193.52
SeO2,합금,2,86.79,3.4,2.38,143.09,11.93,12.55
Mo3RhNi2Al,화합물,4,145.77,3.9,6.22,39.96,12.73,1.9
ReSn,수소화물,2,37.44,1.7,6.36,21.27,0.98,137.11
LuBa4Mn2,화합물,3,28.99,4.6,8.29,27.21,0.54,11.78
Hg2K4Lu3Ir3,고온,4,98.04,2.6,4.92,9.91,11.34,146.57
Cr3TeCe2Al3Fe,고온,5,130.98,2.1,5.6,9.05,10.24,82.77
HgCaOsMn,고온,4,116.38,1.9,6.54,11.21,11.74,79.16
GeYb,합금,2,91.53,4.4,11.53,107.42,0.47,11.61
Ce2Pb,화합물,2,115.12,4.9,5.22,21.99,1.42,15.32
Sb3,원소,1,228.44,3.0,2.65,270.58,5.8,1.7
W2LuFIrTa,고온,5,79.86,4.3,6.97,1.79,2.73,162.59
ThTb3P3HgSm4,고온,5,43.12,5.6,3.51,13.77,5.71,126.22
Hf2Co2Na3Li2,화합물,4,38.61,1.9,8.79,45.7,2.11,6.98
Te4Tb2Sb3,화합물,3,145.68,2.4,4.09,13.59,14.23,18.2
Li2,원소,1,177.35,4.0,14.29,235.02,5.52,1.38
FLaScMoCu3,고온,5,138.6,4.1,8.62,4.17,7.58,164.53
Tl3Pr3Cs3,화합물,3,87.97,1.7,7.68,48.56,0.16,8.07
As3W3HfGaCa2,고온,5,91.01,3.3,3.87,7.48,11.45,96.6
Zr2UAg4Tm2,고온,4,107.33,4.3,8.92,4.2,14.77,127.23
Hf2Na4Nb2W3,고온,4,135.38,3.4,3.61,2.71,1.13,106.23
CrB2Gd2HBi2Na3,고온,6,48.44,1.6,6.76,11.95,4.85,50.56
PdBe2Zn,화합물,3,23.07,5.8,10.83,13.61,12.51,12.56
Pr3V2TeRe2,화합물,4,124.39,4.2,7.89,3.38,3.34,12.81
AgO3BiPr,고온,4,115.51,5.6,3.65,5.3,1.96,170.99
Ge2Ta2C3,화합물,3,91.35,3.3,7.57,44.86,8.72,29.51
Re2Li2Ho,화합물,3,26.05,4.4,10.22,11.1,3.6,7.74
Be2Pb2,합금,2,24.5,4.2,9.01,145.9,11.63,4.42
Ba3PtTa2Dy4,화합물,4,65.73,5.8,6.01,20.05,2.32,5.97
Ti3Yb3Au4,화합물,3,23.79,2.6,11.78,30.92,2.38,35.77
Co2Nb3,합금,2,98.21,3.4,15.82,113.32,7.93,1.11
Pd2Ge2,합금,2,64.45,2.4,3.38,43.22,0.57,4.74
O2RhTi2,화합물,3,39.18,5.7,9.47,21.84,9.02,10.48
Tm3Zn3,합금,2,51.75,1.7,7.35,81.02,13.09,0.0
Nb4Cr3SmOAu,고온,5,67.72,1.7,3.79,11.72,0.33,133.98
Sm3La2Dy,화합물,3,115.08,3.3,3.35,18.82,10.08,8.3
Au2Hg3Ge2,화합물,3,28.29,2.0,3.64,4.07,12.97,0.1
Mn3Os3,합금,2,62.34,2.3,10.84,130.05,8.59,4.95
CrSn2Mo2,화합물,3,104.48,5.4,11.65,41.46,1.34,8.07
Te3Ge,화합물,2,33.68,5.1,2.9,46.42,5.84,11.21
Rh2Zr2S2SiBa4,고온,5,126.67,3.6,7.49,5.6,9.04,108.04
HoNd3Si4Ta3,고온,4,135.06,5.1,4.48,10.04,9.36,158.01
La2Nd4,합금,2,79.42,3.6,9.9,51.4,4.27,31.04
ThYb2,화합물,2,114.35,5.9,6.56,33.67,10.75,13.04
SHg3Co2,합금,3,167.69,2.5,11.67,57.93,1.64,5.12
CdP2,수소화물,2,26.55,5.4,3.39,42.74,10.75,120.58
Li2Ni,수소화물,2,42.22,3.6,6.09,10.49,12.4,131.63
RbW2Bi3In2,화합물,4,151.46,5.3,7.77,35.75,2.06,12.29
ScBeNIr,화합물,4,159.71,4.5,11.39,43.86,8.67,12.39
K3EuTb2MgOs4S3,고온,6,51.22,5.0,8.16,14.8,8.19,144.38
Re3In2Hg,화합물,3,100.99,4.9,12.83,30.47,5.81,26.33
S4Th,화합물,2,67.22,2.8,5.51,17.37,3.32,3.83
TeNd2,수소화물,2,11.19,2.3,3.3,56.88,7.17,180.8
Te3NdTi2Li,화합물,4,43.46,4.2,3.92,29.33,3.23,7.36
HNaHf2F3,화합물,4,95.47,2.3,7.41,34.93,7.51,5.0
CS3ThFeK,고온,5,116.94,6.0,8.65,5.3,1.31,138.71
U2Li2Ga3Ti2,화합물,4,45.11,3.0,11.42,17.22,13.37,10.19
Yb2ThN3IrMg3Ti3,고온,6,63.07,2.3,8.26,1.26,11.79,139.3
TmSr,합금,2,140.58,2.8,11.92,120.3,12.7,8.54
Zn4Be2Zr4B2,화합물,4,51.32,1.6,6.89,10.45,14.41,4.98
Cs3Y2,합금,2,52.02,3.4,7.82,148.68,4.54,3.79
U2La,화합물,2,141.75,1.5,9.08,10.82,11.94,22.32
Ta2Cd3,화합물,2,53.3,4.9,13.85,0.63,6.96,2.72
Tl3Hg2,수소화물,2,56.71,3.5,3.74,45.93,9.37,290.76
W2YLi3U4,화합물,4,42.51,5.9,3.34,48.41,12.55,8.21
Sb4TeYbRu3,고온,4,116.49,3.8,6.89,11.53,12.44,75.37
Ru2AlBi,화합물,3,83.55,5.6,7.26,33.11,4.06,8.55
Mg2Er2Na2SbGd,고온,5,45.69,2.6,6.8,6.93,8.04,35.18
Tm2Ir2Sc2,화합물,3,75.25,5.7,10.38,34.67,9.53,10.34
Zn2Rh,화합물,2,20.68,4.9,11.83,11.84,5.56,6.86
Cu3Zn3,화합물,2,110.98,1.5,4.01,23.83,4.16,0.0
AuTh4EuTi,화합물,4,29.19,1.6,2.36,35.99,12.67,12.57
OLuNa4,화합물,3,122.24,5.0,7.94,13.74,14.32,13.58
FV4,화합물,2,34.68,2.3,9.39,29.41,14.07,20.34
HAs3ErFe3LuYb,고온,6,82.95,5.6,6.4,13.87,1.79,101.09
As2N3H2Ba2SSc3,고온,6,72.71,2.3,7.6,1.04,4.71,73.7
Lu4PbTe4,수소화물,3,24.63,3.5,4.96,55.5,5.47,215.83
Co2Mn2,화합물,2,123.52,2.4,10.19,13.05,9.12,4.63
ErW,수소화물,2,14.35,5.4,3.45,45.97,0.59,193.77
Pb2CsIrH2Ti2Ga2,고온,6,73.71,5.9,4.62,6.21,14.72,130.97
Na3ScSm,합금,3,96.16,4.5,9.44,135.98,11.6,3.31
LuTbCsRe,화합물,4,56.1,5.9,9.27,19.09,3.2,16.7
SiFeRb,합금,3,87.94,3.4,3.31,89.19,5.44,6.46
As3,원소,1,58.2,5.0,2.27,141.63,6.98,9.22
Pt3In2Tb4,합금,3,125.16,3.1,14.78,32.99,3.64,6.01
Hg2,원소,1,111.44,5.0,12.08,318.34,4.44,3.85
OTi,화합물,2,56.27,5.7,2.01,4.25,7.91,17.19
K3YRhFe2,화합물,4,57.06,5.5,12.38,17.47,7.6,6.22
CaBa3CeTh2,화합물,4,117.18,1.8,2.48,42.85,6.25,1.87
Re2Ta4PdSe,고온,4,84.55,4.0,8.85,5.83,8.33,55.36
C2PbMg2Ir2Be2,고온,5,31.69,3.9,6.23,10.25,10.56,98.13
N3Cd2,수소화물,2,23.13,4.4,7.13,44.3,13.62,210.78
K2U2Pt,화합물,3,56.22,3.7,3.93,37.48,14.83,2.32
SmP2U2,화합물,3,55.4,5.4,2.73,34.42,12.5,13.77
In4EuTl2,화합물,3,36.75,4.3,12.84,39.21,12.08,5.21
TbThNa3,합금,3,128.3,3.0,2.8,71.59,3.3,7.87
Nb4Mo,합금,2,112.29,3.3,3.18,146.32,12.99,15.85
ZnHo2Ru2,화합물,3,65.95,2.4,7.39,33.81,6.55,24.75
Dy3Hf3,수소화물,2,51.74,5.2,6.9,40.48,7.81,183.76
Yb,원소,1,170.91,4.0,3.66,374.75,0.51,2.31
RhC4Sn2,합금,3,84.76,5.1,8.44,114.24,5.43,11.89
TbIr2,합금,2,58.89,5.3,14.56,112.57,12.33,10.21
Au2Eu3Bi2,화합물,3,55.86,5.3,6.34,33.05,6.11,8.34
O3RhNi2B,화합물,4,153.85,5.1,6.41,6.85,2.85,7.75
Dy2Th2In2Pt2,화합물,4,82.18,4.6,4.83,3.91,4.74,6.18
CsW,합금,2,175.64,2.7,11.06,132.75,11.74,6.45
Gd2P3,화합물,2,85.26,2.6,10.95,45.18,12.83,3.11
Mn4Ho2In2,합금,3,47.87,2.9,4.62,100.53,14.28,2.27
Ti2Sr2,화합물,2,64.13,3.2,3.82,16.1,1.83,3.74
In2B3,합금,2,158.67,4.9,11.95,130.02,12.03,23.97
HoThOs4HgCu2,고온,5,96.43,2.6,8.43,3.05,5.11,149.7
Re4Au2,화합물,2,93.38,4.2,4.84,22.13,7.56,5.89
NbLu3,화합물,2,108.67,2.9,9.72,5.11,6.14,13.84
AgH2,화합물,2,13.23,5.2,10.38,40.87,4.81,10.39
BeFe4Bi3,화합물,3,130.61,4.4,8.2,48.67,3.55,2.6
Be3In,합금,2,38.27,4.4,8.04,32.7,8.62,7.57
CYEr4Pr3,화합물,4,99.45,1.7,11.36,42.56,1.03,2.14
SnBi2Tb,화합물,3,23.71,2.9,7.39,45.45,14.65,12.67
Eu2Ir3Re2,화합물,3,156.19,5.8,13.53,12.79,3.68,19.75
Nd3HO2B2Ag2Gd3,고온,6,65.14,5.3,4.35,6.9,12.15,41.3
Ti3Li3ThCu2,고온,4,101.03,4.3,6.51,5.29,7.47,71.52
Bi4Cd4KCs4Mo2Yb3,고온,6,51.26,2.4,6.41,1.14,1.56,42.85
Pb4Dy3Mn3,합금,3,87.91,3.4,10.83,103.09,9.38,3.81
Tb2BMnFe,화합물,4,106.29,2.4,7.41,26.72,8.81,2.66
TmBe3,합금,2,87.16,3.3,12.71,62.98,10.25,5.17
N3HgTe3Zr,화합물,4,143.94,5.0,3.7,35.18,8.51,9.3
TaO3Ge4,화합물,3,89.37,5.0,3.26,26.99,13.67,3.35
Ce2Te3,합금,2,166.19,1.6,7.75,6.89,3.95,0.0
Rh4Ni4Sn2Tl,고온,4,59.08,3.5,6.61,10.06,13.52,116.45
NbHfCs2,화합물,3,144.84,2.8,9.94,34.71,10.89,2.0
ZrInCa,화합물,3,39.61,4.9,5.02,17.72,12.65,5.2
Eu4,원소,1,113.23,2.0,13.75,361.65,5.05,1.19
Ti3Sm2,화합물,2,31.4,3.4,7.31,38.61,2.92,13.03
PdCe2CFZr2Sc2,고온,6,126.96,6.0,4.71,12.74,7.32,72.23
DyFe,화합물,2,89.52,2.9,10.28,40.69,14.07,15.77
CRb,수소화물,2,45.03,2.7,2.47,37.21,13.44,282.69
GdFeLa4,합금,3,109.74,5.4,15.52,32.51,2.06,3.82
As3Au2,화합물,2,96.62,5.2,3.69,15.97,2.27,15.15
NdVSc2O2Er2,고온,5,42.96,2.4,7.93,8.98,8.76,87.32
Ir2Er2Tm3C2,화합물,4,141.09,3.8,6.88,0.9,14.42,4.38
Sn2Dy2Cu,합금,3,103.71,2.5,4.5,36.61,4.81,5.23
C4Nd4,화합물,2,81.59,2.9,12.45,32.49,13.94,3.74
Sr2Ta2Nb3,화합물,3,81.44,2.6,4.62,17.93,13.2,6.52
Pt4RuHf2,화합물,3,117.19,2.8,2.4,41.47,12.98,20.5
GePbRuOs2U,고온,5,104.89,5.2,3.52,7.36,13.89,71.54
Yb4CeSnSBe3Pd2,고온,6,56.81,2.8,8.81,7.18,11.16,91.53
CPd2La2S,화합물,4,58.48,3.1,3.5,30.18,11.93,0.97
TbEr3Hf4,합금,3,129.34,5.2,11.32,40.64,9.54,9.99
CBe3,화합물,2,40.81,1.7,8.57,47.91,11.54,23.11
Tm2Nd4LuAlTh3,고온,5,37.12,4.4,4.98,3.28,10.37,116.85
Hf2F,수소화물,2,48.84,1.7,2.32,70.37,14.71,270.62
Rb4,원소,1,33.31,3.0,5.35,305.34,9.7,0.0
NHf2Pt2Pb3,화합물,4,88.17,4.5,3.45,46.5,9.82,9.26
CuHo2Fe,화합물,3,79.47,4.6,10.13,26.05,7.28,19.37
P2TlNa2,합금,3,36.62,5.3,8.52,103.03,0.62,4.16
Ta2Sm4,화합물,2,76.15,2.5,8.26,26.94,2.16,2.65
CaLa,화합물,2,71.66,3.5,13.19,2.12,2.92,3.35
Mg3,원소,1,157.9,5.0,4.47,242.03,1.21,6.25
MnYbHf3Sr3,고온,4,93.2,4.6,7.14,14.32,7.27,139.5
N2SeZrHo4Th3Pd4,고온,6,64.01,3.0,4.02,6.61,1.92,119.73
Si2Au,수소화물,2,4.39,3.8,7.3,64.58,5.91,241.7
LiLu2Au2,합금,3,91.83,5.0,6.68,81.24,10.23,6.11
Ce3DyIr2Cs2,화합물,4,70.38,3.1,8.9,36.89,6.29,12.51
W3Si2SnRh,화합물,4,42.73,4.6,4.03,17.76,6.23,16.62
U3Ag2Fe2,화합물,3,21.43,2.2,8.86,43.86,7.59,7.42
Cs2Pt2Mo3Zn2,화합물,4,13.49,3.7,4.94,32.33,3.87,3.37
AsGa3Si2WBiAu3,고온,6,63.6,5.6,4.36,4.84,6.13,79.73
Sn,원소,1,103.87,5.0,4.07,97.1,7.93,5.05
LiCa,수소화물,2,37.82,3.0,1.92,40.11,0.34,205.87
RbSn2LuAs4Ir3,고온,5,106.16,6.0,6.37,5.0,6.91,73.88
O2S3Al2Nd4Hg2,고온,5,99.43,3.8,5.63,5.85,9.27,163.77
SnGd2F2B3,고온,4,30.06,5.4,4.47,4.52,13.61,72.03
V4Sc2Re2,화합물,3,120.22,5.7,5.99,43.95,13.11,7.74
B2U3Hf2Hg3,고온,4,115.4,2.0,3.21,3.26,4.23,58.15
Nd4Ru,화합물,2,145.93,3.5,7.02,5.03,5.23,8.14
SmDyLuTa3B2,고온,5,104.58,3.8,5.2,13.06,12.9,160.62
Cu3Mg,합금,2,20.08,4.2,3.44,77.85,3.23,12.02
FNdCo,화합물,3,86.16,3.3,12.11,22.86,4.51,5.8
Zr2Gd3Be,화합물,3,155.31,3.1,10.2,31.77,8.66,6.27
Lu3Ti2K4F,화합물,4,16.58,4.1,4.56,45.32,2.12,8.65
HfEu2Cr2Y2,화합물,4,149.9,1.7,3.49,24.1,12.03,2.11
Nd3P2Th,화합물,3,32.48,2.1,3.83,26.27,5.24,4.16
Ag2DyMg3Ge,고온,4,88.23,3.7,4.8,12.71,9.19,146.19
Ho2SeP4,화합물,3,51.62,3.1,9.32,7.82,4.82,7.73
AlCe2H,화합물,3,113.35,2.8,7.26,4.88,1.32,10.03
CaCs3,합금,2,120.43,3.2,11.96,88.96,13.84,5.91
Er3Sn3,화합물,2,124.16,4.9,12.11,22.81,6.45,5.78
V2MoSm2,화합물,3,21.73,4.0,12.11,29.72,10.11,6.95
NHg2Sn3SrAs2,고온,5,124.75,1.8,4.35,14.78,2.32,130.5
Dy4Ta4,합금,2,130.26,4.3,4.81,132.9,8.25,7.0
AuSn3Cu3,합금,3,115.85,5.0,12.82,143.87,11.98,8.43
TePtNd,화합물,3,147.7,4.2,13.16,48.34,11.14,4.32
LuSm,화합물,2,113.83,1.6,4.91,35.57,3.02,1.35
Bi2Sr2,화합물,2,18.68,2.6,7.67,20.17,7.74,1.66
Th3Cs3SmCo,고온,4,31.25,2.0,7.38,1.45,1.0,150.19
Mg3Hf2,화합물,2,145.51,4.4,6.43,3.93,9.31,3.42
CrSiTm2,화합물,3,59.79,4.9,3.92,3.6,13.51,5.2
VSb,화합물,2,26.13,4.3,3.04,35.83,13.53,4.82
F3Cs,합금,2,133.71,1.6,2.66,51.55,15.0,0.0
NTa,화합물,2,26.7,5.1,12.41,9.51,12.62,8.83
ThTe2,화합물,2,24.05,2.8,11.54,1.37,5.97,3.1
KAu3Mg4,화합물,3,98.49,3.0,6.11,24.21,13.4,12.08
PbTb3PNb3Hg2,고온,5,110.61,2.5,5.51,4.58,6.61,144.21
V2Eu,합금,2,65.57,3.2,13.47,111.35,0.17,8.55
Th3MnNiGd2VB,고온,6,44.08,2.0,8.46,12.94,4.41,131.05
NaNd2Ce,화합물,3,112.3,5.4,8.33,4.23,4.72,5.07
Zr4Gd4,화합물,2,141.77,2.2,2.23,9.59,7.86,2.89
AlCYHg3Sc2Cr,고온,6,73.77,3.8,8.72,8.46,9.64,40.56
Bi3Ho3C3Y2,고온,4,80.83,1.6,3.36,1.89,12.18,116.2
SiRhCe3,화합물,3,116.8,1.8,3.66,40.49,0.69,0.73
Rh2Ir2HoEr3,고온,4,77.61,3.1,4.06,14.56,13.73,156.35
Ca2Na3Nb2Ag4,화합물,4,61.78,2.7,8.69,29.84,11.02,11.59
Ti2AlSnNb4,화합물,4,65.03,1.5,12.54,33.35,11.74,3.23
Zn3,원소,1,116.35,3.0,4.07,24.49,9.46,1.9
SrLi3Ge,합금,3,128.28,2.3,10.03,123.99,7.88,0.64
RbSe2U2Pd2Cd2,고온,5,51.18,4.4,8.41,14.29,14.75,81.46
Ga2,원소,1,94.7,3.0,19.57,249.45,1.26,4.35
Pt3Mg3Tl2,합금,3,74.0,5.2,14.26,103.68,4.26,2.98
RuGe3ErFBi,고온,5,47.61,1.9,7.13,10.22,13.86,52.36
Ce2,원소,1,80.48,3.0,4.57,278.2,3.7,2.3
PtTbGd2,화합물,3,114.92,3.2,11.22,20.32,5.85,13.98
MgGd,화합물,2,140.54,1.5,9.93,46.01,3.1,8.86
Lu3NaDy2Sc,화합물,4,84.36,3.8,1.99,22.02,6.15,16.52
Li3UIn3Ca3,고온,4,105.72,5.9,6.55,1.67,9.05,61.61
Th4Yb2V,화합물,3,96.5,5.6,7.16,9.95,6.06,44.7
V3Na2Sr2Sn,화합물,4,48.49,4.3,12.39,16.75,12.34,5.35
Hg4Ho2Na2Au2,화합물,4,139.57,2.4,6.14,18.67,13.88,22.1
NbLuFe2Mo2,화합물,4,135.31,6.0,3.49,23.0,7.17,10.8
HgEu2,화합물,2,69.27,4.4,4.3,5.43,5.87,8.28
WTe2Tl2TbZrPd,고온,6,118.04,5.4,4.98,10.27,13.54,165.54
Lu2PEu,화합물,3,45.67,3.6,13.43,36.75,13.35,16.21
C2Tm,화합물,2,11.29,3.6,11.96,23.14,3.35,6.61
U2,원소,1,48.75,4.0,4.1,81.95,5.74,0.76
Sm3Al2Th2,화합물,3,130.84,2.0,3.62,1.07,7.95,6.83
Se,원소,1,178.65,3.0,0.62,116.7,3.84,0.73
Sn4TmNi3,화합물,3,132.02,1.8,2.34,33.77,10.46,8.44
Rh2MgLi2Al,고온,4,93.69,5.6,7.23,1.02,13.52,83.36
Pb3Ga,화합물,2,23.66,2.8,12.86,38.71,12.36,5.53
Dy3Fe,합금,2,107.65,3.1,8.4,47.42,9.14,5.12
Mo3CaSm2Cr4,고온,4,130.0,4.2,3.68,5.87,14.3,33.63
Bi4Al,합금,2,99.13,2.9,13.18,46.31,5.85,7.36
GaVPr3HoLa2Rb3,고온,6,85.53,3.6,6.36,8.26,10.56,117.78
C2SnCa2As2,화합물,4,84.58,1.8,7.34,21.18,8.39,6.2
PtCAu,합금,3,151.55,3.2,4.15,147.39,12.66,0.0
Rh2Dy4Sn2SSr2Li,고온,6,34.0,1.5,3.02,11.96,7.03,123.04
NbF4,합금,2,154.1,4.0,14.49,103.71,13.75,16.27
La3Rb3,수소화물,2,26.15,3.4,5.37,26.75,7.49,184.91
Er2,원소,1,201.31,3.0,3.46,349.66,1.2,4.68
Cu2LuTe,합금,3,122.75,2.1,4.55,149.88,1.72,2.07
B3Rh,합금,2,73.24,1.6,9.16,122.27,10.99,6.58
Os,원소,1,215.4,1.0,2.37,46.61,2.14,1.53
NaPbGaHo3Ba4Sn3,고온,6,70.2,3.4,3.75,11.88,6.44,111.88
BaMo3Hg,화합물,3,28.12,3.6,13.04,24.22,12.53,7.82
As3Mg2PbLuP,고온,5,36.88,3.2,7.29,14.43,11.19,122.18
Sm3EuNi,합금,3,177.69,1.6,4.24,79.24,0.48,4.78
WLiHg2,화합물,3,87.54,2.1,8.91,33.97,5.43,25.07
Ru2Eu2,화합물,2,18.77,5.4,13.97,12.58,8.54,7.36
FS2La,화합물,3,81.03,3.5,7.13,15.7,0.99,9.16
Se3AgCsLu,화합물,4,99.89,5.5,5.86,23.79,7.86,4.03
TbFeSb2,화합물,3,130.06,4.0,12.96,31.86,13.05,10.91
Nb3La,합금,2,59.55,3.8,12.7,90.89,2.5,5.65
SeCeAg2Sr2,고온,4,81.33,1.5,8.49,2.45,11.05,113.77
Mo2Zr,화합물,2,109.95,4.8,9.61,32.7,12.35,8.09
InN3TeLu3,화합물,4,102.58,4.3,4.56,48.58,10.11,17.15
FeCs2,합금,2,67.7,1.6,15.76,87.34,8.42,4.03
Se2Mg,합금,2,50.99,1.5,5.38,111.11,10.88,2.33
NbPt,화합물,2,137.76,4.3,4.02,1.15,4.42,6.5
B2Tm,합금,2,139.57,4.1,8.51,18.55,7.56,2.26
Mn4Rh2N2,합금,3,156.58,5.5,5.56,96.13,11.33,18.17
Co2Pb3Mn2PO2Rh,고온,6,124.53,2.3,5.6,5.76,10.33,117.0
AuK2Al2,화합물,3,59.36,2.5,11.41,44.92,13.96,14.84
InNaHo2,화합물,3,67.58,4.1,3.39,31.91,6.7,8.33
DyEu3,합금,2,30.69,4.6,10.89,140.12,14.65,2.05
Al2BiPd2ZnSm3S4,고온,6,63.07,6.0,4.09,3.33,6.64,162.47
N3Mg2,합금,2,31.07,5.6,12.65,18.13,14.24,1.15
PrNaPb4K2DyEr2,고온,6,82.8,5.1,8.73,1.44,14.48,35.42
Pb2Gd,수소화물,2,21.0,5.5,4.33,58.1,8.86,239.37
B4Pb2,화합물,2,108.4,3.8,3.59,27.54,9.45,10.18
Cr2Bi4,수소화물,2,4.09,3.3,5.93,76.76,12.77,190.38
VCeBaHg2,화합물,4,80.19,1.9,4.19,31.34,2.16,19.77
Ag3Sc2,합금,2,80.88,4.1,6.08,5.5,1.71,13.97
Cr4PPb2,합금,3,29.83,3.1,13.74,148.94,5.15,7.84
TlSi2Ir3Ge,화합물,4,70.43,5.4,13.34,23.1,0.74,1.18
As2,원소,1,25.5,4.0,5.77,228.75,3.61,1.67
ReCs3In2Ru2,화합물,4,97.87,5.0,10.38,36.79,0.94,17.32
Be2Pd3,합금,2,63.07,5.4,5.35,122.08,10.14,8.49
RuSm3Pr3B2GdHf,고온,6,123.06,3.1,4.51,6.6,5.59,111.74
O2Bi4,화합물,2,157.25,5.1,4.28,24.14,8.39,7.96
Lu3Y4,화합물,2,43.6,4.1,6.79,49.15,0.44,10.26
Dy4Yb3Pt2,수소화물,3,20.78,5.1,1.9,72.83,9.93,163.64
Zn3H3,합금,2,69.33,3.6,5.57,123.55,10.53,11.66
K3C2Pr2F2,화합물,4,67.68,2.7,6.73,23.32,0.41,10.69
In3Th3TmSc4S,고온,5,35.83,3.8,4.13,6.36,11.71,141.54
UTl3Be2,합금,3,157.04,1.8,13.46,58.49,0.44,3.44
DyRe2,화합물,2,40.93,2.3,12.77,17.65,8.12,15.73
Tl2Be2CsNa2,화합물,4,76.36,4.5,12.27,24.86,2.78,16.58
CuYMnTa2Pt4,고온,5,88.76,2.4,3.98,8.66,10.25,124.21
RbTe2Cr2Rh3,화합물,4,94.04,2.3,3.64,47.87,6.79,5.19
Pb4Cs,화합물,2,135.49,3.0,13.88,46.65,3.6,7.25
Zn3W2Ru4TbDy3,고온,5,96.88,5.2,4.26,8.57,2.84,115.39
CdNd3,합금,2,54.27,5.0,15.02,93.12,9.92,6.46
Y3LuMn2Re4,고온,4,101.96,4.2,7.2,13.56,6.1,43.26
Ho3EuC2Er3Ni,고온,5,135.66,2.5,8.59,6.44,11.17,167.76
S2Sb3BaAlRe2,고온,5,121.31,2.0,3.07,6.2,5.08,65.93
EuHRe2GeZn,고온,5,80.97,1.8,7.51,9.18,8.5,155.14
IrLa2Er4,화합물,3,21.79,3.3,12.36,20.18,9.61,8.78
GeSbAu3,수소화물,3,16.85,2.3,3.69,70.98,12.19,185.85
PrMn,화합물,2,131.57,4.4,5.65,20.01,7.77,5.82
RbO3K2,화합물,3,66.87,3.1,6.41,28.01,13.6,4.31
TmSc3O4,합금,3,116.56,3.7,9.56,111.94,12.23,3.02
CaV2Pt2,수소화물,3,21.18,2.7,4.97,27.25,7.28,214.89
Cs2Ca4H3,화합물,3,75.96,2.2,5.6,25.04,5.37,6.22
Pt2Nb3HgW4K4,고온,5,48.12,5.5,6.66,6.62,4.96,139.53
Tm,원소,1,204.82,5.0,1.96,159.35,5.69,5.55
WLuTi2Mo3Ho2,고온,5,58.76,2.6,4.97,10.71,4.49,40.85
Zn2NF4Sb3,고온,4,42.22,4.4,3.44,14.33,1.73,110.77
Bi2B3ThW4,화합물,4,83.4,2.8,3.02,47.19,6.34,2.57
HoC2Ta2,화합물,3,49.32,2.2,11.12,41.14,6.9,7.56
Th4HS3,화합물,3,155.46,4.8,6.29,43.75,12.19,4.65
Ge2Ni2Ce,합금,3,71.67,3.7,3.36,101.87,1.82,1.15
Th2PO4,화합물,3,29.48,2.6,9.14,43.45,4.94,3.82
Cs2Sr2,합금,2,115.34,3.1,5.62,137.79,12.33,7.72
ErAu2,화합물,2,145.42,2.0,7.14,22.0,4.03,2.47
Na4Ir,합금,2,82.83,3.1,9.48,57.09,8.89,6.27
CrLuS3,합금,3,93.6,5.1,11.64,84.78,1.27,8.4
N3,원소,1,32.69,4.0,5.66,389.41,9.84,7.46
Ho3HfZr4Mn3COs3,고온,6,120.71,4.6,5.02,11.99,7.96,68.95
Mg2NaAuSr,화합물,4,18.94,4.3,2.43,9.24,2.8,6.95
AgPt,화합물,2,57.7,1.5,12.57,20.35,1.48,11.78
Nb3BaLu,화합물,3,116.5,3.9,6.88,36.06,5.09,17.8
N4Mg3,화합물,2,59.08,2.7,13.44,21.62,3.9,24.17
Mo2Zn4Tb2SnDySc,고온,6,112.22,3.1,3.48,12.43,3.06,33.41
U3Cu2,합금,2,32.72,2.7,12.63,90.9,14.79,13.92
Ta2Nd2C3,화합물,3,97.48,3.0,4.82,32.31,6.41,9.47
SCs2,수소화물,2,26.39,4.2,5.7,58.87,4.66,102.6
PbP3Th,화합물,3,16.31,2.9,5.85,4.71,4.71,3.0
Ba,원소,1,40.26,4.0,14.65,290.67,1.27,3.36
CHg,합금,2,59.56,3.3,12.94,85.27,9.98,0.0
K,원소,1,133.33,4.0,8.31,197.21,1.04,3.49
YRe3,수소화물,2,5.27,3.7,1.64,17.69,2.38,207.18
Ru4Rh2Lu2,합금,3,159.59,3.2,6.5,79.26,14.62,18.05
ScReAsV3,고온,4,59.05,3.8,6.95,9.33,4.43,36.71
La4Ti2,수소화물,2,56.71,3.6,6.47,30.24,5.2,260.88
In4Hf,화합물,2,97.56,5.7,7.8,8.18,1.0,8.97
Sc3,원소,1,151.97,2.0,1.05,162.13,5.78,8.89
Rh3SeN,합금,3,46.04,2.3,11.98,92.87,2.87,2.01
Pd2B3,화합물,2,136.05,5.1,7.18,12.52,13.78,9.31
K2Mg3ErOs2,화합물,4,125.95,2.8,6.45,22.75,6.81,4.43
Ga2CaFe3,화합물,3,65.63,2.0,10.21,43.99,3.47,4.74
S2B2Sn2,화합물,3,147.22,3.3,9.94,41.88,14.75,3.97
TbSc2BeIn,고온,4,111.75,2.8,4.1,5.66,13.33,33.5
Rb4Lu3,화합물,2,19.55,5.2,9.16,18.41,12.89,8.75
Ca3TaCd3Al,화합물,4,86.22,5.4,7.39,36.21,8.08,6.7
U3HSn2Ti2Ho3,고온,5,137.25,2.1,4.39,11.09,4.21,95.64
Ni2Yb,합금,2,57.02,5.9,5.82,148.05,12.15,7.75
LiCuSe3,합금,3,142.13,5.1,9.2,82.5,1.5,14.11
As2RhAu,합금,3,69.33,3.3,7.78,18.31,13.69,0.0
Cs2Er3,합금,2,34.97,3.1,15.98,77.14,8.32,5.52
Rb2Pd,화합물,2,148.1,3.5,6.38,36.32,9.42,0.0
Cu2Se2,화합물,2,158.84,1.8,4.51,45.43,6.11,4.74
Mo3Ba2Na4,화합물,3,40.19,3.9,12.64,30.83,7.44,8.47
IrCdTl,수소화물,3,47.04,3.8,1.47,60.63,9.53,182.82
AsSn4,합금,2,49.4,4.2,9.48,137.58,5.62,8.14
TbCa2Zn3Ir3,화합물,4,65.52,4.0,6.31,31.58,0.2,9.53
Mn2La3,합금,2,136.48,2.7,11.99,46.93,8.52,17.82
NdU4Nb2Sr,화합물,4,70.53,3.0,10.46,27.22,3.13,5.11
Nd3Dy2Li4,화합물,3,115.68,3.0,8.66,42.17,1.69,2.73
Ni3Cd2Bi4Tm3Ge,고온,5,40.53,2.2,4.18,2.3,8.01,64.56
NPr,화합물,2,110.39,4.3,8.24,42.58,5.82,19.67
Cs2,원소,1,228.04,3.0,3.2,152.56,9.33,2.04
CrSr4Th4,화합물,3,158.16,4.6,7.13,40.5,2.2,20.12
Te2V,합금,2,28.95,4.7,8.56,118.51,1.9,12.45
F2Zr2N3,합금,3,146.83,5.3,8.39,143.3,14.58,7.94
Pd2Ce2,화합물,2,35.08,5.2,8.85,44.82,7.13,13.47
Nb3,원소,1,52.03,1.0,14.99,267.53,3.89,0.0
OsS3Au,화합물,3,109.0,3.3,8.96,25.55,9.01,7.71
SrErIn,화합물,3,132.77,3.7,11.95,15.33,12.01,3.53
Ag2La2Y,화합물,3,24.12,3.5,13.65,6.27,11.41,10.61
Pb,원소,1,177.24,2.0,20.51,184.7,0.75,9.42
PtSTl3,수소화물,3,41.84,2.7,3.26,33.83,14.26,113.93
Mn2P2Ba3Rb,화합물,4,123.02,5.1,12.56,9.65,1.55,19.29
ReGeAuTl3,고온,4,136.07,3.6,3.07,6.02,4.31,77.81
Ba2N2Ge,화합물,3,71.11,5.2,13.43,25.78,1.99,17.91
LiGd3Yb2,화합물,3,70.55,4.5,11.56,47.01,13.56,10.75
Ba2Sm2Dy2,화합물,3,108.4,4.7,1.93,42.29,6.94,15.33
ZnSnGaMg4,화합물,4,23.73,1.9,6.56,14.32,4.94,9.98
Cr3,원소,1,196.66,2.0,8.09,298.99,6.79,0.0
BeNdPr3,화합물,3,145.86,3.5,10.16,19.88,8.06,26.32
Fe3ReAlSn,고온,4,51.17,2.6,7.06,1.8,6.13,99.4
Mg3Na3Sn2,화합물,3,28.69,4.5,10.11,38.86,8.8,13.67
MgRh2,합금,2,142.7,6.0,3.59,102.57,4.7,3.4
NdMg2O,화합물,3,64.74,2.0,12.75,32.14,1.42,37.77
TlDy4P4Yb3Lu2Y2,고온,6,116.03,2.0,4.12,14.07,3.88,134.02
TiSm2,화합물,2,46.86,5.7,6.47,5.28,6.71,3.36
Mo4Lu,합금,2,85.65,3.1,3.55,11.04,10.1,13.84
RuDyCrCo2,고온,4,46.76,5.0,5.09,13.79,12.91,43.89
Ca3Co,화합물,2,107.15,5.0,9.23,46.43,2.88,12.62
Cu2Sb2Pt3,화합물,3,10.82,5.1,5.11,39.85,8.44,4.29
Sr2CsTm2,화합물,3,42.06,2.5,12.4,32.33,6.21,2.47
Pd2Hg2Hf4Th2Ca3,고온,5,52.25,2.7,6.38,13.62,14.52,154.99
HTeAu3AgYPr,고온,6,123.33,4.6,7.37,6.58,7.68,168.13
FAs3U3S2Nb3,고온,5,60.08,3.4,4.68,2.01,13.67,42.27
La,원소,1,37.3,3.0,4.18,63.26,5.89,0.53
P2HSbFe2In2Hf,고온,6,44.1,2.5,3.32,2.27,4.51,139.09
Sm2,원소,1,16.31,3.0,0.55,279.8,0.57,0.0
SbCa3Co3,합금,3,64.21,2.3,6.52,79.08,0.17,15.33
UBiHf,화합물,3,63.51,4.6,4.22,6.69,4.16,13.47
Ca2Mn3,화합물,2,112.94,5.1,5.01,40.14,10.59,35.35
AlCu4,화합물,2,114.5,3.3,8.96,20.0,10.08,14.11
Nb2NdS,화합물,3,24.96,3.4,9.8,22.12,14.83,5.48
Gd3S2W2As,고온,4,85.81,2.4,5.99,9.67,10.27,138.85
Ce2Sn2,합금,2,61.0,3.1,2.77,49.44,8.36,11.61
La2Sn3Er,합금,3,50.39,3.3,8.11,131.75,9.9,10.59
Er4Cd2Ru3Gd2Pr3,고온,5,79.43,4.3,4.67,7.21,14.62,70.41
Se3,원소,1,195.41,4.0,19.37,241.04,9.19,12.02
DyIn,화합물,2,33.45,1.8,10.77,48.2,7.66,23.33
YbBe,화합물,2,144.75,5.2,2.2,18.99,6.2,13.49
PtN,화합물,2,95.79,2.6,10.43,43.51,7.72,15.81
Ho4Ag3Ca3,화합물,3,109.86,2.8,7.72,45.14,12.63,15.81
GaRh4,합금,2,98.04,2.8,12.12,81.63,7.42,4.05
AsNdCoCNb3,고온,5,79.5,4.5,3.75,8.14,11.43,83.66
EuNa4,합금,2,112.45,3.9,4.59,78.6,7.98,0.57
Ru2S3,화합물,2,126.19,5.1,2.36,18.56,10.06,18.13
Ce2,원소,1,203.36,1.0,6.04,360.13,5.87,2.88
Lu4Te4Mn,화합물,3,77.73,4.7,6.16,28.91,7.98,3.6
Zn2Ba3,화합물,2,13.25,3.4,8.5,29.39,10.73,5.76
Fe3Tb2BNdSAs2,고온,6,127.95,2.9,4.53,1.99,1.08,46.25
Ga2BaNaBi,고온,4,132.46,4.5,6.56,12.92,2.07,83.29
In4As4Tb,화합물,3,82.14,4.3,7.25,22.03,7.22,6.6
Na3LaZnOsCa,고온,5,46.91,5.1,7.56,7.32,0.67,138.05
Cs2B2,화합물,2,122.76,2.1,12.96,13.51,14.05,3.23
BDy3Ge2O,화합물,4,73.45,2.7,3.72,12.75,6.14,3.33
OsAl2Cr3,화합물,3,54.22,5.4,3.79,16.6,7.89,20.72
Nd3Be2CdTi,화합물,4,48.89,3.0,12.63,24.86,5.06,14.48
DySrOs2Se3Th4,고온,5,137.19,2.1,4.28,2.62,4.8,140.66
Ag2NaSc2,합금,3,85.28,2.1,15.13,129.38,4.79,6.7
Bi2Mo,화합물,2,82.38,4.5,3.3,8.4,6.96,27.01
SeCaEr2,화합물,3,52.89,5.0,5.17,45.82,12.11,6.18
Cu2PtTmBi,고온,4,74.36,2.1,8.52,11.28,11.76,73.1
AgSr3Re2Rb,고온,4,68.27,5.3,4.53,6.87,5.47,136.87
Ir2Th3,화합물,2,69.18,4.6,5.39,38.55,7.66,12.18
As2CsZrC2,화합물,4,132.67,4.0,3.97,39.13,5.25,6.42
Ta3O2C2In3,화합물,4,40.69,3.5,7.88,30.13,3.11,31.68
Y3Ta2,화합물,2,73.21,5.6,13.28,5.77,9.9,6.11
Hf2ErHgTl2Bi3,고온,5,122.13,3.6,4.46,5.69,2.52,123.76
CuCd2U3VNb,고온,5,104.84,2.3,8.68,4.03,14.97,54.81
As2Bi2F3Al3Ca,고온,5,69.34,1.7,4.26,4.53,10.4,96.19
Rh3Sc3,합금,2,103.31,2.5,15.46,81.03,1.26,5.33
UNIrSr3Fe,고온,5,72.97,4.4,6.55,2.67,3.45,132.84
Mn2YO2Pt2Cd,고온,5,42.39,2.6,8.84,11.07,4.99,127.06
Nd3Sn,화합물,2,99.43,5.6,9.53,38.85,2.33,10.21
Lu3Ga2Cd,화합물,3,80.61,5.3,7.14,29.71,7.24,13.75
Cs2Os2Se4GaInSm2,고온,6,132.76,4.9,8.79,4.39,5.26,55.93
Ir2FeYb,화합물,3,131.4,4.6,4.64,9.28,7.49,18.85
NbTh4Bi3,수소화물,3,54.77,5.8,4.52,35.25,14.01,152.45
IrSi2F2,화합물,3,69.97,5.1,3.81,43.73,1.28,9.54
TiIr2Zr,화합물,3,60.28,4.8,8.03,19.67,1.71,21.52
SiAuOs2AlBa3Re2,고온,6,74.44,1.8,4.78,13.49,6.67,154.7
La2Ca2,화합물,2,104.69,3.4,8.66,38.58,10.93,11.77
TiCdVRuBaTa,고온,6,40.18,3.6,3.68,7.3,2.59,71.93
Ca3Re2KTl2,화합물,4,45.22,5.9,10.0,24.15,10.73,21.58
UIr2Mo3,화합물,3,115.55,5.5,11.47,46.9,8.23,6.46
Si3Tb,합금,2,161.13,4.7,3.09,149.69,11.91,7.28
CoSr,화합물,2,88.84,2.8,2.38,11.86,0.21,16.83
Sc2NdEu3TmZn2,고온,5,119.08,4.8,8.1,12.74,3.68,160.83
LaLu4ZnTm3Er2,고온,5,98.42,5.5,5.63,11.32,0.34,84.26
HoCu2,합금,2,77.3,3.6,5.14,15.71,10.12,10.96
SbNb3CsGe2,화합물,4,85.61,2.6,9.11,47.73,13.57,5.03
AlMg2Cd,합금,3,129.49,5.3,7.6,88.43,5.72,5.03
RbNb,화합물,2,98.47,5.2,10.82,40.69,3.44,5.09
EuSe2,수소화물,2,56.46,3.1,1.87,54.86,1.36,217.21
AuOs,화합물,2,79.27,5.7,5.01,45.69,7.57,19.96
U4Ir2Zn,화합물,3,24.15,4.5,13.29,26.73,13.18,6.16
HgNi3As,화합물,3,148.83,1.9,8.45,12.01,11.77,25.88
Yb2La,합금,2,52.36,3.4,9.92,62.89,13.53,1.87
In2SnPd3,화합물,3,67.08,2.7,1.55,11.25,8.51,12.99
Se3Sb3Zr3,화합물,3,97.46,1.9,13.65,7.97,3.69,5.21
H2ReC,화합물,3,44.98,4.8,3.01,33.31,11.86,11.64
OsTmTb2SmGaYb,고온,6,117.8,2.0,3.8,7.74,5.92,134.73
Mo2LiAuSrMgAl,고온,6,49.38,4.8,5.44,10.07,4.91,79.11
SiTm2Ta3Pb3Ni2,고온,5,85.37,5.6,6.75,9.83,13.81,61.47
V2Sc2Dy2K2S3,고온,5,98.89,3.3,7.65,9.46,11.68,104.52
CsLu4,수소화물,2,10.07,4.6,7.85,8.93,3.08,230.55
Er2TeCs2,화합물,3,80.02,4.6,5.27,36.54,11.9,13.15
NdO3,합금,2,108.79,3.9,11.41,17.65,6.22,4.05
W2Sn2Mg2La2,화합물,4,122.16,3.0,4.75,18.25,7.96,9.6
PtRe2W2Os4B,고온,5,120.45,5.9,6.06,11.34,5.0,155.78
Mn4,원소,1,21.06,3.0,6.45,146.66,9.17,0.0
Hf,원소,1,126.81,3.0,20.62,270.93,5.27,3.22
Ag3,원소,1,34.37,3.0,14.22,52.9,0.97,8.51
Y2Sm4Hf3SiNd,고온,5,132.86,3.2,6.74,14.3,7.64,73.0
Ba2TaAu2,화합물,3,142.85,1.9,11.62,44.59,10.53,7.41
Pb2In2Bi3,화합물,3,58.3,4.9,11.52,46.06,0.29,10.96
CeH4,합금,2,117.07,2.6,7.46,68.45,13.84,0.0
OsRe2SrCa2,고온,4,121.12,5.5,4.21,12.27,8.44,69.81
Ho4Ce3Au3N2,화합물,4,44.61,2.5,13.0,9.03,7.65,17.22
N3Gd,합금,2,118.74,3.5,10.03,80.59,3.53,17.39
EuCr2Fe2,화합물,3,115.5,1.7,8.61,44.06,14.25,14.05
Sb2Zr3Cu2B,화합물,4,33.77,5.6,2.9,31.24,7.64,4.68
BaRu2,화합물,2,25.33,1.8,3.78,33.76,0.68,0.0
Pd3Sb3Si3,화합물,3,116.06,5.0,9.12,41.21,5.9,4.59
Se3TeRe3,합금,3,177.77,4.6,3.61,25.22,8.75,3.13
CoAuNMn2SbTa4,고온,6,37.53,4.5,4.39,13.08,2.32,66.79
NbPt2,합금,2,100.28,4.0,12.39,110.83,10.21,2.17
BiPr2Na,합금,3,147.42,3.3,7.24,130.88,8.82,4.0
EuAu3AlS2,고온,4,53.51,3.5,3.25,3.26,5.99,62.62
Te4Hg4Zr4,화합물,3,19.47,1.6,3.16,16.3,13.54,10.83
Er4Ca,합금,2,151.57,5.7,9.06,131.97,13.97,4.71
Co2Y4,합금,2,54.14,2.9,5.44,78.27,14.22,3.55
Cr4NbInLuTe3Zn4,고온,6,36.16,5.7,3.66,11.2,0.53,137.75
Rh2As2U2Pr3W4V2,고온,6,102.58,2.7,3.29,11.95,9.17,65.65
Ti4CrAl3,화합물,3,40.17,5.8,5.81,22.11,11.02,18.03
AlHg,화합물,2,82.19,3.1,12.25,45.25,7.43,0.92
Ti4CsSm,합금,3,148.64,1.5,5.74,117.04,3.36,5.14
Ir4Ce4H2,화합물,3,156.23,1.9,4.98,20.81,0.11,2.41
Zr,원소,1,145.01,5.0,9.74,27.17,5.46,0.38
CoO4As4,화합물,3,115.28,4.6,8.84,32.28,8.16,5.06
Sr3,원소,1,151.87,1.0,13.14,383.58,6.05,3.78
CdHo2,화합물,2,144.84,4.4,3.02,9.49,5.76,14.82
Pr3C2,화합물,2,59.85,5.1,12.0,15.84,1.25,10.15
TlCr2CuTm3,화합물,4,113.46,1.7,7.11,27.47,11.49,6.2
Pr,원소,1,191.74,1.0,10.39,205.72,2.75,0.0
Ir4BeSe2,화합물,3,132.33,2.7,7.71,17.81,3.19,26.14
Pb2Mg2F2Dy2Ag2,고온,5,50.68,3.8,4.38,12.88,5.5,71.17
RhAl,화합물,2,37.56,5.7,13.55,13.89,11.23,18.99
Sc2Ag4Ru,화합물,3,149.17,5.3,11.09,13.06,9.75,16.54
Cs2Gd,화합물,2,144.62,1.9,2.23,32.33,12.14,21.28
Ga2Pb2H,화합물,3,108.47,5.2,5.56,26.68,9.75,6.04
LaNa3,화합물,2,46.18,3.4,4.49,31.27,2.02,31.5
Co2Zn2,수소화물,2,22.36,3.3,2.77,45.04,12.1,138.98
Mn2BLi2,합금,3,169.53,4.7,15.17,89.16,12.87,5.19
Al2,원소,1,79.02,4.0,15.27,305.43,7.27,0.0
Er2CsBi2Rh,화합물,4,63.31,2.3,2.69,10.41,1.3,5.48
RhHfCr4O2Yb,고온,5,30.16,3.1,8.1,11.19,9.01,142.68
Sm2Hg3,수소화물,2,43.7,2.6,1.42,43.77,5.73,161.88
Ni3Mo2Hg2Sc,화합물,4,23.5,2.3,7.42,2.0,5.5,4.46
Fe3Lu2Os2,화합물,3,136.9,1.5,12.27,2.83,7.98,7.0
AuPdBi,화합물,3,13.72,3.0,11.22,32.76,9.6,15.04
KCd,화합물,2,155.78,5.4,3.86,20.56,6.7,29.52
PbGd4Ce2Mn,화합물,4,155.89,3.7,5.38,18.48,5.7,12.53
Tl3Rh4LiLu,고온,4,74.81,5.6,4.58,9.88,7.35,117.52
AsSi3TbMo2,고온,4,107.63,5.0,5.32,8.39,14.51,126.38
ZnZrCrNb,화합물,4,23.58,2.2,9.71,24.2,3.47,18.27
Sm2Tl2Dy2,화합물,3,58.31,3.4,13.67,25.31,2.42,4.25
Sb3V3Cd3Pt,화합물,4,106.99,5.1,3.67,49.74,6.55,6.81
W2Li2Ho,화합물,3,94.29,1.6,3.27,39.17,14.11,26.82
Gd2Ca4,화합물,2,14.67,4.0,2.31,45.94,4.37,23.61
Zn3,원소,1,225.58,3.0,17.73,271.82,1.8,6.95
Ce2LaH,합금,3,82.81,3.2,10.54,37.78,5.15,12.53
Ru2NiGa2Li3,화합물,4,126.01,2.8,10.42,34.52,8.79,6.37
Pt3Co2Ag3Cd3Sc,고온,5,91.35,4.6,6.68,14.09,5.94,30.23
Ir2SnTb,합금,3,64.84,4.0,10.82,134.68,14.01,9.77
HfU4,화합물,2,32.68,5.2,5.43,11.97,3.26,13.52
Tb2B3Ca3,화합물,3,127.36,2.1,8.16,43.31,0.11,7.04
Be2Ga4Ce,합금,3,160.72,3.2,10.13,60.79,6.81,15.72
Ga4Sr4,수소화물,2,53.13,2.6,1.93,79.27,10.19,251.81
Os2Rh2Gd2Tm4Er2P,고온,6,63.61,4.0,8.62,13.27,4.83,56.88
O3,원소,1,163.69,3.0,6.51,37.66,1.43,5.28
Co3Gd3Se2,화합물,3,63.14,3.3,9.47,5.17,14.32,7.26
Pb2PdHo2,화합물,3,95.57,3.1,3.86,13.12,12.88,2.64
CuYbCd,수소화물,3,21.29,2.2,2.18,64.65,12.99,134.53
Ga2TiZn,화합물,3,18.65,2.4,8.57,18.15,5.59,22.22
PrPd,합금,2,134.27,1.8,8.45,78.67,12.39,4.51
Ca4Dy4F2,화합물,3,155.67,1.8,7.74,17.99,14.44,10.75
Fe2AsIn3Co2,고온,4,113.62,1.7,6.12,1.96,14.55,105.52
La3Nd,합금,2,150.17,2.6,14.39,118.37,14.67,9.85
TmTl2Ga3N4,화합물,4,87.11,1.9,6.01,25.21,12.0,2.48
Sm,원소,1,47.95,1.0,18.17,127.63,3.75,15.6
Mg3GaRu2Ni3Sc3,고온,5,76.18,4.7,3.69,6.35,12.97,157.47
W3La2,합금,2,152.69,2.4,11.29,62.09,10.77,0.87
CaBHfIn,고온,4,39.58,2.5,5.02,2.14,11.26,73.04
N3Zn2MoH3,화합물,4,91.81,1.8,8.64,9.43,5.91,2.61
Pb2Ag2,화합물,2,39.46,5.0,7.42,44.54,9.16,31.1
Tm3Ta3,수소화물,2,26.93,1.7,1.24,78.93,13.05,245.07
K2Cd3,수소화물,2,8.64,2.8,3.15,23.13,3.28,222.28
Cr2Sr2,화합물,2,48.71,2.7,8.41,42.52,9.97,12.08
H3Y2,합금,2,163.23,4.8,6.43,110.98,12.39,7.18
NaZrSb,화합물,3,93.52,3.0,11.34,5.02,11.79,3.55
Ba3Y2Pb3Tb,화합물,4,45.84,3.2,5.16,4.01,5.81,4.17
Si3SrSm,화합물,3,57.94,3.7,2.31,35.57,11.66,3.51
BiLaCa,화합물,3,106.93,4.4,13.52,27.96,2.38,6.56
Al3,원소,1,126.44,4.0,19.55,58.76,1.28,4.73
F4RbO2C3,화합물,4,62.5,3.9,4.69,4.47,5.17,9.25
N2Ho4P3,화합물,3,16.98,4.6,3.97,13.38,7.81,19.24
GaAg2,합금,2,107.75,2.2,6.47,117.15,10.25,0.0
MoCrLa2,화합물,3,10.05,1.8,10.45,34.67,6.19,4.4
YHEu2Nd,화합물,4,124.42,5.6,4.88,10.2,0.67,5.88
TmNb4,화합물,2,47.22,2.5,4.97,41.1,2.87,6.26
ReBi3Al3,합금,3,29.81,1.8,8.55,124.59,11.21,0.0
Sn2Ga3,화합물,2,147.59,3.0,6.27,49.34,9.15,6.37
Pr3CdGa,화합물,3,46.01,2.0,2.46,49.19,3.56,15.81
Dy2Lu2Sc3,화합물,3,131.46,4.0,9.08,27.56,14.94,4.53
H2Mo2Ce2Ge2As2Rb,고온,6,61.31,3.7,8.77,1.52,9.43,140.1
HRhOHo3,화합물,4,105.87,3.9,9.06,39.78,9.55,5.12
O2Sn,합금,2,137.97,2.9,5.51,42.92,2.3,25.6
Ce3HHo,화합물,3,79.31,2.7,2.44,20.46,13.5,4.66
Hg2Y3F2,수소화물,3,10.27,3.8,1.07,17.42,12.35,110.48
Te3Ru3,합금,2,98.19,2.3,12.93,26.93,7.88,14.6
SnOsNd4W3Si2Dy2,고온,6,44.13,5.9,3.79,13.97,2.1,123.02
CrAgFeSn,화합물,4,86.42,5.0,6.39,30.5,8.83,20.06
TbLuPb2OsNd2,고온,5,134.57,2.0,4.33,10.66,2.88,88.75
P4DyC3Ta,화합물,4,84.42,1.9,13.4,20.0,11.91,1.75
TeBa,화합물,2,49.06,2.7,5.02,11.16,11.59,41.35
Sr2HoEr3S2,고온,4,113.98,2.0,8.49,1.46,6.24,75.33
Ce2Ag2NSc2,화합물,4,59.39,3.8,9.49,13.49,12.86,0.86
Na2,원소,1,33.71,5.0,6.72,207.49,7.7,15.4
TmSn2,화합물,2,82.67,5.9,4.32,38.23,1.57,6.08
RbNa3Pr2,합금,3,161.57,5.1,12.65,9.03,10.83,6.97
Sn3CrU3Al2,고온,4,111.41,2.8,6.31,12.91,8.21,148.51
FIn,화합물,2,159.41,2.9,8.6,5.57,4.08,21.36
U3FFeBe,고온,4,114.26,5.0,7.12,1.23,10.42,94.2
Sn3Tm3Ag4DyLi2Er,고온,6,40.83,5.0,6.29,6.89,1.18,56.67
Hf2Pb2,합금,2,168.75,5.7,14.43,16.96,1.9,7.83
Na2BeIn3,화합물,3,16.2,1.8,5.86,14.46,8.54,7.61
Cd3CsLaHgNd3Zn2,고온,6,104.99,2.6,4.78,7.03,2.01,34.33
Gd2S3Th2,화합물,3,131.39,3.1,12.91,43.66,1.44,2.19
HfSr2,수소화물,2,29.48,4.8,7.29,47.56,9.34,259.3
RbSn3Th2Cr4N3,고온,5,107.2,1.6,8.04,11.6,1.07,103.36
Te2,원소,1,23.13,2.0,21.39,277.31,6.53,2.58
Gd2NdHoTh4Pr3,고온,5,128.19,2.0,7.9,8.17,9.25,148.09
AgBa3Cd,합금,3,172.47,5.7,13.53,48.97,8.14,5.05
N2GeSc,합금,3,63.45,2.3,14.15,53.84,13.66,0.0
NiTlAsY4Ir2N2,고온,6,106.55,5.5,8.25,13.77,6.67,137.9
RuCo2FB2Gd2,고온,5,51.83,2.4,5.62,13.71,11.04,151.3
PFe,화합물,2,47.92,2.6,5.59,5.87,9.57,5.58
Ir3Dy3Ag4Mn,화합물,4,31.55,4.9,3.45,2.03,11.05,5.01
Ca4BLu,화합물,3,39.81,3.5,3.92,32.89,12.56,10.91
Li2PtCr2,화합물,3,30.49,2.5,11.56,15.32,11.01,2.14
LuNbEuTa3,화합물,4,19.55,2.4,10.98,11.78,8.17,5.56
TaNa2Os2,합금,3,154.77,4.8,6.75,68.93,12.75,2.22
OCrNa,화합물,3,41.41,3.5,7.59,27.94,12.31,9.69
US3GaAgC,고온,5,109.16,5.8,7.91,11.93,12.9,100.14
OCe,화합물,2,13.62,4.7,10.52,21.96,7.78,22.85
Pb2ZrGd,합금,3,77.85,2.8,3.48,124.07,10.51,5.92
LaMnN2Ge2PbGd,고온,6,31.61,5.3,5.85,10.08,14.94,81.48
Lu4Be2ZrCs2,고온,4,100.76,2.9,3.15,7.72,11.51,64.5
W2P4Fe2Tb2SbK3,고온,6,136.5,3.6,3.98,5.11,14.86,113.2
Pr4Sr2,합금,2,70.52,2.6,13.29,121.67,11.28,6.89
Cr2C2,합금,2,102.93,3.9,11.78,71.13,12.63,9.68
Pt4Mo2,화합물,2,106.78,4.1,4.47,30.97,0.71,7.6
PdU2,화합물,2,92.71,3.9,8.1,47.39,1.71,4.98
ReNb3LiCa3,화합물,4,153.38,1.7,6.27,28.91,4.5,19.47
Yb2Pt4,화합물,2,73.59,2.4,3.87,5.7,3.09,20.29
Al3H3,합금,2,51.12,3.1,6.9,118.65,1.46,3.3
Mg2Sb3ThTa2,화합물,4,39.47,4.8,11.62,34.84,5.74,4.09
As3Pd2Fe3,화합물,3,129.47,1.9,4.5,41.95,0.92,15.1
Ni3ZnAs2,화합물,3,117.54,5.6,6.9,27.96,4.54,5.59
BC3Al2,화합물,3,57.67,5.4,12.94,3.68,8.36,7.9
TiCrLi,화합물,3,154.24,2.4,9.69,5.85,3.63,7.64
Yb2LaSe2,화합물,3,141.63,3.9,5.77,46.39,5.99,6.14
P3Yb2Cu,화합물,3,127.27,3.1,13.59,2.96,6.96,29.02
HoSe2F3Gd,화합물,4,85.86,3.6,11.4,0.9,13.26,35.95
Pd2,원소,1,222.35,5.0,16.9,184.25,8.8,0.91
W2Se2,화합물,2,136.65,3.2,6.31,10.12,5.37,0.62
Sr2PbSbSiH,고온,5,71.91,5.7,6.61,3.58,0.64,62.71
CaTl,화합물,2,85.79,1.8,13.56,39.91,2.92,4.32
Ti3,원소,1,116.02,4.0,16.94,348.51,8.06,2.41
Te2LaPr,수소화물,3,40.08,3.9,7.58,58.66,7.36,211.7
EuNb3,합금,2,100.3,3.7,9.08,21.63,11.86,6.75
P2La4,합금,2,167.46,3.4,8.45,20.72,7.28,1.55
PbC2,화합물,2,108.44,4.4,2.23,33.44,8.96,6.81
AgPb3Gd4InGa3,고온,5,85.35,3.9,7.14,10.87,6.56,125.8
Hf3WTe,화합물,3,81.99,1.8,9.67,14.13,5.61,3.67
Rh2Ir4ThPt,화합물,4,155.23,4.6,1.61,6.3,14.46,10.69
Lu2K3Ga,화합물,3,116.64,3.0,6.75,25.44,3.42,5.25
BWGd3,합금,3,174.47,4.4,15.3,77.08,0.11,10.0
LiC3TbCd2,화합물,4,158.54,3.0,5.97,3.98,4.75,12.78
CeGe3,화합물,2,85.24,1.5,6.98,40.92,9.49,4.49
TbZn3Pb4,화합물,3,141.15,4.1,3.75,36.03,6.35,11.36
TmSe2Yb,합금,3,134.01,3.8,15.58,67.44,10.7,6.36
Zr3Ge3Mn,합금,3,56.31,2.0,3.85,94.16,8.74,0.77
Cd3Mn3,화합물,2,14.87,2.0,2.01,6.55,9.02,5.5
Sn2MoSiGd3Rh3,고온,5,86.19,3.7,3.61,4.13,3.59,120.06
Er2Tb2Se2,화합물,3,116.66,6.0,2.96,21.18,2.68,6.59
SbScSi,화합물,3,40.53,4.4,10.53,20.63,7.35,7.52
Ce3In,합금,2,68.35,5.9,3.68,97.03,10.13,8.71
Hg3Sm2Bi,화합물,3,71.79,4.9,8.99,5.51,7.36,9.57
Au4,원소,1,215.67,3.0,6.29,363.42,4.04,2.66
Zn4Ta2Y2Ce3,고온,4,85.85,3.1,8.72,3.2,6.02,66.18
Si2Lu,화합물,2,89.19,3.0,9.91,8.34,1.99,7.03
Ba2CaNb3TiTh2,고온,5,59.97,4.5,8.07,4.5,3.49,105.06
C3ZnAl2,화합물,3,22.76,2.3,7.93,13.45,1.14,26.39
Y4Ta3Th3Ti3,고온,4,82.85,3.4,8.81,3.4,11.46,85.11
AgKYb2Re4,화합물,4,17.74,3.3,5.38,38.53,6.71,2.92
Se2RbRu3,합금,3,52.73,5.4,13.43,53.31,14.32,19.39
BOsTh4,수소화물,3,51.33,4.6,6.56,45.63,9.69,224.13
Lu2Mo3Mg2,화합물,3,61.74,5.3,5.02,35.81,14.2,11.93
Lu2HfUWCa3Ba,고온,6,77.41,3.8,7.6,10.63,11.47,54.72
B,원소,1,208.52,1.0,19.14,110.08,6.09,2.04
FZr3W,화합물,3,10.19,4.4,5.79,1.62,11.4,11.1
LiMg3Rh3Dy2Os3Sr3,고온,6,36.58,2.5,6.18,12.26,7.83,147.69
Ta,원소,1,199.61,4.0,2.72,294.11,0.59,6.0
CsLi3As2Er2,화합물,4,43.52,2.5,10.82,40.61,12.78,23.37
Rh2U3,화합물,2,26.85,4.1,9.28,16.81,13.5,11.34
Sr,원소,1,43.8,2.0,20.93,386.17,8.29,0.0
Ti2Te,합금,2,45.0,2.7,11.29,42.67,10.11,2.41
PTl2ZnGe,화합물,4,36.85,2.8,7.63,35.69,13.33,15.47
B3Cr2Tm2,합금,3,153.03,5.6,5.22,141.74,13.13,7.83
SbZrEuLu,화합물,4,91.67,6.0,8.22,42.47,8.23,10.52
ErNa4,합금,2,112.79,5.8,4.08,72.98,2.84,6.67
Pt3Mg2,합금,2,160.44,3.4,9.88,28.62,1.38,6.39
Zn4AuSMgTl,고온,5,39.32,2.1,8.21,1.87,6.52,109.02
DyPbU2,화합물,3,29.67,3.2,12.85,8.51,10.1,9.12
Ga3U,화합물,2,53.65,3.4,11.49,37.54,10.23,8.65
Nb2Ba,화합물,2,72.6,5.6,11.12,15.0,1.94,11.45
Gd2Lu2Ge2Tl2C2,고온,5,108.26,4.6,7.57,1.29,4.09,45.24
W,원소,1,136.38,2.0,16.32,387.67,0.78,5.09
Th3YEr3,화합물,3,115.68,3.6,5.48,8.12,1.62,13.56
BiOs3,화합물,2,77.96,3.5,11.34,30.08,11.26,10.75
SCe,화합물,2,150.4,2.0,5.88,41.43,8.18,4.51
Ir2PRuTm3Sb,고온,5,69.39,5.0,8.78,5.92,0.79,166.96
AsGa,수소화물,2,37.48,2.7,4.66,55.45,13.07,133.31
Gd2DyY3TbPb2Pd2,고온,6,137.2,4.6,4.17,12.66,9.83,99.1
Cs2CoCr2,합금,3,58.5,1.5,15.22,99.35,5.21,4.36
Er3Ho3U,합금,3,35.26,2.3,15.45,47.52,6.54,8.98
Ta3Rb3,수소화물,2,3.24,3.2,5.38,27.46,1.65,279.49
In2Tl4Ti3,화합물,3,111.96,5.5,9.17,27.87,6.24,19.75
V3Sc3,합금,2,55.79,4.5,2.78,42.82,14.55,11.53
Si2Ru2,화합물,2,55.23,3.7,3.84,5.21,8.44,10.86
Ge4In4,화합물,2,84.71,3.8,3.31,16.59,8.0,8.95
U3Sb,합금,2,30.0,1.5,8.01,10.93,7.09,8.72
Te2Ba4LuZr2Tb2Pb4,고온,6,32.57,2.1,3.63,3.65,14.99,62.94
HNb,합금,2,87.45,3.8,3.78,148.26,14.48,5.58
C4,원소,1,178.22,4.0,9.01,318.21,6.48,8.19
Au2Sc,합금,2,34.49,2.7,2.68,132.96,1.35,1.88
Ca2RbHf2,화합물,3,151.46,2.4,5.72,15.95,12.92,5.86
P3Ge2,합금,2,126.12,1.9,14.12,103.03,4.66,4.03
BReIn2Rb4,화합물,4,156.34,4.9,2.22,7.2,2.47,12.72
Sb2As2,화합물,2,42.25,2.9,8.96,34.29,1.85,11.74
Si2Tl2Nd3Rh2,고온,4,47.71,5.6,4.74,4.71,5.34,136.61
AlIr,합금,2,100.8,2.6,3.54,139.05,9.72,18.52
Y4Ti3Hf3RhU2,고온,5,95.62,5.6,7.28,14.12,9.47,56.92
KFTe2,합금,3,24.97,3.2,6.2,70.88,4.32,1.89
Cd2Bi2Cr2,화합물,3,53.68,2.3,6.86,4.02,2.46,19.39
Pt2GeYb3Li2,화합물,4,76.31,5.8,1.74,9.72,2.39,4.45
Pr2In2,합금,2,103.53,3.1,12.46,44.43,14.88,5.35
Nb2W3V2,화합물,3,106.62,4.1,5.98,9.12,13.9,20.18
Yb2AsEu,합금,3,57.72,2.4,7.89,97.77,8.26,10.84
OSmEu4,합금,3,121.98,4.9,4.13,17.81,0.87,4.43
CeFeCa,화합물,3,93.94,2.5,8.31,21.45,2.82,4.28
SrPrGe2Mo2,화합물,4,18.06,2.6,7.03,16.39,14.16,1.0
Se2Pd,합금,2,101.22,5.4,9.4,34.26,1.16,6.99
Rb3Os3,합금,2,151.67,2.3,4.52,16.79,2.65,0.0
Pb2,원소,1,38.78,4.0,14.1,154.29,9.96,2.1
SeMo3,화합물,2,133.19,4.9,6.95,31.58,2.53,18.14
Sm2CsBa2,화합물,3,58.75,3.8,10.83,22.8,7.16,16.98
Pr4BaDy4,합금,3,165.89,4.3,8.23,74.63,11.02,3.48
Cd2,원소,1,49.63,5.0,2.46,6.6,5.41,11.83
Au2Er2,화합물,2,96.75,4.9,13.95,18.03,8.06,10.4
KSrNYLuHo3,고온,6,45.38,3.8,7.37,1.9,7.28,161.97
Cd3LiFeCr2,화합물,4,137.59,3.7,4.73,32.38,7.87,35.63
B3Be2Gd4Rh3Eu2,고온,5,90.67,3.9,5.27,4.38,9.5,56.71
Pr,원소,1,136.83,2.0,9.39,289.0,4.72,2.77
RuF2Pr,수소화물,3,27.3,3.9,4.99,38.62,14.84,284.02
Mn2Ti3,화합물,2,34.15,2.1,6.13,7.19,3.22,3.99
Pb4Th3,수소화물,2,26.32,2.5,5.72,77.75,11.99,136.15
GeCs3,합금,2,178.73,4.4,10.76,6.62,10.72,14.02
Pb3MoMg3,화합물,3,113.49,4.3,13.99,24.48,4.84,13.21
BeGaTb2Fe4,화합물,4,58.33,4.9,2.99,2.53,0.56,7.01
Os4Si2O,화합물,3,128.81,3.2,12.51,41.83,5.66,10.15
Ag2ErSr2Sm,고온,4,35.32,2.9,4.28,4.63,13.2,67.6
MnNiHg4Ag2W,고온,5,109.82,4.1,4.05,3.69,8.91,65.09
CuB,수소화물,2,11.04,4.1,2.9,25.43,3.88,232.88
TaWErAs,화합물,4,95.14,3.3,7.39,29.16,4.25,27.84
MnPr4Tb4,화합물,3,158.9,3.2,8.53,16.72,9.58,1.54
Eu2Re3,합금,2,116.97,2.0,8.19,106.21,7.73,1.27
Ru2Ta4,수소화물,2,55.69,3.7,5.54,45.08,4.02,278.9
SGe,화합물,2,137.17,3.0,7.83,4.67,0.57,3.97
Ho2Mo2TlK,화합물,4,111.39,5.8,1.55,27.7,9.26,8.97
TaY2ZnCe2,화합물,4,108.55,3.5,11.03,17.79,14.86,11.72
CrAuCd3As2,화합물,4,138.23,2.4,4.2,19.28,10.89,20.07
Ga3AuSmMg3,고온,4,125.44,3.2,3.63,3.16,4.95,153.36
SmNb2Se2,합금,3,64.92,1.8,11.45,111.11,13.54,0.0
TeBa2Ir,화합물,3,47.64,1.9,11.46,30.64,5.62,2.76
Pb2H3,합금,2,86.1,3.0,11.38,42.92,7.88,1.85
Mn2ZnGa2Ti2FNa,고온,6,52.69,4.1,3.75,5.07,1.07,39.06
Cd3,원소,1,114.2,3.0,7.5,112.26,0.64,0.0
Rh2Te4Ce,합금,3,41.11,2.7,7.08,26.69,0.37,1.18
FeSm2,화합물,2,34.06,4.0,4.5,26.88,8.37,13.37
GdP2,화합물,2,112.65,1.9,6.65,26.2,6.5,4.37
Lu2Tm2Cs4Y,화합물,4,109.81,3.0,11.05,36.4,14.91,3.19
Y4,원소,1,208.16,1.0,6.25,92.56,8.49,6.16
Yb3Ir2,수소화물,2,18.61,3.7,7.45,22.38,8.82,188.27
S4Tb2,수소화물,2,14.3,2.1,1.73,47.43,12.92,150.31
GeNi2Yb3,합금,3,96.98,4.2,13.2,125.03,3.58,0.83
As2Al4MgIn2RhGa4,고온,6,60.42,1.6,4.52,2.42,6.27,43.92
Bi2Ag4B3,화합물,3,24.45,5.8,11.72,44.62,2.99,9.77
TiO,합금,2,52.51,3.5,13.24,88.73,1.83,3.09
Ir2K,합금,2,77.74,4.0,11.43,20.78,3.84,7.78
Ru3BiHg,화합물,3,22.91,1.8,11.09,40.34,14.34,4.8
Be3In2,화합물,2,154.43,2.9,2.09,40.7,0.82,6.97
Cu4Pt3Li2,화합물,3,118.76,3.4,7.87,49.42,12.19,8.74
Nd2Mo3C3ReHf2,고온,5,112.02,4.1,3.81,1.37,3.58,75.86
DyRuCe,화합물,3,19.38,2.3,7.19,40.0,8.76,6.05
Hf2Lu4,화합물,2,74.34,2.1,11.92,37.46,9.05,1.06
HoPb2As,합금,3,106.68,1.8,4.53,141.12,2.12,4.03
BiFeRu,화합물,3,105.24,1.7,4.69,22.45,1.97,8.48
Pd2Ca2,화합물,2,59.75,5.8,4.44,18.0,6.42,10.37
SnCoPb3Ta,화합물,4,83.02,3.0,3.35,42.66,5.37,3.44
SnInH4Ti3P3,고온,5,72.69,2.0,6.09,8.82,4.47,119.29
In4Co3As2Tm4K,고온,5,53.37,1.5,5.69,3.36,14.51,138.33
Sb2WRuBa3,화합물,4,122.54,3.3,4.89,28.8,9.48,3.74
Be3Mo,화합물,2,109.11,3.4,10.69,13.63,1.74,22.27
H2BaFeO2Sc2,고온,5,57.45,4.0,3.83,13.63,3.18,52.52
Hf2Pd4,화합물,2,124.86,3.9,10.69,16.59,6.01,3.9
La2Y,합금,2,176.34,3.9,4.39,107.18,8.1,11.77
TeLiRe,화합물,3,88.62,4.0,9.9,12.6,14.27,2.19
Nd2Yb2,합금,2,54.63,5.1,10.59,90.71,6.32,1.62
MnUGeSnH2,고온,5,100.6,1.9,4.03,7.55,11.52,43.11
Ta4Mn4,화합물,2,60.04,3.1,2.13,12.03,1.01,34.71
MgSr,화합물,2,52.85,5.6,4.46,16.27,14.46,20.55
Cu2,원소,1,100.46,2.0,10.95,117.51,3.65,0.0
O3Dy2Cs2Mn4,화합물,4,121.0,5.2,5.44,31.3,9.46,5.11
Cr3Sm2Ce2Ge3Fe2Ca,고온,6,36.02,1.8,7.01,11.6,14.52,153.87
Lu3,원소,1,165.03,3.0,16.11,336.65,7.75,0.0
NiSe2Sr,화합물,3,137.88,2.6,2.8,38.12,9.68,5.36
RePb2LaNiCeHf2,고온,6,133.86,4.0,3.8,7.33,6.13,161.67
BaNi4,화합물,2,47.7,4.3,4.61,41.64,1.65,7.01
Tb3Zr3V,화합물,3,40.13,2.2,4.83,26.49,2.86,9.67
BaV2Na,화합물,3,21.0,2.4,10.68,11.55,5.89,2.24
Ag3CuSc,화합물,3,145.17,5.7,11.03,11.28,0.47,19.94
Ag4Cr2Hg,합금,3,154.46,5.8,11.32,145.26,9.72,5.52
Bi3,원소,1,52.58,1.0,2.98,203.96,9.93,0.0
GdBiTh2Cr,화합물,4,158.79,2.0,3.94,4.29,5.22,2.12
O3V4U2NiTi2Ta,고온,6,90.53,3.3,5.94,6.65,2.66,88.05
Mg2Dy2,합금,2,104.03,5.5,2.75,110.72,3.0,2.25
Pd3Ir,합금,2,134.56,5.6,4.8,127.58,1.88,3.21
TiGaNi4,화합물,3,129.62,3.0,3.97,11.21,5.04,15.49
Nd3Fe2NbH2Na4,고온,5,128.61,5.7,3.59,7.1,12.72,117.76
O2Be3,합금,2,116.7,5.2,5.92,62.15,12.0,9.79
O3Be3Mg2N,고온,4,56.53,5.8,8.34,13.1,13.0,121.11
Sr,원소,1,237.8,5.0,15.0,175.51,5.77,1.84
Ni2GaSrU3S,고온,5,135.51,3.9,8.89,3.7,12.31,55.1
GaS4Ti3Si3,화합물,4,146.22,5.7,3.94,12.6,9.67,8.07
EuLu2F2,화합물,3,134.46,2.3,2.96,17.7,8.32,11.92
NAlTm2,화합물,3,132.75,1.8,4.76,3.34,14.89,18.21
Pr3PdAu3Sr3Ga2Ho2,고온,6,68.63,2.5,6.78,3.33,0.9,149.5
CaPb2,합금,2,134.62,3.5,6.48,132.16,9.07,15.79
Pt,원소,1,83.95,4.0,15.63,154.38,3.44,2.08
PbRuZn3,화합물,3,37.68,4.8,3.65,26.45,13.46,32.85
PbOsNbGdAu2,고온,5,139.77,2.3,3.22,14.78,5.51,144.69
V2Ge4Gd4Lu2Sm,고온,5,134.0,2.5,6.62,5.71,4.94,127.58
Ti3NaTl,화합물,3,59.76,3.5,5.42,11.44,13.21,7.69
TlRe2Mg2Au3,화합물,4,98.07,5.2,7.1,21.11,11.16,8.72
Ti4Au2,합금,2,24.29,2.6,6.29,131.11,6.42,13.54
KZr2CuNd2,고온,4,52.85,3.9,5.22,10.58,0.26,114.19
Zr4LiCuRe2V2Mg3,고온,6,44.23,4.8,5.62,10.89,0.85,112.96
Rb3Os2,화합물,2,159.78,3.6,10.31,13.34,1.84,24.24
Sc3La2Tl2,화합물,3,141.0,3.6,13.61,28.23,1.57,11.55
TaMn,수소화물,2,40.49,2.5,3.77,15.74,5.71,128.32
Cs2Ni3KF,고온,4,66.75,4.9,4.56,6.78,11.58,100.65
Th3H4,화합물,2,135.92,1.6,2.87,28.87,9.91,8.02
HoU,화합물,2,125.36,5.0,4.24,2.05,6.6,10.42
SeDy3,화합물,2,137.31,5.2,3.84,19.97,5.28,6.12
GeYbLa3,화합물,3,25.24,3.2,2.96,22.7,1.53,6.57
FY,화합물,2,96.83,4.3,8.01,2.81,2.76,4.61
V3Pt3Si2Bi2,화합물,4,56.23,4.7,13.84,22.0,13.81,10.35
W2B,화합물,2,82.61,5.0,4.04,29.47,2.28,21.88
Ho3Mg2,화합물,2,140.79,2.8,7.94,12.92,4.23,0.7
Eu2Gd2Zr2,화합물,3,57.92,5.9,3.45,49.0,10.19,6.54
Ba2As2Au4,합금,3,94.45,2.7,2.06,88.51,14.3,3.45
BeTb3Ca2MoIrDy3,고온,6,91.57,4.1,4.86,9.49,13.08,46.69
BHf3,화합물,2,57.09,3.2,9.69,12.73,12.87,12.73
Tl3,원소,1,75.49,4.0,16.1,353.05,2.06,0.0
CaHfSn4,화합물,3,12.26,3.6,5.31,18.88,11.71,9.23
Si4HgOs2Ta3Al4,고온,5,47.33,2.9,7.57,10.69,10.57,44.76
Mn3Al4RbPrP2F2,고온,6,129.78,3.6,8.27,3.13,14.16,92.37
TlMg3B3,화합물,3,77.61,1.9,2.49,8.06,0.4,0.0
OsKW2Mg3Rh4,고온,5,126.3,5.4,7.92,7.51,13.24,120.35
Ag4,원소,1,205.17,5.0,4.79,230.58,1.55,2.5
Pt2S,수소화물,2,2.95,4.1,4.3,50.48,8.6,98.38
SnRu,합금,2,82.46,5.8,15.97,115.48,13.27,6.05
Ag,원소,1,108.36,5.0,7.82,132.99,9.88,2.93
H3TlHg4,화합물,3,94.93,1.8,8.64,36.45,3.5,11.4
Li2BiBa3,화합물,3,81.27,2.6,4.01,15.51,5.42,15.11
LaFe2WTb3,화합물,4,142.08,2.6,13.26,41.74,14.78,25.5
Pb3UPdIn,고온,4,86.91,3.4,4.37,5.54,0.91,84.09
Ba3Er3DyGa,고온,4,83.25,5.9,6.16,12.0,2.47,40.53
Ir2Cr3C2,화합물,3,155.93,5.9,8.89,15.67,7.81,3.54
Ni2Re3As3,화합물,3,13.09,4.3,3.34,21.04,9.41,11.27
Ru3Ir2Gd2,합금,3,171.16,4.8,15.45,101.11,3.6,10.05
Y3,원소,1,12.79,5.0,2.76,36.93,5.44,6.04
U3SiGd,화합물,3,159.0,2.9,9.44,38.33,9.89,12.0
V3,원소,1,137.92,1.0,16.94,399.26,2.48,0.0
CaTi2Pd2Cd3Pb2K,고온,6,132.56,3.0,6.89,1.15,4.26,143.13
Pd2Sn,화합물,2,15.21,3.3,5.09,21.49,14.48,9.72
TbInCr2,합금,3,118.42,2.2,14.83,116.38,14.31,7.9
FLi3Pr3,화합물,3,13.55,5.5,13.17,12.36,2.22,8.07
Ti4Pb2,합금,2,172.5,4.4,14.45,92.56,13.96,7.11
U2Pb4Tb,화합물,3,50.8,5.1,9.18,30.79,1.1,15.4
Th2S3AuSe4,고온,4,57.52,2.0,5.53,14.32,14.75,88.64
Au2PbSmZr,화합물,4,106.65,3.0,7.24,45.91,2.24,5.76
V3Sb2,합금,2,153.66,2.1,12.42,123.47,6.8,4.72
Ho2Ag3,화합물,2,49.03,5.6,6.67,43.8,4.24,20.99
PrCo2,합금,2,57.83,4.2,4.48,52.36,3.88,11.28
WPdSUNa2,고온,5,57.81,4.8,7.33,12.47,8.17,53.15
K4MgMnRu4,화합물,4,34.56,5.8,13.02,15.37,2.87,19.06
Pb3Yb2Tl2,화합물,3,58.45,4.0,8.36,17.73,5.89,5.91
SiTa3Re2PbHgCs2,고온,6,80.84,2.7,6.62,14.15,4.54,102.25
NaU3Ni,화합물,3,88.57,3.8,4.53,3.37,10.18,13.95
Ho3,원소,1,35.53,4.0,13.75,80.21,2.78,4.43
WCdPrLu2,화합물,4,85.72,2.5,4.82,28.93,13.04,0.0
Al4Ge3CrPEr2Be4,고온,6,47.6,1.6,4.98,13.95,8.27,138.66
Hg,원소,1,206.36,1.0,19.11,240.48,8.82,0.0
AsRb2,화합물,2,20.36,4.0,8.07,41.6,6.34,7.78
P2As2Lu2,화합물,3,93.75,5.0,4.06,35.48,8.6,5.43
Sb3B2Na2Ti3,화합물,4,71.41,5.7,6.99,39.99,3.12,7.78
K3UHf3ThS2F2,고온,6,36.24,2.5,3.89,8.27,9.92,36.26
Te4TaZn2Rb2,화합물,4,119.25,2.1,10.27,32.08,8.93,5.22
Y2Se2V2Ho,화합물,4,65.13,3.1,8.96,36.59,1.77,1.7
W2La2HoGe2Sn2,고온,5,86.35,2.9,8.67,6.68,0.94,139.89
MnNb,화합물,2,115.0,5.9,12.25,5.92,5.96,3.4
Sr3Fe2Li,화합물,3,134.56,2.6,10.43,12.97,13.95,5.6
HfPrY3,화합물,3,35.0,1.6,4.95,24.64,8.37,0.0
Pd4Pr2Re2Os,화합물,4,69.04,4.8,5.67,28.28,12.05,2.77
U2Ge2Hf3MnSm2,고온,5,50.53,4.5,6.11,6.63,8.97,124.59
YbSn3,합금,2,161.01,3.1,6.26,30.25,0.39,20.15
V4HoOsCe2,화합물,4,90.39,2.0,13.27,16.62,14.64,7.0
Be2HfCaMo3CoPd,고온,6,137.77,2.8,4.04,6.09,3.66,85.35
Ca3Gd3Tb3Sr,화합물,4,34.54,3.8,8.45,23.19,8.38,31.58
DySc4Mg3,합금,3,170.91,3.9,12.07,132.81,3.0,8.92
Si3Fe2Ni4,화합물,3,108.69,4.8,10.77,30.83,8.3,6.5
PrNa3,수소화물,2,49.48,4.1,7.53,28.63,0.45,196.95
Ge4TiScS,고온,4,34.68,5.0,3.95,2.45,0.5,98.28
NdCo2NW2,고온,4,32.86,4.6,5.56,14.51,4.25,69.86
Tb2Sb,합금,2,106.53,5.8,3.23,133.36,11.48,7.43
Sc3Zr3ONi2La2,고온,5,32.71,3.5,3.71,3.27,5.99,117.84
AgBaSc,화합물,3,14.13,3.0,6.51,31.79,12.49,4.01
AsSSmPd2,고온,4,137.95,2.2,6.32,8.83,13.82,81.46
Pt4SYb2,화합물,3,76.9,2.6,7.18,19.4,8.93,2.28
Tl,원소,1,172.03,3.0,2.68,354.61,4.19,4.02
Sb2Ru2,화합물,2,145.77,4.3,3.01,10.27,12.75,13.55
Sb2Au4,합금,2,30.77,2.1,9.07,100.39,7.27,19.14
Ta2Ir,화합물,2,61.37,3.5,5.97,7.17,11.23,14.24
Ga4F2,수소화물,2,15.89,5.4,2.25,57.51,2.12,134.83
S2Pd2Sc2Ho,화합물,4,126.53,4.0,7.63,46.37,12.78,6.4
Sn3EuBaNi2Pr3,고온,5,105.17,4.3,6.91,13.51,11.17,55.62
Hg2CeHf,화합물,3,28.72,2.3,8.72,20.22,1.04,17.57
W3In2Lu2Mn3PrK,고온,6,80.92,2.0,3.7,4.26,9.43,95.29
BTaNd4Pd2Ir2Re,고온,6,49.38,2.3,7.83,4.9,7.28,78.13
CKU,화합물,3,37.51,3.5,8.93,5.1,10.69,4.75
Cr2Th2Ge,화합물,3,138.99,1.7,7.71,16.29,10.0,2.52
MoRu2,화합물,2,72.54,3.8,11.42,34.27,4.62,5.46
SeCo2,화합물,2,102.49,5.6,6.08,29.69,14.73,11.67
AgBa,합금,2,128.08,2.6,14.9,42.88,6.86,13.38
Fe4Mg3Hf2Se2Bi2,고온,5,63.31,4.2,6.46,9.62,2.67,106.63
LiHg,수소화물,2,5.27,1.7,5.5,33.83,10.63,275.86
Na3Sc2Sr2Te3,화합물,4,122.25,4.5,11.26,19.92,2.37,2.26
Sc2Cu3CaTb2,화합물,4,125.39,4.1,6.28,6.83,6.24,5.85
Sb2Ta3ZrOsH2,고온,5,88.42,5.7,4.13,4.54,3.87,125.63
ErPd3Yb,화합물,3,146.74,3.0,9.15,26.42,14.13,12.45
RhMoB3,화합물,3,127.96,5.3,9.0,15.57,6.51,7.82
Os4W2AgMo4,고온,4,81.77,3.0,3.4,7.75,9.39,39.49
F3Pd2Bi2,화합물,3,82.58,4.8,9.93,8.06,1.08,7.97
U3,원소,1,131.46,5.0,7.37,376.51,5.45,11.95
Sc4AlHgIr3,고온,4,34.85,5.8,7.86,11.16,11.28,128.81
GeCe4,화합물,2,16.25,5.4,2.28,11.43,5.49,10.78
KTh2NbPt,고온,4,84.96,3.9,7.15,3.55,4.67,50.5
In3La3,합금,2,87.72,5.6,6.36,63.91,4.42,11.63
Na,원소,1,189.21,3.0,15.65,254.41,3.66,5.5
Bi2CIrTm2TaGa2,고온,6,56.31,4.4,5.04,14.66,10.69,135.75
KSmRe,합금,3,150.18,5.2,5.26,38.13,2.16,26.54
Ag2N3O2PbEr2,고온,5,135.4,2.4,3.75,7.52,7.18,127.45
RbZr2Au2Gd2Sb3Lu,고온,6,123.47,4.8,4.36,14.55,8.91,142.14
V2HfTb4,화합물,3,71.43,1.8,9.37,45.72,14.78,5.76
Cd4Th3,합금,2,53.85,4.9,5.15,25.05,9.23,3.01
O2Fe2,화합물,2,22.83,5.5,6.49,42.76,3.02,8.02
BiOMo3B,고온,4,65.61,1.9,3.73,8.66,9.67,38.32
Os2Tb2,화합물,2,130.86,3.4,2.11,18.07,4.72,10.68
TlLa3UBi3,화합물,4,77.81,1.7,3.14,24.96,0.15,4.49
H3BCs3,화합물,3,88.49,5.3,6.53,43.66,4.81,7.77
Cu2Sn2Nb2,합금,3,44.4,4.1,10.92,106.28,11.3,6.53
EuAl2Tb2Bi4Co3,고온,5,136.85,5.8,7.11,14.5,9.04,102.86
Hf2Os4Zr4B3,고온,4,79.64,2.1,5.58,10.05,2.1,124.75
Sc2LiSr,수소화물,3,18.22,5.9,2.43,51.82,10.03,283.48
HoTh,화합물,2,59.62,2.9,4.1,32.24,5.96,7.94
Ge3W4BaON3C3,고온,6,70.57,4.6,6.47,8.39,1.07,101.83
Al2Nb2Sb2,합금,3,133.83,4.3,2.74,71.29,8.77,2.43
Tl2Ti,화합물,2,110.27,3.5,8.06,23.6,8.12,8.34
Nb3Pd4Os,화합물,3,117.52,3.7,5.28,37.91,3.03,3.16
BiTaScHf3B2Pr,고온,6,111.81,3.0,7.9,7.52,3.68,106.36
SbTh2MnCuSe3Rh2,고온,6,92.63,3.7,8.83,1.98,5.5,100.8
SiC4Yb2Tb,고온,4,124.36,2.5,4.2,3.14,8.01,151.99
NVHg2Mg3Al2Ce2,고온,6,122.6,1.9,5.29,5.39,5.43,44.35
Te2Pr2H2Au2,고온,4,138.95,5.3,4.92,10.62,10.81,84.92
Pr,원소,1,84.16,3.0,21.03,117.04,3.29,5.5
Sr2CdF4S2UAg,고온,6,137.64,4.7,8.77,1.25,8.56,62.46
Sr3B3Al3,화합물,3,47.1,5.2,9.41,8.75,6.55,22.1
LiAuRh2,화합물,3,56.01,2.2,6.01,40.02,5.67,0.0
Bi3,원소,1,41.99,2.0,11.17,344.78,3.68,2.56
Cs2Sb3Tm,화합물,3,61.3,4.9,7.59,10.36,11.9,8.7
Rb2CuOs3,화합물,3,18.24,1.8,13.88,13.7,9.42,0.0
Y2Pd4Eu,화합물,3,65.81,2.5,10.85,45.76,3.92,21.75
WMg2,화합물,2,37.6,5.1,3.98,6.49,11.66,17.09
Rb3Be2HfHo3Y,고온,5,119.76,3.0,6.77,7.59,6.09,97.31
Ga2Mn2Co3P3,고온,4,61.61,1.9,6.66,11.51,4.95,95.77
Tl2O3Na,화합물,3,44.74,2.5,1.77,45.23,9.72,25.75
Co4Li4EuAl3,화합물,4,30.94,4.8,4.68,35.43,3.11,9.31
ThGe2Rb3,합금,3,86.68,3.3,3.75,9.46,12.18,6.02
O3Yb4U2,화합물,3,117.87,5.8,8.05,35.8,6.59,29.57
Rb2Ho4,합금,2,167.08,3.4,8.17,20.31,11.29,1.86
P2Ta,수소화물,2,44.2,5.4,4.49,52.63,4.73,230.16
Ir2HgPr,화합물,3,85.59,3.9,10.92,23.21,13.71,7.2
YOs3,합금,2,36.56,2.8,3.1,104.76,10.15,1.37
Ag2Te3Sn2,화합물,3,28.94,1.8,6.57,41.57,12.16,2.92
Os4Pr2,화합물,2,32.97,4.1,8.46,37.72,8.8,12.79
Au2KYb2,화합물,3,110.07,1.7,2.71,2.63,12.79,6.63
F2,원소,1,24.48,5.0,17.95,62.77,5.99,3.39
Sr2W2,수소화물,2,30.93,1.8,7.09,59.14,9.3,161.88
Sn3RbOs,합금,3,63.83,3.8,8.17,28.78,6.21,0.89
H2,원소,1,140.6,4.0,1.74,258.56,4.58,0.96
V2,원소,1,96.44,4.0,3.2,62.43,0.88,0.05
Hg2Ir3Re2,화합물,3,132.53,2.6,13.34,17.6,13.04,23.18
Rh4Sc3,합금,2,111.84,4.4,14.89,126.2,2.24,10.76
Pd3,원소,1,235.91,2.0,5.33,55.97,5.49,3.69
Tm2F4,화합물,2,11.8,4.3,8.68,46.21,4.85,5.85
As2Nd3Ti,화합물,3,156.95,3.2,13.51,20.05,14.55,7.28
Hg3TbB,합금,3,127.37,4.7,9.27,103.95,5.33,0.26
Sb2Pd4N,화합물,3,74.82,3.9,8.75,48.17,4.63,16.44
Gd2ZrHSe3,화합물,4,75.07,4.4,8.49,33.25,7.03,7.35
Pb2Cu,합금,2,105.12,2.7,6.33,79.19,12.09,0.0
K2CP,화합물,3,81.62,2.9,7.84,35.02,4.65,2.13
Y4Mo2,합금,2,109.56,4.8,8.43,27.25,5.67,6.55
O,원소,1,91.77,3.0,10.84,22.0,4.46,3.78
Al2Au2Si,화합물,3,27.55,2.9,9.68,24.97,4.06,8.78
TeRhTb2,합금,3,159.19,1.7,7.59,46.88,5.18,10.51
Dy4Th4,합금,2,159.1,5.2,9.23,129.77,6.92,12.44
Y3O2Nb,화합물,3,21.78,4.0,3.18,39.27,6.45,8.95
Au4PbOAg2Te4Zr,고온,6,121.29,5.9,6.25,6.71,4.39,74.16
W2Tb2Y,화합물,3,150.37,5.6,7.64,24.17,5.69,10.67
U2Tl2Mn3Pr,고온,4,72.25,1.9,4.27,9.24,7.1,54.99
BiIr4RbTi2Er3,고온,5,129.03,3.4,8.92,7.1,8.03,118.93
K3Sr2Gd2,수소화물,3,50.28,4.4,6.14,10.91,1.81,269.12
WYCsCuRe,고온,5,90.34,3.3,5.34,10.39,3.44,119.0
C2GeTl,화합물,3,82.33,5.4,13.57,43.18,6.14,11.94
HfBe3Yb2,화합물,3,97.13,4.2,3.04,10.83,5.32,2.5
Mn2VMg,합금,3,53.61,2.8,4.49,8.41,13.36,5.26
TbAl2,화합물,2,87.06,4.8,9.72,21.65,2.06,9.91
AlEr2Ca2,수소화물,3,42.13,3.1,7.39,37.87,7.27,252.6
MoCoNd2,화합물,3,75.21,4.0,6.0,31.18,7.11,5.73
KSeSr4,화합물,3,34.06,4.3,12.5,31.16,11.52,15.88
Ba3BiV,화합물,3,41.75,2.3,8.2,12.94,8.65,14.35
Ba3Li2Tb4,화합물,3,91.36,4.3,8.63,4.85,5.99,13.55
TlTe3,화합물,2,137.58,4.1,2.54,28.3,4.79,7.79
Fe3NRe2Au,화합물,4,81.15,2.0,13.95,2.02,13.99,8.88
Rh3C3,화합물,2,117.11,2.1,11.81,34.31,8.28,8.07
LuBeLiV2MgAg2,고온,6,68.04,2.1,4.6,14.7,10.27,29.28
MnPd3F2Ir3Ce,고온,5,65.5,3.3,3.49,4.85,0.86,33.96
CoTmTeEr2VAg3,고온,6,80.97,2.2,8.24,8.16,5.55,82.98
TaSbDy2,합금,3,130.51,1.9,5.93,21.53,3.46,4.16
Cu4Te3K2Yb2In2,고온,5,135.09,3.4,8.72,10.05,1.45,115.71
Tl2Th3Y4Mg3,화합물,4,157.93,2.6,2.43,40.57,13.94,2.61
K2Cu4DyBa,화합물,4,20.41,5.8,11.73,29.18,12.99,10.94
ZrC,화합물,2,38.22,1.6,6.46,16.12,7.14,23.68
Ba2Nd2,화합물,2,112.98,4.5,12.27,46.89,5.03,25.22
Os,원소,1,219.38,5.0,12.21,255.35,2.18,0.69
Hg3Cs2,화합물,2,150.22,3.2,7.34,9.23,5.96,1.54
TiPd,화합물,2,131.57,4.8,5.9,5.02,13.27,3.31
Cr3Ir2Cd,화합물,3,39.06,2.2,5.6,41.47,5.53,56.88
Be2LiIr3,화합물,3,47.43,1.9,6.04,28.47,8.72,5.51
RbBe3CuZn,화합물,4,25.35,4.5,10.24,23.86,12.15,17.18
Ba2CdPrAu2Yb3,고온,5,55.7,2.1,7.86,3.06,10.68,46.53
Bi3Cr4BSm3Zn2,고온,5,104.25,2.9,8.15,13.2,10.05,143.37
GaTa2Mg3,화합물,3,46.61,4.5,9.14,8.38,10.17,17.05
CuLu3,합금,2,143.28,1.9,10.29,28.02,7.38,2.74
Si2Sb2Fe3,화합물,3,146.9,4.6,13.81,46.44,7.76,5.38
TaGeBa,화합물,3,39.15,4.6,8.16,34.81,12.19,4.8
Ir3U3V2Au2,화합물,4,155.8,2.8,5.01,1.25,3.33,16.31
Pd,원소,1,9.34,3.0,19.29,160.08,0.81,2.72
H4Tl2Nb,화합물,3,59.54,1.9,7.17,30.56,2.65,3.53
Re2Te2MnFSb,고온,5,102.1,5.2,5.63,11.81,3.96,139.74
Cr4InYb2Ir,화합물,4,118.41,3.1,5.22,46.6,9.53,28.02
HgAg2NbHfLa3,고온,5,96.6,1.8,3.23,7.74,7.71,79.91
ZrErBi2PYb3Ba,고온,6,72.39,2.5,7.11,1.33,3.65,113.6
Pt2HfAs4PW3Pb2,고온,6,91.32,2.9,5.69,9.6,4.94,106.1
MnCPb2,화합물,3,126.69,3.0,10.82,30.6,6.14,19.34
La4Os2,화합물,2,63.2,3.9,8.89,13.4,5.56,10.52
UTbTh3,수소화물,3,4.08,1.7,5.63,17.67,7.88,151.44
Eu3Y3Hf3,화합물,3,106.68,1.8,11.05,10.41,5.73,15.99
AgFe2,합금,2,97.96,2.9,6.36,45.83,3.87,12.28
Se3AsSr2Ti,화합물,4,34.51,3.2,3.57,46.11,9.49,5.16
HoAs3,화합물,2,153.35,5.0,9.39,16.55,0.68,9.66
Mg2Ti2EuPb,고온,4,80.5,3.1,6.6,8.88,1.0,75.49
Sc2Fe,합금,2,169.46,3.9,9.49,146.83,0.49,8.98
Cs2TlAg3,합금,3,69.08,2.2,10.45,31.99,1.11,11.65
C2O3B4In2,고온,4,104.99,5.2,8.63,12.37,8.13,111.03
EuTaTb4ReIn2V4,고온,6,137.21,3.7,3.32,11.12,1.33,49.97
Hg3PdO4,합금,3,67.78,2.8,13.24,126.3,0.96,0.0
PtNaLu2Ti2,화합물,4,150.33,4.4,12.42,46.02,3.74,9.67
KC2Ce3,화합물,3,83.07,1.7,8.92,40.44,5.64,4.59
Tm4H3,화합물,2,57.22,3.2,9.07,8.14,3.2,20.78
TmLiDy2Ga2La3,고온,5,86.05,2.3,6.9,14.04,12.12,138.71
Cd2Li3,합금,2,115.78,3.2,5.33,9.36,9.68,0.0
Mo4,원소,1,198.98,4.0,16.14,135.97,9.63,1.76
Be3La3Fe,합금,3,141.35,6.0,8.99,19.09,0.8,14.11
Nd2Ag,화합물,2,140.1,5.6,11.56,11.3,2.95,12.71
TmRe,합금,2,142.77,3.2,12.96,97.72,4.33,5.82
Na,원소,1,12.33,2.0,18.23,231.04,8.98,9.24
Mg3LiCoCu2,고온,4,32.52,4.2,3.07,12.63,3.3,150.78
OsAs2Mn,합금,3,79.67,3.2,14.19,6.69,3.51,16.99
KCa3N4FeSrMn4,고온,6,64.58,5.8,4.05,13.37,12.02,107.39
Ge2Ir,화합물,2,150.19,2.2,8.15,43.16,4.85,0.0
Bi3InCa,화합물,3,47.76,3.3,6.49,18.34,4.65,9.83
RbPb2,합금,2,168.16,5.6,4.85,114.96,10.95,4.05
ZnPd,합금,2,167.63,2.2,4.74,5.28,14.32,0.52
Tm2Lu,화합물,2,32.21,4.9,11.63,23.96,12.98,11.57
Rh2Li3,화합물,2,97.51,1.6,2.21,11.42,9.21,8.8
Ho2SnScOCu3Ta3,고온,6,82.82,6.0,6.73,3.99,2.43,58.5
ErZrCeCo2Eu4,고온,5,57.48,5.0,3.74,11.23,3.17,121.2
Er3Ho3Mg2Ni3,화합물,4,36.27,5.0,6.44,7.39,2.5,2.99
GaBTb3,화합물,3,28.95,2.7,7.08,45.22,0.5,4.04
NdSe3Pr3Sn2Pt3Ni3,고온,6,87.39,2.2,4.16,14.61,14.27,50.85
Ba2V3Pt2Cu3,화합물,4,98.59,5.7,4.98,15.37,9.84,16.31
Al3Gd,수소화물,2,24.81,2.7,1.23,61.8,3.32,134.28
Se3As3Sr3Tb2,고온,4,118.1,3.3,8.34,7.1,1.24,99.9
La4,원소,1,47.55,1.0,10.03,14.12,2.14,2.48
IrGa2Pd2,화합물,3,21.54,5.9,7.54,46.01,7.33,15.12
CTa2GaV2,화합물,4,71.12,2.9,10.72,19.51,2.55,5.7
As4Tm3,화합물,2,62.05,2.8,11.27,41.94,5.77,2.08
ZnS2,화합물,2,90.59,3.8,7.89,48.71,14.81,7.06
Os2Pt2Rh2Yb2,고온,4,105.25,5.3,7.41,5.79,14.59,150.38
Tb4U2Cr2Ce3,화합물,4,92.9,1.7,5.25,20.31,12.28,1.94
BaB3,합금,2,167.47,3.7,3.9,62.34,10.98,3.77
Ho2,원소,1,99.27,2.0,9.24,50.9,5.88,2.09
Ir3U,화합물,2,121.2,3.6,8.74,30.61,12.14,10.78
Rh4Sc2Zr4,화합물,3,107.25,1.6,11.37,24.3,13.38,20.87
Mg2Ti2Au2,화합물,3,137.46,5.1,2.56,12.06,2.68,0.0
PbFLa2Pt2,화합물,4,29.89,3.7,7.17,20.94,14.92,16.52
Ho3,원소,1,13.13,2.0,10.7,67.06,2.26,0.73
Pr2Pd3,합금,2,64.33,1.8,5.22,135.68,14.4,1.83
BaRbAlPb3,화합물,4,134.5,5.7,2.19,20.66,8.38,9.91
TbWAu2La,화합물,4,31.01,4.0,8.84,8.01,7.79,14.23
Os3La3,화합물,2,28.88,1.5,8.9,32.6,14.71,3.99
B3Gd2Rh2K2,고온,4,47.61,4.4,8.74,1.88,2.22,70.8
YbVOsTm,고온,4,104.61,5.0,4.64,5.3,14.89,112.59
Cu3V2Eu,합금,3,79.78,1.8,12.16,58.44,10.0,3.78
SeMgSiZr,화합물,4,81.98,5.4,6.24,24.91,0.29,5.36
Dy3ThNZrRe,고온,5,95.5,5.3,4.28,9.05,7.24,121.69
V2Ge2Nb2P2AuRe,고온,6,95.34,2.7,6.87,1.52,1.03,148.92
Tb4Te2Nd2K2ScMo,고온,6,53.32,1.7,7.58,5.97,5.25,95.12
Zn2Na,합금,2,45.51,1.7,5.61,12.99,14.97,0.0
P2Ru2Mn3,합금,3,148.08,5.6,14.95,94.07,3.58,14.73
Ta4Er4MoFe,화합물,4,27.42,2.7,7.33,33.66,1.06,5.39
P3N3Se3Ta,고온,4,85.34,2.8,8.76,5.22,9.57,62.35
OAg,화합물,2,121.67,4.0,6.03,48.78,1.05,6.76
SbTa2Mn,합금,3,33.26,4.6,6.46,143.24,6.15,2.58
CoPdNRu,화합물,4,157.0,2.5,13.5,21.57,11.15,3.45
ZrPrIn,화합물,3,82.79,4.6,3.13,47.73,4.84,13.94
Os3Sn3,합금,2,141.13,5.7,13.09,112.07,10.47,2.75
Pb3Na3As,합금,3,63.35,3.9,13.53,80.85,6.89,2.48
BaTm2,화합물,2,122.16,4.1,13.3,33.91,0.36,11.0
U3Sb3RhBe3,화합물,4,79.22,4.2,9.82,29.08,2.41,3.2
Ru2Pd2CrCs2,화합물,4,117.45,4.3,6.07,19.43,9.63,2.94
Pb2,원소,1,142.68,3.0,18.47,180.59,9.39,0.0
Ni2Mo3Gd,합금,3,142.37,5.0,13.67,19.47,4.89,5.33
Cd2Tm2RhCe,화합물,4,12.92,2.4,7.39,34.68,11.93,31.82
AgBi,화합물,2,105.12,4.2,3.12,46.43,9.22,13.43
MoTb2,합금,2,146.46,5.0,11.93,38.59,5.37,3.56
B2Sn,화합물,2,127.65,4.2,4.01,43.1,5.52,7.47
Ta3Lu3,합금,2,99.93,3.9,7.72,56.38,0.23,9.97
Pr2K3V,합금,3,143.96,1.9,11.61,37.71,10.07,3.94
SbC3,합금,2,56.78,4.4,9.91,76.41,8.55,2.41
Au,원소,1,56.04,5.0,4.07,64.23,4.7,6.01
Lu3Os,화합물,2,158.68,3.3,6.47,16.55,13.68,8.51
YbLu2,화합물,2,122.28,2.4,9.28,21.63,4.85,1.14
C2SnGdTiHf3Er2,고온,6,97.61,4.6,5.61,6.6,2.81,61.21
NTe3Hf2,합금,3,31.19,5.5,2.07,99.65,8.54,11.08
POsPb,합금,3,57.23,4.0,5.69,72.3,5.98,8.98
U3CdTa3,화합물,3,31.79,1.8,6.6,33.39,10.42,21.48
ScPr3Cs2P,고온,4,37.97,4.0,8.97,14.48,13.18,76.83
SiMn2Zr4,화합물,3,117.99,2.3,13.09,27.99,10.37,12.59
W3Mg3Rh2O,화합물,4,58.64,2.5,13.32,43.24,3.74,5.53
GdNi,화합물,2,37.86,5.4,3.8,9.0,11.24,9.9
Te2Au3,합금,2,79.02,3.6,3.55,79.02,13.89,11.22
BiF3As2Fe,고온,4,41.51,5.2,8.17,9.71,6.14,47.91
H3ZrLi2,화합물,3,52.49,5.9,6.23,22.38,1.61,15.13
RhSeLa4Zn3,고온,4,127.33,2.5,3.96,4.64,8.38,127.74
Th4Y,화합물,2,159.15,4.6,1.84,45.45,14.77,6.8
Hg3V3Gd2,화합물,3,89.58,2.6,13.31,38.93,9.83,7.79
NdGa3,합금,2,30.04,5.8,11.7,112.87,13.58,10.63
Os2Au,화합물,2,30.25,3.6,1.8,36.22,8.9,22.56
As3Ge,합금,2,153.76,3.6,12.2,55.01,10.26,5.42
BiRh2EuPd3,화합물,4,150.96,6.0,9.23,25.39,8.87,15.97
Ca2GdTh,화합물,3,26.27,5.6,8.95,11.97,6.13,8.73
NdW4Ca2PrNb4,고온,5,118.14,3.3,5.51,13.16,4.37,104.91
Ta3Nd2,화합물,2,145.33,1.7,5.93,10.63,14.82,27.03
Pb2TmDy2Ru4,화합물,4,84.7,5.2,6.08,32.59,4.43,8.1
ThAs2,합금,2,173.69,3.3,10.24,50.89,10.89,5.06
Ru3Cd3,화합물,2,69.27,1.8,8.81,27.22,0.46,10.72
Cd2,원소,1,181.7,2.0,11.59,61.68,4.23,0.0
AlCsHo3,화합물,3,27.31,3.9,3.18,33.51,2.96,18.43
Zn2Pt,수소화물,2,41.35,3.8,5.74,71.08,5.37,268.73
CsTe4,합금,2,73.37,4.5,5.98,136.99,2.86,14.23
Al3Zr2,합금,2,135.05,4.0,8.24,107.95,9.74,4.74
Hf2W2Nd2,화합물,3,100.83,2.9,13.09,21.08,3.66,27.67
V3Tl4As3Na3Th3Eu,고온,6,49.61,5.6,4.87,12.6,11.4,53.6
FeSb3Ir4H,화합물,4,98.58,3.9,11.29,21.98,14.9,11.4
Bi2,원소,1,71.41,5.0,6.68,206.04,1.21,10.1
YPdHg,수소화물,3,29.29,3.6,1.0,74.11,3.32,230.76
Bi2La4NbW2Hg4,고온,5,45.28,6.0,6.59,2.16,6.22,138.66
Hg4Cd4,합금,2,67.23,3.5,3.81,97.68,8.73,11.1
Cd3PdFeGeBeCs2,고온,6,136.63,2.1,8.01,5.91,4.75,37.71
C2Hf2,화합물,2,62.44,2.0,4.2,6.88,6.76,4.38
EuYb2Sb2,화합물,3,44.01,4.6,12.25,20.81,8.67,17.03
SnMg4LiTi,화합물,4,83.48,2.7,10.15,7.48,0.51,2.69
MoV4MgSn2Cu,고온,5,49.44,3.1,4.3,7.37,1.5,146.29
GeCd2Tm3,화합물,3,24.27,5.9,3.24,37.94,2.36,4.43
Mo,원소,1,181.69,2.0,19.04,105.91,8.18,1.51
SCa2,수소화물,2,48.47,3.1,7.98,11.03,7.68,158.89
Ru4Ni,합금,2,135.83,1.6,3.1,7.57,1.8,27.26
Pb4O2P2Er4,고온,4,115.3,1.6,4.37,5.79,5.16,163.7
BaSb3Zr4,화합물,3,81.01,2.7,13.82,47.75,2.48,7.78
CeDy2,합금,2,93.16,4.2,5.86,112.21,13.19,5.89
Mg3N2Pb4,합금,3,42.97,1.9,15.66,5.04,5.01,7.27
K2RePr2Gd4P3Dy,고온,6,42.01,2.0,5.14,2.87,11.16,45.7
Os2TiSmNb,화합물,4,49.51,1.5,1.91,23.07,7.78,3.44
Sr3Pb3Rb2,화합물,3,104.66,3.9,12.75,37.75,0.72,18.83
Mg2Zr2Se2S,화합물,4,40.71,5.1,12.64,35.33,11.28,7.42
Fe2Mo4Zn2,화합물,3,148.64,3.5,10.0,49.11,9.5,3.8
Gd3CrTm2Nd2,화합물,4,25.51,2.4,9.73,10.63,3.69,8.45
Ti4Sm,화합물,2,101.04,2.9,3.01,34.07,0.52,9.03
GeNdPd2Rh3,화합물,4,132.08,3.0,2.81,38.21,2.94,2.36
Rb3SiTl3S2V,고온,5,103.8,2.8,7.16,9.58,1.71,89.81
Pr2CsW4Sn,화합물,4,16.98,5.7,7.8,2.85,11.01,24.37
Pt3Sc3,합금,2,52.15,2.7,3.87,18.97,11.36,16.22
ErGdZn3Li2Pt,고온,5,125.29,3.7,6.76,1.61,14.64,47.94
Zr2AsDy4Nd2Pt3,고온,5,57.87,5.1,4.67,5.65,7.81,117.03
Ir2,원소,1,44.7,3.0,15.8,247.68,5.43,2.12
TiBBe,수소화물,3,56.17,4.0,2.19,49.46,8.44,237.27
Sb2MnRe,화합물,3,146.77,3.5,10.7,10.46,14.19,4.04
Nd2Lu,합금,2,87.5,5.1,2.4,140.01,13.0,9.82
FS,합금,2,87.17,5.5,8.95,133.45,7.26,7.48
Sn2Cs4IrTa3,화합물,4,77.69,5.7,12.0,24.3,14.6,6.43
Ni2MnHo3Zr3Ta,고온,5,136.65,2.2,8.65,7.79,0.26,81.33
La4Ni,합금,2,132.7,4.2,12.13,138.7,5.43,4.45
HgHo3Si3,합금,3,94.37,4.1,5.58,65.07,10.88,4.9
NaAgZr3,화합물,3,146.66,1.7,11.55,15.85,11.33,2.04
EuIrS2Pd,화합물,4,41.35,2.3,8.64,25.71,11.24,7.5
Tb4Fe2Rh,합금,3,41.41,4.6,3.83,54.88,12.45,2.83
Sn3Ho2,합금,2,161.74,2.1,6.39,135.67,10.22,5.52
K3SZr2Cd2,화합물,4,23.84,2.8,8.21,19.51,5.31,6.75
LuRh4Sn3TbIrCr2,고온,6,34.07,5.5,5.44,14.65,10.33,95.1
Ho2Te,화합물,2,22.31,3.4,10.95,4.03,9.26,6.29
Fe3YPt,화합물,3,131.66,2.0,1.69,5.24,2.65,0.0
Zn4TeHo,화합물,3,65.48,2.5,7.49,4.27,3.91,0.85
Cu3ZrPIr,화합물,4,111.04,4.1,10.57,14.93,13.07,27.58
DyCe2Ca,수소화물,3,57.44,1.5,6.58,50.87,8.33,236.53
Re2Ir2N2Zn,고온,4,82.34,4.6,3.8,1.52,5.11,72.8
Ru3Pd,합금,2,111.71,4.4,11.83,10.08,7.79,0.0
Re3Au3VTl3,화합물,4,156.62,3.9,8.99,25.98,12.2,17.14
Be2Pt3Th2,화합물,3,99.57,3.9,9.11,9.38,11.42,22.0
As4TlC,화합물,3,142.14,5.4,5.82,30.51,2.75,1.18
Rb3BaH,화합물,3,50.88,4.9,3.05,40.78,10.87,9.65
Sm2NCe2Ge2,고온,4,102.35,2.7,4.81,5.34,12.42,101.37
BMn2NAl2,고온,4,137.53,5.5,5.99,7.79,12.56,145.35
Hf3Y2O2Er3,화합물,4,27.42,3.2,8.71,46.26,9.91,4.75
Sm4Al2Se2H2Gd,고온,5,112.27,3.3,6.2,5.73,3.49,97.24
Nb2Th3Co2Si,고온,4,71.35,3.7,4.55,2.69,8.98,146.79
Eu4Pb2Hf2Dy3NbTe4,고온,6,40.17,4.3,8.71,2.56,12.03,112.9
CaFe2,수소화물,2,9.38,1.9,6.84,65.4,14.53,200.48
SePt,합금,2,73.59,3.8,5.89,142.73,2.87,9.41
Ru3Dy,합금,2,40.96,2.5,4.94,89.48,5.98,1.13
Gd2SnGaRh2Cr4Ag,고온,6,107.69,3.2,4.38,1.02,13.73,149.45
ErYbS2CdPr2,고온,5,130.45,5.0,8.2,14.35,14.84,148.14
VNa2Mg3LaNd,고온,5,105.57,2.3,4.02,9.04,14.22,48.68
Cr2,원소,1,39.62,1.0,15.59,154.1,8.65,2.06
SiGd4Bi3Sb,화합물,4,12.57,4.2,11.45,32.69,11.81,4.44
Cr2Zn,합금,2,133.53,3.6,10.68,142.63,13.47,1.4
PHo,화합물,2,47.44,3.6,6.08,32.86,0.41,8.91
HfSc2,합금,2,101.48,3.3,11.28,81.85,4.99,1.22
Mg3Se,합금,2,24.91,3.6,11.32,125.82,10.31,22.25
Hf2,원소,1,233.22,4.0,1.72,334.25,5.99,4.23
Rb4UY2Mg,화합물,4,100.27,3.5,2.26,43.82,5.7,7.02
BaMgB,화합물,3,80.51,3.1,6.72,40.11,5.84,15.34
Ta3Ca2S3,합금,3,125.17,5.3,14.62,104.3,9.2,4.9
NaHg2,화합물,2,59.46,3.4,4.61,46.84,12.06,13.6
IrW3,합금,2,127.0,5.3,9.19,10.68,1.57,4.98
ZrWTe2Ba2,고온,4,123.56,2.0,4.85,2.97,7.8,79.71
PLaCeIn,화합물,4,19.05,5.0,3.82,35.13,14.11,21.31
Ag4Y2C,화합물,3,153.28,2.6,4.26,42.55,0.16,26.57
Al2MgGa2InBF,고온,6,97.69,3.0,3.52,14.19,8.67,113.11
CaTiAs2Nb2,화합물,4,149.96,4.8,7.48,20.85,12.24,16.56
BaTb2Mg3Ir,화합물,4,57.27,5.7,13.78,44.08,11.69,5.44
Zn3Nb2F,화합물,3,130.11,2.9,2.66,30.87,10.27,2.51
VGeAs2Ta2Bi3,고온,5,122.82,1.8,5.52,7.28,12.63,159.18
Ir2Pd2Rh2,합금,3,161.85,2.9,4.48,37.32,8.27,0.97
NaCu,수소화물,2,2.23,2.8,7.12,15.07,7.12,202.18
In2Ti2Na2Zn3ReRu3,고온,6,40.93,1.8,3.2,3.9,11.04,100.56
Li2Pt4FZn,화합물,4,134.87,3.7,10.05,36.71,8.68,7.26
NNb2Ba3Ga2,화합물,4,79.09,3.2,2.63,24.8,9.48,9.59
Au2Os2,화합물,2,116.23,2.6,11.59,19.64,1.85,4.5
Er3,원소,1,229.03,2.0,21.28,231.89,9.95,0.0
LiMn2,합금,2,172.66,4.5,10.89,58.27,2.09,2.1
Sr3Ru,수소화물,2,25.64,5.8,7.08,15.97,12.5,184.89
NaNd3Sn,화합물,3,134.6,4.0,2.52,1.85,9.17,6.57
AgF,화합물,2,16.3,3.7,12.36,38.97,3.36,9.97
O2Ta3Cs2ErSi3H2,고온,6,70.99,6.0,5.98,12.88,11.44,135.85
Cs2In,화합물,2,107.97,4.4,12.33,44.19,10.39,23.67
Ti2,원소,1,17.8,1.0,20.62,101.82,4.02,2.34
AgPdZrCd3,고온,4,48.04,4.9,3.77,9.76,8.44,149.39
Yb3Ho2ZrSeRe4P4,고온,6,68.84,5.0,7.13,12.33,9.73,68.53
BiTh4,합금,2,176.24,2.4,10.42,95.15,13.91,8.33
VF,수소화물,2,47.42,2.9,5.16,16.76,13.93,139.19
NGd2,합금,2,111.65,2.2,11.2,12.23,8.16,2.86
Ir3Pb,화합물,2,146.87,2.4,7.54,28.8,13.75,2.43
SeMn,합금,2,72.98,2.2,14.33,22.96,6.91,14.56
Ta2Au2,화합물,2,107.64,4.5,9.59,17.01,9.87,15.56
Au3Zr2Rh,화합물,3,65.8,5.5,6.28,24.79,7.03,10.61
NbTh4CSc4,화합물,4,34.26,2.4,13.06,40.69,13.34,10.37
Se2YPPbC4Rb2,고온,6,122.45,3.1,4.23,14.14,8.51,92.44
As2,원소,1,167.37,5.0,19.61,376.25,8.6,6.49
PrTaBi3WMo3Pb2,고온,6,69.1,2.9,5.15,10.79,3.23,77.78
Ge2Tb3Zn,화합물,3,76.99,4.2,12.95,47.07,0.24,4.83
Te2Rb4,수소화물,2,30.87,3.6,6.86,44.33,12.44,160.94
SmNd,화합물,2,134.8,3.9,8.53,4.93,0.88,7.22
Sb4,원소,1,102.33,4.0,8.92,276.58,4.57,2.29
Zn3,원소,1,219.05,2.0,15.32,300.26,4.36,5.45
Cu2Ge3RbBa2,고온,4,38.3,3.9,8.3,12.45,1.02,160.64
Os3CrCu3Sc2Sb,고온,5,125.78,3.1,7.51,7.75,14.44,119.22
AgK3Na3,화합물,3,44.89,2.9,9.23,18.06,8.65,3.71
CsW3,화합물,2,77.37,5.3,11.13,43.79,8.93,6.41
CsCa2Zn2,화합물,3,126.81,5.7,12.55,13.58,3.54,5.77
SnBe,수소화물,2,41.58,5.1,1.22,11.98,8.1,178.93
Cs2ReLaZr4V2H2,고온,6,49.93,2.5,5.92,14.21,9.61,50.55
Mn3Ti,수소화물,2,44.82,4.2,4.56,12.89,6.48,246.42
RhCo2PdDy2Tm4,고온,5,85.67,3.5,7.04,13.3,3.76,115.51
F2CoInTm3Fe,고온,5,55.56,4.1,3.27,5.76,13.35,38.95
Sr2Dy2Mg,합금,3,137.92,2.4,11.53,61.04,8.22,9.5
Rh3K3CsO3Dy3Ho2,고온,6,97.29,2.4,7.3,3.11,12.11,53.63
LuBi3B,화합물,3,109.8,2.5,6.61,38.35,9.92,2.13
UHf3Ho,수소화물,3,2.75,4.8,7.2,40.65,11.76,188.57
La4Sn2Nd3,화합물,3,36.85,4.4,4.77,45.99,5.56,4.82
Hg3Sn2In,합금,3,133.47,5.6,6.59,75.49,0.47,13.08
EuDy2SbH2,화합물,4,60.08,3.0,4.72,44.39,14.04,24.34
TbRu2Zr,화합물,3,81.55,2.4,10.75,22.4,7.6,13.23
YbF2,합금,2,102.16,4.7,4.04,96.98,1.72,3.07
Cs3CHg2Ho4,화합물,4,13.87,2.4,10.38,10.52,3.64,25.52
W3Sr3,화합물,2,40.16,4.3,12.81,35.44,9.3,9.56
CrBi4W3Au2,화합물,4,11.75,1.7,2.0,45.21,6.54,5.61
GaAsC,화합물,3,104.29,2.7,3.42,43.88,4.39,3.87
CuHf4Ce3,합금,3,131.23,5.6,13.54,18.47,3.64,5.33
Th2PtScHg,고온,4,90.79,5.2,3.32,4.12,7.0,44.69
Yb3CdLiH2U,고온,5,95.29,2.1,7.27,13.2,8.22,119.49
Cs,원소,1,189.56,2.0,14.82,317.24,9.39,7.84
Ir3SeHf3Cs,고온,4,139.83,3.8,7.73,11.82,9.5,121.07
Si3PtNdZr3Ti2P,고온,6,121.5,5.5,8.5,10.15,4.54,159.63
K2,원소,1,112.33,1.0,5.1,77.03,9.23,10.86
Cu3Ru3F3,화합물,3,141.85,5.0,9.5,18.85,0.65,9.73
ZrHg3,화합물,2,11.16,5.7,12.19,12.04,4.74,9.89
Nd3Ga2,화합물,2,64.21,3.0,4.6,19.13,5.91,4.6
Tb2Re2Os2Be3CeTi3,고온,6,91.66,3.2,4.12,3.26,14.33,117.07
OsWSr,화합물,3,81.18,1.9,4.89,26.7,5.73,17.93
Pr4C2Li,합금,3,51.06,3.7,8.65,90.56,8.47,7.3
BaPt4Te,수소화물,3,37.07,5.7,1.22,58.65,13.68,116.34
HfTl3,합금,2,149.71,4.9,2.08,58.62,2.18,5.69
Ba2SrCd2,화합물,3,69.22,1.6,9.5,14.7,3.78,0.78
DyCa,합금,2,167.11,1.9,13.36,111.75,13.87,5.62
ErMo4,화합물,2,116.51,3.8,8.13,48.69,12.91,11.98
Ti2H2Sr4C,화합물,4,15.53,5.1,7.15,39.83,11.93,13.04
Cs2Nd2,합금,2,33.87,3.7,7.4,142.53,14.44,5.82
Nb4U2,화합물,2,67.55,1.8,3.2,34.91,1.54,6.01
SmCu2P2,합금,3,158.11,3.5,9.88,99.74,12.98,16.74
Be3NaRu,화합물,3,70.77,4.0,2.51,38.15,1.17,5.91
UHf2,화합물,2,64.75,2.6,9.68,1.07,3.02,6.15
Ru4,원소,1,149.34,3.0,6.64,31.76,1.54,0.38
Cu2Si2Y4Se,고온,4,126.48,5.9,8.94,7.1,10.38,122.9
GdBa2,합금,2,54.09,2.7,11.48,89.87,10.68,9.17
PbAg3Cd,합금,3,46.93,3.9,3.87,146.92,11.58,4.66
LaInNi2Mn2,화합물,4,91.31,2.4,10.83,7.38,10.14,13.25
S2Pr,화합물,2,82.87,5.7,4.92,47.42,1.27,13.99
Pd2Ca2Ru2Hg3,화합물,4,68.53,1.6,2.55,15.33,6.52,9.95
YGd2,합금,2,65.45,5.2,15.2,51.7,1.45,11.63
PFHf4Ho,고온,4,137.51,1.9,4.69,14.75,0.66,121.22
AsDy2La2Ru,화합물,4,128.99,1.7,7.99,17.7,2.85,13.79
CeAg3Co,합금,3,72.44,5.1,10.63,11.45,4.25,4.8
Ca2H3ThOs2,화합물,4,27.82,4.1,2.46,20.45,5.63,31.79
CsMgF4Pt,고온,4,126.59,4.1,3.83,7.08,14.76,79.44
Ga3Ti3Sn3O3,화합물,4,151.51,2.9,9.57,45.22,7.32,1.3
Nb4Au2,합금,2,29.01,4.7,15.96,40.38,3.48,11.22
Ce3SrAu4Be2,화합물,4,158.47,3.6,10.48,27.59,1.15,16.01
Mn2Ba2Rh,합금,3,51.03,5.1,10.47,141.73,3.42,9.6
ZrO,화합물,2,130.52,2.5,8.13,47.74,1.64,5.19
Eu3Sn2ErYTh2Hg2,고온,6,68.47,4.8,4.84,11.28,6.93,37.27
BaSnLa2Mn,화합물,4,125.66,5.1,3.13,4.59,13.14,11.08
Se2CaCo3Mn,화합물,4,107.25,2.5,2.23,27.62,14.58,5.33
Sn3InN2Co2,고온,4,74.55,4.1,8.86,4.54,14.05,133.75
TeGe2,화합물,2,23.94,4.5,2.02,41.86,12.22,8.25
InH,화합물,2,83.28,2.4,1.68,1.35,12.7,48.9
H2Sm2,합금,2,144.45,3.8,6.33,35.84,3.02,2.7
RhU2,화합물,2,71.95,5.8,8.65,45.01,12.12,9.69
Mg2MoSr,화합물,3,96.93,4.0,12.62,33.98,8.33,18.85
Nd2Mg4Pr,화합물,3,125.33,3.8,7.67,27.69,4.4,4.43
Bi4Hg3,수소화물,2,19.9,5.5,4.83,5.88,9.57,141.82
TbSn4Mg2Zr2,고온,4,117.34,5.9,8.99,6.51,10.64,96.11
H3PrGa2CuNd,고온,5,87.16,5.6,4.54,4.94,13.12,48.6
Pb2RuBa2,화합물,3,97.35,3.2,7.4,44.87,1.31,20.91
Ba2ErOs2,화합물,3,123.69,1.8,10.65,2.38,1.43,0.0
YbK4,합금,2,110.9,4.6,11.31,33.46,5.55,13.52
W2S2N,화합물,3,89.01,4.2,4.99,37.22,1.19,6.0
TiLa2Eu3SeV3,고온,5,61.08,4.7,5.13,5.29,10.57,65.47
Er4V2SbRu2,화합물,4,150.09,3.7,7.84,16.56,0.74,2.96
La4Th4Ge3Co2,고온,4,36.49,2.6,4.7,9.52,1.54,104.32
V3Co,합금,2,179.93,5.8,11.82,62.83,13.59,9.72
HNbHg2Cu2,화합물,4,59.5,3.1,8.76,4.4,8.46,4.66
Fe2SbCe,화합물,3,31.18,2.7,3.97,15.75,5.44,29.36
SeRbFeTb,화합물,4,49.63,2.4,4.47,6.75,10.87,4.47
Ti4Mg2LuSi,고온,4,61.12,5.0,8.35,10.37,9.2,98.11
MgLu4,수소화물,2,37.72,1.6,2.59,70.1,6.35,144.13
N3F3,합금,2,89.64,4.0,14.74,113.06,1.93,8.39
LaSr,합금,2,49.11,2.8,3.3,11.77,2.55,2.61
EuTe,합금,2,80.05,3.4,14.1,111.99,0.36,5.52
Se3P3Si3Cd2,화합물,4,17.85,2.2,11.65,4.52,11.25,1.66
Ge2Pd4Sb2,화합물,3,124.69,4.2,7.61,39.72,1.05,2.17
Co2CrCeAu2Na3,고온,5,95.62,5.3,7.78,11.29,3.59,79.22
As2SeCd3Eu2,화합물,4,125.69,4.3,4.07,39.3,2.0,14.51
Au3Th2Er,화합물,3,28.88,3.0,6.28,30.74,9.56,4.85
K2Ce2Pb4Te2Lu,고온,5,77.55,5.9,3.6,1.37,11.79,42.8
Co4Tb2KNi2,화합물,4,55.16,2.4,2.38,49.38,9.09,5.02
Y3Tl3La2,화합물,3,46.01,6.0,1.61,2.04,7.71,10.14
CePSc,합금,3,58.22,2.3,6.37,93.14,7.42,7.02
TmHg3Ta4,화합물,3,84.96,4.2,5.58,42.33,8.83,2.06
Pb3Fe3,화합물,2,76.67,2.7,10.24,11.45,5.14,12.5
Al2Te2,화합물,2,47.59,5.2,7.72,45.37,7.91,13.3
Hg4Ti2Sn4AuPr2Yb,고온,6,115.56,5.8,3.57,14.34,4.48,61.78
Ti2NLa4Ru2,고온,4,76.86,5.1,3.62,9.71,13.26,60.45
Li2InSbTlGa3Pr3,고온,6,100.96,4.1,4.22,2.32,4.7,40.4
Fe3Tb2N2,화합물,3,60.63,1.9,5.27,18.57,11.98,0.0
Cr2As,화합물,2,50.58,1.7,3.97,41.82,8.37,15.52
NiRe2Sc,화합물,3,119.41,4.1,12.37,34.48,1.33,20.9
KGd2,합금,2,139.75,2.7,7.58,96.99,8.66,4.04
Au3Zr,화합물,2,99.73,2.4,6.33,13.79,4.38,6.63
Co,원소,1,171.66,3.0,16.19,165.1,3.18,1.96
GdPbYb4,화합물,3,121.83,2.7,11.66,22.4,3.21,6.0
Yb3N2La,화합물,3,96.6,2.5,4.9,35.76,7.53,0.0
Co2Yb4Pr,수소화물,3,36.05,5.2,2.44,22.96,13.01,231.15
Pb2Cd2Sb3Ho,화합물,4,75.17,4.8,12.19,8.26,14.13,15.84
Na4Sm2Ta3Bi3HfSr2,고온,6,136.19,5.2,5.44,3.16,12.71,63.69
Gd3Ag3Rh3,합금,3,31.63,5.7,2.3,36.55,13.12,18.52
O2V2,합금,2,109.22,3.1,3.37,32.39,6.7,4.06
La2B2,화합물,2,89.81,4.8,13.44,34.24,3.25,10.32
MnMo3,화합물,2,16.36,4.8,2.78,1.72,11.36,9.01
K,원소,1,63.0,3.0,8.91,364.77,8.07,0.0
LiAs,합금,2,24.07,3.7,15.37,33.19,13.32,6.89
In3Al2,화합물,2,144.18,1.6,3.85,18.61,3.68,3.46
Yb4InBi,화합물,3,68.8,3.6,7.44,39.21,12.72,14.82
InNi,화합물,2,80.34,4.1,7.31,41.63,9.67,4.78
SbGd,화합물,2,12.98,4.5,5.72,30.51,4.74,29.1
TaRhH3,합금,3,159.83,2.5,3.68,32.43,1.48,3.39
Ni4AuCoSe3Ru4,고온,5,126.97,2.9,7.25,12.7,14.51,45.14
ThBi3,화합물,2,48.33,5.2,7.34,49.05,14.83,19.44
Be2ErInHg3,고온,4,136.82,5.8,7.49,9.83,1.07,142.87
Rh2TlC4Eu2Pb3La,고온,6,117.06,5.5,6.32,2.73,10.23,83.39
GeRb2,수소화물,2,31.72,4.4,5.43,78.25,5.75,162.68
ThHgLa2Y2,화합물,4,156.19,5.0,1.54,10.58,8.88,8.24
U2Rb2,화합물,2,152.97,5.4,9.11,3.07,9.57,7.7
SrRb3Eu,화합물,3,132.45,4.2,4.2,19.1,2.32,8.65
Sm2Be3,화합물,2,80.79,5.8,5.37,49.5,8.44,19.82
ErU3Nd3,화합물,3,12.74,4.5,2.48,40.38,1.66,11.75
RbTi3,화합물,2,96.73,4.3,9.16,23.1,9.88,5.73
Ho2Eu2Se2NaO2Sc2,고온,6,83.37,2.5,6.47,3.21,1.8,115.05
Nb,원소,1,15.42,3.0,16.23,11.71,1.88,6.58
Ce2NbTe2HgCo3,고온,5,47.5,3.2,4.82,13.33,9.82,115.34
Sr4YTl3Te,고온,4,64.65,1.7,6.38,10.42,0.48,46.22
Eu3RhSc3Tb3,화합물,4,28.21,3.5,5.81,32.59,2.69,14.14
WIr,화합물,2,41.06,3.6,7.29,7.41,11.09,15.14
Ru2Tl3Au3,화합물,3,57.92,4.5,10.78,40.92,9.48,2.93
Ni2Ag3,수소화물,2,34.52,3.2,3.16,30.6,9.18,116.88
Ga3Tl,합금,2,33.36,4.5,10.03,26.77,14.5,6.54
NbBi,화합물,2,158.93,2.3,7.52,35.66,11.65,14.5
Fe3BaTh2N4,화합물,4,138.43,1.6,6.17,15.01,14.4,16.82
Sn2Ir4Se2InCs2As,고온,6,63.75,4.0,3.96,10.31,6.36,101.0
Co3Ru3Lu3Ce2Ti2,고온,5,85.8,2.7,7.39,12.35,6.41,68.35
RhTh2O2,화합물,3,86.56,2.2,4.16,34.3,9.35,2.98
Mn2EuRb,합금,3,146.57,4.7,3.92,49.82,7.58,5.75
Mo2S3Gd2Co3,화합물,4,55.17,5.8,13.55,43.97,10.16,8.71
ZnGa,합금,2,159.74,4.6,11.64,100.92,3.26,11.45
AuTaAlLi2,고온,4,50.24,5.3,4.57,12.24,8.1,95.27
Dy2NSb2Li,고온,4,70.52,5.9,3.28,3.77,7.51,157.5
Th2Au2Ru2Se2Sr2Ge,고온,6,49.31,3.7,5.34,5.21,4.16,114.06
GaFMn3,화합물,3,126.85,3.8,8.96,47.86,6.05,3.97
Ti2Ge2Sc3Na4,화합물,4,55.93,2.6,2.55,34.26,9.76,52.71
Nd4Ga3,합금,2,65.47,4.2,5.44,147.25,8.07,6.34
EuYb3VB2,화합물,4,14.81,5.0,10.42,42.72,9.91,13.23
Ge3Ag,합금,2,92.12,2.8,11.6,50.83,5.1,15.53
Os4NiTi4Li2,화합물,4,106.33,2.9,9.39,41.68,9.06,5.43
Ru2Al2,합금,2,143.15,4.6,5.54,14.37,5.89,13.83
N2ORh2Sr3,화합물,4,57.19,5.7,13.11,2.17,14.66,6.89
SbPt3,화합물,2,129.38,5.0,8.4,42.29,5.98,17.37
ThF2Ta2,화합물,3,106.4,5.8,13.18,14.83,5.49,26.41
Lu3DyCo,합금,3,27.48,3.7,2.19,63.09,8.24,9.37
Eu4Os2Pb2U,화합물,4,68.39,2.7,4.63,4.59,12.96,17.59
W2TlTa3,화합물,3,148.09,4.2,12.34,1.86,4.19,27.81
Ga2Pr3Tl4,화합물,3,151.49,6.0,7.08,13.42,8.51,2.4
HgP3Er4,합금,3,89.9,5.2,5.39,6.8,10.48,5.92
TbRh3TePdGd,고온,5,47.53,4.0,7.59,1.05,12.97,132.45
YbMo3NdPdOsRe,고온,6,44.61,5.8,6.89,4.2,12.1,128.97
Cu3YSe,합금,3,84.61,2.6,3.09,138.29,12.97,17.21
Ca4OSn2,화합물,3,76.43,5.1,11.8,1.89,11.45,4.0
Gd2As4,화합물,2,81.86,3.5,2.9,48.18,3.93,17.11
LiHg4Rb4Ru,고온,4,81.25,5.8,3.29,6.25,5.1,74.26
CoRe2Gd,합금,3,53.63,1.9,6.97,9.37,1.91,0.79
DySc2,합금,2,48.72,5.0,7.93,12.48,3.05,5.61
Th3Pt4,합금,2,25.77,5.9,13.32,44.07,3.17,21.15
NaNbSm4Sn,화합물,4,90.31,2.1,6.57,29.27,8.4,7.01
CSr2MoS3V2W3,고온,6,64.89,5.6,4.6,12.11,5.66,51.05
Tb2IrNd2AlTh3,고온,5,117.55,2.0,6.34,8.82,0.37,104.17
Sm3N2La2Re,고온,4,93.7,3.3,4.72,11.17,14.57,140.01
Ho3,원소,1,134.99,5.0,17.03,223.38,8.81,6.56
Cr,원소,1,56.24,4.0,11.57,274.97,3.37,12.17
PdB3Yb,화합물,3,22.49,5.3,13.61,35.83,3.56,4.08
LuSnMg,합금,3,129.99,3.6,5.72,65.44,3.49,1.34
ThMoCe,화합물,3,77.89,4.5,9.33,1.82,0.14,10.89
Y3W2V2,화합물,3,84.46,3.0,9.44,9.7,14.85,19.56
MgBa3,합금,2,165.21,1.6,13.05,125.9,12.92,2.9
PtYTh2,화합물,3,20.0,2.5,12.37,11.06,4.9,7.1
Li3Er,화합물,2,18.66,5.1,2.63,11.11,3.87,4.08
Pb3W2Fe4Rb,화합물,4,54.07,4.5,1.97,14.43,7.48,15.19
Y4Ca2Tl3EuGaF4,고온,6,124.49,3.6,8.54,14.57,5.48,62.39
Pb3Ge4,합금,2,87.73,5.6,6.15,120.11,3.77,9.42
LaZrN3TeNa3Pr3,고온,6,35.83,3.0,7.27,3.37,11.15,137.64
Th2Ba2,화합물,2,93.11,4.5,4.72,24.92,7.55,18.41
Na2ScGaRuIrRe3,고온,6,87.87,3.3,7.4,10.65,9.47,51.09
Ca2Sm3,합금,2,84.01,4.0,14.45,79.99,2.94,23.62
NaSc2Ge2Sr2,화합물,4,115.57,1.5,4.77,2.87,2.35,0.31
LiEr4SbCo,화합물,4,21.7,2.4,2.64,16.81,7.02,5.11
Gd2Al2Ir3Eu3Cr2,고온,5,88.08,3.0,4.2,6.76,12.71,92.13
N2HfCr2Pr2,화합물,4,102.5,4.1,4.66,30.65,1.56,23.31
BaPr,화합물,2,32.1,2.9,11.27,35.88,7.53,0.0
PtTlGa4Th,고온,4,110.3,1.8,5.14,4.03,3.96,122.33
SeEuK2,화합물,3,27.53,5.5,3.09,36.12,9.0,23.94
Eu3W3,합금,2,133.86,3.8,10.6,128.3,5.18,6.39
Ta3Pr2La,화합물,3,82.52,4.5,13.61,38.02,6.33,6.67
YSc4Si3Ho3,화합물,4,140.85,5.3,10.82,41.57,11.49,14.02
CdNi4Th,화합물,3,33.26,3.6,12.98,47.22,9.21,19.2
Re4BeOW,화합물,4,48.51,4.8,8.88,48.33,10.73,27.77
Sm2Cr2,수소화물,2,50.5,3.0,1.13,69.85,8.6,121.33
Th4Tl3LuSr2C4,고온,5,77.69,2.4,3.58,4.69,4.69,153.0
NaB,합금,2,140.42,5.9,4.01,80.61,8.92,2.24
RuCd2Sc4,합금,3,150.26,4.3,5.0,63.36,0.89,6.73
Pb3Au,수소화물,2,52.11,2.8,5.41,12.94,5.71,222.79
WMn,화합물,2,156.73,4.5,9.6,42.12,9.3,7.57
Ga3U2Ag3Ho3Sb2Hf,고온,6,61.12,2.8,7.61,7.59,11.21,34.0
Ge3Pd,화합물,2,110.12,6.0,7.4,21.02,11.94,5.63
MnS3NCdMoTm,고온,6,84.48,3.8,7.63,4.9,12.14,57.02
Li2LaTi3,화합물,3,128.55,4.3,5.76,45.87,14.5,5.26
PEu3Ga,화합물,3,92.53,4.4,6.97,21.5,10.05,21.09
Pd2OsF,화합물,3,104.66,5.9,10.88,6.58,6.71,43.98
CsH3Cd3,화합물,3,101.59,4.1,5.42,42.54,2.22,3.65
WEuBeTh,화합물,4,15.27,5.2,12.15,41.97,3.69,2.6
BaTm4Hf3Re2Os2,고온,5,56.73,3.3,3.62,8.95,7.64,157.03
Hf3BeMn2In3Te4,고온,5,79.84,3.6,3.58,7.68,11.83,123.41
Ga3Sr2LiFNa2Nb,고온,6,113.72,4.3,6.3,5.01,13.14,32.87
DyEu3TmRb,고온,4,122.18,1.6,8.67,11.5,10.95,141.2
Pd2Na3Rb2Mg,화합물,4,43.4,2.7,13.98,18.68,5.28,20.63
WSr2Hg2,화합물,3,150.09,2.8,10.66,1.2,3.84,13.08
B3AuP3Nb2Hf,고온,5,100.99,3.2,6.58,6.93,11.88,98.39
NTe2Sn,화합물,3,101.26,4.7,12.48,43.29,13.19,11.0
CuTe4,합금,2,35.65,3.1,10.02,16.48,0.89,1.9
FeB2Zr,화합물,3,105.95,3.2,4.25,45.83,6.76,6.53
Pb2Rb4,합금,2,168.11,1.9,5.88,12.86,9.48,0.0
HoGa2Na,화합물,3,79.33,4.6,8.03,38.86,10.73,17.5
Nb2V2Si2Pd,화합물,4,55.95,5.5,2.6,46.02,10.73,14.87
KY3,합금,2,158.21,3.5,8.68,46.2,7.04,5.28
Li2DyBe,수소화물,3,55.51,4.8,4.0,40.56,7.97,175.5
OAgF3SnSi,고온,5,40.13,1.6,8.81,12.12,0.72,84.91
Eu3H3P2Pd3Nd,고온,5,132.61,3.8,6.41,3.7,3.62,51.07
PN4,화합물,2,62.49,4.7,6.05,34.76,14.19,12.96
TbU2W2Ru2Fe3Mo,고온,6,59.79,5.3,3.48,11.35,12.8,107.28
Pb2Hg4OsRe2Ca3,고온,5,114.61,3.6,6.96,10.34,8.9,46.27
YCe,화합물,2,127.57,3.7,11.9,17.73,2.91,6.63
ZnZr3,수소화물,2,18.83,1.8,5.53,26.61,0.73,233.17
Gd2Ag3,합금,2,50.12,2.1,12.69,50.82,6.54,14.38
P2ZnC4NbAu4,고온,5,83.94,1.8,8.57,9.07,6.85,141.44
Rb2H,화합물,2,37.78,4.4,13.09,33.01,6.9,3.26
Ca2Nb2,화합물,2,61.36,2.4,13.21,30.98,5.62,10.49
Ca3Ni,합금,2,146.45,1.7,10.18,57.38,8.5,5.23
Sb2Al3,화합물,2,123.76,2.4,11.77,13.15,7.67,3.29
AlEuZn,화합물,3,127.7,2.9,2.07,22.26,2.04,15.46
GdTi,수소화물,2,8.43,1.9,4.55,36.9,4.01,123.66
U2Zr,수소화물,2,54.52,4.7,3.02,13.52,7.44,234.04
MgDy3,수소화물,2,47.62,5.7,5.23,44.51,11.65,157.19
Sn3Mg2Sm3,화합물,3,110.29,4.2,2.6,43.96,12.37,8.29
YbP,수소화물,2,57.91,5.0,3.67,68.91,7.56,251.2
Na2Pd4,화합물,2,38.48,4.3,13.77,0.5,1.94,2.59
H2Pd2S3Sb3Li4,고온,5,116.07,3.4,7.98,7.44,2.88,104.44
Er4Rh,합금,2,143.03,2.2,5.61,145.2,10.85,9.78
Ir4CrS3,화합물,3,73.97,1.5,11.93,42.63,14.2,1.08
NdVBa2,수소화물,3,27.48,2.5,4.92,14.22,6.27,103.38
KHoAs3HAg,고온,5,77.59,3.9,7.55,9.73,13.06,96.16
F2P4CrLu2,화합물,4,61.66,2.4,11.71,11.06,1.19,1.29
Zn3MoMnSc2,고온,4,92.96,2.7,7.19,9.88,12.61,91.73
CNdRb2,합금,3,105.9,5.1,3.93,149.61,2.28,6.78
Mo2Sn3,화합물,2,147.11,6.0,12.18,4.8,9.06,17.97
O2U3Nd,화합물,3,64.46,2.8,10.72,21.82,3.33,32.87
S3Sm2,합금,2,163.01,2.8,14.6,74.22,0.96,7.84
Li2SiF3,합금,3,142.17,1.6,4.06,45.31,4.18,1.39
SrLuTe,합금,3,101.7,4.2,4.37,111.15,10.3,6.23
Nb2In2Yb2Co4,화합물,4,136.92,3.8,4.26,34.26,1.71,10.59
Ti3CsGa2,합금,3,173.24,3.7,3.06,57.82,7.64,5.87
Ta2Sc2Gd4W,화합물,4,41.86,1.7,10.6,48.88,12.45,7.1
U2Si4Ir4Y,화합물,4,35.64,3.9,10.11,35.95,4.99,12.51
Ce2SmCd3Ni,화합물,4,146.58,3.1,2.29,23.59,1.13,7.33
TiPr2Pb2Sc3,화합물,4,129.82,4.6,2.6,14.21,12.95,10.35
LiOsReSe,화합물,4,122.69,2.1,2.15,49.23,7.5,10.64
Mn2Eu2Sr2La,화합물,4,156.94,2.1,2.26,45.46,5.21,6.54
FBi2,화합물,2,32.1,4.1,7.52,16.05,11.95,10.63
Ru3Y2Sr,화합물,3,77.55,4.4,6.27,29.94,7.45,10.05
Ir2TiDy3Pt,고온,4,40.97,4.2,8.41,4.47,1.76,83.57
As4Co3O3,화합물,3,113.74,4.2,6.83,47.94,1.87,4.6
Nb2U,합금,2,55.0,6.0,5.37,131.91,14.92,10.43
LaBa4H3Sr,고온,4,71.6,5.3,3.47,12.03,3.57,90.73
Se2TaBa2Zn2,화합물,4,76.85,4.2,2.02,38.4,3.54,6.96
NaNb2P2MoGd,고온,5,79.75,1.8,6.42,3.76,14.84,28.96
CoHo2Sm,화합물,3,33.38,3.0,4.33,49.94,7.92,29.3
OGe2V2,화합물,3,108.84,3.4,10.61,1.94,4.65,12.17
Mo,원소,1,30.55,1.0,21.13,17.82,7.26,0.0
Re2InMn,화합물,3,33.06,5.7,9.55,49.69,11.83,32.63
Ge3AlZn2Ga2,화합물,4,87.69,4.7,3.65,8.98,10.97,3.22
Se3UB2Ga3Ag4,고온,5,58.17,4.5,3.34,14.06,3.53,99.57
AgS4Se,수소화물,3,51.12,2.0,4.05,47.9,3.77,108.31
K2GeY3,화합물,3,116.21,3.7,13.03,12.25,4.54,6.5
Au4Eu3Na2Pd3,고온,4,120.45,4.2,6.68,14.75,7.48,45.66
BCr2W2,화합물,3,128.33,5.4,10.88,42.58,4.73,8.77
Al2Rb,수소화물,2,47.0,5.5,4.01,30.18,4.37,111.0
Sn2BiEuMoDy2,고온,5,35.84,4.9,4.94,13.35,2.01,144.3
Lu2,원소,1,196.27,4.0,3.86,164.37,9.97,2.91
BaP2Dy,화합물,3,24.28,4.9,5.52,47.66,7.78,20.61
SmYFe2Bi4,화합물,4,119.81,4.7,11.76,48.6,4.25,4.32
Rb,원소,1,149.22,5.0,18.27,316.28,9.91,11.3
Nb2Nd3,합금,2,60.72,6.0,11.42,139.63,3.71,9.39
YbTh2Hf3SmY2,고온,5,76.22,4.0,7.71,11.63,11.49,117.22
BAs3Zn4Re3,고온,4,95.53,1.6,5.35,8.21,3.44,105.16
Ir3Ti2Gd2Yb2C3,고온,5,107.84,2.2,7.84,11.54,5.54,91.32
VPYb,수소화물,3,13.04,2.6,5.6,28.27,11.31,222.35
S4Ru3Os2TbGd3O3,고온,6,134.58,5.0,3.6,6.57,9.81,121.31
Yb3,원소,1,36.94,3.0,14.14,82.97,8.2,0.5
In4Ce3,화합물,2,87.09,2.6,3.61,22.9,6.85,22.2
Co2,원소,1,94.27,3.0,7.13,161.2,5.71,2.35
O3Sr,합금,2,47.63,3.9,13.13,10.29,13.02,4.05
PrNd,합금,2,87.27,2.1,9.49,28.0,9.12,20.39
O3AsPtMo2,화합물,4,79.37,2.7,11.89,31.94,13.25,2.17
Rb2S4NdTm3Fe3F,고온,6,96.53,1.6,8.12,11.04,2.55,52.09
PrCu4CaMn3,고온,4,131.26,3.5,3.04,10.29,1.94,44.49
BZr2,화합물,2,141.05,5.7,9.75,32.88,11.2,6.49
IrHfBaBeAu2,고온,5,66.49,3.9,6.22,9.09,6.43,152.5
PdCu3Ga4Se,화합물,4,93.55,5.0,3.22,12.07,12.2,9.92
Be3Ca4FeSrPr2,고온,5,72.7,1.9,5.19,1.1,5.49,158.49
Fe2Os2,화합물,2,97.36,5.6,8.01,13.16,11.46,6.78
Os3Bi2,합금,2,60.97,5.0,5.9,147.36,8.95,11.22
CaRe3SrYb4N3,고온,5,62.91,5.6,5.0,14.99,1.35,147.25
Te2Ba2Sm,화합물,3,115.89,5.8,8.34,7.94,3.32,12.52
S2TbOs3Rh,화합물,4,30.28,2.6,13.6,3.16,10.05,7.41
Hf3F,화합물,2,105.13,4.3,13.84,30.38,6.6,10.1
SB3Dy2,화합물,3,75.8,5.1,3.17,26.97,1.69,3.71
RbSr,수소화물,2,41.0,6.0,6.55,59.88,10.12,264.01
Eu2,원소,1,195.81,2.0,7.96,215.88,1.47,0.0
SbTeY3NaEr4,고온,5,83.77,5.7,4.62,9.51,13.82,135.85
Se2,원소,1,24.54,3.0,14.64,337.47,5.84,0.25
La2U,화합물,2,104.79,4.2,1.59,32.03,8.87,19.89
Ir4Hf,합금,2,20.49,3.3,7.71,68.8,2.87,3.6
CeSn2Te2LiEu3Sc4,고온,6,92.96,4.0,7.24,12.14,10.24,51.43
Be,원소,1,155.4,3.0,4.82,322.69,2.09,4.44
Te2Bi2,화합물,2,139.67,1.7,6.3,27.76,3.02,2.7
Au3HgReCe2,화합물,4,60.95,3.4,11.33,3.12,2.67,25.8
Ir4H,합금,2,79.82,2.5,9.88,92.35,0.48,0.29
Mn2Fe2N4ReAg3Lu,고온,6,92.28,4.4,5.37,9.16,10.72,73.29
Mn2Nd4,합금,2,164.43,3.8,6.03,6.59,1.02,9.91
SeFe3Cr3,합금,3,40.6,1.6,12.85,90.19,2.19,8.63
BeGd2,합금,2,106.34,2.1,6.86,131.71,9.55,1.14
Ir4SrEr,화합물,3,31.36,5.2,10.44,29.05,13.66,6.52
Rh3NFe,화합물,3,30.4,3.2,7.96,11.88,12.69,5.05
H,원소,1,200.38,5.0,2.0,134.89,5.78,5.91
PbRh3,합금,2,132.73,5.5,8.27,116.27,4.66,7.63
BiBa,화합물,2,37.32,2.4,12.08,27.98,10.98,9.87
Sr4U4Te2Rb,화합물,4,70.27,5.6,12.53,46.53,2.85,6.29
U3K2F2Ta,고온,4,105.39,4.4,5.33,5.54,10.44,98.68
Hf3V3ScAuBi,고온,5,87.2,1.6,3.36,2.21,0.7,163.44
SeF,화합물,2,142.75,5.8,9.65,14.37,2.25,17.41
HfMgV4Pb,화합물,4,145.4,3.5,6.07,20.73,9.81,3.87
Tl2Nb4TaBi2,화합물,4,11.89,4.5,1.77,23.85,10.35,9.61
H3P4Zn2Ge2,고온,4,34.13,3.1,8.48,2.51,4.71,155.07
CoGe,화합물,2,74.97,2.5,10.83,48.49,2.88,1.59
Sm2GdBaPd3Bi3,고온,5,111.22,4.1,8.03,5.97,3.52,47.24
Ag2Y3RbMo3Si3Sr2,고온,6,115.82,1.6,5.6,14.74,1.15,67.59
Hg2Tb4N2Mg2,화합물,4,79.61,4.2,10.91,3.56,5.48,1.47
TaAg2Re2,화합물,3,54.01,2.1,6.45,2.54,0.9,1.27
Rb2O2Ni3F2Th2,고온,5,131.36,3.6,7.05,5.65,1.73,121.5
Fe2Hf2,합금,2,64.87,2.7,4.45,15.59,4.08,3.11
U3Dy2Se2Pt3NiGe2,고온,6,135.02,1.8,6.9,12.23,8.05,140.69
Mo2PrPbHfHo,고온,5,94.0,4.2,3.69,8.6,7.89,144.08
Ag4ReCo2TmF2,고온,5,42.28,4.2,3.97,13.32,14.68,140.76
TlMgAg4,화합물,3,107.92,3.5,12.22,48.03,3.97,11.24
Tm2Rb,합금,2,71.65,1.6,8.1,102.8,11.84,1.69
BaScCs4,합금,3,44.08,2.3,11.89,78.38,11.77,0.21
Te4Si2Cs3CaTh3Pb,고온,6,113.13,2.5,4.64,5.27,2.46,75.44
Mo2Cs2PbNa3,고온,4,93.37,3.2,7.01,4.89,7.55,102.36
Mn3Ta3,화합물,2,62.61,3.9,10.84,22.99,6.71,12.8
Al4Ru2,합금,2,76.02,4.6,2.32,133.7,4.29,2.91
Ce2Co3H2SiAu2Cu2,고온,6,111.85,1.6,8.18,7.32,8.17,61.92
CCa,수소화물,2,57.43,1.8,2.43,74.81,0.95,188.59
K2La2,화합물,2,13.36,4.7,13.26,43.61,3.88,41.7
SmMgPt,화합물,3,110.2,3.8,4.57,23.56,2.2,7.33
Na3KNi3N2Be4C,고온,6,115.34,2.0,8.59,13.53,14.86,117.34
Pr2Er2Be2Dy3Cd2,고온,5,132.71,4.2,4.42,9.69,4.42,109.35
Ir2Mn,수소화물,2,5.69,4.8,1.78,7.59,14.45,249.17
HgTh,합금,2,114.53,2.5,12.6,65.49,0.99,1.34
Nd2Nb3Au2K,화합물,4,139.06,1.9,12.88,35.35,13.35,12.81
Os3Hg3,화합물,2,37.64,3.6,12.36,37.31,9.29,3.23
Ir2Dy4CrLa3Th2,고온,5,129.68,2.8,4.9,13.93,10.68,149.6
TiIrSeTh2,고온,4,123.32,5.3,8.54,6.99,13.76,97.25
Yb2F,수소화물,2,24.22,3.5,6.39,77.79,14.59,284.32
SiHf2La3,화합물,3,28.7,2.6,5.59,37.21,7.24,5.97
F4Rh4WS4Ba3Te2,고온,6,43.05,3.8,7.16,5.92,4.39,64.43
ThGd3Sr,화합물,3,92.75,3.4,4.24,17.27,3.77,3.07
Cs2Rh,화합물,2,137.47,3.5,8.78,34.35,5.3,4.13
CsGe,합금,2,142.53,5.2,8.76,116.24,9.93,17.47
CdAuGa2Eu4U4,고온,5,103.77,2.2,4.57,11.46,8.65,36.47
Te3Zr4,수소화물,2,58.82,5.3,6.23,10.29,6.47,280.02
SeMnSm3,합금,3,116.67,4.4,15.13,118.1,6.72,8.09
Li2,원소,1,82.38,3.0,17.19,258.49,3.86,3.95
YbF2EuOs2,고온,4,124.04,2.2,8.12,2.6,6.75,92.76
LuCsPd,화합물,3,55.13,4.8,12.05,40.28,11.41,8.06
PrTb,수소화물,2,55.32,1.6,4.08,7.45,10.42,255.96
Hg4C2Ta,합금,3,132.97,4.4,9.77,122.38,6.69,3.22
Co,원소,1,7.84,5.0,8.3,157.57,5.86,4.52
H3OTe2,화합물,3,62.91,2.4,8.8,37.07,12.22,12.43
TmCr,합금,2,130.12,2.9,2.72,77.96,1.28,10.85
Ir3B2Hg3,합금,3,166.81,5.8,8.88,14.45,2.23,4.58
ScCu4,합금,2,107.06,3.3,9.84,86.44,6.2,5.82
Mo3Ga3,합금,2,57.76,4.0,15.38,12.82,11.49,13.82
Hg2ZrPb,합금,3,74.2,4.8,6.98,26.25,13.29,4.59
B2Sb3,수소화물,2,25.68,5.3,2.75,10.46,14.04,142.03
U2Hf3Yb2,합금,3,123.0,2.5,10.53,73.16,0.55,5.66
Ni2H2,화합물,2,126.81,3.0,10.09,26.24,8.99,2.41
Zn3IrEr4Sc4Al,고온,5,56.72,5.1,4.21,4.11,7.58,96.75
Ca3Re3,화합물,2,109.58,2.0,6.73,38.46,3.93,2.65
BeS,화합물,2,22.28,4.3,3.66,34.36,8.11,32.53
Na2ZnLuP2,화합물,4,13.11,5.8,13.56,20.21,10.01,17.29
Lu2MnSiHfTm2,고온,5,80.18,4.6,4.98,1.81,1.0,120.42
CsSm3O2In4Cr2,고온,5,134.03,1.9,8.97,4.0,10.11,121.03
Rb3F2,화합물,2,22.62,2.0,6.77,4.43,0.42,9.44
Pd3Ca3Gd2Ho,고온,4,92.87,2.8,8.13,1.57,10.8,126.38
Re4Cu2N3Co4,화합물,4,30.5,5.8,11.72,36.68,2.39,33.31
Cd2Cr2Gd4,합금,3,97.17,1.8,10.52,137.68,10.07,14.77
Mo2V4KP3U,고온,5,117.0,4.5,8.17,9.66,6.36,135.21
BTh,화합물,2,124.38,4.6,6.69,8.47,10.68,21.27
Ru4Rb3Au2La2,고온,4,57.08,5.5,7.68,2.19,6.83,88.04
Th,원소,1,106.17,3.0,13.49,240.0,1.34,2.75
H3N2Tl3Ge3,화합물,4,78.54,2.0,7.1,41.76,13.77,13.59
KCdO2Sn,고온,4,83.85,4.5,8.45,14.83,4.14,87.52
Ho4CrCa4,합금,3,144.51,4.9,2.52,89.83,12.88,4.79
Sr3Na3Li2Se,고온,4,119.05,5.6,6.12,7.34,0.1,90.72
Ca3Mg,수소화물,2,8.97,4.5,6.32,41.54,1.48,116.49
ScRuSrMo3,고온,4,92.2,5.0,7.43,10.64,10.24,149.23
ON3HfTh,화합물,4,156.41,5.7,3.85,20.48,1.42,5.06
Li3N,화합물,2,124.35,3.6,3.56,14.99,11.43,13.31
Y3BiNb3P3Ho4Lu4,고온,6,58.66,4.3,3.8,14.79,5.49,104.31
Tb3Rh3Cd2Ti2Ni3,고온,5,60.28,4.9,4.87,12.74,14.44,62.93
BiGeNa,화합물,3,141.06,2.1,5.84,46.7,4.07,4.92
Gd2H3,수소화물,2,39.06,5.6,2.27,65.31,6.12,174.68
B3Se4H3Th4,화합물,4,135.34,3.5,8.31,29.83,0.72,4.03
Ag2MgTa2,수소화물,3,37.01,2.0,2.85,11.45,4.37,212.83
S2,원소,1,195.46,5.0,11.36,257.46,2.43,3.24
BaH4Hf,합금,3,171.09,2.9,14.78,42.23,8.53,1.77
SbN2,화합물,2,105.1,4.3,11.34,3.29,14.36,15.0
Tm3Y2P3,화합물,3,59.91,4.4,9.91,41.76,0.84,8.56
Dy4N4Ba3PrHo3,고온,5,131.81,3.0,5.08,8.5,14.29,92.09
CuAl2Re,합금,3,49.71,3.2,13.98,111.18,3.41,4.91
V2Na2,수소화물,2,41.14,2.3,7.69,71.52,0.97,108.85
MoHoOs3Hf3,화합물,4,155.22,3.5,5.32,10.63,9.81,18.96
FLi3Os3Se4,화합물,4,29.71,3.9,11.78,14.46,2.04,15.94
Cs3TbPd,합금,3,64.78,5.4,10.88,26.36,14.4,11.39
Lu2Nd2Sb2,화합물,3,114.12,4.4,8.1,41.54,14.66,18.48
Zn3,원소,1,233.8,4.0,18.29,152.94,4.93,0.0
Ru4V,합금,2,114.89,3.7,14.75,82.91,13.49,2.71
Al2TlLa3Bi,고온,4,139.36,3.8,7.28,3.09,2.34,125.77
SbPbSm,합금,3,71.08,2.2,13.96,88.97,3.25,0.0
Al4W3Be4,합금,3,175.04,4.7,13.09,35.17,3.82,11.69
RuPtZnCdFe4,고온,5,36.52,5.2,8.38,8.54,7.09,117.62
Nd2Cu2,합금,2,75.59,5.1,6.98,74.44,4.08,11.31
BiH,화합물,2,109.07,4.9,2.35,33.19,9.79,6.38
Ni4,원소,1,22.77,3.0,14.42,374.14,0.96,0.0
Ru2N,화합물,2,107.62,4.1,13.87,10.32,6.28,19.48
Sb4Sr3Re,화합물,3,116.39,2.8,4.52,4.82,5.98,5.01
ThMg4,합금,2,68.49,6.0,5.07,93.31,14.81,6.88
OPbGe4DyGa4Ni2,고온,6,106.66,3.5,4.67,5.94,12.64,82.83
FeAsHo4Er2Cr2Cs2,고온,6,54.17,2.0,5.28,1.55,9.55,78.01
Re3CeCa3,합금,3,88.75,4.3,11.27,57.2,12.8,4.25
Ag3K3,수소화물,2,36.15,4.8,2.75,10.99,1.07,105.18
Fe2Ce2Zn,화합물,3,116.61,4.0,5.31,46.29,1.11,14.34
Sc3Gd2S,합금,3,173.94,4.1,10.86,6.54,9.45,13.85
Eu2,원소,1,153.93,1.0,19.12,270.88,6.05,0.0
TlY2,화합물,2,16.63,2.8,10.93,23.88,10.67,14.45
PrBSe3,화합물,3,72.95,3.4,1.96,4.77,3.02,13.43
K2Ca3Zn2,화합물,3,109.54,3.6,5.31,43.87,6.1,4.04
Sb2Gd4AsScLu,고온,5,42.99,2.2,4.04,4.53,2.18,135.56
Zr2Be,화합물,2,60.84,1.7,9.48,37.58,5.4,9.35
SeHg3Er,화합물,3,101.14,5.2,13.53,41.12,1.46,39.18
ScRu3IrTb,고온,4,76.48,5.8,8.61,5.84,4.78,86.65
W3UN4Co3Au,고온,5,30.66,4.5,3.96,9.9,5.71,114.91
Tl2Ag4,합금,2,169.05,4.6,4.4,132.26,4.23,2.3
Pb2Ta,화합물,2,35.99,2.1,7.23,19.25,10.92,0.85
PHo,화합물,2,35.44,2.0,10.53,13.18,8.89,4.04
SiAs2Eu,화합물,3,10.95,1.8,2.24,14.87,1.11,1.5
Os3Cu3O,화합물,3,44.75,4.6,11.61,16.83,3.23,9.96
N3Au4O2Er2,화합물,4,103.79,3.9,12.61,43.93,8.95,21.58
Gd2Ba2,화합물,2,44.65,4.5,13.96,18.55,1.04,5.54
Sb2H3Cs4,화합물,3,79.03,3.1,10.98,11.75,12.24,45.37
UCd4Te,화합물,3,16.79,4.1,9.54,30.15,2.07,5.0
GaN2Tb4,합금,3,86.58,2.4,15.93,64.71,5.94,0.0
URe3Si3,화합물,3,103.58,3.5,1.91,11.53,4.94,23.53
HgRhSn2,화합물,3,137.58,4.2,8.35,10.45,13.93,4.31
ZnAlU2,화합물,3,38.17,3.2,11.69,15.34,11.36,10.6
Al2Ta4Be2La2,고온,4,72.66,4.0,7.6,12.4,6.25,143.6
Au3Fe3KCo3,화합물,4,86.21,1.6,6.06,4.69,2.37,10.19
Sr,원소,1,142.36,3.0,8.61,282.88,5.19,0.0
Se3Bi,화합물,2,77.86,2.8,2.28,19.39,14.79,3.98
CrRu3Nb2Er4,고온,4,82.83,3.4,5.67,1.97,0.27,114.52
CeRu4ReP,고온,4,131.24,5.1,7.71,3.82,12.44,67.01
Ag3Y2ORb,화합물,4,126.36,4.3,12.65,25.6,11.71,9.65
LuRe2,합금,2,171.45,5.4,13.73,69.95,1.65,8.14
Gd2Ir,화합물,2,156.9,3.0,3.83,1.07,1.58,8.64
Y2Nd4Lu2Hf4,화합물,4,56.07,2.5,2.59,13.87,0.28,22.54
NbIr2,수소화물,2,24.43,5.5,6.2,36.01,13.5,123.36
PtB3Se3,화합물,3,19.38,4.2,12.0,49.94,9.08,6.36
Na2Ga3,화합물,2,105.32,2.5,1.69,8.48,10.81,23.92
Pd2Au3,화합물,2,104.3,1.7,7.3,19.11,12.2,13.61
SEu4Be2,화합물,3,112.83,3.9,12.18,0.68,9.12,2.91
OsTm3V2Y2Nd2Ru2,고온,6,134.25,4.0,7.48,1.3,6.36,47.22
AgHCs3Ca,화합물,4,147.18,4.8,10.35,9.58,10.53,6.53
Mn2Ge,수소화물,2,42.41,2.0,5.78,43.19,6.01,212.93
Se2Yb4Tb2,화합물,3,125.18,2.1,1.59,7.89,12.3,20.59
Cs2,원소,1,19.14,2.0,16.8,171.6,1.63,4.0
Cu3Bi3Mn3,화합물,3,97.65,4.6,8.29,28.48,10.31,3.8
Gd3,원소,1,57.09,1.0,17.81,129.53,1.8,5.39
Al2Au2Y3,합금,3,118.91,5.2,11.26,123.52,1.02,0.0
Ce2Yb2,화합물,2,149.92,1.8,3.91,15.04,2.33,0.0
TeAs2CeTh2,고온,4,73.75,4.2,8.71,6.3,5.42,95.62
Yb2Hf2Zr,화합물,3,103.61,4.3,2.07,17.91,11.76,9.6
Ti3,원소,1,78.41,5.0,19.06,217.21,1.47,5.76
GaMo,화합물,2,71.01,3.1,12.59,20.73,11.51,11.41
LiReN3,화합물,3,46.23,2.7,13.74,6.98,10.05,3.47
Ti2Cr2SiY2,고온,4,67.86,2.3,6.18,4.98,13.31,106.78
O2Rb4Ce3,화합물,3,152.95,5.7,11.56,23.08,1.37,39.6
V2DyBa,화합물,3,63.85,5.8,10.8,29.46,7.01,28.21
W3B2,합금,2,34.06,4.9,11.59,78.96,0.58,21.21
UGd3PdTiTb2,고온,5,78.88,3.7,7.82,9.42,13.38,45.51
Yb3V3Y3,화합물,3,74.02,5.4,12.27,10.99,9.2,15.62
Re2SrNd2SmZr,고온,5,33.17,1.7,7.81,10.99,7.44,131.36
Cs3,원소,1,88.95,2.0,10.65,340.55,5.17,4.04
Tm2Ba4,화합물,2,93.43,4.7,1.83,5.16,4.13,9.36
LiTe2C2,화합물,3,84.24,3.7,13.25,39.89,8.87,34.93
Pt4Cs2,합금,2,144.27,5.5,3.14,132.32,10.8,4.58
AuEr,화합물,2,77.15,3.3,13.25,1.68,2.18,4.37
HfZn2Ti4MnSm2Ni3,고온,6,89.1,4.5,5.88,11.38,9.09,118.49
Ga2SmCr,화합물,3,104.73,3.9,12.44,33.54,14.02,21.65
Th2Er3,수소화물,2,11.71,6.0,6.38,8.62,11.54,200.84
Gd,원소,1,139.19,3.0,7.61,36.42,6.65,1.7
Lu2As4,화합물,2,10.92,5.9,6.0,37.92,9.17,12.76
Ir3Te4Ti2,화합물,3,70.52,5.9,7.9,24.63,4.76,34.39
GaRb2MnU4,화합물,4,50.59,4.6,3.95,39.83,7.18,8.13
Na2Th2,수소화물,2,35.94,4.6,5.22,71.68,7.23,204.8
YCd2,합금,2,156.41,4.1,13.18,85.22,7.87,1.28
Rb3Te2SiCuTl,고온,5,113.02,2.2,4.82,14.31,8.32,152.9
BaTeAg2Ta2,화합물,4,124.12,4.7,12.7,2.73,6.55,4.59
Sr2Sm4,합금,2,25.83,2.3,5.76,54.57,5.05,6.26
Zn2ReErTh2Mo2,고온,5,83.29,5.2,4.46,12.21,12.68,110.17
ThAu2Sb3S3,화합물,4,88.24,4.7,2.07,15.69,11.66,9.79
H2ErTi2PdYbIr3,고온,6,125.96,4.2,7.48,8.85,4.49,140.64
BeY,화합물,2,159.92,4.9,8.54,4.63,1.69,6.96
Pb3Pr2P2Ce3Si3,고온,5,99.11,4.2,3.47,6.29,8.14,141.08
Cd4Pb2Nb4C,화합물,4,89.68,2.1,9.84,29.88,13.02,7.4
F4Th3,합금,2,82.64,5.3,8.29,67.85,3.79,10.02
BiCa4IrBa3,화합물,4,112.64,5.8,2.06,8.23,11.89,10.18
Er2Mg,합금,2,155.95,5.5,4.76,32.01,5.76,17.09
LaZnCs4Ho4,화합물,4,88.89,2.6,13.08,11.68,8.07,22.75
SRhCr,합금,3,21.06,3.9,2.62,20.66,14.13,11.56
Sc2,원소,1,226.24,2.0,12.55,157.38,2.3,2.7
TlEu2,합금,2,25.1,3.2,8.81,38.31,4.68,14.42
Li2Ir,화합물,2,91.07,5.6,2.63,22.81,14.09,6.07
Au2ScGd3Cd,화합물,4,120.96,5.1,6.93,42.38,11.41,4.97
BaSnNa2Pb2,화합물,4,94.68,4.7,4.08,10.0,4.61,3.98
Te3Nd3Se4,합금,3,52.42,1.9,13.23,21.47,3.67,0.0
Dy3RbGe,화합물,3,102.95,4.1,8.49,37.69,3.13,11.9
B3Mg3Cs4,화합물,3,14.32,3.8,8.94,9.87,3.93,9.62
Er2Se,화합물,2,75.59,5.7,1.93,36.57,12.3,21.16
Au4SHfP4Sm2As2,고온,6,119.37,5.3,5.74,7.84,7.88,95.43
Na3Rh,화합물,2,138.49,2.7,6.87,16.98,9.62,46.13
DyCe3,화합물,2,128.27,5.2,12.73,6.27,1.1,9.89
SbRh,합금,2,147.28,5.9,4.39,9.99,7.73,8.32
V2,원소,1,152.98,2.0,12.01,261.27,6.44,0.0
Ga4ZrBaAs2,고온,4,135.89,4.9,3.26,5.27,1.18,97.94
CSrPGa,고온,4,131.18,5.1,7.34,5.85,4.04,120.03
FeU4,합금,2,22.58,3.0,8.17,133.08,1.2,5.94
Rb3Ta4Gd,화합물,3,102.88,5.9,10.33,41.43,14.19,14.56
Re4V,화합물,2,65.92,4.3,11.85,8.13,11.38,15.83
RhTb3,화합물,2,91.56,4.6,1.74,30.41,8.95,16.09
BeGd3HGa4ZrPr3,고온,6,131.14,5.1,3.03,12.07,0.81,107.58
Pt3O2Nd,합금,3,154.6,4.6,5.18,129.21,0.69,7.13
CuNi4,화합물,2,100.16,1.6,4.13,28.86,13.95,0.46
UAs,합금,2,83.99,4.2,15.65,117.61,11.9,7.76
Tl2GdSc3Ir2,화합물,4,27.73,5.7,11.29,14.38,10.39,20.97
Lu2,원소,1,37.39,2.0,21.89,22.51,0.78,4.74
Pd2Zn2Hg3Ag2,고온,4,49.77,5.1,6.19,10.82,3.73,42.37
Th2Se,화합물,2,50.56,4.8,12.42,42.57,2.69,8.73
Ir4TmO4Pd2Hg4Pt4,고온,6,123.85,3.1,8.36,7.07,9.33,165.31
Cu2,원소,1,97.56,1.0,2.85,256.42,7.56,0.0
Be4K,합금,2,89.34,1.9,6.45,129.15,6.8,3.56
BaGe3Re,합금,3,175.04,5.8,7.99,68.55,5.44,5.73
BiMg2Ce4,화합물,3,21.14,3.4,9.48,20.27,2.07,4.42
O2K2Th2As2V4S2,고온,6,96.4,2.1,6.52,6.34,13.67,136.98
K2Si3,화합물,2,100.43,5.2,3.18,10.8,6.05,44.11
AuLu2,합금,2,27.01,4.3,6.11,84.89,0.55,6.13
Ag2,원소,1,8.45,3.0,9.04,201.33,2.98,6.78
Li,원소,1,142.56,4.0,2.41,269.1,5.83,1.45
OsPb3HIn2,고온,4,107.61,3.3,4.62,11.77,1.38,107.5
Fe2DyBi3,화합물,3,157.66,5.8,5.84,27.65,12.73,15.97
U3Mn,화합물,2,117.82,4.3,8.4,24.2,3.56,15.99
RhBa4Ge4Mn3,화합물,4,42.35,2.7,8.3,7.8,13.73,23.4
MoIn,합금,2,20.32,3.1,9.94,30.87,10.22,2.02
GdBe,합금,2,83.69,2.0,12.59,44.45,8.35,2.53
Sr2Pr2Ge2Cd,고온,4,66.28,2.7,3.75,12.05,2.05,66.09
KP,화합물,2,139.23,5.1,8.19,19.99,0.33,4.88
Ir2La2,화합물,2,106.31,3.1,4.2,20.92,5.27,3.05
Al,원소,1,156.06,3.0,18.03,387.17,9.22,1.53
Sr4,원소,1,26.6,2.0,6.97,341.14,4.04,1.21
Yb3Ni2P,화합물,3,94.45,3.4,5.11,22.84,11.65,7.82
Be3,원소,1,15.76,4.0,19.67,319.17,5.17,4.08
Gd4V4,합금,2,46.19,4.1,12.4,48.91,1.91,0.0
Cd3Ir2Co2,화합물,3,69.05,4.8,5.88,17.35,1.63,18.69
InNb,합금,2,51.93,5.2,14.92,87.17,11.27,7.3
Sm3Ir3,합금,2,153.02,3.0,15.26,116.98,3.22,6.37
Cu4BiTiSb2Pb,고온,5,116.48,4.9,6.0,7.36,1.23,55.04
Gd2HfV2,화합물,3,75.23,4.9,9.71,28.09,0.21,7.33
Cd2Sb2LuMg2,고온,4,121.39,5.4,8.8,7.21,6.18,88.01
TbAs2,화합물,2,126.41,5.1,4.76,48.36,4.94,8.05
Cr2SmSb3,화합물,3,12.16,3.0,1.98,11.66,6.98,8.5
BeWBi,합금,3,20.07,5.7,7.99,134.88,10.23,9.41
S4Hg,화합물,2,92.94,4.7,12.42,35.82,11.13,18.39
TeFe2,합금,2,176.45,4.2,6.68,94.81,7.28,8.45
Bi,원소,1,98.37,1.0,10.19,245.66,7.79,0.0
Cd3NiF2Dy2Zn3Ag3,고온,6,135.36,5.6,7.51,3.34,13.95,108.11
NaEuIn2,화합물,3,29.48,5.9,8.39,35.3,12.66,23.17
W2GeHf3RuVSn2,고온,6,59.52,2.5,3.47,2.3,11.35,146.32
Sr2Re2,화합물,2,47.28,1.6,3.43,15.14,13.86,7.25
MgTb2Y3,화합물,3,124.51,2.8,4.65,22.28,1.31,7.56
AgAs2Ni,화합물,3,39.05,5.2,5.98,39.79,9.78,5.08
Mg4P3H4Sn2,화합물,4,30.41,1.5,2.19,11.06,10.65,2.69
F2Mn,화합물,2,39.62,4.8,13.01,14.29,0.66,10.79
Ca2Tl2B2SSr,고온,5,69.17,5.8,4.11,4.03,7.94,49.55
Ca2,원소,1,33.24,3.0,6.2,393.87,6.26,3.91
MoN2K3,화합물,3,13.73,3.8,5.21,23.11,2.81,1.16
Au4Tb2Sn4,화합물,3,124.13,2.9,12.9,40.1,4.06,16.68
Os2EuO,합금,3,175.36,5.4,13.33,116.55,6.52,9.77
Sc3O2V2Mo3,화합물,4,80.64,2.3,4.94,23.73,2.91,13.4
Ni2Tb2Mn4,화합물,3,159.61,5.3,12.51,0.77,12.09,7.77
Fe3CoLa,합금,3,69.59,4.8,2.18,97.42,2.84,21.35
BeTi2Lu2,합금,3,89.57,2.6,6.65,64.16,0.33,14.56
Cu3As2,화합물,2,60.24,2.1,4.8,1.89,5.58,12.54
TmSmNb2,화합물,3,89.42,3.3,5.89,29.65,8.96,10.43
Cs2AsCu,화합물,3,153.44,5.7,7.05,18.03,8.01,5.59
Cu2Ca,합금,2,177.55,2.3,4.83,68.54,4.52,3.11
V3,원소,1,82.26,5.0,6.57,111.22,0.52,6.0
YCsTi,수소화물,3,15.7,5.4,3.02,10.51,13.84,261.08
Ru3LuY3Cs3ScNi3,고온,6,43.45,1.5,5.57,7.76,6.05,94.59
Rb4RuNbCd3,화합물,4,58.51,6.0,3.57,28.57,7.68,11.18
FBe4,수소화물,2,46.2,4.9,1.2,27.69,13.85,248.78
TiP2Na2Fe,화합물,4,89.63,2.9,10.12,24.18,10.39,60.83
Os3,원소,1,214.93,4.0,13.11,292.06,3.55,5.17
Th3Lu,합금,2,144.26,2.6,2.45,27.59,6.97,17.36
YKHoPd3EuMn,고온,6,138.67,2.2,3.58,7.61,2.99,100.84
Ce3Zn2Al2Sc2,화합물,4,67.26,4.2,9.57,46.62,5.21,16.09
CaLa2CuBe2Zr2Ge2,고온,6,136.79,6.0,6.75,9.75,13.24,69.5
OsPrMnN2Dy3Nd2,고온,6,51.46,5.5,7.84,10.69,9.29,117.12
Na3Er3,화합물,2,60.62,3.0,8.51,19.78,9.35,22.11
Sb2,원소,1,112.87,3.0,8.08,232.75,9.15,4.48
Ga4Pr,합금,2,78.06,1.8,7.7,53.92,13.78,2.13
Li2,원소,1,102.12,5.0,2.98,259.33,2.23,1.41
CuLi,합금,2,164.21,3.2,10.82,10.93,10.7,0.0
Ga3Te2Ir3,화합물,3,94.29,3.8,9.52,11.24,12.86,15.01
CoGd2Sc4,합금,3,46.18,4.0,6.18,68.99,6.79,15.23
Cr2Rb4Sc,합금,3,138.77,5.1,9.31,12.63,1.97,6.0
WSe,화합물,2,151.26,6.0,9.08,12.37,12.64,6.41
MnV3Tm2Li3,화합물,4,80.94,2.8,4.7,19.42,3.59,13.94
GeDy2Pd4,화합물,3,66.68,2.3,2.62,41.56,10.6,1.92
Mn2Al3VCe2,화합물,4,103.36,2.1,12.95,43.11,0.58,8.91
Ca4Al2U,화합물,3,75.56,4.4,9.36,39.79,0.55,12.6
Ni2As2TlNbPtRu,고온,6,42.46,3.1,7.38,1.26,10.35,135.73
Os4Au3Tl3,합금,3,82.9,2.9,8.16,136.52,8.01,0.46
Y2Cd,합금,2,40.47,4.6,10.46,69.7,10.61,10.56
CeSr2CsS3F3,고온,5,40.07,5.9,6.8,10.47,5.37,92.93
AsEr2Na,화합물,3,92.61,5.4,11.57,21.62,11.92,13.73
Cu2Ca2Al3Ge3,고온,4,70.97,2.8,5.24,10.54,8.44,151.49
SmTi,합금,2,164.99,5.8,13.93,30.77,5.61,3.97
ScF3Hf2SRe2,고온,5,136.84,5.2,8.73,13.27,11.82,53.52
Gd2Sc3DyFe2BiCr,고온,6,64.05,3.4,5.94,11.85,13.8,47.04
TmAuWO,화합물,4,50.21,2.0,8.57,19.96,5.6,22.84
BaGe2,합금,2,78.02,2.5,2.59,96.38,12.2,0.0
W4Te2Tb2Ti3SAu2,고온,6,86.37,4.9,4.86,4.67,1.67,70.08
O3Ga4La2Li3Te3,고온,5,111.02,5.8,7.38,12.04,9.5,133.14
Sr3Os2P4MnAl2Se,고온,6,35.88,2.5,3.19,5.22,5.03,96.59
Dy,원소,1,218.15,2.0,5.92,317.15,9.4,2.65
SiAu2SeZr,고온,4,83.27,2.3,7.01,4.22,7.11,134.34
Tl4Ga3,합금,2,100.49,5.6,5.49,20.22,0.46,17.09
GaMn2Be3,합금,3,101.39,4.9,8.58,109.56,6.53,3.25
W2C2Li2,화합물,3,141.13,2.2,3.65,18.65,4.52,9.13
Ce4KC3,합금,3,113.98,2.9,14.91,23.46,2.27,2.83
CdKDy2Sm2,화합물,4,55.06,4.8,4.19,40.02,4.11,5.98
PW4,화합물,2,149.48,5.3,3.19,16.4,13.31,13.44
IrN3,합금,2,32.45,4.2,15.67,135.98,6.99,3.25
Nd3GdF2,화합물,3,50.82,5.1,11.37,34.72,12.07,16.89
Au2ErSc3Hf3O2,고온,5,48.17,4.7,8.49,11.37,5.94,70.87
In3OsS2,합금,3,106.72,4.2,6.99,132.57,11.49,11.93
AlGd,화합물,2,71.56,5.1,7.64,31.25,12.21,10.79
Be3Fe2Al2,화합물,3,43.46,2.4,6.11,23.98,5.98,36.73
La2Sm3,화합물,2,55.87,3.7,13.98,19.44,5.37,10.39
Ir2Pt3Ce2Mg,화합물,4,49.59,2.6,10.75,6.81,4.42,1.77
Sn2Ti3Pd3Au,화합물,4,33.13,2.9,6.16,39.29,9.74,2.48
Sm,원소,1,102.69,5.0,10.26,325.02,9.19,5.52
TlN2,수소화물,2,23.8,4.4,5.16,51.48,9.22,104.78
Ti2Ni,화합물,2,105.38,2.9,13.9,6.03,6.44,15.13
Rh4Sc2Gd,화합물,3,99.3,2.8,13.14,29.13,3.05,8.17
Zr2S2Pd2,화합물,3,67.79,5.7,11.48,22.9,9.22,19.83
TbLi2,화합물,2,39.49,3.1,8.95,14.11,3.45,21.47
NVTe4,화합물,3,122.87,5.6,10.05,27.8,11.78,3.51
CNiIn4Ti2,화합물,4,101.41,1.6,11.84,21.56,9.48,15.52
As2NiSr2,화합물,3,66.27,2.6,10.58,26.21,14.66,6.62
Si3W,합금,2,65.61,3.6,6.89,18.64,4.18,10.3
Mo3AsW,합금,3,128.19,5.8,14.71,116.05,12.37,5.96
K2Al4PdHf,화합물,4,111.29,1.6,10.75,15.36,13.51,12.3
UAgTmHg3,고온,4,97.68,3.3,7.96,2.58,2.96,132.15
MgCdB,합금,3,135.77,2.8,7.89,89.3,9.35,13.99
Si2,원소,1,76.68,5.0,14.7,278.02,8.59,6.61
ErCoCe2,합금,3,150.78,5.5,13.51,116.39,9.25,3.24
Sr2SiMo2,수소화물,3,6.02,2.9,6.09,61.61,8.13,273.77
CrTmFeRuTh,고온,5,38.89,5.4,5.07,4.82,3.56,140.9
LuFe2,화합물,2,144.03,4.3,4.06,21.29,14.95,18.81
InTlCeLuV4,고온,5,62.26,3.2,7.7,1.3,0.56,125.08
V2CuPtAs3,화합물,4,45.1,4.7,8.99,4.75,6.02,10.33
Be3S2Li2,수소화물,3,54.47,2.3,2.85,53.48,12.79,262.41
W2Mg3,화합물,2,72.35,5.5,10.69,49.57,10.38,5.99
Ru2Co4K,합금,3,109.16,4.3,12.27,100.9,10.83,5.16
La4Th3S,화합물,3,116.17,3.6,7.86,22.01,10.81,14.51
W4Sm3Mo,화합물,3,150.65,4.6,3.22,11.9,2.38,26.7
HLi3Rh2,화합물,3,148.91,3.1,10.81,23.72,8.57,4.3
RbAuHo,화합물,3,59.3,4.5,10.68,30.11,6.28,17.19
Th4U3B3Lu2,화합물,4,63.41,1.8,9.44,2.45,12.82,12.91
NdSrSm2,합금,3,142.24,3.7,13.87,30.37,13.76,11.26
O2,원소,1,28.85,3.0,10.54,29.07,6.03,2.13
YHf3Tl3LaV2Ce,고온,6,58.26,3.0,3.89,5.91,0.11,78.52
Zr3Ga2TbCa2,고온,4,102.29,5.3,8.5,9.59,6.22,94.14
SeGa2,수소화물,2,5.66,2.6,4.6,40.97,7.24,210.97
P4Pb3,화합물,2,61.33,1.9,5.85,11.74,4.99,12.27
Re3RuOs2Sc2,화합물,4,88.08,3.4,2.49,32.78,7.38,12.11
PdPb3B4,화합물,3,143.9,4.0,3.2,11.71,13.67,2.35
SnTiCa,합금,3,56.75,4.8,15.5,99.66,7.33,6.68
Tb3FAg3,합금,3,31.75,3.8,10.99,91.39,1.4,5.63
OsPK4V4,화합물,4,77.92,5.5,5.69,10.0,9.96,8.01
SrS3CO2Sc3,고온,5,47.41,5.6,7.64,4.97,7.45,110.08
CdRe,합금,2,168.2,4.9,4.18,70.22,11.77,10.65
EuBi3Na2Sr,고온,4,93.79,3.5,8.79,5.89,2.78,147.39
In2IrNa,화합물,3,143.49,4.8,12.21,48.13,10.27,14.25
Sb4TiNd,화합물,3,82.63,3.6,3.17,43.38,8.98,3.99
Ag2Se3Ba2,합금,3,147.11,5.0,9.06,87.97,11.24,26.65
Pr4Bi2Zn,합금,3,94.78,2.9,2.26,63.38,1.04,2.64
N2Pr,수소화물,2,2.2,3.4,1.3,69.81,10.0,277.37
Sm3Rb2,합금,2,155.01,5.0,12.74,85.93,12.67,9.51
SeInYMn2,화합물,4,65.66,5.6,4.05,26.17,6.72,9.03
Tl2TmCe,합금,3,73.8,5.0,9.08,126.95,12.38,2.63
W2Se2,합금,2,64.32,5.6,8.95,30.36,6.83,14.75
Pd2Ti3Ba4,합금,3,106.76,5.5,10.22,19.99,2.94,9.46
BeV3SmCa3,화합물,4,62.43,5.8,3.67,7.6,14.73,6.61
CoRh3,화합물,2,105.26,5.3,13.22,40.7,5.87,10.42
RuTa2Tl2Cu2,화합물,4,143.84,3.3,5.96,36.96,10.99,4.54
TaTi,합금,2,136.11,3.6,2.05,73.56,8.06,36.78
N3Ga2FeAsFPt,고온,6,31.68,2.6,6.72,13.4,0.92,101.57
SmEu2As2W,고온,4,53.39,2.8,5.53,3.75,13.68,71.95
Ce,원소,1,154.14,2.0,20.32,177.21,7.24,7.31
Lu3EuO4Ru3,화합물,4,98.12,2.3,6.0,21.63,11.49,5.33
Ga2,원소,1,76.02,5.0,2.5,199.64,5.9,3.11
Ge2Cu2NbBi3Yb2Rh,고온,6,101.96,4.2,5.6,5.15,2.99,33.25
CoYb2PdPt3,고온,4,69.4,3.3,6.01,3.74,3.56,61.23
Zr2Ni2Pr2Be2H,고온,5,44.88,3.9,6.91,9.06,13.13,46.06
TmLiSr2,합금,3,170.61,5.0,11.66,78.03,0.69,1.97
In2SmLu3,화합물,3,158.84,4.7,4.0,14.37,5.35,7.48
BPb4,합금,2,24.06,1.7,13.84,59.52,8.31,0.0
NbGd2Ni2Re,화합물,4,125.09,4.9,2.02,47.71,11.83,12.39
U3Mn2VO,화합물,4,128.68,2.0,11.59,45.1,13.59,12.57
Ce,원소,1,198.99,5.0,21.9,30.97,8.59,1.26
Sb4W,화합물,2,159.53,5.3,1.7,1.52,2.41,26.76
BeHg2Cr4,화합물,3,76.28,2.8,2.62,34.57,4.34,15.42
Os3Sc4Re2Yb2RbLi,고온,6,90.55,5.3,7.54,5.15,8.25,54.21
LiSc2,합금,2,60.78,3.7,13.69,41.23,14.96,2.02
Ga3SWYb4,고온,4,45.9,5.7,8.5,11.54,4.77,109.9
Zr2Al4,수소화물,2,57.54,4.7,1.87,53.07,0.17,209.3
Li3F3CsPd2,고온,4,83.67,1.6,3.93,10.38,6.91,117.69
Cs2TiLaYF2,고온,5,61.22,3.2,6.21,1.38,13.05,163.62
Er3As3Ba2W2,고온,4,79.07,3.8,5.7,3.57,4.3,84.65
CFe3Cs2Co2,화합물,4,14.47,5.5,13.47,39.6,1.22,15.27
NdNb3Lu,합금,3,123.62,2.1,5.66,40.38,0.13,2.92
Ce4OsLa,화합물,3,89.35,4.9,2.09,42.51,7.7,10.22
H3Rh3,화합물,2,41.41,1.9,9.6,10.52,10.77,4.24
TiRh4,수소화물,2,47.06,5.2,4.45,27.1,1.25,184.42
K4SbNb,화합물,3,12.71,3.6,2.28,4.54,9.32,9.93
Cr4SeRe3,합금,3,66.47,5.9,4.38,79.69,5.55,6.06
V3DyLu,화합물,3,65.53,2.0,8.48,42.14,11.75,1.34
Bi2Rh3,수소화물,2,3.0,4.2,6.82,76.66,2.46,201.32
Se2As2,합금,2,145.35,5.2,2.64,144.19,9.96,6.38
Ti2Hf3C3Sr2,화합물,4,159.05,5.3,13.05,1.27,3.45,9.59
Cu4Ge4As2Er3,화합물,4,32.47,5.0,2.62,24.02,7.48,12.89
Ca3K,합금,2,104.92,5.6,15.07,28.77,10.39,16.74
Tm,원소,1,52.15,5.0,18.98,18.29,8.77,3.36
Os2AgCdCs,화합물,4,54.75,3.2,3.57,30.2,8.59,8.75
V3Hf3Hg3Th2Na3Pt4,고온,6,73.26,5.7,6.25,9.37,8.17,100.0
Fe3,원소,1,178.61,2.0,16.22,390.32,1.19,0.0
SeOs2Tb4Fe3,화합물,4,133.83,3.5,7.67,19.67,11.1,7.24
HgW2PHf2,고온,4,125.65,3.4,7.74,5.01,3.27,86.42
Te2In,수소화물,2,32.04,2.5,4.06,38.52,14.72,166.71
MgTa3As,수소화물,3,19.65,3.9,2.79,20.67,14.96,122.04
LiScIrTh2,화합물,4,128.14,2.3,8.55,42.85,1.29,1.48
Ti2TbW,수소화물,3,4.94,2.8,1.2,69.02,2.5,278.17
H3,원소,1,124.22,3.0,1.97,263.5,6.44,0.0
Pd4HfLi3W4,고온,4,68.37,6.0,8.48,12.06,8.23,87.84
Pd2Mo2Pt,화합물,3,32.24,3.6,9.69,16.02,6.21,0.0
HgW2Zr,합금,3,152.39,3.5,3.92,70.3,13.53,7.92
Be3F3RhDy2,화합물,4,87.55,3.2,13.07,1.61,13.99,0.0
O2Mn2,합금,2,71.64,3.5,5.04,15.49,0.9,3.59
HfIr2C4Sm2,고온,4,32.69,4.7,8.72,14.3,10.25,44.85
LuSnU2,화합물,3,77.15,1.8,10.88,19.88,9.43,5.95
CdAg3,화합물,2,154.99,4.9,2.29,6.93,6.1,30.03
SmPr,합금,2,152.73,5.6,14.53,109.51,7.96,3.71
LaRuGd2,합금,3,156.13,5.0,8.08,80.93,2.26,10.53
Ir3Sb,수소화물,2,19.78,2.8,7.1,7.46,5.2,248.64
Rh2Cr3H3Ir2Cs2,고온,5,84.3,4.4,7.46,12.6,7.51,66.47
Sb3Tb,수소화물,2,17.36,1.8,7.63,20.13,2.65,242.43
HoLa3V,화합물,3,130.59,2.2,2.95,32.05,14.32,4.55
Cu3B2Rh,합금,3,111.78,5.0,4.79,125.71,9.48,4.73
PrBiMo2,화합물,3,13.97,2.5,8.11,24.94,7.11,1.47
Sr2S4Co,화합물,3,15.12,3.6,8.73,47.98,11.68,6.18
NaPd4K,합금,3,79.62,2.4,7.52,98.1,4.16,5.87
BaMg3Sb2W2Lu3Re2,고온,6,49.81,2.0,4.33,9.89,8.61,52.6
FB3Pb2,화합물,3,53.86,2.8,4.54,17.9,14.91,0.0
Eu2Pb,합금,2,69.59,5.7,10.51,54.72,8.69,5.0
LaW2,화합물,2,113.34,3.3,1.65,44.23,13.37,24.03
Na2Hf4Li3,화합물,3,95.2,3.4,12.23,18.0,14.71,15.77
Re2P2,화합물,2,145.07,5.9,1.79,38.22,11.38,9.0
Zr3Be3Eu4,화합물,3,146.07,4.9,4.37,10.38,7.43,23.57
Fe2Cr2As4Li4,화합물,4,159.18,3.9,3.4,41.35,8.69,13.19
BCa3Zn2,합금,3,48.46,3.1,12.57,119.52,14.65,1.62
Sm3NiRb4Ga,고온,4,64.46,4.5,7.44,14.72,6.19,153.16
MoTh3Tm2TlP,고온,5,73.73,2.3,7.77,2.11,5.53,122.76
Bi4Tb4Mo2Li2,화합물,4,155.88,3.0,11.15,14.52,12.9,22.47
Zn2,원소,1,199.48,3.0,2.09,4.28,7.85,1.14
KBe2BiSm4,화합물,4,79.88,5.1,9.27,33.51,0.22,16.04
CaLu4Ga2,화합물,3,93.36,2.7,4.03,43.65,12.92,1.32
Te3Zn2Mg4,수소화물,3,52.29,3.3,6.46,34.16,12.0,123.4
In4O2,수소화물,2,43.88,4.9,1.01,79.33,6.49,251.08
ErU3Au3P2Sr,고온,5,41.98,3.9,3.67,6.74,7.12,103.91
Ta,원소,1,87.35,4.0,11.43,216.8,3.71,3.97
CsAs4,수소화물,2,5.28,4.3,3.7,17.9,14.6,231.57
F4Zn3,화합물,2,34.01,5.6,4.3,34.04,2.75,3.85
U3MgSc2BSm,고온,5,139.67,5.9,8.15,13.42,5.05,111.19
Dy2HoNd,화합물,3,104.23,2.2,4.1,13.29,10.46,0.73
UCs3Yb4,화합물,3,73.98,5.0,12.78,11.41,7.2,27.14
Sr2Ga3,화합물,2,12.14,5.9,4.6,32.93,6.49,17.28
Mg2Sc2,합금,2,93.49,6.0,5.64,74.3,6.88,9.15
Pr3W2Be3,화합물,3,62.45,4.7,12.46,28.03,4.69,5.52
Rb2Pb3SiSc2Ce,고온,5,62.93,3.5,7.44,4.19,6.42,84.16
Li4,원소,1,128.84,2.0,12.1,185.26,2.64,2.31
In4Nd3,합금,2,51.08,2.6,10.69,90.04,12.84,3.92
Pt2LiLu,합금,3,88.72,2.8,7.41,99.29,14.25,11.66
Au2Be2Ta,화합물,3,135.74,1.5,12.97,27.23,13.33,7.21
GeLu2,수소화물,2,51.3,4.2,5.46,78.91,0.22,232.85
VYPb2,합금,3,156.87,3.3,8.96,8.83,10.2,1.42
Tb2BiAl3,합금,3,153.91,4.7,11.04,75.73,4.82,6.74
Rb2TlTiKH,고온,5,101.84,2.9,6.21,10.07,11.05,82.84
MgF4V3Ga3Pb4Tl3,고온,6,63.01,3.3,4.93,8.19,6.64,54.57
C,원소,1,49.27,2.0,21.97,90.03,0.82,0.0
Sb4Ni2Ir2Al2Sm3F2,고온,6,110.74,3.5,7.31,10.89,12.48,71.81
AuPtCs4,화합물,3,91.28,5.2,12.25,29.02,0.41,11.49
Si2F2Tl3Na2,고온,4,111.8,3.5,4.48,14.61,5.72,141.91
O4Pr2,화합물,2,51.05,3.7,4.15,12.24,11.94,3.5
PAu2,수소화물,2,54.09,5.7,2.04,64.9,14.82,195.27
Re2,원소,1,177.86,3.0,21.54,385.05,6.36,0.0
Cd2Au2,합금,2,40.38,3.6,12.22,47.65,9.96,7.87
P2BeRh3Pb,화합물,4,102.88,2.9,12.39,22.83,1.87,4.55
Ag2CsK3Gd3,화합물,4,122.89,4.9,4.36,48.06,4.69,31.18
NdMn3FSmTa4,고온,5,109.02,2.0,5.07,7.13,1.4,149.94
Na2Ta4,화합물,2,94.96,4.6,10.5,46.55,2.2,17.9
Sb2,원소,1,140.37,5.0,12.02,51.73,7.3,9.99
Cd2Tb,화합물,2,50.01,5.9,4.76,3.45,0.78,10.88
Ru2Sn3,화합물,2,35.58,5.5,4.69,41.8,14.83,15.37
Pr4Lu2O,수소화물,3,37.89,3.3,7.49,17.73,1.44,111.93
C4NHg2,화합물,3,73.89,4.0,2.31,28.76,6.23,16.71
KBaBi,화합물,3,81.51,4.9,4.59,4.96,0.86,18.07
HoY3Pt4Sn,화합물,4,24.47,1.8,3.79,14.56,14.2,5.73
Au2Yb2ThSr4Hf2,고온,5,81.02,4.3,8.79,14.05,12.86,81.29
C2Lu4H3,화합물,3,93.71,4.7,13.12,46.59,10.59,9.71
Pd3U3,합금,2,150.27,3.1,3.22,32.85,2.61,23.54
CdAu3Th4Re2Rh3,고온,5,136.12,3.3,7.17,5.95,14.16,40.27
Nb3ZnMnSb,고온,4,136.03,3.3,3.11,2.09,7.08,110.36
K3Y2N2Mn4Cd2,고온,5,37.12,5.1,6.77,14.15,7.54,88.26
ReSr2,수소화물,2,42.96,5.6,6.31,70.4,3.69,260.87
HSm2BaScIr4,고온,5,82.2,5.1,3.99,10.76,0.92,40.87
GaPb2SmTiMn2,고온,5,97.82,2.8,4.51,1.1,9.53,130.77
Th2Li,수소화물,2,28.23,1.8,6.27,41.66,11.2,103.14
RhLa2Os,합금,3,59.8,3.7,4.91,95.51,6.9,7.87
EuLaHo2Mo,화합물,4,141.58,4.6,2.62,0.53,3.09,3.92
ReSe2Co4,화합물,3,104.6,4.6,1.66,15.46,4.95,3.86
Th2SSe2Cs4,화합물,4,35.45,2.2,13.78,21.89,12.41,8.76
SnTi2Ca2Yb,고온,4,128.65,5.1,6.38,7.66,3.3,163.09
Hf4CeHU2Pr4,고온,5,32.61,4.2,7.46,14.58,9.49,39.87
Tm4C2,화합물,2,54.28,4.2,12.76,34.68,14.97,2.24
Tm2Pb2,수소화물,2,10.52,4.5,3.34,21.58,1.91,159.61
BeCs3,합금,2,113.76,4.0,6.44,99.23,6.97,3.15
Tm3Co3Sm4Mn2,고온,4,132.75,2.4,5.01,1.35,3.41,141.7
TmTl4Ru4,화합물,3,73.7,3.2,2.58,49.47,13.24,1.04
Gd2V3Se3,화합물,3,27.79,3.3,4.05,24.98,10.71,3.13
SnEr3,합금,2,92.09,3.8,6.52,56.12,9.51,3.28
Sm2GeY2Re2Cu3,고온,5,87.0,5.5,6.15,2.02,0.88,134.32
Si3YZr3,화합물,3,47.03,5.5,7.06,26.94,6.09,9.27
Au4Os2HfY3,고온,4,52.91,5.3,8.8,5.81,7.03,56.89
Gd3Rb3,화합물,2,51.94,1.7,7.98,7.0,0.33,13.23
Ho2Li2,합금,2,51.81,5.0,7.13,112.41,13.82,4.96
BiAg4Ca,화합물,3,46.13,5.8,8.53,25.17,13.77,6.18
Ni2InOV2,화합물,4,12.06,3.2,2.89,21.76,4.62,6.71
Sc2Sb2,수소화물,2,40.2,4.4,5.67,67.39,2.72,186.63
La,원소,1,83.04,3.0,6.05,283.87,4.45,5.1
Ce2BeHo2,수소화물,3,16.02,1.7,7.41,5.48,4.37,177.79
Cu2B3Nd3,수소화물,3,37.91,5.4,1.91,19.11,11.91,186.49
CdB2V,수소화물,3,4.83,2.2,1.77,11.82,1.97,206.86
AsCs2N2,화합물,3,71.86,1.7,3.48,28.86,12.52,0.95
Tm3Al4Gd4,수소화물,3,35.01,2.5,1.42,76.23,9.26,249.57
Tb2Mo2,화합물,2,118.39,5.4,9.93,47.27,7.64,10.84
Pb,원소,1,212.67,5.0,6.41,153.31,1.4,5.63
La2Pb2,합금,2,178.77,5.1,15.54,85.85,7.43,7.72
Tm3N3CeLaTl2,고온,5,133.6,3.6,5.98,4.57,0.4,94.67
Yb2,원소,1,117.1,1.0,16.49,151.5,5.83,0.41
PbRu,화합물,2,35.46,5.4,12.78,23.89,6.57,2.95
Th2,원소,1,216.81,3.0,13.37,293.27,4.18,6.8
Hg3Ru2Sn2,화합물,3,83.33,4.0,13.05,31.66,10.72,14.63
Pr2Rb3,합금,2,62.16,5.6,15.16,145.03,1.06,4.21
H2TbCaZr3Hg2Li2,고온,6,77.78,5.0,7.52,9.91,13.8,108.8
Tl3Dy2,화합물,2,29.84,5.8,7.59,16.89,4.17,4.23
Pd4SmEu2C3,고온,4,78.8,5.7,6.14,14.21,8.38,50.26
Y4NbW3C,화합물,4,78.13,3.0,11.33,6.41,4.26,4.71
DyP3,수소화물,2,24.99,3.7,4.23,69.8,1.7,148.37
La3B,화합물,2,95.02,4.4,8.56,13.92,6.68,17.01
ScBiTl2,화합물,3,77.99,3.2,12.04,49.0,9.3,5.36
AlOs3Gd,화합물,3,141.38,4.7,2.94,29.44,11.75,5.85
AuNNd,화합물,3,68.68,5.1,9.17,13.0,13.52,10.06
Ge3Au3B2LuC3,고온,5,112.08,4.8,5.64,6.16,7.85,59.77
EuPb3Pt,화합물,3,62.46,1.8,5.13,10.02,10.59,1.32
Rb2Ho2LiK2Bi,고온,5,85.57,5.5,6.92,1.09,2.75,158.17
SiTl3Ho2Bi3YbU2,고온,6,60.04,4.9,4.37,4.04,7.93,153.99
Se2P2,합금,2,104.08,2.1,9.34,61.0,11.44,12.8
Th2CdFe3Dy,화합물,4,67.28,3.0,7.89,40.23,5.32,3.41
MgAl2,합금,2,175.71,2.5,14.49,103.89,5.16,0.0
Rb2LuTbCe,화합물,4,95.5,4.4,5.16,43.68,2.18,21.55
K2CuBi3Li2,화합물,4,32.84,6.0,10.57,32.44,1.04,23.49
Ru3Dy2,수소화물,2,18.76,5.1,7.43,20.94,8.75,137.69
N,원소,1,61.31,1.0,21.36,328.48,1.62,0.0
NTa2,합금,2,93.72,2.5,13.26,36.79,3.86,16.01
Se4,원소,1,14.21,5.0,4.53,115.63,1.79,6.42
Ce4CoTi,화합물,3,159.52,3.9,9.56,11.07,11.13,13.03
VSrCr3Sb2Cd2,고온,5,82.45,4.4,3.49,13.99,8.72,34.33
RhSc3IrPd2C4,고온,5,32.41,2.5,3.27,14.42,13.08,83.13
Lu3V2K2UZn2Cs2,고온,6,71.05,3.1,3.06,12.88,2.43,143.76
Y2Cr2Tm3F4SnGe,고온,6,103.53,6.0,6.68,10.3,13.86,124.9
Zr3Ni4,화합물,2,21.59,2.4,7.47,20.6,9.6,2.43
Mo4Nd3,합금,2,62.13,3.4,11.04,79.47,1.75,7.76
Mo2,원소,1,171.77,3.0,15.6,386.85,3.47,4.18
Ge2Hg2BiNd3LaK2,고온,6,111.59,2.9,3.0,8.06,2.61,107.71
Ni4H2Nd3Rh2,고온,4,105.08,5.5,5.43,9.77,7.35,135.62
EuMg3Pd2,화합물,3,100.52,4.4,11.98,45.99,12.52,9.1
Sb2NiU,화합물,3,122.57,4.4,2.3,22.68,8.04,8.8
ErRb,화합물,2,114.76,3.8,11.02,19.87,13.48,15.15
Al4Tm3Ag,수소화물,3,8.78,5.7,2.72,45.81,6.11,145.51
Li2,원소,1,229.64,2.0,0.81,62.59,5.72,2.19
MgNd2Na4P4Se4,고온,5,73.82,2.5,7.1,7.48,8.72,159.93
In4Si3S2,화합물,3,151.59,2.6,4.74,6.98,10.63,5.63
Mg,원소,1,80.5,3.0,6.39,359.8,5.99,4.07
Nd2OZr2HoHf2Ta3,고온,6,30.24,4.2,3.46,10.3,14.82,90.03
ErScNa3Pt,화합물,4,65.12,4.9,7.76,3.18,11.33,7.22
YbTh3Re3,화합물,3,106.1,4.2,6.45,40.89,1.62,9.63
Al2Ca2Ir3Lu,화합물,4,60.62,5.5,11.43,5.28,4.08,7.52
N2Th2,화합물,2,56.2,5.8,13.86,4.66,9.26,8.37
LaMgCe3DyTe3,고온,5,61.42,2.7,6.15,4.48,8.59,78.27
Y2CrHf3,화합물,3,62.13,3.5,13.19,13.08,12.54,14.04
Nd3IrYb4Se,화합물,4,116.47,2.1,10.74,6.83,7.88,22.18
K3F2AlYbSm3,고온,5,43.89,4.5,6.25,9.2,1.57,135.43
W3FO,화합물,3,119.12,3.3,7.3,48.96,13.29,7.21
Ni,원소,1,75.56,1.0,14.72,12.85,3.99,0.0
Rb2Au3Hg2Be2NTm,고온,6,115.98,4.8,5.95,12.59,3.96,120.76
S2Ta2,화합물,2,142.83,2.6,7.81,44.13,11.24,19.95
Hg3Os4CNi3Ce2Mo,고온,6,127.25,5.4,7.71,9.29,9.86,128.13
Th3V2PNbRu,고온,5,58.84,2.3,8.9,5.68,0.32,110.74
ReLaGe2,화합물,3,66.37,3.7,9.85,8.11,11.42,16.66
K3S3,화합물,2,96.05,4.4,12.44,32.24,5.36,4.9
Si2As2PtN3,화합물,4,85.82,4.1,11.11,6.4,11.98,12.09
ReTi2Au2,화합물,3,112.79,5.5,12.25,9.11,1.68,8.84
Cu2TlBe2Cs2Ge4,고온,5,93.17,3.9,4.86,7.82,13.13,62.62
Be3CaSmOs4Ta4Nd,고온,6,99.33,5.3,5.12,2.37,5.66,143.29
Co2AlC4,합금,3,155.73,2.4,10.45,102.88,8.39,4.32
Re3Nd3Y4Rh3,화합물,4,110.63,4.2,6.17,24.99,5.37,18.11
MnSnY2,수소화물,3,8.54,2.9,5.65,11.47,3.68,218.08
Bi2CrSb3,화합물,3,45.43,3.9,4.11,44.73,8.31,5.03
CuC3NSeTl2,고온,5,97.54,5.2,7.12,7.59,14.6,72.86
CoTiRb2Fe3Yb2,고온,5,54.73,5.6,3.58,11.48,3.3,133.47
Sb3C3SmCe2,화합물,4,38.8,5.4,8.56,14.05,8.54,4.09
Se3Cd3,화합물,2,153.74,2.2,4.09,17.43,4.89,10.33
URh3PB,화합물,4,38.32,3.6,4.98,16.78,12.89,17.35
N2GdV3,화합물,3,84.41,5.1,2.21,5.57,8.75,8.33
PC4,화합물,2,53.59,4.3,2.58,39.98,8.65,10.08
Nd3ReB4Rb2,화합물,4,104.5,3.4,9.18,6.33,1.32,8.38
Cu3UPt2Y3Ag,고온,5,127.54,2.6,8.97,9.17,11.03,135.73
S2Mo,합금,2,126.45,4.5,2.9,41.05,2.75,4.65
HBe3Dy4,합금,3,155.47,2.5,10.03,77.92,5.41,2.87
Y4Hf3Fe3,화합물,3,134.14,5.7,13.06,5.03,3.63,11.84
ScH2Au,화합물,3,86.0,3.1,6.38,39.58,11.51,13.2
BeZnW2Sb,화합물,4,81.84,3.8,6.74,6.95,13.3,10.89
PrSm2,화합물,2,19.9,5.7,11.04,47.5,0.99,26.02
Sn3,원소,1,92.47,4.0,5.46,325.71,2.58,1.53
SbNa2Zr4La,화합물,4,129.54,2.0,2.23,31.87,12.76,6.25
Tb3Sr2,화합물,2,134.17,5.9,13.21,26.7,7.62,14.81
Sc4CsSm,화합물,3,45.25,1.9,9.16,37.96,6.21,2.59
As3Sc2,화합물,2,93.23,4.1,6.84,24.28,11.3,10.07
Nd3Tl2CuBa,화합물,4,133.97,3.6,5.21,3.65,9.4,1.77
Pr2Sc2FeCs3Na,고온,5,55.58,5.3,7.05,6.29,9.14,168.81
CNd,합금,2,75.57,3.6,8.46,59.43,4.9,6.05
LiNMn3,화합물,3,105.27,5.0,13.7,29.93,10.11,15.35
Nb2Lu3Mg2Ta3B3Cu2,고온,6,110.94,5.8,4.06,12.98,12.09,62.86
LuBi2V2Sc,화합물,4,69.08,4.4,5.88,32.9,3.84,18.44
Tb3Sm3Ca2N2,고온,4,106.11,4.1,4.2,13.7,0.33,80.86
Th4As2B3,합금,3,93.77,2.4,15.62,146.64,12.23,0.0
UHoO3,화합물,3,13.61,5.1,5.14,47.03,7.94,4.88
NiSErCs3,화합물,4,22.2,5.1,5.73,2.67,5.22,23.75
Ge,원소,1,113.07,4.0,15.54,58.84,8.91,6.69
In2YLi,화합물,3,146.3,3.2,12.8,13.1,2.85,4.99
Pr2Sb,화합물,2,145.73,2.0,6.09,23.14,5.05,6.18
ThLu3,화합물,2,157.69,1.7,13.4,29.42,12.38,0.0
Ge2NdMn3LiRh,고온,5,51.29,5.8,4.7,14.49,6.12,50.64
NaSr,합금,2,103.81,3.9,14.43,96.22,4.79,2.3
Na2Yb2Be2Se,화합물,4,84.35,5.7,8.73,30.07,5.49,22.22
F2Be2Th2,화합물,3,92.26,4.3,11.57,46.58,0.98,11.88
PtSAg2Si,화합물,4,138.62,3.8,8.37,17.13,14.6,17.2
ThAsMg3Au4KTm,고온,6,122.28,3.8,7.47,11.26,12.09,120.5
NdIr2Pr4,화합물,3,151.69,5.8,3.95,20.98,5.94,5.96
Dy,원소,1,105.81,4.0,12.35,251.34,6.24,5.17
BaC2Co,화합물,3,16.05,4.3,7.74,33.5,9.62,6.24
Gd2WYNa2,고온,4,89.83,3.3,4.64,1.36,8.17,35.67
ZnPr,화합물,2,133.73,2.2,8.87,26.15,10.8,27.42
Au3Eu,화합물,2,140.88,3.6,7.76,1.81,1.75,28.75
TlU4,합금,2,57.85,5.9,9.78,50.78,5.71,6.17
Gd4Pb,합금,2,32.33,5.7,3.58,16.68,1.15,15.4
Os2HTh,합금,3,29.17,2.1,8.75,125.64,1.11,4.62
TlC2,화합물,2,39.88,5.7,5.6,22.43,0.31,27.39
AgH3Na3W,고온,4,133.28,5.8,6.27,14.17,12.43,38.57
Sn4O2TlGa2,화합물,4,150.37,1.8,3.94,35.88,13.79,53.87
Ag2F2,합금,2,26.26,2.1,5.3,37.2,6.38,2.56
Be3Er2,합금,2,151.09,3.9,7.01,36.51,1.73,1.5
Pd3Er,화합물,2,31.65,3.5,1.69,25.46,2.13,7.17
Tl2Cr2Lu4,화합물,3,94.85,3.6,4.71,19.86,13.38,3.23
Gd4Ti3,화합물,2,40.05,4.0,6.09,42.63,11.75,12.13
Sc2Te2In2Fe,화합물,4,116.19,4.9,1.61,43.27,9.72,3.09
GdBeO2,화합물,3,144.23,2.2,11.97,4.09,9.34,7.64
AgZn,합금,2,176.46,1.7,12.21,118.03,10.64,5.34
Yb,원소,1,24.25,4.0,1.12,198.27,6.33,0.0
Cr,원소,1,177.41,3.0,5.73,117.32,1.5,15.31
PtNb,합금,2,25.41,3.3,11.27,96.81,14.14,2.0
SbPtGe3,합금,3,21.31,1.8,5.29,99.8,10.14,6.49
Ni2RbCs3,화합물,3,115.66,2.4,1.97,6.01,5.57,5.57
NaHgYbNd,고온,4,115.97,1.8,4.36,6.62,0.77,57.58
Sm2Co,화합물,2,54.89,2.9,10.86,39.45,7.2,18.25
Cd2La2Al4,화합물,3,136.21,2.1,8.76,40.66,12.46,0.44
Gd2Sn2Y3Rh2,고온,4,107.84,1.8,6.65,9.99,2.28,95.01
MgRhW3,화합물,3,147.84,5.4,2.67,21.03,6.95,7.48
K2Ti3Ca4Ce,고온,4,44.79,1.9,7.92,4.19,14.42,81.45
Ce3Sb,화합물,2,82.28,3.8,9.97,30.23,8.05,27.23
Sm2Pt2Cs2,화합물,3,137.42,4.6,4.4,44.68,4.38,5.22
Zr4Nd2,화합물,2,60.97,1.6,3.16,33.38,0.53,3.51
Ca2Os,합금,2,174.69,4.1,2.05,86.33,2.28,10.88
Tm2Ga,수소화물,2,15.98,5.7,7.63,7.77,5.3,152.23
PSe3Cs,합금,3,133.53,5.3,3.41,5.28,7.06,12.18
Ge2AgV2La,화합물,4,73.12,5.5,13.95,31.78,6.59,13.37
K4As2Na3S,화합물,4,23.84,3.7,1.66,8.28,2.93,33.27
P,원소,1,69.92,4.0,5.55,310.7,6.46,5.85
S2F,합금,2,56.9,2.0,15.27,24.99,12.22,7.17
K2,원소,1,65.08,3.0,19.32,196.59,0.74,0.0
GeBAl,화합물,3,152.69,2.6,8.37,27.17,14.06,13.27
Nb3MoU2TlLi3,고온,5,73.68,2.6,8.78,9.07,5.56,73.82
ErSi2Pd3,화합물,3,46.76,3.9,8.45,11.51,5.77,4.33
Gd4Hg4,합금,2,79.22,5.9,14.58,61.29,9.04,7.06
Os2YYb,화합물,3,29.43,4.1,1.92,0.66,5.58,21.69
NaCs,수소화물,2,22.06,1.7,5.4,74.18,14.31,284.17
Nd4Zn,합금,2,179.85,2.1,14.85,50.56,1.02,3.37
VN2,합금,2,167.58,2.3,3.36,99.25,13.53,1.4
Mo2Sm,수소화물,2,55.69,3.2,4.79,42.0,11.32,130.02
H4Na,합금,2,177.34,4.0,11.16,39.09,7.14,19.24
Tm3Er3,화합물,2,87.91,5.2,7.7,22.53,13.76,11.05
OTi,합금,2,37.03,5.5,9.39,110.35,9.71,5.31
BiFHZr,고온,4,50.47,4.9,4.33,2.04,3.03,114.28
Nd3C4,수소화물,2,59.19,1.9,4.92,22.46,10.48,231.66
Te2Mo4PIn2,고온,4,41.03,2.5,4.27,9.69,1.66,144.9
SeAg3Tl,화합물,3,17.59,2.6,11.49,6.23,12.11,7.25
Sm2SCd2,화합물,3,79.87,3.8,2.16,24.12,7.61,4.38
LaNdGe2,합금,3,50.15,2.3,14.01,110.69,13.63,1.94
AlOs4BiEr,고온,4,71.98,2.9,5.91,7.63,3.56,130.62
IrGa4Mg2Rb3,고온,4,102.57,2.6,5.56,13.31,2.82,147.45
SrAu3Yb2Te3,화합물,4,11.66,5.7,5.91,42.28,12.2,4.96
Sb2Be2,화합물,2,50.66,2.0,13.47,47.17,14.4,14.15
Hf2ReSr2,합금,3,166.81,2.5,6.72,57.87,13.96,3.61
Sb2Ti,화합물,2,57.98,1.7,12.68,42.24,1.87,0.58
Mo4Yb4Ag,화합물,3,100.66,1.9,6.75,16.69,1.57,26.15
NaPbBe4O2,화합물,4,81.06,1.9,8.63,49.81,1.76,5.57
ThZrAu,화합물,3,76.34,2.5,8.01,46.13,12.65,7.18
Ca,원소,1,23.07,4.0,12.34,9.72,1.91,0.0
Zn3O3PtHg2Ga2,고온,5,117.64,2.1,4.03,10.34,8.79,66.6
SeBi3Mo3Sb,고온,4,130.84,1.8,8.67,6.46,5.42,96.1
B3MgIr2,수소화물,3,28.72,2.7,4.83,39.55,7.06,206.14
O2WLu,화합물,3,137.02,1.7,10.7,32.02,6.8,7.37
In2Zr4Fe2Nb2,화합물,4,59.1,2.3,13.08,2.55,10.07,1.62
Sm2Ir,합금,2,80.73,1.9,10.18,59.77,7.55,27.83
Tl2K,수소화물,2,17.37,3.4,5.64,7.78,13.92,237.7
BiAlOsIn3,화합물,4,81.65,2.1,5.06,11.61,11.74,13.69
CLi3,화합물,2,76.07,5.9,13.46,0.79,1.86,33.98
S4UGa4,화합물,3,116.04,5.4,12.5,1.24,10.88,9.82
OsCr2BaSeCd2,고온,5,37.07,5.3,4.86,9.08,4.79,148.15
Mn2,원소,1,88.12,4.0,5.21,5.36,6.98,5.12
Cr2Ag2Si,합금,3,52.25,1.6,15.65,51.49,2.61,4.09
URu3Ho3Ce,화합물,4,40.56,1.9,10.26,29.62,1.89,1.08
AgN2Pr2HoZn2Rh,고온,6,43.45,6.0,8.64,13.67,11.53,100.93
B3Li4Si3,화합물,3,120.61,5.3,9.12,17.98,11.4,6.49
S3Ce3Ga,화합물,3,44.66,1.8,3.3,23.74,3.97,13.68
GePdZrW2,화합물,4,44.82,5.4,11.76,27.21,1.53,4.69
Tb3Ti2BAg,고온,4,85.22,4.4,6.22,1.11,1.52,71.35
W2Pr3K3SBa,고온,5,83.65,4.7,8.27,14.74,3.87,111.49
AgPd2,화합물,2,43.31,1.6,10.61,9.42,5.99,4.77
Ba2MgPb3,화합물,3,75.74,4.7,6.38,30.32,2.0,44.35
Gd2AsLiRh,고온,4,90.48,4.5,4.1,6.05,3.08,164.68
Os2ZnLu,화합물,3,106.44,5.4,10.09,34.24,0.44,5.94
Ta3O3Tm3Hf3,고온,4,126.54,4.9,5.89,3.4,10.53,88.37
Mo4Hg2Eu,합금,3,64.8,3.4,11.73,23.48,0.93,1.11
Sm3TiAs2,화합물,3,112.99,2.8,10.8,48.89,12.02,9.92
NdSi2Zr4Ir4Mg,고온,5,114.39,5.2,8.91,5.34,4.94,164.68
Au2,원소,1,23.74,4.0,8.82,328.02,7.2,6.86
W4Ru3Nb3K2,화합물,4,74.88,3.3,6.53,34.6,11.31,4.31
SePr,화합물,2,56.95,3.2,13.49,16.83,13.37,0.04
Mn3Ce3LaZnAg,고온,5,56.75,4.1,8.46,5.72,9.45,144.43
Mn2Ho,화합물,2,46.67,2.3,2.52,37.54,9.09,17.8
HgZn2,합금,2,108.7,3.1,3.19,61.6,3.42,9.77
HgPt2BCe2,고온,4,37.21,3.3,8.1,10.36,3.23,134.15
Nd2HBi3,화합물,3,61.54,2.3,3.11,7.86,7.29,2.85
Ti3AsS4,합금,3,125.78,4.9,8.52,70.28,8.02,22.51
MoBTb3,합금,3,137.48,2.2,10.62,133.38,11.46,3.16
GaEu2,수소화물,2,30.27,3.2,4.44,26.72,2.78,129.98
AgBiAu,합금,3,63.02,2.7,12.05,96.6,8.62,6.07
Rb4As3Mo2Ta,화합물,4,30.91,1.5,12.0,30.84,0.55,0.45
SPb3,화합물,2,51.03,3.4,13.51,31.09,14.14,13.86
Sn2CaY2Bi2Hg2,고온,5,105.05,1.7,5.87,1.19,9.26,108.73
Se3Hf2Al4Ti,고온,4,91.53,3.3,3.88,12.03,7.46,82.23
Rb3HfBa4,화합물,3,50.08,5.7,6.75,31.79,8.34,37.9
Nb,원소,1,95.53,5.0,11.64,305.85,8.63,6.84
F4CeK4TeAs2O2,고온,6,66.5,4.6,8.78,8.0,0.23,55.86
In4Sb3Be3,화합물,3,100.0,1.9,8.89,15.68,14.8,10.9
Mo2NiHgGa,고온,4,82.51,5.4,8.86,13.9,1.8,135.73
Hg4Eu3Ni,화합물,3,82.52,4.8,7.75,49.59,7.35,14.92
CP,화합물,2,53.01,4.1,10.77,23.25,13.84,15.64
Cd3,원소,1,90.51,5.0,20.59,312.15,3.18,6.57
FeCuZrTa2,고온,4,63.31,3.3,8.99,10.5,4.29,157.15
Pb3Ru4,화합물,2,51.33,3.5,7.09,23.39,1.41,16.05
PtNaInCa,화합물,4,96.89,3.6,7.02,34.13,14.39,14.74
Sc3BHo3,합금,3,165.52,2.3,14.06,77.67,14.89,0.0
AuLi2,합금,2,68.73,5.2,4.57,127.82,8.33,4.2
Co2Te2,합금,2,132.99,5.4,12.0,111.94,6.05,7.6
Cs2Pb4MgBi,화합물,4,154.45,2.9,1.8,6.92,14.74,11.99
U4Ir4YbZn4Er,고온,5,120.96,4.4,8.34,7.81,6.5,56.92
RhF3Al2Bi2,화합물,4,81.95,3.3,2.53,41.97,9.33,16.79
Cr4PdLa,화합물,3,151.02,3.2,11.88,15.02,4.32,11.51
Pt2Zn,합금,2,147.7,5.2,14.14,73.45,2.64,15.06
F3Ho,화합물,2,81.21,3.7,6.96,2.77,1.79,1.07
FPrNi3,화합물,3,132.88,5.3,6.92,34.75,14.45,6.67
Sc3Ir3Mn2,수소화물,3,21.5,4.1,2.2,36.28,11.68,118.86
Sm2Ir2Mg3Eu2Lu4Hf,고온,6,124.83,3.3,3.1,3.22,13.92,128.28
ThMg2Ba2,화합물,3,155.1,4.2,11.33,46.55,3.81,10.42
Ti3Y2Cr3Th2,고온,4,51.94,4.3,8.55,14.85,6.37,40.19
Mo3Cr2,합금,2,110.58,5.3,7.52,31.09,9.31,27.93
MoCu3Tl3,화합물,3,152.15,4.2,11.64,34.3,6.2,2.62
Eu3,원소,1,215.31,3.0,18.05,70.61,9.11,7.12
RbRu4Ge3Mo4,화합물,4,104.23,3.8,11.13,29.78,8.97,7.32
Fe4Pt4Lu2,합금,3,169.76,3.6,8.12,124.15,6.3,2.85
W3Mg3P,화합물,3,63.66,2.3,6.38,5.27,8.96,9.45
H3Na2Zr3Cd2,화합물,4,29.5,3.4,1.54,17.95,12.75,6.35
Pd4Tl3Li2FTm,고온,5,67.01,5.3,4.6,3.23,11.51,121.76
Bi2Ce2,화합물,2,56.44,2.9,4.15,11.06,6.81,21.45
Cd3Sn3,합금,2,34.6,2.4,6.3,38.28,6.47,10.26
Er2Hg3TmSc2,고온,4,71.7,4.3,6.78,8.89,4.75,162.31
TmAl2Nb3CdSc,고온,5,47.75,3.0,5.61,10.13,8.03,57.53
La2CoTmW2Nd2,고온,5,100.92,2.9,4.36,12.29,0.19,58.49
RuCr,화합물,2,68.72,5.7,4.58,38.82,14.15,17.45
NdZr2Eu2Cu2,고온,4,96.33,1.6,4.28,3.58,0.61,39.6
DyCeBe2Ta,고온,4,107.83,3.2,3.83,10.7,9.16,76.21
Ca4As,합금,2,43.26,3.0,11.39,143.01,2.82,3.11
Ag3CrV,합금,3,119.99,5.6,7.38,10.96,2.06,9.81
Ho,원소,1,29.42,4.0,1.72,359.87,1.05,3.06
Tl4OsCe,화합물,3,97.89,2.1,12.81,32.64,11.84,4.76
Nd3Ba3Os3Sr2,화합물,4,73.71,2.4,8.69,17.88,7.9,0.71
LuOs2Be,수소화물,3,30.91,2.3,4.46,63.32,7.14,260.55
ThNd3Na,화합물,3,53.64,3.8,2.65,29.37,13.89,11.88
Ca2Hf3,화합물,2,53.59,2.2,6.43,16.05,6.31,14.58
Y3PbSm,화합물,3,113.89,5.0,4.17,16.39,5.11,9.4
LuPb2,합금,2,57.94,5.9,7.5,8.34,6.05,10.27
Rb,원소,1,102.05,2.0,7.74,10.86,4.72,0.0
Cd4AlHo,화합물,3,120.18,2.3,11.74,2.52,9.2,3.51
TlSe2Nd2,화합물,3,82.16,2.1,4.48,10.54,7.81,9.73
Sb3TbAg3,수소화물,3,23.69,5.3,1.36,49.65,2.93,178.04
RbBa2Al2,화합물,3,41.99,3.8,13.35,32.66,13.69,8.37
GeZrPr3Sb2,고온,4,115.56,1.7,3.86,13.52,7.15,115.71
Ni3Be3,화합물,2,20.19,1.8,5.5,41.65,4.07,6.58
PdBe4,화합물,2,70.53,2.5,3.04,24.03,11.78,0.19
Tb2SeHCa,화합물,4,85.78,2.5,2.02,33.05,8.88,7.85
Sn2,원소,1,23.6,2.0,5.61,22.84,1.32,7.61
Re2,원소,1,15.99,3.0,6.22,324.56,1.86,2.61
Cr,원소,1,25.81,4.0,6.55,298.95,3.02,2.45
PbSi4Y,화합물,3,60.59,4.8,3.65,20.41,14.41,8.22
CdRu2Zr2FeS4,고온,5,39.37,5.8,4.5,3.2,0.42,41.91
FInTm,합금,3,21.12,3.8,3.98,36.09,4.62,4.53
CuSbPbFe4,화합물,4,96.57,2.0,13.1,10.04,11.37,21.1
Mn3F,화합물,2,26.77,4.5,11.96,48.57,12.09,10.62
RuK4YV,고온,4,132.41,2.2,3.09,5.32,6.23,32.49
Tb4CrTi2Hg2,고온,4,90.19,4.1,8.1,5.21,10.17,54.54
N4Ga3HoYbCd,고온,5,51.23,4.0,8.7,3.95,8.61,57.16
F2TeBaZr2,화합물,4,98.16,4.7,7.93,18.52,4.89,11.02
Lu4P2Tm2,화합물,3,55.16,5.6,6.55,10.2,5.07,12.16
SiCuBaHgTi2S,고온,6,36.21,5.2,3.82,12.75,6.36,60.72
TaC2Na2,합금,3,42.11,3.7,11.54,25.61,3.68,10.16
WSb3Ho3F2,화합물,4,26.76,1.7,5.01,4.61,8.43,0.0
Ga3La2,합금,2,65.61,5.1,6.62,30.81,5.24,21.77
Se2Ce3S2,화합물,3,89.72,1.7,5.05,8.33,12.02,6.29
TbPb2,화합물,2,75.48,2.0,9.08,29.46,14.13,11.44
Sm3U,화합물,2,14.43,2.3,12.82,3.65,5.1,7.91
Pt2CuAg,화합물,3,115.08,1.8,6.3,16.0,5.18,2.5
MoNb2Fe,합금,3,82.66,2.7,4.4,116.64,2.02,12.77
Sb2Ni3Na2TmCe4B2,고온,6,124.2,2.8,3.47,14.95,10.0,54.58
Ta2S4H2,화합물,3,91.16,1.9,3.16,7.71,7.2,14.46
YbZnGd2F,화합물,4,121.99,4.0,7.73,43.65,13.73,2.74
Er3Na3NdSb2,화합물,4,120.21,2.5,2.63,30.45,6.97,13.38
PrHg2,합금,2,74.97,5.9,13.29,89.49,2.96,10.52
WRh2,합금,2,77.46,4.9,8.54,149.54,3.76,6.85
NiSe,화합물,2,29.8,5.6,4.85,17.54,2.92,22.06
PdSr3,합금,2,48.51,3.0,8.52,53.29,11.31,5.38
S3Ta2,합금,2,52.7,5.1,3.84,57.0,7.92,4.79
GeZrGd2TbTeTa4,고온,6,96.96,3.4,7.7,4.86,13.51,89.28
Na3Pr3Ti2Ni4,화합물,4,85.67,2.9,4.97,35.06,5.55,4.37
Sr3O,화합물,2,37.64,1.7,6.81,8.77,3.8,6.9
Cs3Dy2HTa,화합물,4,73.21,2.4,5.91,49.86,9.48,2.44
TeTi2,수소화물,2,45.1,5.8,5.13,40.9,4.98,221.03
Fe3TmEr2,합금,3,74.95,4.5,4.39,71.0,12.18,19.67
Ga3U3ReCe3HgNi2,고온,6,55.63,2.7,5.61,9.05,2.81,143.7
PrGe2Ni2K4,화합물,4,98.16,4.3,8.54,41.41,5.04,16.42
Th3Y,합금,2,93.09,3.2,8.21,20.99,3.77,4.89
ErTbIn3,화합물,3,98.08,5.8,10.13,28.69,5.34,7.05
Li2Rh3Sc3,화합물,3,92.0,2.7,7.01,8.78,13.06,3.02
Ho3Gd2,화합물,2,109.2,4.8,4.01,20.91,12.42,21.85
Ca2Se3Mg,합금,3,120.06,5.6,15.9,15.61,12.3,7.16
Si3Ti2,화합물,2,32.11,5.0,7.75,7.58,10.12,27.65
Ir3Lu2Ag3,화합물,3,144.17,4.8,13.81,21.22,4.09,7.94
K2Hg2W2,화합물,3,50.96,1.6,5.72,27.11,7.26,3.84
Be3Tl3SErAs4,고온,5,129.45,4.2,5.15,7.88,1.91,106.51
GeGdBeMoPb4,고온,5,68.2,3.1,8.69,14.94,6.37,158.38
EuCr2Tm3,화합물,3,125.67,5.1,5.28,29.08,6.54,16.48
CoLa,수소화물,2,12.6,1.8,5.04,21.78,14.53,185.72
K3,원소,1,121.61,4.0,21.87,333.63,1.81,9.34
Er,원소,1,153.05,1.0,18.16,348.84,8.5,2.02
Pb2Rh2Nd,화합물,3,102.03,3.8,7.28,18.14,10.36,8.85
HoCoGa4,화합물,3,151.08,3.5,13.56,35.73,8.67,1.91
KEu2ErMn3,화합물,4,79.57,2.9,3.99,10.91,9.5,16.6
NiU2B3,화합물,3,123.1,2.3,7.84,2.24,2.05,13.94
BaAl2,합금,2,147.51,4.7,15.97,43.53,6.27,9.89
Dy3Th,합금,2,71.6,2.6,15.69,52.74,4.36,5.01
AsVGd4W,고온,4,92.44,5.4,3.75,12.43,10.78,44.2
CaPbK2AsHg2,고온,5,102.14,3.9,8.25,9.03,4.46,124.99
Mo2Hf3,화합물,2,152.72,3.8,11.61,21.64,8.92,6.0
CaGa4,화합물,2,10.97,2.3,13.87,5.42,5.88,2.89
La3Rh,화합물,2,80.69,2.3,13.92,34.82,14.8,2.13
Sb2Ta2,합금,2,29.14,5.6,15.99,57.45,13.99,6.86
AsEu2,화합물,2,59.18,5.0,5.19,38.36,13.0,10.8
Sm2Cd4,화합물,2,79.65,3.7,5.96,8.54,10.02,9.06
N3Cr4POs,화합물,4,34.99,3.2,2.86,13.43,7.06,17.43
Zr2,원소,1,93.05,2.0,20.19,371.02,8.28,0.0
Sb3Nb,수소화물,2,14.8,2.3,1.85,38.12,0.94,261.76
In3Bi2Zn3Ce2CsTh4,고온,6,52.38,3.0,3.23,7.69,2.5,102.07
Ag4Er2,합금,2,71.83,1.9,9.88,25.82,7.32,6.71
Si2F3Dy,화합물,3,41.85,5.9,10.4,2.45,8.78,13.62
Sn3PBe3CsSr,고온,5,119.85,3.8,6.65,1.58,13.63,144.44
NdV2,합금,2,170.15,4.6,6.08,135.06,11.6,4.7
Au3SrIn2,화합물,3,131.85,4.4,3.77,18.91,13.1,8.6
CoNiTl2Pt,화합물,4,105.57,3.9,2.39,31.53,8.51,2.82
Sr3Sc,화합물,2,136.01,4.2,13.75,47.32,2.84,6.04
Dy2Zn3Mo2Pb2Ga4,고온,5,105.33,5.2,4.44,1.83,3.15,37.77
S3Rh3,화합물,2,131.94,5.3,3.31,29.08,8.1,19.43
Fe3,원소,1,114.38,3.0,19.08,182.48,2.15,0.0
Be2,원소,1,15.01,5.0,19.49,123.23,4.2,4.49
Zr3,원소,1,24.02,5.0,7.62,360.16,6.22,6.07
Li4Pt,화합물,2,63.08,5.7,11.41,45.82,7.51,18.63
Er3Cr2N4,화합물,3,60.45,4.0,11.06,8.3,8.29,4.14
Ta2W4,합금,2,107.69,3.1,4.61,120.01,8.49,29.65
CoCe2Pb2O2,화합물,4,154.45,3.2,9.91,3.24,4.39,11.22
RuY,화합물,2,121.94,5.2,10.69,44.52,14.41,15.84
Au2MgCo3,합금,3,111.69,3.4,9.1,95.29,4.77,6.16
SnBa2Sm,화합물,3,78.41,3.4,13.7,28.54,14.08,11.99
Si2Ce2Ho2In,화합물,4,75.37,5.6,1.65,8.19,9.15,4.0
La2CrCEr,화합물,4,24.32,4.9,5.98,10.1,9.88,1.84
TlP2RuMg,화합물,4,110.84,3.0,12.97,6.37,4.7,11.26
BaHf,화합물,2,34.47,2.4,2.71,27.14,13.18,17.86
NdSe,수소화물,2,42.76,3.7,6.91,57.23,13.63,289.46
GeOs2Sm,화합물,3,68.08,2.1,13.76,7.94,2.63,2.49
Ta3LuGd,화합물,3,42.23,2.7,2.2,44.2,0.79,7.01
S3ScNd2,화합물,3,142.66,2.1,4.19,7.13,3.83,5.64
Dy,원소,1,182.15,5.0,14.82,128.45,4.38,1.11
ScO,화합물,2,123.5,5.7,12.13,33.68,8.7,12.84
Co3As,화합물,2,90.84,3.1,11.65,35.47,5.16,8.38
Mo3Ru4B3,합금,3,123.13,3.3,9.82,139.69,13.95,0.15
Lu2Dy2Tl2Cu2,화합물,4,124.28,1.7,7.74,47.8,10.87,13.78
Cu,원소,1,170.99,5.0,6.17,57.03,9.68,7.38
Au3O,화합물,2,57.84,4.0,10.35,33.6,0.67,4.39
ZnYb3,합금,2,134.13,5.4,5.97,68.18,9.39,12.72
Cd,원소,1,205.95,5.0,5.19,274.15,9.46,2.28
Zr2Pd2Gd3Si2Ti2Nb3,고온,6,47.67,5.8,3.33,11.82,2.11,116.41
Se2Re2O2Ho3,고온,4,117.65,4.6,7.33,3.66,3.75,64.43
SHg3,합금,2,83.47,5.5,2.87,111.25,14.8,8.66
Sn2ScH,화합물,3,71.62,3.4,6.51,34.84,8.15,27.67
F2Sb2,합금,2,61.64,2.3,15.89,61.34,5.65,4.17
Rb2NiSr3,화합물,3,96.62,2.2,1.64,14.23,6.16,4.67
Te2FeKW4,화합물,4,118.28,3.3,12.69,9.32,1.7,6.17
RbSn,합금,2,135.98,3.1,3.67,127.43,3.74,0.61
Sr2Li,화합물,2,139.47,4.9,3.69,17.9,0.73,8.19
Ti3Ge,합금,2,163.35,2.2,8.09,91.66,3.1,3.81
Ho3,원소,1,193.39,3.0,18.46,285.82,2.44,3.09
W4Ta2Tm3ScZn3Si4,고온,6,97.43,4.0,4.49,10.76,3.38,97.38
Ge3Tb4Th2,화합물,3,57.74,4.4,3.09,28.51,3.9,19.3
OC4Sr4Tb,화합물,4,128.32,1.9,11.38,20.87,10.93,1.7
Y2P2Cd2,화합물,3,22.46,1.6,13.67,20.79,3.96,3.15
Sc4Ir,화합물,2,32.91,5.8,2.98,42.89,14.24,8.77
IrOsH3Cr3,화합물,4,64.87,5.9,9.88,8.06,10.32,10.85
In3Be2AuGe,화합물,4,34.89,3.1,4.15,17.61,14.82,1.4
MoSm4Rh3,화합물,3,98.52,2.7,7.07,42.21,14.41,8.4
Mn2TaRe,화합물,3,124.95,4.9,10.06,35.26,11.05,9.02
Ni2Ga2H,화합물,3,33.23,3.4,3.23,6.67,13.56,8.22
Mo2In,화합물,2,63.61,6.0,3.1,21.54,7.2,10.83
NbCu3Ca2,화합물,3,155.64,3.9,5.75,42.31,13.89,21.3
SnNbRe,화합물,3,48.69,3.5,7.43,20.78,13.35,6.35
PtNb2,화합물,2,48.57,1.8,8.13,34.94,14.43,0.94
AsZr2Eu2,화합물,3,30.69,5.6,4.59,39.64,2.13,8.54
P3Ta,화합물,2,14.74,5.9,5.8,10.4,13.51,9.26
Pt2Be2Ni4SbLu2Os,고온,6,114.43,4.9,5.68,2.58,9.19,111.99
Mg2Co2,화합물,2,53.54,3.5,7.99,5.6,2.75,32.38
Pr4Se3S2B2V3,고온,5,116.15,3.6,3.77,2.47,13.75,160.1
In2GdLi,화합물,3,102.64,4.6,9.97,23.71,2.57,63.38
NdLa3,수소화물,2,36.76,2.6,3.05,78.85,2.11,105.48
Mg2Na2Nd4,화합물,3,94.22,4.5,7.86,42.22,6.46,6.83
CsTh3,수소화물,2,13.62,2.1,3.34,21.34,8.51,280.77
O3Pt3,합금,2,141.57,5.8,7.32,135.28,3.47,9.47
Ni2,원소,1,132.03,2.0,10.67,264.04,3.56,2.18
CdAl3K,화합물,3,115.3,2.9,1.69,31.91,0.23,5.82
Se3Rb,수소화물,2,49.19,4.4,1.15,24.89,4.93,148.55
Si3Ba2,화합물,2,55.39,5.8,9.9,8.88,7.9,17.83
Rb2Hf,합금,2,125.21,2.9,12.74,15.89,0.8,7.66
Nb2Ho2Ni3Hg,화합물,4,97.75,2.9,8.39,29.48,11.54,5.52
Gd2Rh4,화합물,2,60.69,3.6,5.61,25.83,0.29,8.93
HgMg,화합물,2,44.19,2.4,1.92,36.26,7.45,18.36
K2Pt,화합물,2,12.33,5.7,6.86,21.94,3.8,12.7
SnCr2,수소화물,2,32.08,1.8,2.38,54.36,0.36,160.08
Zn2Ce3Y2Cd,고온,4,78.79,5.8,3.91,10.98,7.26,99.58
Co3Sr2,화합물,2,150.4,2.7,10.37,12.95,3.39,8.99
PPb2Li3,화합물,3,54.6,2.1,5.51,38.04,14.22,24.07
Pt2RhCa3,화합물,3,102.11,3.8,5.83,38.53,0.36,11.0
Au3Tb2Fe2Yb,화합물,4,10.66,2.5,5.71,32.21,6.25,18.27
Te2P2Hf2,합금,3,37.21,3.2,8.79,101.15,12.76,5.61
H4SnAlCr3,고온,4,131.88,5.4,6.42,9.59,5.89,140.57
Ag3Se2Co,화합물,3,139.24,3.0,9.99,39.62,2.79,5.93
CeV2Se3B3Er3Th3,고온,6,133.45,1.6,5.2,12.41,0.11,36.37
Tl3P3As3Hg2Rb,고온,5,107.77,3.3,8.18,4.22,14.88,62.15
U3,원소,1,188.03,3.0,11.94,229.16,3.71,3.52
MnRh4Nb4,수소화물,3,53.81,2.6,6.98,28.62,7.71,165.69
Sn2VY,화합물,3,67.93,3.4,2.41,24.55,6.54,12.05
F2NaSi,화합물,3,35.57,2.9,1.92,11.25,1.92,8.4
YWV,화합물,3,128.59,1.9,5.11,13.8,9.12,7.03
YC3Na,화합물,3,98.62,4.5,7.83,11.24,10.58,3.21
Ni3In3SmSe,화합물,4,125.8,3.0,4.61,11.26,3.38,8.12
Al2Ti2Fe2,화합물,3,131.25,3.2,6.48,13.88,9.84,4.27
Gd3Os2,합금,2,115.68,1.6,13.45,52.1,10.24,0.0
BiNb3Ag,화합물,3,36.76,5.9,6.02,17.03,9.62,21.28
LaYbBe,합금,3,54.62,4.4,13.75,55.05,1.54,6.28
Zr,원소,1,152.32,5.0,13.07,114.37,2.89,2.7
Co3PbHo2V2,화합물,4,155.89,4.2,4.9,9.82,9.41,11.78
Ba2Be2,화합물,2,110.67,4.9,4.72,7.99,2.77,14.34
Mn2HfEr2,화합물,3,158.81,4.3,10.04,22.96,12.91,22.45
N3,원소,1,179.63,4.0,16.36,71.1,2.64,1.91
PdPtBeAs4C2,고온,5,126.31,1.8,8.16,11.72,2.79,136.64
Sn2Sc2,화합물,2,89.5,5.7,12.99,19.54,13.63,10.82
O3F2Eu,합금,3,136.65,1.5,6.69,39.55,11.7,3.64
SnMo,화합물,2,96.33,2.1,4.11,40.42,13.0,16.87
Ti3S3La4Ag3,화합물,4,109.52,4.6,3.76,43.74,1.89,2.41
Be4,원소,1,137.22,2.0,15.35,128.31,6.72,4.41
SeErSn2Th,화합물,4,145.25,3.1,11.32,5.68,8.35,13.14
YbInAl2ThPt3N2,고온,6,115.28,5.2,5.83,6.9,2.61,72.41
HoC4Tb3NdSbTm4,고온,6,60.6,3.1,3.07,5.68,1.14,145.14
Sn2Ba,합금,2,69.41,5.4,14.34,21.69,3.36,6.38
V3Al2Ti2In3,고온,4,76.94,2.3,3.23,3.74,5.73,55.31
Fe3Nb3Th2Cr3,화합물,4,68.91,3.3,9.39,18.76,12.12,5.03
AsAg4P2Cd,고온,4,91.92,2.0,6.9,1.58,13.3,141.45
Nd,원소,1,61.06,2.0,1.76,148.41,1.21,0.0
Tm3YTb,화합물,3,40.55,4.8,5.25,12.18,8.11,9.24
AuGeMo3,화합물,3,99.86,1.7,2.53,4.47,12.8,0.19
W2HfK2,합금,3,77.32,1.8,6.7,32.78,7.15,5.47
SrSm3HgNi4,고온,4,104.53,4.9,5.56,3.02,9.08,71.1
PtW3Pb3,화합물,3,98.8,2.4,3.7,24.67,13.29,6.65
C3,원소,1,142.18,3.0,21.15,20.77,5.27,10.05
WCuRb3Ag2,화합물,4,62.02,2.6,10.41,26.01,3.08,5.64
Si4CeTe2Ga2,화합물,4,138.85,5.1,5.07,3.71,10.46,10.24
Tl3Er,합금,2,109.86,3.9,4.79,61.13,1.44,4.93
La2W3,수소화물,2,19.19,5.3,1.61,36.84,2.85,260.23
HoYbNa4Rh4Lu4,고온,5,124.97,3.7,3.45,2.96,9.32,37.88
TiAl2Lu2Pr4,화합물,4,83.73,2.8,7.54,43.78,2.43,5.57
WCeUSe2,화합물,4,133.65,2.8,10.4,43.43,8.51,4.76
W2Tm,화합물,2,149.42,3.1,9.89,10.65,8.24,13.28
Yb2PrP3Ba,고온,4,139.68,2.0,3.22,7.69,9.53,107.12
HBeThCsPd4Lu2,고온,6,101.52,3.7,4.01,14.06,1.07,107.03
SiTa3,화합물,2,23.11,2.4,10.29,15.79,0.82,5.44
TmRe2MgCa3MoMn,고온,6,138.79,5.2,5.57,10.75,10.64,149.89
GdAu2HfLi4,화합물,4,117.89,4.6,5.17,25.68,12.96,9.5
Pt3H3,화합물,2,14.87,3.3,8.72,10.66,7.86,4.96
Ir4C4Bi2Er2,고온,4,125.91,5.5,3.67,4.67,2.79,128.25
Y2UTe2Ce,화합물,4,122.83,4.8,7.65,45.3,7.12,16.58
Sn2Pb2Ru3,화합물,3,59.44,4.6,12.36,44.47,4.78,15.19
Tm3InC4Ce2,화합물,4,73.21,5.7,4.92,48.21,7.93,21.99
CeFe2,합금,2,20.96,3.6,7.79,48.5,1.37,9.76
PtIrMn3Te2,화합물,4,132.99,4.9,12.16,19.57,11.91,4.66
Ga3BiAsSm2PtRe,고온,6,84.48,3.6,5.86,5.67,13.8,141.75
Al3Te,화합물,2,158.04,4.1,11.34,37.38,11.29,9.89
Te2OsYb2H3Mn3,고온,5,133.65,2.6,6.44,10.66,6.43,157.5
P2Ta3Bi3,합금,3,20.01,5.9,9.5,87.03,6.23,5.87
Au4Mo2K2,화합물,3,158.36,4.1,8.61,1.63,6.1,4.7
Te3FB3,수소화물,3,9.09,1.9,7.72,40.26,0.51,207.23
InAuK3,화합물,3,113.78,1.6,8.82,39.3,1.29,1.46
PrPd2,합금,2,179.19,3.4,12.71,16.08,8.64,10.67
ScPd3SiNd4,화합물,4,157.93,4.3,8.61,13.22,12.3,21.77
In3Si,화합물,2,100.46,2.0,8.14,18.47,5.53,5.35
ZnHo3Cr,합금,3,104.6,4.3,5.2,100.74,10.86,1.54
SSi2Nb3La4,고온,4,87.95,5.4,4.98,14.27,1.69,136.67
Rb2Dy3,수소화물,2,53.49,3.9,3.16,36.2,13.14,143.38
Dy2SbCs3,화합물,3,105.02,2.0,8.06,21.11,1.83,0.46
Y3Pr3OsH2,고온,4,96.6,4.9,7.09,8.26,1.1,84.78
ScLu2Au3Hg,고온,4,60.04,4.4,3.42,7.22,12.71,53.54
ZrHf2,화합물,2,137.24,5.6,3.96,17.67,12.16,7.82
Tm2,원소,1,200.64,5.0,6.54,117.42,3.82,0.01
La3PtB3,합금,3,80.12,5.7,14.07,82.05,8.86,11.91
B2,원소,1,40.55,4.0,18.71,249.64,1.75,5.83
Nb,원소,1,110.82,3.0,11.99,116.71,0.58,0.35
InAl3N2Th,화합물,4,147.96,4.4,9.38,6.57,6.4,12.0
Fe3ULa2,화합물,3,57.7,2.0,13.84,5.32,14.05,26.27
TiHo3,합금,2,58.53,5.5,6.88,78.11,0.54,6.29
Y3,원소,1,223.99,2.0,5.97,34.14,2.67,3.72
Sn4LaZn2,화합물,3,18.23,5.4,9.6,19.75,5.35,4.09
ReC2,합금,2,150.96,3.4,4.65,48.92,3.87,11.79
CsYbRh2Ru2Pb,고온,5,56.32,2.3,4.68,8.38,5.7,162.65
S3,원소,1,237.0,3.0,17.91,112.52,7.51,0.0
NiN2B3Cd3TeTi,고온,6,33.78,2.0,8.26,8.93,1.8,29.94
Fe2Be3Ba,수소화물,3,42.01,4.4,1.95,70.48,3.63,131.65
Te3Bi3La2,화합물,3,91.03,2.6,3.2,45.77,3.09,1.57
Tb3Gd2Os3Tl2,고온,4,77.84,3.7,8.74,11.62,14.55,103.52
GdCu3Pb2Tb,고온,4,128.65,2.8,7.38,3.7,14.13,137.81
Bi2MoK,합금,3,169.83,2.8,13.57,117.69,7.47,16.58
AlBi,수소화물,2,41.06,3.2,7.52,78.6,4.7,235.65
TmSm4Sr2Al4N2K3,고온,6,135.29,4.4,8.01,1.3,10.12,131.26
Mo3V2,화합물,2,144.3,2.7,2.7,38.64,8.99,13.66
Si3LaNb2,화합물,3,39.91,5.8,4.38,44.48,14.74,17.98
Sc2Yb4,화합물,2,15.35,4.3,11.96,47.46,11.69,13.2
EuNiY,화합물,3,145.74,2.5,2.75,29.65,11.26,6.63
LuEu2Y,화합물,3,50.45,5.0,12.6,15.57,5.0,31.66
BaZn2N4,화합물,3,30.34,2.4,6.78,35.67,14.56,18.34
Hg4Ce3Tb2,합금,3,125.25,4.7,7.29,118.22,3.3,5.02
CCr3Al4,화합물,3,127.97,3.6,2.93,13.92,6.08,14.52
Rh3ReRb,화합물,3,53.09,4.4,1.64,13.15,13.09,3.46
PCuTl3,합금,3,44.68,2.4,8.45,10.73,14.2,1.04
TeW4,합금,2,50.34,1.8,8.9,149.64,8.21,0.17
Tl2Au,합금,2,129.87,4.7,15.89,134.14,1.25,10.83
Mo2GeFe3,화합물,3,129.56,1.9,2.82,27.99,3.36,14.05
Se2Nd2Pr,화합물,3,137.78,3.1,1.89,48.97,8.39,10.83
Lu3,원소,1,38.98,3.0,20.04,80.7,6.42,0.0
AuMo4NbW4,고온,4,139.14,4.3,8.14,11.65,7.13,83.76
Eu2AgLu3Rh2Co2,고온,5,42.29,3.1,7.88,5.11,8.79,140.58
Nd3P2Pb2K,고온,4,31.24,5.9,7.9,13.01,1.31,123.7
RhPb3,합금,2,147.34,5.0,9.76,121.96,12.49,10.28
Nd2TiH,화합물,3,80.37,2.4,13.16,41.89,3.26,4.5
Li2FeOs,화합물,3,61.93,4.7,12.53,9.23,6.92,10.08
CuPb,수소화물,2,8.63,4.8,3.98,8.37,12.44,278.11
Ru3TeSeTa3,고온,4,57.79,5.4,8.48,6.27,3.16,81.34
Hg2SrMgTl,화합물,4,132.32,2.9,11.77,5.63,0.32,18.61
ErRh3HfHoP4Cs,고온,6,50.6,4.9,3.86,7.22,5.3,127.05
WY3Rb3,합금,3,21.47,1.9,4.36,72.6,4.73,2.53
Hg4,원소,1,87.6,3.0,16.01,123.05,5.72,6.88
Tb3Rb2,화합물,2,125.6,3.5,7.38,48.54,14.31,10.5
AgK,합금,2,152.08,5.3,14.15,12.1,10.65,9.08
Cd4Al,합금,2,104.35,4.2,7.08,10.56,3.36,0.36
ScOs4Ru2Mn2Ga2,고온,5,89.0,4.8,8.29,13.36,7.21,145.46
ThTl2,합금,2,40.7,3.2,10.43,49.02,5.92,5.29
Li3Ag4Bi2Sm,화합물,4,33.09,5.3,10.7,4.33,4.09,53.54
Zr2Os4N2AlPdNd3,고온,6,99.5,5.1,7.12,9.95,12.6,112.49
Ti2LiCo4,화합물,3,139.14,3.7,4.97,41.68,12.8,7.02
H3PdBa,합금,3,61.81,5.0,5.24,75.62,14.05,7.81
Se2O,합금,2,59.48,3.3,14.48,104.02,8.96,11.99
Gd2U,합금,2,74.07,4.0,10.91,50.22,7.51,4.85
Te2,원소,1,81.23,3.0,19.65,35.22,9.73,0.32
Rh4Nb3,합금,2,146.67,5.0,8.8,147.62,7.61,8.09
Se2Be,화합물,2,84.23,3.4,6.87,31.94,13.5,6.2
Hf2NbLu2,화합물,3,143.87,3.0,9.08,17.38,5.97,0.44
Ir2SmBa,화합물,3,109.93,5.4,2.03,39.0,13.59,10.14
PbY2SiO3Cd,고온,5,131.79,5.0,8.2,3.64,1.88,133.01
MgCIr4CeOs3H,고온,6,103.09,2.6,5.37,12.9,3.0,131.56
Gd2UCe3,화합물,3,37.34,5.3,11.62,34.65,14.97,7.19
Lu2B,합금,2,80.15,3.2,12.36,24.72,9.41,15.49
Cd3Y,화합물,2,73.01,4.0,7.25,27.26,14.85,8.8
Ga3Nd4Mo3,화합물,3,64.1,2.6,8.82,8.11,12.92,8.99
Yb3Pt4Ta,합금,3,28.97,3.6,4.09,30.39,8.58,5.21
La3Ce3Ir3Cr2ReN3,고온,6,60.11,5.8,5.99,14.18,12.59,81.14
Ru3Er,화합물,2,86.48,4.5,8.53,25.73,14.81,3.88
BMo2,합금,2,62.8,5.8,12.11,5.22,2.72,6.37
CrMnFe3ReNd4,고온,5,40.93,2.4,7.7,14.77,8.89,48.11
Be4Al3Au4Zr,고온,4,59.35,2.9,5.92,13.01,2.86,70.19
Pd2Yb2K2,화합물,3,70.54,4.7,7.18,43.36,3.16,24.24
U2CdYb,화합물,3,71.49,2.5,13.75,12.13,1.23,4.54
K4Mg2Dy,화합물,3,116.99,2.3,12.32,5.97,0.82,14.94
Bi2Yb3O2B3Si,고온,5,114.5,5.8,4.61,11.06,12.91,105.39
S,원소,1,61.01,4.0,6.41,2.75,3.66,2.79
ZrTe,화합물,2,10.16,1.7,7.61,46.51,12.83,4.04
Nb4Ga2N3,수소화물,3,3.12,3.8,4.55,75.45,11.97,216.65
Rb2Ga,합금,2,60.36,2.4,13.29,82.15,13.45,8.77
P2AlCe3Ge3Ru4,고온,5,118.82,4.7,5.53,10.82,11.52,114.58
Pd3Au2,수소화물,2,28.85,3.5,4.37,62.46,0.77,269.64
Pd2Eu4W4,합금,3,84.84,2.7,2.8,138.78,7.59,1.04
InV2K4Ag3SiCu2,고온,6,66.81,3.5,3.17,2.33,14.64,137.46
Re3As,합금,2,155.48,4.7,6.59,92.11,11.39,11.39
NaPr3Rh3Ru4Mn,고온,5,59.24,2.0,5.5,3.03,9.71,136.46
U3TlRh3Ga4Mo,고온,5,58.31,4.6,8.3,14.67,13.07,156.57
Gd3ZrRu3,합금,3,79.52,1.9,12.84,37.58,7.48,6.06
H2OsCu,화합물,3,69.62,4.7,4.73,9.71,5.73,32.25
Rh3YbHfTe3Cu2Sm,고온,6,65.62,4.9,8.99,1.73,6.72,121.52
ZnO2K2,화합물,3,125.79,3.4,5.63,27.17,13.12,4.54
W2Lu2Ta,합금,3,108.16,4.3,14.03,86.24,8.53,13.54
NdTb3,합금,2,150.84,5.1,8.01,22.22,12.38,9.52
Al2Ag4Cr2Ta3,화합물,4,109.09,4.4,5.07,12.55,9.02,4.03
Cr2HfRb3,수소화물,3,41.02,4.0,4.58,61.63,11.18,110.57
VTiSbGaC2Sm,고온,6,34.98,4.9,4.28,1.52,11.41,38.71
LiO3,화합물,2,133.11,2.7,3.38,16.77,9.24,12.82
Cr3Ca2,화합물,2,151.97,2.3,12.71,24.73,2.51,5.09
ScYb2,합금,2,155.4,3.1,10.93,63.11,0.63,13.75
Ag2HoNb4,합금,3,176.98,4.1,11.83,23.59,9.6,2.74
ReBi2Be4,화합물,3,111.74,3.9,4.8,24.01,11.05,10.19
Ti3Er3Eu3,화합물,3,91.14,1.7,9.82,13.84,4.91,0.36
GeGaMn,화합물,3,148.41,1.9,5.54,41.57,2.66,9.23
CsAu2,수소화물,2,1.57,5.3,7.73,28.68,10.29,248.46
H2NdSc3F4,화합물,4,139.08,2.0,8.73,14.25,14.31,6.58
B2Cr2VYb,화합물,4,38.96,5.6,8.4,48.65,1.12,4.22
PNb2,합금,2,121.83,3.0,2.13,60.08,8.57,7.95
SiN,수소화물,2,19.49,4.8,4.68,26.24,13.79,144.05
Co4Ca4CeCd4SRb,고온,6,93.93,5.0,3.2,11.65,2.51,115.13
PV2O2Pr3MgC3,고온,6,61.72,4.5,5.77,12.26,0.6,148.44
NbPb3,화합물,2,147.61,5.1,3.3,16.56,2.54,12.57
Mo2Os3Er,화합물,3,150.28,3.6,2.92,1.67,2.99,9.63
FLi4,화합물,2,85.22,2.5,6.98,5.07,10.09,0.0
AlGa4,합금,2,43.37,5.9,13.41,148.51,6.78,9.58
Ir3CoLaK2,화합물,4,35.38,3.1,3.38,17.59,4.32,20.78
Pb3CrHoAu3,고온,4,124.25,1.6,5.77,11.52,10.44,134.54
N3La3Ba2,합금,3,72.41,2.2,14.15,101.13,8.3,5.4
MgAg2,합금,2,108.92,2.8,7.77,21.74,6.85,8.09
CdTb3La3Ga3,고온,4,113.12,4.6,6.29,13.29,6.38,73.09
NaH2,합금,2,86.83,2.4,15.18,13.23,10.88,8.13
O3Sm3,화합물,2,25.07,5.6,13.7,9.82,12.79,13.47
Ni4Fe2Hg4Cs4,화합물,4,14.29,4.3,5.06,17.38,7.71,8.85
U4NRuLa4,화합물,4,34.58,4.6,6.5,31.32,14.4,18.53
CdIn2Si2SrIr3,고온,5,47.13,4.3,8.09,10.15,2.09,131.12
P4Fe2Se2Sm2,화합물,4,96.84,3.0,12.76,43.25,14.09,5.2
Cr3GeC2Th3Ir3,고온,5,76.35,2.6,7.95,5.65,12.36,80.23
MnNa3BiLi3Ti3Pb4,고온,6,86.48,4.5,7.57,4.19,5.77,61.11
La4Hg2Si2Os2Ca,고온,5,56.24,3.7,4.53,3.31,7.82,69.91
Be,원소,1,202.75,4.0,17.26,258.02,1.58,0.0
CoAsBa2,합금,3,41.47,5.6,6.11,146.87,13.36,11.93
RhCs3Si,합금,3,62.96,4.9,10.7,115.3,4.04,2.51
HfC2UP2,화합물,4,72.67,5.7,8.29,27.29,11.21,14.69
Ga2Ni2YGeCr,고온,5,83.73,4.5,3.63,5.25,9.09,164.2
Pr3PSc,화합물,3,86.41,4.3,6.48,6.69,2.58,15.79
Er2U2KSm4,고온,4,55.12,1.6,3.99,10.0,2.96,138.31
YSm3,화합물,2,66.57,5.2,9.76,16.82,4.48,14.58
CuRh2,화합물,2,124.17,2.8,8.46,28.33,9.49,5.28
Mo2Rh3PtIr4,고온,4,130.6,2.2,7.14,9.01,8.23,127.95
Pr4Mn2N2,화합물,3,155.45,5.5,6.73,16.27,13.87,11.23
MoTbNaNb2Ge2Dy,고온,6,122.43,1.8,7.93,14.38,0.89,96.73
Tm3N2Ca,합금,3,163.25,2.2,5.67,140.98,9.23,10.26
Re3Hf2Ge2Pb,고온,4,33.44,5.1,5.6,4.68,2.85,72.25
F3Zn3,화합물,2,99.55,2.3,2.32,16.2,0.27,8.66
Hg2Tm2ErOs4,고온,4,69.95,2.9,8.71,12.3,2.81,146.51
Tb2SrSe3,합금,3,174.73,1.8,12.53,27.94,11.75,0.0
LuRe4Ca3Ta,화합물,4,78.36,5.4,1.61,22.34,2.07,5.78
W2ZrYHf3Pt2K,고온,6,54.92,5.4,3.33,14.33,2.5,112.86
Hg4UCePb2O4Mg,고온,6,130.11,4.7,3.27,9.64,4.55,127.97
Cu4,원소,1,187.65,1.0,15.75,226.14,6.01,0.6
Tl2Al3U,화합물,3,34.96,5.4,8.27,45.59,12.01,16.98
RhNd2Ba2Sr,화합물,4,48.81,5.4,2.38,14.98,3.11,3.88
HZr2,합금,2,164.46,1.9,11.3,99.97,12.53,8.51
BeSe2,화합물,2,129.27,2.1,7.24,38.04,1.6,13.76
Be2S2,합금,2,95.31,5.7,15.4,15.93,4.69,5.83
Rb3YbDy,화합물,3,47.46,4.1,11.3,37.02,0.82,6.66
FeNi2Tb2Li3,화합물,4,12.16,3.1,11.56,25.99,9.04,12.38
AuSn,화합물,2,84.61,3.5,12.13,2.6,1.29,9.05
Hf4AsFeInRh2,고온,5,98.41,2.0,6.11,3.26,13.31,141.86
Er3B2,수소화물,2,31.14,4.5,6.6,69.98,5.75,202.05
CaMn,합금,2,96.09,1.9,3.88,16.2,0.52,2.21
Eu4CsInCd2,화합물,4,116.1,2.2,6.66,2.4,12.05,9.48
BiMg,합금,2,177.51,5.5,14.78,47.5,6.47,10.65
CoPb2,화합물,2,43.13,4.6,11.42,7.47,13.7,10.16
Nd,원소,1,116.25,3.0,9.35,372.4,7.91,8.15
Er2Nd3U,합금,3,160.58,3.7,2.75,10.46,7.74,0.0
Rh2EuAl2Ca,화합물,4,64.33,2.4,11.09,6.03,12.77,7.88
S3PtK3Gd,화합물,4,54.87,3.1,10.6,33.19,2.3,3.5
SnUCd2KFe,고온,5,93.79,1.8,3.99,3.23,12.94,153.91
BaSc3NHCd4,고온,5,117.86,3.8,5.9,4.33,3.17,144.28
ZnN2,수소화물,2,57.88,4.9,7.54,31.38,11.36,122.13
Rh2Y2Na4,화합물,3,11.18,4.1,10.22,35.58,12.46,8.96
P3Sm2,합금,2,85.34,5.9,7.33,47.6,3.97,24.12
Se4Cs4Pb4N3,화합물,4,139.72,3.4,9.43,39.57,9.21,4.29
N2PSm2Te2,화합물,4,21.68,3.3,2.73,39.97,14.75,17.87
Sn2Hf3,화합물,2,104.47,4.6,8.51,41.55,9.79,43.97
N2Th2,화합물,2,69.47,3.5,3.98,26.66,4.42,9.83
Sm2Ir2,화합물,2,137.29,4.4,2.03,46.22,10.5,3.01
Ni3MoGd3,화합물,3,99.2,3.9,6.31,36.94,1.37,20.22
SrRuLi3,합금,3,168.71,3.3,14.11,44.57,1.92,2.5
Si,원소,1,155.5,4.0,5.57,292.92,8.83,11.52
Lu4Mg3Er2,합금,3,55.42,4.2,10.46,99.6,4.8,4.36
ReYb2,합금,2,59.62,4.4,6.36,63.65,4.87,9.19
WNYBa2,고온,4,73.86,2.5,6.21,6.44,3.5,45.66
GdBe2Sb2,합금,3,83.67,4.2,14.36,23.86,8.4,2.61
C4Ba4Rb3,화합물,3,94.63,1.5,12.86,8.15,9.08,14.26
ZnAlPb2Au4,화합물,4,97.89,5.3,9.36,33.28,6.93,14.7
Pr,원소,1,93.36,5.0,18.53,131.26,7.39,6.81
Mn2Ru3AsSm3,고온,4,101.62,2.8,3.03,4.76,0.38,41.25
FTi2,화합물,2,112.79,2.9,5.35,34.25,11.56,20.99
TaSm2,합금,2,62.4,2.8,6.74,44.86,14.55,0.0
Ge3BaFeTe2Ru3,고온,5,60.6,1.6,3.27,10.39,2.83,146.85
Ag2,원소,1,24.61,3.0,7.4,140.03,5.68,4.02
F3Cr4Hf,합금,3,70.08,2.5,10.24,55.59,12.91,9.89
GaPb3AsLi2Mn2Na3,고온,6,76.41,2.3,6.28,8.83,12.25,68.69
N2P3Er,화합물,3,134.37,3.1,9.58,12.39,4.95,16.55
ZnThRu,화합물,3,27.27,5.4,5.16,29.53,1.52,19.45
Ir,원소,1,233.06,3.0,10.99,351.8,8.61,4.84
Dy2TlRh3Cd2TaMg,고온,6,72.07,2.0,6.11,10.27,4.61,156.34
Os2AgZn4Au2,화합물,4,78.88,3.9,13.03,16.06,13.71,5.09
Pt2In4,합금,2,75.47,3.6,2.23,92.48,13.4,8.34
Co3Gd,화합물,2,19.74,3.3,8.6,2.98,13.09,16.62
V4Er3Zn2Sm,고온,4,104.17,4.6,4.68,5.25,11.94,32.79
Dy2,원소,1,182.15,4.0,10.01,108.23,7.61,9.38
ThZrIn3TmBRu4,고온,6,38.21,3.8,6.04,4.18,0.83,117.69
AgGa3,화합물,2,140.04,2.2,8.88,42.73,3.01,13.38
DyN4Sn2Cu4,화합물,4,55.82,2.7,3.73,29.4,8.57,11.63
Sr3Na2Ti2Eu4CaS4,고온,6,66.43,1.9,5.29,9.46,13.83,135.93
KBaV3,수소화물,3,40.77,2.2,6.32,52.62,1.34,235.99
Re4Nb2,합금,2,31.51,1.6,14.08,6.63,3.75,0.0
PbTbCe,합금,3,130.36,1.8,12.29,91.4,13.4,18.56
Sb2W3S3In2As4Rh3,고온,6,94.61,4.2,5.61,14.25,9.91,100.84
SrOP2Li3,화합물,4,52.22,2.6,6.87,8.74,3.77,4.44
La3Ir2Tm2Sn3,화합물,4,24.68,3.9,11.6,16.99,0.42,4.45
Nb2Ca3W,화합물,3,53.59,4.9,13.31,43.89,14.08,17.12
Li4Hg4Cr4Re4Os2,고온,5,130.43,4.3,8.2,2.0,6.49,152.8
Cd4K2Rb2S4OLa,고온,6,47.16,5.3,3.57,6.69,6.72,90.11
ZrCs2W2Cr2SYb2,고온,6,137.06,1.6,6.79,6.48,9.15,94.74
ZnGa2,화합물,2,115.68,3.5,7.26,31.31,14.76,1.72
CeSn2W,화합물,3,49.26,3.2,3.11,7.41,10.93,14.78
Pb3O,화합물,2,100.47,4.9,1.78,30.62,7.04,3.41
CrAgTlDy,화합물,4,81.41,3.2,7.03,3.15,1.88,26.48
Na3GeB3Th,화합물,4,29.83,3.4,3.45,33.55,8.99,42.02
KCBa3,화합물,3,158.32,3.1,13.85,34.65,0.24,10.78
Hf3Sn2As2,합금,3,149.08,5.4,10.82,110.7,1.83,4.85
Sr2CsEu3,화합물,3,114.71,2.8,1.54,14.47,0.63,4.11
F2Ni2,화합물,2,143.32,3.9,9.12,26.49,6.9,11.96
Yb3Sc2ErRuO2Os,고온,6,30.86,4.8,5.02,13.46,7.1,113.83
C2HBi3,화합물,3,56.89,3.4,5.74,38.5,13.89,0.0
NdRe4,합금,2,95.63,2.4,3.92,136.67,3.26,8.53
Bi2RbC2O3,화합물,4,51.79,4.1,12.66,32.4,8.23,14.73
Te2Hf2V4Co2Sn2,고온,5,89.58,4.3,7.34,8.37,6.18,134.16
Rb3S2,화합물,2,132.0,2.4,3.62,7.1,1.22,5.07
PbS,화합물,2,32.67,2.8,7.32,5.64,13.96,10.15
Ir2Sb3,화합물,2,92.49,1.7,6.33,46.28,2.18,7.59
PSe3Sn,합금,3,138.83,2.0,13.03,16.56,4.06,1.22
Ga3Th2LiRbSn2,고온,5,38.51,2.0,4.26,7.52,7.13,129.98
Sr2CrTe2,합금,3,76.13,4.3,8.12,90.14,10.63,16.91
TeEr2BiGd2,화합물,4,133.86,2.7,6.25,45.06,6.89,16.17
EuCs3Ni,합금,3,55.43,2.6,12.02,82.68,14.59,7.5
Pr2,원소,1,217.8,4.0,17.02,299.25,8.21,5.14
PbWCd,화합물,3,55.6,4.4,11.71,48.61,10.46,16.67
Sm4CeMo,화합물,3,49.27,2.3,4.3,15.12,8.75,1.58
GdCs4ScHf,화합물,4,46.05,5.8,13.69,9.91,7.84,12.24
IrPt2Ho3NdBeRh2,고온,6,67.78,2.0,8.21,1.64,3.49,84.32
AgNEu2Rb2,화합물,4,100.41,4.8,8.36,10.46,6.99,1.91
GeCo,화합물,2,61.73,2.8,10.68,33.42,6.18,1.01
AuInCu,화합물,3,20.7,3.6,2.24,1.11,7.49,5.73
Mo3Na2,화합물,2,80.86,5.0,4.9,8.57,4.37,14.51
Re3Tb3Hg,화합물,3,57.08,3.8,13.05,37.87,0.72,8.12
Pt2Pd2In2,화합물,3,86.89,6.0,9.32,35.21,1.27,18.49
Yb4ErTl3AuZrCr,고온,6,137.9,2.0,3.18,7.42,13.47,92.16
Gd2Ni,합금,2,59.96,3.5,13.91,144.12,2.56,5.69
Sc2Ta4Cu3BiLu2,고온,5,128.46,5.5,6.66,9.34,1.58,136.4
C2,원소,1,103.55,5.0,11.77,298.27,3.0,4.7
BaZnCu,화합물,3,35.76,2.9,13.56,23.62,13.49,14.0
TeZnRb,화합물,3,33.29,4.6,13.23,36.46,6.57,15.94
CoGe2Tm2Sb,화합물,4,60.06,4.3,1.67,41.78,1.86,7.07
Gd2Ge2,합금,2,147.2,1.6,2.67,31.61,6.62,12.02
CdNiSc2F2Ag3,고온,5,37.64,2.2,7.93,8.98,3.88,133.2
Co4TlPdSn3K2Si2,고온,6,41.25,4.6,7.61,6.59,2.89,147.1
AlTl3Fe,화합물,3,42.94,2.5,10.74,49.51,14.48,28.69
Ag2Si2,화합물,2,130.36,1.6,10.13,40.87,6.84,22.21
TlTa2Sb3Li2,고온,4,101.57,2.9,3.31,10.15,6.24,66.26
Ni2Sr2Sn2Ca2Mg4,고온,5,110.66,3.2,7.16,13.84,2.32,38.72
Cd4Th,화합물,2,45.18,3.0,10.5,27.96,0.37,4.08
Mg3Nd,화합물,2,36.85,4.6,12.48,10.5,11.71,8.37
Ir2Sb2,화합물,2,49.53,4.8,3.2,23.34,1.12,32.1
Hg4Fe2P,화합물,3,62.58,5.9,6.17,29.45,4.91,15.02
NiBi,화합물,2,12.61,2.0,10.98,13.18,14.8,1.52
Gd3Nd3La,화합물,3,43.94,5.9,10.92,27.93,4.09,21.39
Au,원소,1,232.92,3.0,15.09,273.87,2.18,11.55
Cd2AgCr3Co2,화합물,4,151.97,5.7,7.22,48.0,1.85,7.04
Ca3Re3Nd,화합물,3,159.35,2.7,7.34,44.55,11.85,4.56
Lu2Sm2Hg2,수소화물,3,30.93,4.7,3.87,65.45,2.8,163.24
CoFe2B,수소화물,3,24.84,2.3,7.76,29.39,1.8,129.78
Zn3O2,화합물,2,15.96,3.0,11.22,48.05,4.08,4.04
V3Se2P3,화합물,3,140.37,4.2,11.21,38.98,9.48,4.34
Pt4Mo3O2,합금,3,109.51,3.6,15.36,148.91,8.93,1.33
CoIr2RuW2,화합물,4,51.48,2.6,13.3,30.61,2.13,13.18
Gd4,원소,1,18.41,2.0,10.15,272.66,2.2,2.03
Te3V2B3Bi,화합물,4,10.39,4.1,6.09,39.26,10.48,7.49
YbMg,화합물,2,152.41,2.0,7.2,26.6,0.44,2.87
LuPt3Al3Gd2,화합물,4,65.38,3.8,7.07,32.99,3.91,4.16
Mg,원소,1,199.33,3.0,11.17,184.79,4.12,2.26
NdTlCdSi4Er3,고온,5,32.44,3.4,6.03,2.04,10.62,133.21
CrMn4Ge,화합물,3,41.12,4.8,8.11,2.38,5.76,10.6
H2,원소,1,86.46,3.0,15.74,272.05,3.4,6.99
Se,원소,1,130.54,3.0,6.69,4.14,9.23,1.4
CoTi4,합금,2,152.08,2.9,14.24,148.9,2.66,3.0
Te4PrHg2,합금,3,177.21,5.9,5.73,139.08,11.59,13.91
InHgIr4Ho2,고온,4,36.05,3.2,3.18,9.69,5.1,75.81
LuNa4ThZr4,화합물,4,78.14,2.4,3.45,19.98,5.14,14.29
Ta2Nb2Sm2Y2Ni2,고온,5,37.93,4.1,8.46,4.45,12.05,119.24
AlSc2Au2,합금,3,93.81,2.6,7.38,10.5,0.85,0.0
UReTa,화합물,3,59.37,5.7,11.81,47.53,2.94,8.78
FeLuAg3Mn3,화합물,4,76.64,1.9,4.11,37.71,0.86,12.33
SeHo3,화합물,2,133.6,1.7,2.99,10.64,7.36,20.57
Re2Si2As3Hg3,화합물,4,112.83,2.1,4.12,48.53,6.93,3.57
K4H3SAl4,고온,4,38.71,2.0,5.69,11.99,3.6,61.66
Yb4Zn3,합금,2,135.27,2.6,4.69,81.86,2.51,2.04
ZrEu,화합물,2,64.12,4.4,11.63,45.33,12.62,3.55
Mo4VCr2Cd3,고온,4,65.08,2.0,6.34,14.99,12.77,152.0
Tm3,원소,1,172.67,3.0,8.08,12.54,3.55,7.53
Au3,원소,1,73.25,1.0,21.15,304.37,9.03,3.55
TeDy,합금,2,117.3,6.0,11.78,123.19,1.82,3.25
CSBe4,화합물,3,19.23,4.3,9.44,24.38,4.31,5.17
Hf3Ta3,합금,2,147.22,4.1,10.27,148.09,2.29,7.07
SSn2,합금,2,113.09,5.3,8.97,15.92,11.17,8.56
SiS2CCd3,화합물,4,122.88,4.2,4.26,31.8,2.56,11.86
Pt2Ga,화합물,2,46.94,5.1,12.74,5.61,12.21,5.2
Os2Ir,합금,2,104.12,5.9,15.16,57.39,14.02,2.54
Lu2Gd2,화합물,2,64.76,3.7,8.99,45.11,12.13,9.51
O3YbF3Ga,화합물,4,116.09,2.8,9.05,13.76,3.06,3.64
As3FSe2WSi2Pr3,고온,6,66.41,3.0,8.74,11.3,14.85,165.43
SnBi3RuLi3,화합물,4,12.18,2.8,7.01,25.16,13.52,1.75
Rb2Ge2Os2LuAu,고온,5,114.54,5.1,4.49,8.93,13.12,163.5
EuTi,화합물,2,109.0,2.8,5.53,48.33,4.96,8.96
OGa2,합금,2,179.54,4.3,12.06,53.88,1.08,5.31
TaLaO,화합물,3,119.34,2.7,6.81,4.82,1.47,25.61
Mg2NBe3PdNa2,고온,5,99.04,2.0,4.85,11.67,5.1,100.59
Mn3Bi2,화합물,2,71.0,3.0,11.27,47.35,10.24,7.23
TmLu3O2PY4,고온,5,48.13,2.5,5.07,5.17,9.87,97.18
Al2Ce3Rh,수소화물,3,27.98,3.4,2.16,56.36,3.46,247.55
Cd3,원소,1,139.65,2.0,9.09,293.48,1.06,2.98
F,원소,1,73.43,4.0,6.83,35.49,3.65,0.0
CeCr2,합금,2,105.81,5.5,10.28,9.01,12.49,20.51
Th2La2Ga4,화합물,3,110.39,1.7,9.72,40.7,2.31,2.91
Mo2Th,합금,2,45.93,5.3,10.2,15.23,6.59,8.0
VO2Sn3Ru2Nd3Os2,고온,6,81.69,3.1,6.76,12.18,4.07,160.04
Sm,원소,1,203.36,3.0,19.38,124.88,5.04,6.85
Bi3Zr3O,화합물,3,133.45,4.4,3.44,30.1,8.6,55.52
OsNi,합금,2,99.65,4.8,11.52,60.82,8.42,3.38
Be3Re2Al3LuBi,고온,5,105.33,2.7,7.6,3.58,2.0,150.71
H2Hg2,화합물,2,91.4,1.7,7.44,14.38,2.1,1.27
Ru2Tl4Ba3Sb2Os4,고온,5,46.82,1.6,5.52,11.79,6.44,101.62
Tb3La,수소화물,2,21.36,1.5,7.5,37.62,1.19,197.44
CoInRbTe2,화합물,4,139.12,1.7,4.11,10.46,10.36,0.0
DyTb,합금,2,103.99,5.9,7.31,71.78,11.78,5.57
PtCr3,합금,2,142.62,5.8,4.38,80.62,8.29,5.88
HAg2,합금,2,35.31,3.6,8.14,89.74,4.02,5.58
GeHPd3,화합물,3,76.16,5.9,2.07,41.36,7.72,13.15
Th2,원소,1,22.79,4.0,15.69,265.16,4.25,6.24
Gd3,원소,1,70.3,2.0,14.94,102.4,4.36,4.08
RbLa2,화합물,2,35.31,2.0,2.36,24.13,13.63,9.82
B2Ir4U,화합물,3,113.54,4.9,12.15,37.56,4.5,8.88
LuSGd3Er,화합물,4,137.46,5.3,9.84,15.42,5.69,7.66
Ba3Eu4,화합물,2,159.39,6.0,5.29,43.06,13.87,9.48
Hg2BVRb2Dy,고온,5,117.19,2.5,5.7,6.49,3.37,140.02
Si2Th2Fe2,화합물,3,73.7,5.6,11.69,14.2,10.54,1.02
Nd2KCr3,합금,3,41.08,1.6,11.65,67.94,13.09,8.11
Ta2Ba3W2B4,고온,4,131.6,2.9,8.59,14.92,14.75,143.4
CeP4,수소화물,2,6.72,4.9,1.93,36.72,1.57,250.84
Nd2,원소,1,235.47,4.0,19.83,153.11,9.96,8.55
Ba3HoV3In,화합물,4,47.6,3.7,10.47,49.8,1.77,7.92
Th2H3,화합물,2,111.42,2.9,12.01,24.2,12.44,3.94
Zn4Cd,합금,2,122.66,2.7,10.95,87.0,10.42,6.95
Tm2Ho3Be4Hf2ZrDy,고온,6,92.71,3.4,5.11,14.28,14.98,125.77
Nd3KN,화합물,3,40.64,2.6,12.47,34.09,10.14,3.95
C3NTl2Er2,고온,4,53.55,2.9,7.61,5.34,8.04,124.94
V2Ba3Lu2,화합물,3,124.97,1.6,3.56,21.03,13.13,19.44
Ru2HfTa4,화합물,3,149.03,4.3,10.08,40.6,13.37,3.63
CuCr4,합금,2,164.94,5.3,5.1,13.88,8.52,24.28
Eu2Mn,합금,2,121.38,4.2,4.32,145.61,8.4,3.03
Te3,원소,1,192.39,3.0,9.31,331.43,3.4,0.0
AsSr2,합금,2,131.65,5.7,4.62,30.36,11.6,11.45
YbCoBAs4,화합물,4,41.62,4.7,3.36,15.51,12.73,1.98
NdPb2Tb3W3Bi,고온,5,128.73,3.6,5.08,1.4,0.47,86.82
Pb2Bi3Pt,화합물,3,139.41,5.3,6.06,36.84,10.69,7.16
Nd2CdB3Sn2Hg3Ba4,고온,6,89.17,4.5,6.83,4.95,6.66,57.08
Si2Sn2LuDy,화합물,4,151.47,5.3,5.29,17.0,6.82,10.1
H2Ca2Bi3In,고온,4,97.61,1.9,5.33,2.38,14.93,116.16
Zr3HfSb2,수소화물,3,29.0,4.8,6.45,20.97,10.13,215.57
S2Co2Sn2,합금,3,69.32,3.8,8.26,66.48,11.12,6.11
CeMoCu3FeYb4As,고온,6,45.13,1.8,7.54,13.29,11.97,121.24
Ba2EuMn3,화합물,3,94.14,5.5,13.2,37.09,3.09,11.38
Be2GaAl4Ru,고온,4,55.67,4.6,6.87,11.33,5.17,143.45
Sn2InBa2,화합물,3,156.84,4.6,4.96,6.11,9.19,16.5
Ta3Ir3,화합물,2,146.3,2.8,6.07,31.89,1.67,6.37
Ag2P,합금,2,28.93,2.8,11.77,91.74,3.36,5.3
Si,원소,1,41.97,3.0,10.53,355.85,8.59,16.21
Y2Sc3,화합물,2,151.06,2.2,7.8,41.76,7.4,6.79
SiYb2,수소화물,2,20.15,4.7,6.3,6.3,13.07,280.29
Pr2Nd2Na3YbCu3,고온,5,70.86,6.0,3.33,1.87,14.7,142.75
U2W2As4Lu4,화합물,4,84.72,4.4,13.77,42.32,13.96,11.73
F3Sr2Sc3AuOs4,고온,5,115.7,4.5,4.93,8.81,13.16,63.96
Ni2Sm2Ru2BiTmEu3,고온,6,37.23,3.3,3.74,8.79,3.63,126.89
TmLa,화합물,2,39.47,3.9,7.33,29.07,13.05,5.64
Tb2,원소,1,168.12,2.0,15.26,154.6,7.99,2.57
Sm2Ta,합금,2,108.8,2.2,3.19,34.46,10.52,3.56
C3Ga4B2Zr,고온,4,125.02,3.9,3.68,13.96,10.38,116.75
P2Ti2HoRu3Sc2,고온,5,138.25,4.9,7.89,12.7,0.36,80.71
Tl3SC,화합물,3,97.51,3.4,6.33,9.21,4.68,9.61
Er2SbAl4In,화합물,4,22.63,3.4,10.74,9.11,6.32,7.94
SnS3H2Ga2,고온,4,107.71,6.0,4.11,14.63,8.38,146.15
CsTa3Te2Ca3,고온,4,31.07,1.6,7.94,9.2,1.93,119.2
Te2CsRe2Th3Ce2Pr,고온,6,117.46,3.3,5.29,3.76,6.04,130.05
Au2Er2,화합물,2,57.11,1.7,11.99,32.32,10.36,9.95
Cr4Tm3,합금,2,119.35,3.3,3.22,139.68,14.13,6.11
YMn2,화합물,2,49.43,5.2,9.7,20.8,7.18,15.8
HoSb,합금,2,127.88,3.4,13.12,59.2,8.7,7.7
HoPr3Th2HfCa2Nd2,고온,6,80.78,2.5,6.77,2.03,1.88,127.1
OAl2SeSm2,화합물,4,128.86,3.7,2.15,30.57,7.71,11.4
CsThCr3Ni,고온,4,109.97,2.1,6.77,5.26,8.68,36.68
W3BaRb2,화합물,3,136.03,3.8,8.6,43.13,7.9,17.84
SbCa2IrW2Fe,고온,5,54.1,1.6,3.59,13.62,7.5,112.93
F3Dy,화합물,2,77.7,4.6,7.02,36.86,1.02,10.25
Lu3Hf2Rb,화합물,3,87.42,5.5,8.12,25.78,7.91,11.45
Tl3LiZrTb3,화합물,4,78.83,4.8,2.77,13.01,14.76,2.51
W2,원소,1,36.44,3.0,6.49,2.03,4.23,12.74
Er3WRb2Be4Th2Nb2,고온,6,36.6,2.9,7.41,5.39,13.09,125.66
Mg2SrBeAu,화합물,4,141.44,4.8,3.4,24.43,0.64,10.8
Mn3Zn2NdAs3,화합물,4,114.58,5.9,6.44,24.83,0.94,6.75
SmFe3Mg4Rh2Cr3Se,고온,6,79.26,4.2,6.89,9.77,6.09,76.08
NP3RuTaMo,고온,5,100.98,2.1,5.93,3.81,10.99,121.31
Bi2Se,화합물,2,103.68,3.6,6.86,44.68,1.48,13.92
C3S2V2Se2Sc4K,고온,6,63.48,5.4,4.31,14.22,10.39,165.41
H,원소,1,201.47,3.0,16.32,311.5,4.29,6.47
S3Pd4B,합금,3,91.55,2.9,3.02,98.16,10.57,11.24
RhP2,화합물,2,108.09,5.5,11.63,49.26,11.63,5.74
PbN3Yb3,화합물,3,81.92,3.2,11.6,49.16,12.02,4.2
Au4Re2Os3Ir,화합물,4,85.22,5.4,10.37,21.44,5.22,2.19
N2Co2Tm3,화합물,3,75.99,3.2,10.11,38.5,14.14,28.01
Ir2MoU2,화합물,3,26.72,3.7,9.31,3.97,10.96,14.94
Sb2Ce3TlMo2,고온,4,125.7,1.9,5.65,8.19,11.48,132.12
NbK3,화합물,2,138.74,3.4,3.59,1.68,0.24,14.07
SiGa,수소화물,2,7.74,1.7,2.45,22.9,6.44,168.87
Os3Mn4Sb3Yb4,고온,4,102.2,4.0,5.9,11.18,1.04,63.91
Ni2Cu,합금,2,71.22,3.7,2.38,148.9,5.31,13.2
Bi2Pb4Nd2,합금,3,37.97,4.2,5.05,106.67,0.68,0.0
Y3CdSi,화합물,3,146.28,4.9,9.93,14.5,0.44,3.39
Gd2Yb3Cd4C,고온,4,133.8,3.2,3.4,2.75,13.96,43.35
As3,원소,1,43.05,5.0,2.73,274.76,7.05,0.83
N4Ba2,합금,2,87.2,3.0,9.76,80.2,12.76,5.38
Ir2Nb4Cu3Ca,고온,4,63.78,5.3,8.69,10.44,0.82,65.57
Sc2Th2Ni2,화합물,3,132.86,4.2,10.86,13.72,11.38,10.57
HfCr2,합금,2,29.39,2.7,15.66,134.74,14.58,6.76
Pt2Mn3,합금,2,87.28,5.7,15.63,106.1,13.86,11.69
HgTi3Sc2Ni4Zn2,고온,5,59.87,2.3,7.92,14.01,13.58,125.39
Ho2K4Ir2Hf2Be2,고온,5,83.25,3.0,7.61,3.45,10.31,109.23
RbW3,합금,2,34.28,1.5,9.01,97.73,3.68,0.99
Pr2AuO3Ir3,화합물,4,40.42,1.5,11.56,42.71,7.71,7.43
U3Li2NbSe4HMn3,고온,6,97.94,3.7,5.21,1.23,0.85,70.2
SePtNi4Co2Si2,고온,5,76.39,3.1,7.29,2.55,8.01,134.83
In2Cd3Mo3Be3,고온,4,118.3,5.5,5.72,8.57,9.82,88.04
Ir2Mn,화합물,2,23.71,5.9,9.09,45.98,4.22,13.42
N3ErInP2RbK,고온,6,40.97,3.5,7.09,13.53,14.55,147.79
Rb3LuTl4Sn,화합물,4,56.0,2.3,4.3,17.09,2.46,12.01
Rb4Rh,합금,2,104.96,4.0,7.13,69.65,14.54,14.55
Cr2Cu,화합물,2,89.98,3.6,9.1,32.21,1.12,15.26
Cu2Si,화합물,2,157.92,6.0,8.65,16.11,1.32,19.43
F2V2ZnErSnPd3,고온,6,103.69,4.9,7.89,2.89,5.87,50.76
Hf2Ba4,합금,2,152.86,3.8,8.53,96.79,3.47,0.0
Tb2U2Dy2Al4Pt,고온,5,80.51,4.3,8.63,8.45,4.67,126.9
TlSm4,화합물,2,38.85,2.7,5.72,7.69,4.88,1.14
Tl3Bi3,화합물,2,15.1,4.3,6.23,12.14,5.49,9.9
Eu,원소,1,129.12,1.0,5.96,82.94,5.08,0.0
Pr3Zr2Mg,화합물,3,60.32,3.1,6.25,35.48,7.93,11.3
Ir3NiTl,화합물,3,49.54,4.9,5.37,8.95,6.33,14.74
P3Rh,화합물,2,40.55,5.2,8.24,22.66,8.48,3.16
Tl4Sn2Te,합금,3,71.75,3.7,2.46,33.05,5.81,6.34
Na3TeBe2,화합물,3,98.26,3.6,4.77,20.47,12.41,4.04
ZnB3Bi2Si2O2,고온,5,125.78,4.0,3.35,10.1,14.09,92.82
S3Ti,화합물,2,128.32,4.2,11.78,10.88,3.76,18.4
MnCo,합금,2,157.19,3.8,11.9,43.53,4.04,8.28
Al2C2,합금,2,49.07,3.6,4.83,125.33,12.51,11.1
RuFPrAs,고온,4,81.04,3.9,5.07,3.77,9.98,150.44
PrS4Na4Zn2,화합물,4,156.83,5.4,8.31,45.18,10.11,22.49
Fe3,원소,1,157.28,1.0,20.84,7.79,2.01,1.58
Ni4O4Hg3Lu2Ca3Mn3,고온,6,130.99,4.1,7.87,13.72,6.96,74.25
Os4Nb2P4Tl3,화합물,4,157.0,4.0,13.51,43.53,12.83,8.37
PbW2,합금,2,170.85,4.9,12.63,54.73,2.22,2.57
PrCd2,수소화물,2,14.36,5.1,2.11,66.98,2.5,114.76
NdPd2Sb,화합물,3,156.77,3.6,11.22,10.22,1.95,13.86
ThSc3Mn2Eu,화합물,4,134.62,4.9,7.23,27.1,14.36,4.62
SnCs3,화합물,2,56.35,2.5,10.27,44.21,0.98,21.46
Eu2BRbO4,고온,4,33.47,3.3,4.49,10.17,7.38,48.42
NiAl4Cs3,합금,3,104.52,4.8,2.53,52.41,0.96,7.15
CsYb3Pr,화합물,3,108.91,5.1,10.08,2.08,0.58,8.18
C2Li,합금,2,59.49,4.3,4.25,76.77,11.71,14.13
Ni3EuDy4Sm2Cd3Y2,고온,6,57.51,3.3,8.42,8.23,4.2,73.44
As2Th3Tl,화합물,3,139.83,5.3,2.84,39.95,5.55,6.22
PrRbS2,화합물,3,84.81,3.8,4.26,3.72,5.29,2.41
AsAl3N4,합금,3,124.71,5.8,3.58,72.25,13.96,10.85
GaYbO3,화합물,3,152.73,5.6,5.56,43.18,7.91,5.61
Sb2Tm4NiPt,고온,4,109.32,2.1,3.08,8.96,10.96,58.7
WGa3F2Ca4,화합물,4,128.0,3.3,13.36,7.96,7.21,11.52
K2Tm2Cd2AsSi,고온,5,108.22,4.4,6.73,9.27,3.85,145.63
S3Y,화합물,2,70.01,2.9,5.27,26.11,9.4,2.57
Pd2S2B2AlTe2,고온,5,103.81,3.5,6.04,9.57,6.58,119.24
Yb,원소,1,163.12,1.0,8.89,144.7,3.11,0.0
OsGdSc2,화합물,3,104.78,4.8,10.46,36.02,4.75,6.85
Nd2Ru,수소화물,2,29.32,2.7,6.63,25.74,5.27,209.94
Cu2La,수소화물,2,12.87,3.6,1.63,59.11,7.94,111.73
Yb2Li3W4S2,화합물,4,140.33,5.5,11.27,1.44,5.86,6.49
Zr2Ge4Li2,화합물,3,63.86,5.8,6.32,2.88,1.62,20.01
Er2,원소,1,211.13,4.0,4.96,332.39,5.8,4.13
Cu4La2Ta4Ba3,고온,4,62.47,4.8,6.4,8.44,13.3,100.34
Cr2Na3W2,화합물,3,83.8,2.9,3.82,17.98,14.67,1.86
PtZnHf4,화합물,3,135.66,4.2,12.2,20.19,13.42,11.47
Cs4Nb,합금,2,154.93,2.1,10.27,129.71,12.66,0.0
Rb4IrNdIn2N3,고온,5,111.24,3.8,3.92,3.14,8.23,110.02
Ba3Yb3,화합물,2,142.74,2.9,10.51,44.29,1.86,5.33
CoCu3,화합물,2,130.65,4.7,8.14,13.32,5.98,10.88
F3S4InGe2,화합물,4,54.87,3.2,13.83,46.77,12.16,5.47
Gd3Dy,합금,2,31.09,2.1,4.48,46.85,4.2,1.8
CsMnTbPt2,화합물,4,99.18,4.5,3.56,24.36,9.1,23.16
La3S2TmTa2Al,고온,5,71.56,6.0,4.53,8.37,2.64,54.97
NaNi3Rb2PtCu,고온,5,99.89,4.4,6.43,9.22,0.57,97.91
CdTlP2,화합물,3,146.12,2.6,6.67,14.05,9.7,4.86
Tb4BiDy2UKTe4,고온,6,37.1,2.1,3.75,8.84,11.52,161.05
B3As,화합물,2,158.09,5.6,11.26,46.13,7.28,18.7
MoCe,합금,2,57.02,3.1,7.9,9.56,14.91,7.02
Er3Sr2,수소화물,2,4.31,5.6,6.35,51.35,0.16,195.92
CrCeTa,화합물,3,17.01,4.5,10.45,8.44,14.48,16.92
NbSeTh,화합물,3,35.34,3.8,13.13,6.01,6.19,12.08
SeCd3,수소화물,2,43.99,3.0,7.69,10.47,4.78,154.61
MnRe,합금,2,144.89,3.5,8.95,115.27,11.91,13.95
C2FMo2Cs2Er2Os,고온,6,99.53,2.5,8.82,12.02,8.0,101.02
Pb3FTmGe2La,고온,5,85.96,4.3,8.7,5.08,2.6,114.65
Li3Ga4,화합물,2,116.22,4.1,7.97,35.82,5.78,7.05
V,원소,1,77.43,2.0,10.04,332.63,4.2,0.16
O2Pt2Rb2,화합물,3,116.41,3.4,2.92,32.57,3.79,4.54
SnSTh2,합금,3,25.65,5.6,8.07,9.49,9.77,2.62
BEuAl,화합물,3,38.03,5.5,8.21,24.89,1.69,11.63
RhRbTh4BiS,고온,5,30.76,3.3,7.23,9.78,6.28,84.49
Zn2NbIn2Ho3,화합물,4,30.38,5.6,10.3,5.22,9.9,5.53
Sr2FFe,화합물,3,158.81,2.4,9.42,32.34,11.66,9.46
Fe2V4Th4,화합물,3,142.17,3.8,3.24,15.36,6.73,13.79
Ba3GaYbHo,화합물,4,45.38,3.5,10.8,41.51,14.27,9.19
YCaScZr2,고온,4,129.97,2.1,6.72,10.25,5.35,88.03
Gd4CuCo3,화합물,3,152.8,2.9,1.96,36.5,11.99,3.13
Tm2Hg4CsTl2,고온,4,53.82,2.2,4.78,5.24,4.05,95.33
PbSc3Sn,화합물,3,65.85,1.5,10.31,20.33,14.67,2.69
As3Sn3,화합물,2,103.17,4.3,13.84,5.07,5.09,15.27
Pt4RbAg3,화합물,3,118.28,2.6,9.06,32.08,1.22,17.12
PtBi4Sc,화합물,3,29.22,3.7,13.62,16.76,13.16,17.35
HoTb,화합물,2,86.66,2.8,7.82,27.79,1.29,6.28
Tb2Sb2Ge3,합금,3,129.31,1.7,14.72,14.14,6.58,3.64
MgTm2Be2Al2Nb3,고온,5,32.63,5.8,4.24,3.08,13.47,161.21
NbLu3Rb2Si3,화합물,4,41.62,5.7,11.53,43.78,14.16,13.9
Os2TmK2CsN,고온,5,115.24,3.5,7.32,2.92,12.04,158.98
Te3,원소,1,124.29,5.0,21.65,147.87,4.79,4.02
Pt4Er3,화합물,2,158.87,1.7,8.48,33.92,0.53,1.59
Lu2,원소,1,78.13,2.0,11.32,334.83,2.52,0.89
Mg2Tl2,합금,2,83.64,1.9,9.96,109.29,14.08,0.0
Ta4Zn2S2Ce,고온,4,109.45,3.1,6.73,12.58,0.62,48.86
Lu3,원소,1,117.39,5.0,8.83,15.82,7.49,6.15
Na2SeV2Y,화합물,4,121.65,1.5,9.85,12.01,13.75,5.92
YbSb2P,합금,3,95.02,3.6,9.75,87.71,2.63,5.17
SbEu2F2,화합물,3,139.41,4.8,9.24,9.33,14.38,23.13
Co4Ti3AuTe2Sr,고온,5,76.24,2.0,3.37,3.04,9.48,74.62
AgAs3Ce2Ta2,화합물,4,82.31,5.8,13.43,20.43,11.5,11.04
Sb3CdSeOs4,고온,4,44.2,3.5,4.93,6.27,6.82,104.33
EuCe,화합물,2,93.39,4.0,5.96,47.86,6.32,8.13
RuAu3Ir3RbPtCd2,고온,6,108.64,3.4,5.14,7.49,3.89,158.74
Cr3Bi2S3Ag2,화합물,4,19.82,4.9,8.68,46.92,7.97,6.57
Tb2Cu2,화합물,2,146.63,6.0,2.08,2.51,3.96,2.11
NdV,화합물,2,120.33,4.2,10.74,40.46,5.91,20.06
BCScRe3Cr2Mn,고온,6,92.58,5.2,4.86,1.17,4.19,149.21
TaDy,화합물,2,142.16,5.5,2.01,33.82,3.11,10.39
RuC2ScZr,화합물,4,44.54,3.7,13.39,30.09,7.15,9.84
As2Sb,화합물,2,94.47,3.6,12.41,42.81,2.3,9.26
As3PCd2,합금,3,41.49,5.8,5.92,59.86,4.55,7.81
GeSn,화합물,2,27.7,2.2,7.23,16.94,14.69,12.98
Al2AgB3Sc4,화합물,4,72.48,2.2,5.19,11.35,12.59,29.92
Hf2Ce2Au,화합물,3,138.27,3.3,7.24,26.63,13.46,11.98
SnAg2,화합물,2,139.21,1.7,11.19,18.29,1.01,13.57
Te2Sb2,합금,2,31.76,4.2,9.13,47.56,13.11,3.35
PbRbTe2ErHo2,고온,5,123.56,4.6,5.5,7.67,12.1,100.14
Ca3U2Ir3Re2Ge4Hg,고온,6,81.28,1.8,6.04,6.83,6.02,100.34
Tl3Cu2MnSc4,고온,4,108.7,5.6,8.19,1.65,12.93,105.74
Eu4Sr4Na3,화합물,3,13.37,4.3,10.0,25.19,5.67,14.22
Te2Be3IrPr,화합물,4,50.62,3.6,7.16,21.54,10.48,5.87
Ir3W4Pd2CrRb2,고온,5,92.68,5.4,5.23,9.88,8.58,42.93
MgBa3TeIr2,화합물,4,140.99,5.3,13.56,27.97,8.56,13.65
AgZn,화합물,2,158.66,3.3,1.61,49.41,8.24,10.31
TaY4NbPt3N4Pd,고온,6,135.17,2.9,3.76,2.08,2.18,135.02
Rb2Re,화합물,2,104.91,2.8,8.15,14.38,14.88,8.86
Ti3Pr3Ba2,화합물,3,93.63,4.6,12.33,10.69,13.98,3.45
Al2,원소,1,89.84,4.0,13.69,31.2,7.09,1.23
Lu,원소,1,84.45,3.0,21.34,141.59,6.89,10.36
U3,원소,1,28.06,2.0,17.51,132.78,8.08,0.27
Ce4Er2Sc2HfYb2,고온,5,43.95,3.9,4.09,14.38,12.13,124.13
K4Ce3YbCr,화합물,4,13.1,2.0,12.48,39.99,2.82,11.24
EuLa2Zn,화합물,3,74.44,5.9,7.85,38.82,10.51,12.24
Nb2NiPd3ZrIr3,고온,5,60.34,5.0,5.89,4.65,11.65,92.95
Os2FBiNb,화합물,4,12.17,4.8,6.33,42.54,4.66,17.83
Te3Zr3Pd4,화합물,3,31.39,3.6,6.1,34.58,0.35,18.66
NdScRb4P,화합물,4,91.4,1.9,8.09,45.74,7.82,0.0
GdS2PrRh,고온,4,91.91,2.9,5.04,4.11,10.72,144.34
OsIn2Li2,합금,3,98.21,2.3,9.87,70.68,14.12,0.05
U,원소,1,185.97,1.0,7.42,97.36,5.85,0.0
BeH2,합금,2,44.53,2.4,6.08,24.73,13.37,4.43
Mn2Y,합금,2,100.25,2.7,10.08,124.69,6.74,7.34
TiSm,화합물,2,121.73,4.4,11.38,8.42,10.61,21.02
Te2B,화합물,2,21.9,4.7,6.51,18.99,7.47,11.81
FeNiCu3,합금,3,143.44,5.8,14.21,104.23,9.49,4.42
La2CrLu2,화합물,3,26.36,5.7,5.5,4.96,11.81,7.5
SmTb,합금,2,70.61,4.4,9.06,73.95,12.8,17.0
BaSRh3,합금,3,176.07,1.8,13.04,6.3,7.0,3.3
Lu2YbEr3Th2,화합물,4,10.84,4.6,10.12,16.83,1.85,39.06
La3FOs2Fe2TlBa2,고온,6,124.04,5.7,6.87,14.32,10.78,48.81
Au2TlCo3Sm4,고온,4,99.25,4.8,7.72,14.95,4.97,98.42
GdEu,수소화물,2,14.97,4.8,6.73,17.47,3.4,245.83
MnErBi2,화합물,3,148.3,1.8,13.72,31.38,1.1,6.92
Ni2Sb2,화합물,2,67.84,1.9,11.3,42.16,8.0,5.51
BaEu,화합물,2,46.07,3.5,8.67,38.77,10.91,4.7
SrSeCs3W2,화합물,4,128.33,2.8,7.33,20.85,1.0,2.83
Ga4S,합금,2,110.97,4.6,3.14,109.88,7.3,17.03
Au2BeNi3Gd3,화합물,4,58.1,2.0,12.89,45.82,2.42,4.46
Ce4Tb3Mn4Ca,화합물,4,17.45,5.8,3.92,37.33,3.45,14.86
Ba4As2,화합물,2,118.91,4.3,7.42,23.15,13.39,8.5
Rb4Ag2Be,화합물,3,119.75,4.1,4.25,14.63,12.49,4.51
Au2Rb,합금,2,153.32,3.7,12.1,47.03,10.32,4.67
Si2SnCr,화합물,3,94.56,2.5,9.69,27.99,0.73,13.52
Lu4,원소,1,213.06,2.0,15.91,255.54,1.63,1.36
BaH4,수소화물,2,37.4,4.0,3.82,54.25,6.21,252.89
OsZn3C2,합금,3,64.44,5.1,9.12,26.38,8.43,5.08
TbEr,합금,2,143.5,5.0,13.74,89.17,5.35,9.78
LuNdNbCd3Eu4Ca2,고온,6,61.88,4.4,8.98,12.31,3.93,92.46
HoTi4Rh2,화합물,3,14.85,3.4,9.74,25.63,5.67,16.5
Hf4As,합금,2,152.98,3.5,10.36,145.99,9.61,18.95
H3In4Hg2,화합물,3,139.78,4.8,5.15,35.91,11.75,11.15
W2Yb3,합금,2,32.3,3.8,14.34,18.11,14.36,13.99
MnSn2,합금,2,129.62,3.8,7.45,30.97,12.33,10.46
Ti4,원소,1,200.39,2.0,1.04,15.08,3.53,2.07
Na2Tb,화합물,2,59.93,4.6,5.82,38.89,11.61,29.74
U3Sr2Tl2Ni2,고온,4,70.1,5.9,6.13,11.88,5.16,123.19
Hf2PPt3Hg4,화합물,4,151.9,2.5,11.3,10.13,13.86,2.45
AsSe3Nd2,화합물,3,67.0,2.7,12.02,13.52,0.73,17.68
SbSrB,합금,3,66.32,3.6,7.93,65.63,1.93,7.57
Tl2Ni2,화합물,2,46.95,5.5,12.36,44.38,11.99,8.71
Pr4KZn3Ag3Ru2,고온,5,94.04,1.7,3.1,3.67,2.76,84.5
Be2Tm2,합금,2,21.12,3.1,2.35,112.41,7.65,9.82
YEr3Ir2Rb3Be2,고온,5,33.86,2.3,3.93,10.07,1.59,94.79
TiSrN,화합물,3,140.92,5.8,10.94,22.69,9.02,5.91
TaMo4Ni3Re2Yb,고온,5,54.23,6.0,7.87,1.29,6.2,169.09
V2Tl,화합물,2,137.1,4.6,7.56,41.63,10.34,17.35
Co2Li2Dy3,화합물,3,34.03,1.8,12.11,42.92,8.17,9.86
VK4GeNd2,고온,4,59.43,4.8,3.46,11.31,10.19,64.55
Ho3Ga3N2Cs2Mg3Ba3,고온,6,109.3,2.9,4.98,8.64,6.92,41.04
OSi2,합금,2,133.2,5.0,8.26,28.6,6.82,5.31
WEu3Cr,수소화물,3,43.09,3.1,3.63,42.24,13.38,277.22
LiSm,합금,2,91.0,4.1,13.64,117.74,4.15,9.28
Pr2,원소,1,165.92,4.0,7.26,20.91,8.09,4.59
Tm2PtInPr3,화합물,4,30.7,3.6,3.73,17.19,10.1,6.98
CaBa2Zn2,화합물,3,64.54,2.6,5.27,16.33,11.12,3.69
IrV2,수소화물,2,38.0,4.4,6.71,21.73,5.73,203.53
Be2TmCrP2,화합물,4,10.22,6.0,6.43,48.61,2.65,11.37
P,원소,1,109.78,3.0,21.88,59.29,6.31,4.51
ScIr3Au2Cr,화합물,4,152.46,5.4,13.78,18.13,13.56,22.57
Ir2Mn2ScEu,화합물,4,141.61,3.5,9.78,30.1,2.7,5.29
Ru4Zn3Au2,화합물,3,107.05,4.5,10.69,6.73,8.63,8.3
TbCd2Li4,화합물,3,78.55,4.1,13.48,32.05,2.75,6.86
Hg2,원소,1,111.58,4.0,12.87,306.5,5.76,2.89
In2Hf3O3,화합물,3,118.39,5.1,10.26,12.21,3.39,6.54
Tm2DySc,화합물,3,69.46,3.6,12.81,31.3,10.96,25.63
Sc2NdEu,화합물,3,53.35,2.1,2.05,44.45,13.33,0.0
AgPb2Cd,화합물,3,59.57,1.7,12.51,42.07,1.86,4.89
W2Hf3Tb3,합금,3,22.15,4.6,6.74,106.15,9.12,4.23
AuV,합금,2,172.69,5.1,10.76,97.53,8.92,10.18
CuH4,합금,2,74.45,2.9,15.73,74.25,4.66,7.83
Th2Eu,합금,2,169.16,3.4,8.57,85.28,3.81,15.16
GdNb2Pt3Ta3,화합물,4,133.79,3.4,3.83,22.61,6.39,12.79
GeYb,수소화물,2,37.1,2.5,3.04,22.56,2.36,197.28
V2Sr3,화합물,2,149.73,1.8,7.09,43.11,7.65,2.81
Sb3Mg3,화합물,2,139.4,5.8,6.31,29.81,0.91,14.76
Sb4HfCu3,화합물,3,26.98,2.8,2.45,33.34,10.14,1.75
GaTb3Eu4,화합물,3,21.63,4.6,8.66,21.06,6.45,12.05
SrK2HC3,고온,4,132.93,2.2,3.67,1.14,12.12,106.43
IrCa2,수소화물,2,53.45,4.7,6.52,75.84,5.49,177.44
GaRh2U,화합물,3,90.1,5.4,1.66,27.81,13.44,8.8
MnNiBeP2,화합물,4,75.99,3.5,5.05,40.49,9.41,4.7
YSn2GeRh3AlSi2,고온,6,108.18,5.8,6.56,1.72,7.69,148.45
Ta2Lu4,합금,2,67.96,2.6,7.87,58.31,1.79,4.9
V2In3Ru2Yb4Ag,고온,5,117.19,5.9,3.32,13.68,9.61,41.37
Mg2Rh2RuSe2Si2Y3,고온,6,30.46,5.0,8.8,12.26,3.71,123.5
Pr2SmEu3,합금,3,63.78,3.7,5.47,24.27,13.41,12.2
MgSc3Gd2,수소화물,3,32.8,3.3,2.71,17.14,4.53,235.15
Mo2OsBa3,수소화물,3,44.94,3.6,3.15,75.85,7.29,154.48
Zr3LaAl2N2,고온,4,113.15,2.6,5.61,10.97,12.9,120.6
Cu3Rb,화합물,2,111.02,1.6,4.39,27.25,7.95,9.21
RbHo3Fe4,합금,3,158.83,3.5,3.27,40.36,13.16,5.88
Ta2Nd2As2Er2,화합물,4,94.12,4.5,3.96,22.01,5.56,10.67
NaGa2Ce4Ge,화합물,4,81.37,5.3,6.63,45.15,5.9,23.38
OsAlEu,합금,3,149.02,5.2,5.01,30.8,5.57,3.03
NbHf3,화합물,2,42.65,5.5,10.14,37.54,9.98,10.74
TiDyRe4V,화합물,4,37.15,1.5,5.81,37.99,6.7,1.05
Au2,원소,1,132.14,5.0,18.16,87.34,9.5,5.35
Er4Y4Cu,화합물,3,152.73,2.2,2.47,36.41,7.48,16.39
U2,원소,1,107.93,5.0,15.11,118.86,9.39,4.51
As2Er4NdYb2,고온,4,74.39,1.6,4.6,9.08,7.69,64.8
Ta4FTh2C,화합물,4,25.25,2.8,4.44,19.36,8.98,14.88
Cr3,원소,1,47.66,2.0,5.29,334.91,5.25,3.16
Gd3N,수소화물,2,52.18,1.5,3.1,40.45,10.37,152.48
Cs,원소,1,48.35,1.0,5.65,319.36,2.7,0.0
HAu3Bi4Zr2,화합물,4,147.52,4.0,5.11,32.77,5.01,4.35
Nb3Mn2Na4SeCr2,고온,5,30.6,4.0,5.74,4.72,0.96,70.06
CaHoIr2F3Mo2Sc3,고온,6,130.01,4.8,5.05,8.14,6.74,130.11
V,원소,1,133.9,5.0,3.83,250.08,2.28,9.06
Co3SrCsAl3Fe,고온,5,54.01,3.8,7.1,7.25,10.13,49.52
NaRhNdMg3,고온,4,42.45,2.4,4.15,7.5,13.94,61.55
VFeY2,화합물,3,112.38,5.6,6.3,49.44,10.13,9.69
SbIn4La2,화합물,3,152.56,4.2,11.08,47.44,8.19,12.05
Ga4,원소,1,120.68,5.0,12.09,154.84,0.82,6.55
W4O4Dy2Na3,화합물,4,104.09,4.8,9.19,49.37,6.87,11.84
Te2Mg4HoBi,화합물,4,69.25,5.9,4.33,41.54,6.4,23.68
BiZrAu2Fe3Pd,고온,5,87.59,4.9,4.0,1.56,12.38,85.31
La3Pd3Al2U,화합물,4,12.62,3.5,10.27,30.51,6.01,6.41
Ru3Mg2Be,화합물,3,49.18,5.2,12.25,12.56,4.33,13.22
TaGe2,합금,2,153.49,3.3,15.72,19.06,7.77,7.53
Se2Al2,합금,2,35.18,4.6,12.49,34.75,4.02,4.94
Lu2InNa2,합금,3,105.83,2.5,13.59,97.75,4.76,2.31
Sr2,원소,1,40.02,3.0,3.8,156.06,9.92,1.83
CuSm,화합물,2,54.94,3.8,5.11,36.03,10.99,5.01
LuFP2U4Os3,고온,5,89.83,5.4,7.28,10.39,9.17,74.14
Ce3In3Al,화합물,3,54.32,2.1,13.37,22.58,10.97,5.65
Cr2P2,화합물,2,25.12,2.1,2.18,29.15,13.13,7.4
BaCd,화합물,2,54.06,2.2,3.93,44.03,9.76,11.43
Sr3BiNd2,화합물,3,63.67,1.9,5.01,13.1,12.17,4.25
Ni3Ta2Au,화합물,3,145.3,5.9,12.93,34.4,9.36,7.66
Fe3Nd3,화합물,2,23.18,2.1,3.14,2.39,0.37,0.0
LiRb,화합물,2,11.64,3.1,8.49,1.62,7.42,10.54
Ho3TiLu3,합금,3,80.66,4.8,3.08,87.96,13.81,9.5
Ca,원소,1,40.71,4.0,7.44,217.62,3.06,4.07
Ru3SrNiNb3,화합물,4,139.47,2.3,3.03,20.44,3.87,17.13
Lu3Y3Hf2Si2Pd2Se4,고온,6,104.62,2.7,7.26,8.17,10.37,93.99
InPr4Si,화합물,3,55.67,3.0,11.62,4.36,14.74,0.0
Ta2TlY2Hg4Ru,고온,5,72.45,2.1,7.4,9.47,3.98,119.91
YbCa3Be3Os2,화합물,4,80.38,2.1,1.7,17.19,12.2,8.19
U2B4,화합물,2,10.58,5.1,4.9,33.13,11.91,7.96
Fe4SbCu,화합물,3,49.07,2.3,5.78,22.32,7.08,10.64
Ge3B2Ni3Sc,고온,4,74.76,5.2,6.66,11.14,3.17,142.69
Fe4Zn2Ho,합금,3,26.21,2.8,8.82,94.14,13.52,4.49
BHoSi4,화합물,3,155.87,4.7,4.12,37.94,4.08,22.61
Sb2Al2,합금,2,38.63,1.8,2.02,58.61,7.24,0.85
PbBi3Ru2,화합물,3,131.19,5.0,11.48,30.43,12.8,22.29
TeCdCo2Si3Tb2Pb,고온,6,121.85,4.3,6.69,2.87,1.58,51.43
Cr2Mo,화합물,2,74.44,4.8,7.6,21.26,7.86,23.89
Co3SiB,화합물,3,29.49,2.2,2.17,37.81,7.37,7.8
AsSm3InRe3ZnNi3,고온,6,75.69,5.4,6.39,6.59,1.72,98.43
ThNa3Mn4Ir3,화합물,4,133.95,3.0,8.41,28.0,2.93,11.89
Se3IrS4,화합물,3,95.94,1.8,6.66,42.7,10.59,12.2
K2ErNa4ThLiRe3,고온,6,52.24,3.8,6.83,2.65,4.25,45.45
Ru3Re,화합물,2,149.74,1.8,12.01,5.88,4.6,8.81
Sm2MgKMo3,화합물,4,106.22,1.6,12.93,5.77,4.33,11.55
Cs3La2,합금,2,171.07,4.7,15.14,120.13,0.98,4.52
Cu4Fe4,합금,2,82.4,1.6,12.15,137.02,7.21,0.0
Yb2Bi,화합물,2,120.95,3.0,7.7,22.15,1.34,5.57
Si2Tm3Tl2,화합물,3,120.35,4.6,5.02,40.41,1.23,6.43
SmS,수소화물,2,6.98,2.5,5.25,31.5,13.24,291.23
La2Pt,수소화물,2,19.4,6.0,1.4,31.3,9.34,234.67
Cs3Eu3Te3Cd3,고온,4,80.5,2.7,7.38,5.39,10.05,38.37
CoZn2Er3Sc3,화합물,4,147.46,3.5,9.25,37.04,2.92,3.32
Zr3P2,수소화물,2,20.16,4.3,3.62,64.43,11.78,147.4
Ca3Rb3S3,화합물,3,154.27,1.8,8.85,3.39,3.16,6.59
ZrW3,화합물,2,147.07,3.0,12.65,8.49,3.64,3.79
K3HoPr2,화합물,3,135.89,2.8,11.96,6.49,9.09,12.09
Hf4,원소,1,189.71,5.0,6.18,225.85,9.65,1.53
TiV2Mn,합금,3,45.71,5.5,2.7,113.2,13.3,13.24
Pr2Ag4HfHg2,고온,4,51.6,4.1,5.58,8.19,1.83,113.05
NiH2,화합물,2,21.82,5.3,11.88,15.16,13.7,4.78
Se3W2Ga,화합물,3,100.67,2.7,12.92,8.65,2.85,8.09
CeLa2KCr,화합물,4,35.84,3.9,13.02,24.58,11.26,7.43
Li4N2Sc3Tm2Dy2Bi2,고온,6,87.21,4.0,7.58,6.69,4.78,55.33
Bi2SeTe3S3,화합물,4,120.98,4.9,10.1,48.63,9.62,8.2
Zr3Cu4F2Ca,화합물,4,102.16,3.4,8.87,26.4,14.22,11.05
EuSc,합금,2,111.41,3.5,14.86,145.38,9.04,7.04
ReTl3Li2,화합물,3,46.47,2.3,9.2,34.82,10.03,7.58
FeLu,수소화물,2,52.82,2.1,6.8,41.85,4.9,184.79
InW3Dy3Si2,화합물,4,65.14,2.8,4.08,40.7,7.08,22.63
ZrBeCa4,화합물,3,52.18,4.7,11.06,11.74,10.49,27.85
Sb2Ba4AlTl3,화합물,4,72.09,4.5,7.87,39.25,10.47,6.67
ErY4TbTmW2Pt2,고온,6,138.11,5.5,3.84,12.13,11.88,133.66
BeODy2,화합물,3,110.53,5.7,4.02,7.94,14.27,5.45
Zn2HfDy2Re,화합물,4,107.97,2.4,2.37,5.61,3.74,37.52
ThTa2,화합물,2,75.34,4.7,8.85,26.64,6.28,7.81
B3,원소,1,145.96,3.0,11.01,236.8,5.44,3.21
FeDy4PdMn2Y2,고온,5,47.35,3.9,6.5,1.26,7.47,80.31
Be3TbH2Ir3Sb2,고온,5,95.01,5.7,8.13,12.62,7.94,159.47
Y3PMgRhCs2W,고온,6,55.97,4.6,4.19,11.34,0.94,107.65
Ru2CTb2La4Nb3Li3,고온,6,38.64,3.1,3.29,12.98,8.0,55.13
U2TaSr2Sc3V2Ga3,고온,6,78.91,5.0,3.49,2.94,2.03,162.12
Pd2Ce3,화합물,2,127.75,3.9,10.34,6.33,8.52,4.85
Ta3Ge2N3Te3H2,고온,5,102.41,5.3,5.58,8.9,6.16,122.99
TiRh2Hg,화합물,3,131.82,3.0,6.15,46.04,13.44,3.51
Mg3Gd,합금,2,57.73,3.2,10.43,111.88,5.96,0.03
Si3Ir4,화합물,2,85.81,2.4,2.84,36.24,2.96,3.29
RhMgRb3,수소화물,3,40.26,4.2,6.59,42.54,3.39,245.15
Te3VNa2,화합물,3,96.82,5.1,8.72,3.08,7.12,18.36
AlU3Au2N3,고온,4,127.36,4.2,8.43,8.0,2.84,126.13
Cu4Sn,합금,2,123.45,5.8,7.05,64.27,8.73,17.41
SeSr4ErCo2,화합물,4,140.18,2.5,5.36,34.51,8.36,4.33
Se2Hg2Ti,화합물,3,64.66,5.8,9.68,36.53,9.05,18.25
V4,원소,1,229.15,2.0,11.95,320.35,8.64,1.64
Te2Ag,합금,2,61.99,2.9,11.66,62.2,4.58,5.99
GaPd2,합금,2,35.62,4.0,11.01,58.12,1.69,4.38
TeCr2Pd2HoO,고온,5,61.03,2.7,4.76,6.39,3.09,33.16
Ho,원소,1,97.37,3.0,13.15,160.24,7.84,1.92
Ta2Cs2Sn3,화합물,3,34.04,3.2,2.45,38.41,5.85,6.33
W4,원소,1,218.77,5.0,8.63,329.15,6.11,9.45
PdEu,화합물,2,48.24,4.8,7.4,29.59,3.28,3.07
S2P2,화합물,2,39.15,4.7,13.22,35.35,11.7,11.1
CoAs3Au2Pd,화합물,4,78.83,4.6,9.07,27.57,14.58,7.57
WSm4Cd2Ca2,화합물,4,46.86,4.9,6.3,9.4,7.94,8.02
S2FCo,합금,3,67.47,5.7,8.25,120.97,13.36,13.29
VSc2Cd2,화합물,3,36.74,5.7,5.86,34.67,1.37,10.25
B3Eu3PbMg2Nd2,고온,5,105.99,4.3,6.51,8.63,1.52,70.92
Ta2O3,합금,2,71.77,2.5,5.9,99.51,13.03,8.34
Pb3Pd3Sm3,화합물,3,32.48,2.9,4.33,22.42,4.65,12.9
Ir2Ga2,합금,2,56.99,5.0,6.05,24.13,2.14,4.49
Tb2SiAl,합금,3,98.94,5.7,15.63,76.1,6.56,6.81
CTbIr3Pr2Ag2Hg2,고온,6,102.84,4.1,3.42,10.51,12.2,42.56
SeS2,화합물,2,72.94,3.9,8.44,20.0,7.04,13.96
Gd4Te4Sb3,합금,3,32.89,4.1,13.27,142.0,5.96,6.72
Bi2B4Dy2,화합물,3,134.47,3.0,10.98,19.77,3.74,13.4
Co2B,수소화물,2,43.79,2.9,2.87,64.27,7.63,263.79
BeHo2Cr3W2Cu,고온,5,54.03,3.0,3.96,8.86,9.99,143.87
Pr4CrGaSb2Tl2,고온,5,35.19,2.0,7.4,12.34,3.45,167.48
Li3U4,화합물,2,126.17,2.9,3.07,11.34,6.15,31.76
SnPrSc,화합물,3,73.75,3.9,6.27,2.31,0.51,6.36
PrNb3,화합물,2,123.83,3.4,10.62,35.79,3.09,21.12
Rb4,원소,1,208.22,2.0,5.53,294.91,5.65,3.01
LaNd3Li3Sc3,화합물,4,84.97,3.1,9.43,37.11,4.12,2.98
Ta2SiLu,화합물,3,122.45,5.4,9.9,31.38,8.27,10.75
Sm2B3Si3As4,화합물,4,49.86,3.4,2.3,23.89,0.87,6.85
Mg4Zr2Be4Sn2,고온,4,37.67,3.2,4.65,2.66,1.28,42.7
Sb3Pd3,합금,2,139.87,2.7,11.89,88.54,8.08,0.0
CsPd2Y,화합물,3,14.72,2.0,6.82,33.2,13.43,5.67
FNdGa2,합금,3,89.96,3.1,9.74,50.12,9.61,0.0
Fe3Hf3Pd4,화합물,3,61.06,5.4,6.13,0.73,7.73,7.97
Mn2,원소,1,29.66,2.0,15.71,20.78,7.22,0.33
Rb3AlZn,합금,3,130.97,1.7,9.63,29.56,5.54,0.0
Yb3V4Rh,화합물,3,90.31,3.5,9.49,22.41,4.75,1.16
CrTm2Cu2Eu,화합물,4,22.71,3.8,8.86,48.66,11.2,12.23
Os2Yb4,화합물,2,116.65,1.5,7.53,10.28,4.74,0.0
Bi3C,합금,2,30.48,2.3,7.19,114.58,13.62,3.94
Ni2Pt4TbNa2,화합물,4,26.54,5.5,11.08,33.76,14.9,7.32
Si2Ca2,화합물,2,61.6,2.9,3.54,27.03,14.61,10.17
Sb2Nd2Rb3,화합물,3,123.36,2.5,4.12,25.89,4.28,14.81
NY3Ag3Lu3U2Mo3,고온,6,111.36,3.0,4.89,14.82,12.66,118.43
PLa2Fe2,화합물,3,147.93,2.7,13.82,1.42,12.15,18.15
CrAu2C4U,화합물,4,73.72,2.9,2.77,8.02,14.33,6.04
Hf3RhMnHo2Cr3F2,고온,6,31.44,4.0,3.28,9.34,0.19,73.74
InTh3Yb4HoCr2,고온,5,76.92,3.6,7.63,5.2,14.86,153.52
TePd,수소화물,2,12.47,3.6,7.15,35.55,7.83,260.3
Sn2SeGe3Si,화합물,4,72.46,1.6,5.52,47.4,0.53,0.24
Sn3Cr2,화합물,2,41.72,4.0,1.8,4.14,1.31,12.37
Si3Sn2S2K2,화합물,4,146.53,3.7,4.18,43.31,4.98,0.0
Ru2SbP2,화합물,3,143.51,4.8,8.82,34.44,2.55,7.3
AsCe,수소화물,2,53.07,4.8,4.27,18.64,9.12,114.38
AuB2,화합물,2,154.64,5.5,6.76,35.87,11.74,10.71
Cd4GaTaF,고온,4,54.05,2.6,4.23,6.23,11.01,60.29
SbOs4,화합물,2,10.6,2.9,8.61,42.76,13.81,24.34
UK2Dy3Mo,화합물,4,129.98,2.6,4.4,14.86,8.42,0.48
BHCo3Sn2Ho2,고온,5,44.63,3.9,6.09,5.49,1.47,130.93
CaEr2V2MoDy4Ti,고온,6,133.41,4.9,8.2,12.02,3.34,156.87
Ir3Zr2,수소화물,2,47.53,3.5,3.35,41.92,8.89,215.37
AgAs2Si2B2CCa,고온,6,89.67,5.6,7.15,1.47,7.51,106.08
Ce2V3SRu,화합물,4,45.48,2.5,1.95,40.55,1.4,22.3
O3Yb2,화합물,2,153.65,2.6,12.34,45.91,7.8,2.57
O2Rb2In2P4Mn,고온,5,80.18,2.6,5.7,12.22,9.46,125.12
Yb3O2,화합물,2,135.62,3.4,2.61,19.55,2.57,9.16
PtY,합금,2,54.75,3.4,12.92,97.92,13.54,10.14
CeSr3,화합물,2,14.87,5.7,8.08,36.81,7.95,4.87
Dy4Ce3Fe2,화합물,3,66.99,1.6,4.78,20.83,14.42,2.7
Ir2Cu3Re3,합금,3,43.5,2.5,9.42,67.91,9.94,3.86
YbHf2Ta2Al2Zn2,고온,5,136.01,3.0,6.23,14.58,8.38,126.01
Zn4K4,합금,2,161.76,2.8,11.78,35.19,0.55,0.0
DySb4Zn,화합물,3,104.7,4.4,11.47,40.1,6.64,15.6
Tm2F2Si3Co3,고온,4,83.36,3.1,6.38,4.18,12.69,65.86
SePb2Rb4,화합물,3,76.44,4.8,6.32,3.35,13.42,3.3
Rh2Cr2Co2Mn3Fe2In,고온,6,102.88,4.7,4.44,8.03,11.97,165.32
AsEu2Mg3Ir,화합물,4,108.24,4.4,12.84,26.78,10.05,10.39
HTlEr,수소화물,3,26.91,5.4,3.82,74.68,8.6,105.86
Rb2Fe,합금,2,45.1,4.2,7.14,10.56,2.99,4.4
Sn4,원소,1,126.45,3.0,16.99,332.11,0.93,5.99
CsGeCSm2,고온,4,66.61,1.9,3.29,4.54,14.63,122.39
Cu2Bi3OsPb2Ga2,고온,5,37.56,5.1,5.58,13.13,10.64,44.99
Zr2H2,합금,2,128.14,2.8,3.35,123.24,12.78,5.16
Na3FTi,수소화물,3,19.87,4.4,3.43,19.52,5.81,185.82
Be2Zn2CdBi4,화합물,4,159.87,5.7,7.11,5.19,7.09,27.5
Li2Ho2La,수소화물,3,4.46,3.7,7.44,50.97,12.78,163.37
Pd2Ag,화합물,2,124.86,3.2,13.61,45.32,11.15,6.06
Au2Zr,화합물,2,110.04,5.6,5.71,32.03,12.02,25.01
C2NTb2,화합물,3,74.14,4.7,4.45,15.36,0.98,42.41
AsPr,화합물,2,67.08,2.3,6.84,39.95,14.62,5.41
Gd2Bi4WTh3,화합물,4,122.51,5.7,7.36,7.28,3.05,20.4
SrAsMgYb2,화합물,4,64.46,4.8,10.97,35.95,5.61,19.97
B3,원소,1,126.52,4.0,14.83,55.01,2.18,4.5
Ru2Mg3Cr2,합금,3,92.9,1.8,15.77,120.82,8.11,0.0
Eu2Si3,합금,2,86.7,4.4,3.17,106.97,8.88,6.56
As3Pr2W2Pt,고온,4,66.85,5.0,3.52,12.0,12.5,52.42
YNa3Ti2,화합물,3,47.05,3.9,1.53,17.77,2.01,9.75
W2Th3HgSSn2,고온,5,89.99,5.1,6.92,7.52,4.66,154.64
RhPb2B4,수소화물,3,44.04,1.9,2.12,44.05,7.8,172.97
PrTi2Eu3,화합물,3,24.29,2.2,6.0,6.06,6.17,8.49
VNa,수소화물,2,5.96,2.0,2.73,40.23,3.9,153.84
Bi2CsAl,화합물,3,39.33,3.9,7.36,6.33,9.53,11.73
Rb4Sr3,합금,2,155.18,5.5,10.99,136.63,4.07,3.59
W3Si4Ta2,화합물,3,95.67,2.5,6.67,13.2,9.52,8.24
Rb3U3Mo3Gd3,화합물,4,115.08,5.7,4.26,8.8,4.8,15.25
Dy2LuHf3HoReMg,고온,6,50.68,2.0,3.43,6.57,13.2,149.9
Ir2Os,화합물,2,136.91,4.1,7.96,39.32,1.41,9.49
CdGeYPt3,화합물,4,26.33,2.4,1.6,3.92,14.96,5.53
Pt2EuKCeLu2,고온,5,101.28,4.9,8.74,3.84,7.53,130.69
Er2H,화합물,2,26.54,2.7,7.48,36.96,8.47,4.39
Sc3Tl,합금,2,38.35,5.9,2.08,57.8,5.88,4.04
Re3Tl,화합물,2,82.57,5.6,6.75,39.01,14.07,16.98
Ti2MgMn3Ga,고온,4,44.08,2.4,8.16,1.27,10.9,98.44
TaLa3Hg2PbSm2Ni,고온,6,136.53,5.9,3.61,5.84,0.68,54.96
Sb3BiY4,화합물,3,39.16,1.9,2.28,28.23,10.44,6.73
RhFe,화합물,2,37.24,5.3,6.08,45.68,9.43,27.83
In2HCs2,합금,3,21.8,2.5,9.08,18.68,9.03,5.2
SmH2Ni2Th2,화합물,4,87.18,3.2,11.24,29.42,0.73,12.77
ErTmSr2Hf4Dy4,고온,5,119.89,4.3,3.08,14.79,9.48,38.35
Nd2Ba3Bi3,화합물,3,62.68,5.7,8.28,3.5,6.48,4.25
ErSc3,합금,2,86.76,2.7,3.51,11.56,14.41,20.01
Sn2Ir2Zn4Sm2,고온,4,132.51,4.6,4.28,8.24,0.43,110.29
NiLaRb2SPr3Os2,고온,6,85.75,3.7,4.26,9.75,3.08,44.33
U3Au,화합물,2,46.16,5.0,5.7,28.42,13.19,13.95
Zn2Au,합금,2,72.58,5.9,14.23,62.97,3.08,17.2
Be2OsNi3,합금,3,61.83,5.8,10.47,22.24,0.74,4.93
CsNa2Er4,합금,3,128.46,3.1,7.95,7.9,8.53,20.33
RuMo3Yb2,화합물,3,96.68,3.1,6.21,1.84,9.14,11.39
NbHf,합금,2,121.5,2.0,9.04,34.6,1.65,5.73
Pb2BaTh4Ir2,고온,4,117.54,5.3,4.23,4.66,5.97,51.12
CTb2,수소화물,2,15.97,2.6,5.93,56.7,5.15,237.2
SeRh3Zn4Bi,화합물,4,40.81,3.5,7.31,19.74,0.75,5.23
Sn2W2,화합물,2,133.96,4.4,10.24,39.28,3.18,7.88
Be2S3,화합물,2,116.95,5.7,7.82,40.68,13.45,2.2
Ag3Re3RbRhBa4Tl,고온,6,123.87,1.7,4.6,8.07,1.23,99.17
TeRh2NaSb2K,고온,5,80.22,3.9,5.75,9.67,7.6,100.29
Re3,원소,1,58.93,2.0,10.52,194.29,6.15,2.69
Mg4B3Fe2,합금,3,134.03,5.8,11.92,109.45,8.4,24.92
CrRbAl3C2As2,고온,5,74.61,2.7,3.48,12.98,4.23,98.36
CdAlZr2F3,화합물,4,82.81,2.7,4.35,19.14,11.4,19.12
WTb2N,합금,3,109.53,5.4,3.12,31.94,10.51,16.5
Cd2V2Na2,화합물,3,100.87,5.2,2.71,47.58,0.14,14.28
V2Yb2GaFe3OsCa,고온,6,48.88,1.6,4.07,13.25,9.91,147.86
GeZn3,합금,2,81.55,5.5,8.68,101.35,7.11,17.4
B4Pb4BiP2K3,고온,5,110.72,2.4,5.64,8.45,12.21,152.18
Al,원소,1,132.31,3.0,2.59,368.74,7.13,0.84
Zn4Hg2Ta2Tm2Tl4Pd,고온,6,103.36,2.7,5.97,1.39,7.42,152.31
NbU3In3As3,화합물,4,115.09,5.3,3.5,17.83,5.45,16.48
PdYb2,화합물,2,100.41,5.8,12.38,16.06,6.59,6.9
Sn3Fe2Ti3Ba2,화합물,4,149.04,4.4,3.75,4.08,1.49,5.68
B2Ir2Os3Sn2,고온,4,33.07,1.7,5.15,12.45,8.53,84.8
TlSOBiP3,고온,5,113.91,4.4,7.31,12.49,4.43,96.96
NLuSi4S2,화합물,4,30.99,4.9,11.47,20.16,14.36,6.33
CdU4,화합물,2,71.34,5.1,3.32,48.74,1.28,12.61
Ni3BiY2,화합물,3,124.99,2.5,9.07,30.26,5.32,3.69
NaBi4,화합물,2,12.31,5.5,3.67,44.89,13.72,6.24
Be3Cr3Ir2Ti3Sn3Ho,고온,6,89.49,2.6,4.59,7.42,8.99,95.53
Ag3,원소,1,188.62,5.0,7.37,107.92,4.34,2.13
Sb2Ge,화합물,2,159.61,5.4,9.56,24.51,8.2,5.3
Ho3Cu4Au,화합물,3,158.51,5.1,11.4,41.47,4.2,15.47
Nb3Zr3,합금,2,92.58,4.6,6.33,135.19,10.34,13.14
Ta2Ir3CePdLu,고온,5,123.78,5.2,6.64,5.54,2.45,82.87
CrSiRh,화합물,3,69.5,5.3,10.69,38.87,8.14,8.82
ZrHf3VMo,화합물,4,12.63,3.3,7.23,22.84,13.78,12.82
MoYNa2Tm2Au3,고온,5,57.55,2.7,8.37,2.9,12.55,63.69
Ti3B2,화합물,2,23.92,4.5,4.6,24.56,14.87,8.71
Sb2Dy3,화합물,2,28.33,4.8,4.16,25.14,14.36,7.23
Ba3,원소,1,97.66,3.0,19.29,118.23,1.07,1.79
ZnPt2Eu2,화합물,3,149.99,4.6,12.13,6.25,11.63,13.64
Fe2Pd2,합금,2,110.01,4.6,6.3,20.11,12.1,3.41
NbMnRh2,화합물,3,121.57,1.8,8.82,8.09,3.76,7.73
Ga3Ru2S,화합물,3,39.6,4.0,4.4,36.78,7.23,7.51
NaNdAu2,화합물,3,127.16,1.7,4.75,33.77,3.37,20.39
BiLa2HgCr,화합물,4,83.53,2.1,9.92,28.81,13.86,0.83
AuNdRe,합금,3,175.96,5.5,10.86,84.5,7.36,8.69
HfNi2Ce3Dy2P2,고온,5,112.45,2.5,5.6,6.11,5.61,64.38
W4,원소,1,208.73,3.0,18.98,69.3,5.88,3.38
Fe3BiSe2GaH,고온,5,48.41,4.4,8.44,12.41,1.67,37.61
Y2InFe3,화합물,3,127.58,5.0,2.32,25.37,13.75,7.57
S2CCs,화합물,3,157.42,6.0,1.58,44.69,8.9,10.51
MnGd2Be3Cs3,화합물,4,143.03,4.2,13.68,44.13,6.19,53.47
VNb4,수소화물,2,29.26,5.4,3.55,49.76,2.18,227.71
NdTm3N4,화합물,3,67.63,1.7,9.43,21.81,4.78,3.95
F2H3PtLa,화합물,4,102.65,3.5,10.86,2.39,6.5,5.78
Lu3Rb2,수소화물,2,26.9,3.7,7.27,47.16,2.58,146.14
Ho3ReBaCo4CSi,고온,6,118.02,3.4,8.9,7.89,14.26,149.55
UGa2Ru,화합물,3,90.84,1.9,9.24,14.23,3.6,5.72
Be3Ho2,수소화물,2,58.27,3.8,4.65,6.85,10.36,179.61
Re2S,화합물,2,19.02,2.5,13.95,22.26,9.99,7.02
H2Cd,합금,2,168.66,4.9,14.03,58.11,13.49,2.06
Cs2Re2,화합물,2,32.51,1.6,8.83,13.3,8.69,5.47
SiBe2,화합물,2,98.67,3.5,11.84,36.84,9.99,8.46
WS3Ir2Ba3,화합물,4,11.83,4.2,10.34,38.7,12.98,5.36
SiAuNaTe,고온,4,132.37,4.2,4.41,4.41,10.15,144.52
Tm2Mn4Ta2,화합물,3,17.67,3.7,1.57,5.13,1.81,4.67
La,원소,1,193.11,2.0,6.35,316.36,7.61,0.07
Tm3LiHf3Sm,고온,4,37.46,3.5,7.95,2.24,3.36,150.01
TmGd2Mg4,화합물,3,42.07,5.9,11.79,37.7,12.14,2.18
Ga4Sb3,수소화물,2,14.85,4.7,2.5,27.63,7.98,129.49
SmSr2Ga,수소화물,3,55.7,5.0,5.18,68.12,2.18,197.77
CrCd2HfPb4,고온,4,106.71,4.6,8.02,4.21,1.32,138.89
TlTa3Nd2Eu2W2,고온,5,83.54,5.5,5.63,14.67,8.33,120.71
LuFe3,합금,2,113.62,5.7,9.97,144.54,0.73,7.22
Se2O3,화합물,2,67.57,1.9,7.63,44.77,4.74,9.67
CLi3Y2,합금,3,138.9,5.3,2.75,141.04,12.81,9.57
Er2Ge3,합금,2,43.25,4.6,14.09,66.78,0.68,12.71
Y2Ga,화합물,2,58.3,3.9,7.07,21.43,6.76,4.26
Sc2,원소,1,198.36,3.0,7.42,214.56,4.34,2.7
Cd2O,수소화물,2,54.44,3.7,2.63,57.65,11.04,263.46
Tm2As2Ge2TeZnTl,고온,6,30.68,2.3,6.03,10.43,9.03,35.38
Os3HfNd,화합물,3,45.1,3.7,12.63,26.2,3.8,5.26
CuPRhTa2,화합물,4,48.28,1.7,7.72,31.76,4.39,5.31
Tb4Lu,화합물,2,134.02,2.0,2.5,6.06,13.81,0.16
Ti2Ca4Sn2Zr4C4,고온,5,33.82,2.4,4.29,13.29,9.56,133.58
Cd2Nd,화합물,2,24.87,4.3,7.48,48.52,10.42,16.45
W2H3,합금,2,124.92,1.5,6.93,82.58,14.7,9.87
Te3K2Pr,화합물,3,112.51,3.5,5.07,7.18,12.02,4.38
MoNb2Se,화합물,3,87.36,5.8,11.58,40.51,9.37,17.95
Bi3Ta2,수소화물,2,48.4,3.1,5.34,52.9,4.75,255.66
UIrRh2,합금,3,109.43,5.5,7.84,85.8,0.26,16.81
In2HgSr,합금,3,85.14,3.6,15.9,139.11,8.62,0.0
Er3Ir2Zr2Rb2,고온,4,116.69,1.9,7.23,6.09,0.91,92.18
Li2V2IrGe,고온,4,52.52,5.2,4.74,6.72,14.12,34.61
TlRu2Zr2FeBa4,고온,5,134.5,3.0,5.8,11.47,14.33,128.18
RbB2ScSe2,화합물,4,137.39,4.9,5.09,46.93,9.95,26.25
Pb2In3Bi2H2,화합물,4,110.09,4.5,6.0,36.37,5.43,4.05
Ge4FB,화합물,3,43.92,2.2,5.64,48.05,4.94,33.23
H3,원소,1,121.53,2.0,13.98,167.06,1.86,0.0
W2Au3Mo,화합물,3,99.06,2.9,3.43,7.16,11.19,6.12
C,원소,1,81.14,2.0,6.68,356.95,1.55,0.98
SbIr2Nd4,화합물,3,109.95,3.3,11.13,38.67,3.45,6.35
Zn3Cs2Au2Hg2S2U3,고온,6,130.13,4.4,8.18,11.82,13.81,132.28
F3RuSm2Tm,화합물,4,20.34,4.9,2.67,46.51,14.84,4.1
U4Lu4Ir3B3Os4,고온,5,93.82,5.1,6.14,14.74,8.17,90.61
ScEu,합금,2,127.99,1.5,9.7,108.42,6.6,5.79
BeOSi,화합물,3,49.17,4.0,13.4,31.73,2.4,13.83
SmZn,화합물,2,63.81,4.7,9.77,28.27,12.36,29.26
YbSeBeRh,고온,4,122.4,3.0,8.61,3.15,9.11,63.56
Se4Ho3,화합물,2,111.69,4.1,8.55,5.72,2.38,1.62
Ge2Pb2Nb2InCsMn,고온,6,96.33,3.8,8.48,10.47,3.12,53.36
Zr3,원소,1,161.77,3.0,5.75,85.07,2.61,0.0
F2Tl2AuV2Tb4,고온,5,83.53,1.7,6.83,10.03,7.37,69.26
Ag3Tb,합금,2,59.34,4.5,13.11,113.02,4.39,7.32
CeDy3S2Pd,고온,4,123.91,2.5,5.05,14.76,10.35,81.81
Li3Zr2,화합물,2,62.37,3.6,2.04,29.53,11.38,7.65
CeCoAgY2C3,고온,5,84.24,3.5,8.62,2.32,11.69,73.3
Cr3La,화합물,2,30.4,5.7,13.35,20.98,10.51,10.18
MgU3Er3,합금,3,101.46,4.6,3.32,43.29,5.32,13.32
SrTlMg2Ba3Rh3Be4,고온,6,98.72,2.5,4.51,3.18,4.72,119.92
Ta4Os2,합금,2,31.79,3.0,8.57,48.78,12.43,7.69
WO4Be,합금,3,149.36,1.8,4.98,18.45,9.54,2.74
Al2RbNSr2CsSe2,고온,6,138.01,3.8,7.66,2.45,5.51,53.44
K3HfCa,합금,3,117.35,4.8,7.08,127.21,10.51,7.59
YH2,합금,2,73.59,2.2,13.43,39.03,13.99,0.6
FAl4Tm2,화합물,3,70.17,3.7,2.91,22.28,5.89,6.8
Zn4Ni2La3Fe2Te4Sb2,고온,6,112.28,4.0,8.0,8.74,3.01,135.53
Se4Ir2,합금,2,29.13,6.0,5.08,54.11,10.56,15.47
Sn3K,화합물,2,102.79,3.9,11.48,40.15,9.47,13.36
Re3PTh2,화합물,3,65.81,3.3,12.15,21.38,11.94,28.94
SeO3Cd2Ca,고온,4,62.69,2.0,6.6,7.23,14.58,45.82
NAsTh3Bi,고온,4,38.83,2.0,6.02,6.64,14.48,131.7
Se3Zn2InYbRu3,고온,5,95.32,2.5,6.7,9.76,12.89,56.96
Y3CSr3,화합물,3,93.49,4.6,12.58,47.87,3.75,5.77
U4Au2,화합물,2,10.38,1.9,11.79,44.68,4.19,13.7
Rh2O,합금,2,136.34,3.1,10.87,97.47,13.23,1.73
Se4HfRu,화합물,3,125.6,3.7,12.28,12.14,4.63,11.69
Hg2Rh2,수소화물,2,2.41,3.5,4.82,50.32,9.54,161.11
CDyNa3Os,고온,4,130.6,4.3,8.91,14.85,9.69,120.26
Hg,원소,1,188.51,4.0,19.44,353.55,8.87,7.33
Au3TiCo3,화합물,3,124.95,3.5,8.02,28.64,4.91,16.0
ONi3,화합물,2,62.26,3.4,3.71,1.23,5.36,3.18
Bi3Zn,화합물,2,100.8,4.4,11.33,11.73,3.46,13.43
Ta2Te2BSr3,화합물,4,145.74,3.5,2.59,27.91,6.24,2.05
Al3SnTa3Gd,화합물,4,152.33,3.0,7.17,39.04,14.48,12.41
F4Sm2V2,합금,3,66.36,2.5,9.26,9.5,0.87,10.77
NiCa2Er4Y3,고온,4,40.78,5.2,5.93,14.66,2.13,55.63
Er2As4Ba4Pt3,화합물,4,107.11,3.6,11.69,3.76,5.1,2.91
P3GaTl4,합금,3,134.38,2.9,12.61,48.48,6.1,0.47
Hg2PdC2,화합물,3,96.63,4.7,2.72,34.56,1.98,14.33
GdPt3DyCrB4,고온,5,125.68,2.4,4.63,1.63,13.7,107.38
Tb2TaNd2Au2W3C,고온,6,100.24,5.4,7.4,14.26,5.2,68.84
Os3Nb4Er4,화합물,3,127.35,2.4,6.1,21.53,8.84,10.28
Mn3,원소,1,200.49,3.0,11.41,324.28,3.95,6.62
F4,원소,1,12.16,3.0,1.79,359.18,8.91,7.49
Lu2TlHo,화합물,3,155.36,5.8,10.26,47.25,4.28,31.77
Zr2VMn2,화합물,3,153.16,4.5,12.36,18.09,0.28,5.85
F3Ge4,화합물,2,116.44,2.2,11.03,31.18,14.0,7.94
Ir2Ti2La3,화합물,3,46.01,4.1,7.45,8.0,5.95,9.94
ReSbOs3,화합물,3,101.03,4.0,9.1,26.24,5.51,5.26
Sb,원소,1,15.75,3.0,1.34,396.75,3.52,2.44
PtTeSi,합금,3,152.22,3.6,3.79,111.96,7.59,14.31
BiHf2NdZn3,화합물,4,143.51,4.0,8.96,43.3,4.75,37.82
Cr3FLi,합금,3,176.05,4.6,8.23,101.82,11.02,20.17
Pb2,원소,1,78.21,4.0,3.89,389.45,8.82,6.6
Ge2Th4,화합물,2,72.12,5.3,1.96,16.72,14.32,7.5
K3Pb3Re3AsLiNb4,고온,6,124.32,5.3,8.21,5.01,9.33,59.12
In4H4Pt2ErHfNb3,고온,6,44.97,1.7,7.71,7.39,9.76,130.82
WCe2GePtIr4,고온,5,113.28,1.9,3.99,8.02,4.25,82.49
Co4O2N2,화합물,3,142.79,1.8,1.57,46.4,6.22,0.89
MoCu3Nb3H2Gd2,고온,5,49.26,2.2,8.75,13.36,6.82,154.09
Rh2NTm4,합금,3,154.45,3.2,4.05,10.79,12.38,2.62
AlFe4,수소화물,2,48.71,2.1,7.01,71.59,4.02,271.59
Si2Tb2,합금,2,115.87,3.9,12.3,45.52,9.13,11.69
Ru4Na4,합금,2,169.85,5.4,6.47,146.63,7.15,7.89
Se3Na3HPd2,화합물,4,145.62,2.3,11.79,4.1,10.56,1.57
CrRe3,수소화물,2,35.92,3.0,5.32,76.88,14.02,211.73
Si2Pd3,수소화물,2,55.81,4.0,6.97,57.71,9.84,207.21
TaV3AuCr3,고온,4,65.37,5.6,6.89,8.9,1.98,52.52
YbAs2K2Cr2,화합물,4,13.7,5.4,6.79,1.48,6.12,14.6
Rb2DyGd4,화합물,3,64.37,2.6,10.0,24.75,4.83,3.78
SmBMn4,수소화물,3,10.68,2.8,4.01,11.11,9.02,163.34
Mo2Ni2,화합물,2,87.92,3.7,12.38,28.59,1.8,6.52
Pd2Cr3Be2Ba2Zr2,고온,5,102.11,3.9,8.11,1.65,8.21,125.3
Tl2ZrCo,화합물,3,37.72,3.8,12.5,16.36,12.44,6.17
Ti2Lu2K2,화합물,3,130.75,4.2,6.88,0.73,12.59,6.96
Be2Tm3Y3Ba2,고온,4,57.84,2.4,6.3,8.66,9.42,100.77
Hf2In3,합금,2,158.28,5.0,13.48,13.75,4.77,12.18
RuCuV2ZnN3,고온,5,55.7,3.2,3.52,14.61,12.34,113.52
Nd2F,화합물,2,83.85,5.6,4.04,49.04,11.99,17.84
KV3Lu3PdNi,고온,5,77.98,4.1,5.56,4.65,8.73,136.31
Hf2SiCr,화합물,3,10.83,1.5,6.1,37.61,1.9,0.0
GdMnAs3,화합물,3,152.44,2.0,11.84,5.92,13.51,1.17
Cd2Pd3Ca3V2,화합물,4,142.2,3.5,11.01,20.22,8.86,11.04
U3Tb2Se2,화합물,3,21.76,2.8,2.57,36.69,14.09,12.11
Al3CeYb,화합물,3,39.22,5.4,12.09,12.62,4.67,7.21
Lu3Rh2Cs,수소화물,3,46.39,5.5,1.83,50.75,10.11,291.06
CsHW3,화합물,3,50.38,1.8,7.31,7.8,1.29,14.35
B3Cu2Nb,합금,3,177.89,1.8,10.13,94.93,12.68,3.78
Bi4Rb3Ga3HgNi4,고온,5,135.39,3.4,8.74,10.23,7.81,42.38
RhCaZr2H,화합물,4,45.31,2.7,6.2,14.38,5.14,1.87
ReZn3,화합물,2,29.43,5.6,5.84,37.33,8.0,21.87
Dy2LuCe3,합금,3,161.59,4.7,4.56,122.28,5.83,3.38
Ce2S3LuTePt,고온,5,104.56,5.8,7.23,14.29,8.3,41.41
CdMg2,화합물,2,146.43,4.1,2.72,40.42,9.38,2.76
Os3ScCe,합금,3,21.94,2.5,11.26,5.69,4.21,3.12
Ir3TmTeTlS3Pt3,고온,6,47.6,3.3,4.52,12.71,10.81,142.94
Al3NdTa2Sr,고온,4,44.37,2.4,6.61,9.71,0.72,78.25
MoGa3,합금,2,44.75,5.5,10.07,77.5,10.14,18.37
Tb2AgPt4As2Y,고온,5,67.74,2.3,4.19,14.31,9.53,71.72
Hf3B2Cs2Er3,고온,4,30.31,1.5,7.04,7.64,1.86,128.47
Pb4,원소,1,216.1,5.0,3.97,329.78,6.36,7.69
Li2ReTm2Zn4NdTh3,고온,6,82.14,4.4,5.13,12.17,4.94,119.62
PrCa3KTl2,화합물,4,38.36,3.1,8.83,31.95,3.6,18.39
Zn2Se2Ni2Pt,화합물,4,154.53,5.0,12.66,37.99,14.47,15.21
IrCo,화합물,2,149.26,5.9,4.66,24.69,3.39,9.87
B2Y3,화합물,2,20.47,5.0,10.1,36.25,4.24,24.91
Dy4,원소,1,71.88,5.0,12.13,80.0,0.96,7.93
Ba4Sn2KU3Zn,고온,5,56.29,1.6,3.89,3.04,4.64,101.4
Zr,원소,1,135.08,3.0,12.53,362.1,5.77,14.63
Sm3Ta3P2Zr,화합물,4,54.53,3.9,6.1,35.05,8.34,7.66
BaTh2Yb,합금,3,159.93,2.8,11.49,27.33,11.23,6.5
B3CaW3BiSrDy2,고온,6,120.25,2.9,6.39,12.24,6.3,139.64
OTh2,화합물,2,20.6,2.5,4.48,7.23,8.92,14.56
Bi2S2V3Mg2,화합물,4,92.79,2.6,2.44,9.14,10.97,34.81
ZnRh3Be2,화합물,3,92.62,4.8,13.01,3.35,9.69,5.91
HgTh2SbHfCe2Tb3,고온,6,56.41,5.5,6.37,9.02,6.23,115.72
TiTm,화합물,2,124.12,5.8,8.57,5.2,12.12,5.36
EuCYN2Ho4,고온,5,38.04,2.9,4.31,9.27,8.6,150.82
Rb3,원소,1,222.69,4.0,12.74,190.0,4.97,6.56
Dy3AlO,합금,3,110.22,3.2,7.3,63.61,7.26,1.86
ThFe3Al3Ce2,화합물,4,64.81,4.9,3.95,5.22,9.28,13.31
HgCoMg2SnPd2Sr2,고온,6,98.32,1.7,4.5,13.32,5.05,44.08
Be,원소,1,204.99,2.0,19.31,115.64,9.03,0.09
Zr2,원소,1,99.57,3.0,11.58,65.14,7.75,7.09
YCs3,합금,2,125.61,2.0,10.62,130.13,8.29,7.99
Fe2U,화합물,2,142.55,2.5,7.49,36.82,3.07,22.17
CuAg,화합물,2,144.48,2.5,9.04,17.09,11.62,11.23
Lu3NaLaCr,고온,4,47.15,2.4,6.06,3.49,10.71,93.56
Ho,원소,1,68.15,3.0,17.25,385.81,0.91,3.6
Gd2Ca2Zr2,합금,3,165.03,5.6,12.0,50.34,14.76,14.03
AgPb4Fe,화합물,3,77.37,1.6,8.59,29.88,14.19,0.0
Ga3CrHo4Ge,화합물,4,16.4,4.0,3.83,12.78,6.43,0.0
AsAlKRe2,화합물,4,124.05,2.7,10.37,2.58,6.01,29.57
Pt2NAl3,합금,3,60.62,4.3,13.69,121.96,8.26,5.88
ZnPb3As2Gd4Se3,고온,5,34.14,4.7,5.36,6.81,9.24,95.8
Mg3Th3,화합물,2,116.54,4.4,4.79,43.23,9.19,2.62
GaTa2Cd,화합물,3,86.72,5.4,13.21,8.07,13.08,6.85
NiSeGa,화합물,3,121.08,5.3,8.96,25.3,7.91,7.54
ErAs,합금,2,23.92,1.8,8.14,78.45,10.17,4.1
OsDy2Lu2GdRu2Rh2,고온,6,96.52,2.6,8.9,9.39,1.8,102.61
CSn3Ga2Ni2Bi4,고온,5,85.78,3.2,7.24,4.4,11.26,133.02
TeCaS4,화합물,3,145.57,3.9,6.67,37.8,14.65,6.95
Ca2AlNd,화합물,3,115.15,6.0,2.57,23.02,10.28,25.07
B3In2,합금,2,177.83,3.2,14.47,65.71,7.85,20.18
Ag4RbCd2As,화합물,4,91.9,2.2,10.78,16.75,7.61,12.52
NiTe4Rh2,화합물,3,70.18,4.0,11.8,31.05,2.65,10.95
Sm2Hf2Rh2AsReCo3,고온,6,79.14,4.8,6.14,4.08,12.17,98.6
SrBa3,합금,2,158.64,1.6,8.13,26.76,2.81,1.86
Hf,원소,1,87.6,2.0,1.55,132.46,3.27,1.59
HgH3,합금,2,147.96,2.1,11.75,58.85,3.58,1.1
SCoN3,합금,3,161.79,5.6,5.13,52.19,12.83,6.12
Ce4La4Co3,화합물,3,96.18,4.1,9.3,23.32,5.36,25.14
LiAsMn,합금,3,86.22,2.9,10.75,12.99,5.1,1.66
F3Te3Sr2MnCu4C,고온,6,52.56,1.6,7.69,12.15,11.45,42.9
FeIr2Ni3,합금,3,23.43,1.8,15.17,46.69,14.35,5.59
TlIrV,화합물,3,107.46,4.4,3.11,10.06,4.61,2.4
W2Hg3HfAg3,화합물,4,70.09,1.5,6.27,0.62,11.32,0.0
S3Rb,수소화물,2,22.89,4.4,4.37,75.99,8.39,123.83
Pr2Se,수소화물,2,25.37,4.3,7.66,65.29,5.17,279.61
Ti2AuAl2Te2Hf,고온,5,120.57,4.5,4.37,5.57,6.35,44.89
H2HfIn2Fe2,고온,4,96.51,3.4,4.05,10.38,1.69,94.26
NaGeThTl,화합물,4,32.44,3.4,3.16,45.33,8.8,5.21
Sb3Sr4H3Te,고온,4,41.92,3.4,3.3,3.15,3.31,149.46
Cr2Hf2,수소화물,2,10.73,2.5,4.16,36.56,6.35,101.37
Au,원소,1,165.39,4.0,5.66,303.42,0.68,3.52
Nd3Y3LuSi,화합물,4,41.66,3.5,6.3,28.91,8.62,13.12
Ga2Ir2,합금,2,114.0,3.2,9.86,57.88,0.35,17.77
Pb3Se3,화합물,2,129.57,4.4,9.68,6.15,2.52,7.95
PbCe2,화합물,2,91.81,2.5,9.09,28.65,5.06,7.86
Fe3Cd2GdLa2,화합물,4,127.02,2.2,8.26,8.45,10.1,20.65
SZrPt2,화합물,3,49.66,4.6,7.03,11.89,6.33,10.7
Te3Eu2Yb3,수소화물,3,1.79,4.9,3.98,22.84,5.62,179.34
OTiF,화합물,3,54.12,3.4,7.88,15.99,14.35,5.22
CuSiBe2Pt2Al,고온,5,57.6,3.4,3.63,13.36,7.81,134.14
Ba4Mo3S2Cd2,화합물,4,60.73,5.5,6.53,47.03,6.19,17.95
V4As,화합물,2,103.68,1.6,2.82,26.21,4.64,6.0
Ir2Re4,화합물,2,57.73,5.6,8.9,33.2,4.68,16.98
CdRh2,합금,2,67.69,4.6,11.98,121.18,9.45,9.47
Os4Mn3HoSe,화합물,4,20.27,5.2,7.35,3.27,1.2,12.62
Hf3Sb,화합물,2,67.82,5.0,8.17,17.28,14.65,11.46
PtZn2,화합물,2,154.99,3.0,12.8,29.14,12.55,14.44
SmPr,화합물,2,108.31,5.9,7.48,46.41,4.34,8.19
Yb3Ta2Hf3Nb3,화합물,4,130.04,4.4,1.87,11.62,3.73,14.29
MoN2Ba,화합물,3,107.35,4.6,4.36,36.15,14.81,10.78
AsLaEu,화합물,3,114.29,4.3,5.51,26.01,1.75,10.58
KMg2Si2,합금,3,146.67,5.0,4.97,130.91,11.49,25.3
ThK2Cr,합금,3,53.26,3.8,4.75,95.86,14.91,3.25
In3,원소,1,55.81,1.0,3.96,369.03,6.87,0.0
Nd4,원소,1,166.01,3.0,7.39,275.54,9.75,4.46
RbB3,합금,2,124.63,3.6,11.86,6.55,1.82,2.24
Pd,원소,1,211.7,3.0,17.95,339.42,2.0,5.56
Be2V,합금,2,166.92,2.2,12.81,25.5,6.82,3.95
BSc2,화합물,2,39.62,5.4,11.8,23.43,3.05,10.63
Hf3,원소,1,37.67,3.0,5.57,50.7,4.78,0.0
YbCeCaLu,화합물,4,114.73,4.6,5.85,8.87,3.94,4.91
BeScCs3InPt,고온,5,115.21,2.9,8.96,12.2,2.13,126.87
Yb2Sc3Se3O2,고온,4,125.62,5.3,3.39,8.64,8.81,48.45
Ir3Pt3Mn2,화합물,3,100.15,3.6,10.82,19.56,7.38,1.55
Co2GaTi3AgNd,고온,5,115.7,5.7,4.82,3.18,13.56,73.04
Ir2Os2,화합물,2,56.12,4.9,9.55,9.55,9.17,6.79
Sm2,원소,1,60.11,5.0,11.39,276.61,7.77,3.98
Li4Bi2,수소화물,2,54.72,2.3,5.37,32.14,13.11,104.19
CrNa2P2InZn,고온,5,32.03,2.5,8.71,4.51,7.16,136.77
Si4Sc3,화합물,2,132.96,5.4,10.83,47.1,0.58,8.06
BMg3,화합물,2,79.71,3.7,4.56,30.99,2.96,8.14
WTe,화합물,2,44.47,2.6,11.66,23.49,1.56,12.2
Al2Sr2,합금,2,98.24,3.6,12.73,46.24,6.81,17.6
OsTe,합금,2,131.67,3.5,7.42,85.19,11.71,5.23
YbAg2,화합물,2,16.89,4.6,11.22,30.51,1.13,4.94
U3Pt3Cs2Re4Rh4,고온,5,136.59,2.4,3.49,7.32,8.93,141.79
As,원소,1,179.32,2.0,13.62,118.86,6.33,0.0
CaRh3Al4Ta3O,고온,5,63.8,5.1,3.23,3.93,2.41,79.44
Al2,원소,1,14.02,2.0,6.21,34.53,6.28,0.0
Pd2Rh3Zr,화합물,3,48.34,1.7,7.86,35.11,5.1,4.07
Ir2B,화합물,2,89.73,3.7,13.78,35.11,13.75,13.12
CrBRh,화합물,3,40.03,4.2,7.96,23.27,3.58,16.58
P2,원소,1,194.49,3.0,16.07,178.21,5.31,0.0
ZrW,화합물,2,93.5,1.5,7.97,4.04,3.74,6.48
K4Si2BiRu3,화합물,4,25.74,5.2,5.31,1.93,11.96,10.16
H,원소,1,103.79,4.0,12.62,109.32,5.16,3.03
Re2MnSm4,합금,3,101.4,2.7,15.6,127.11,1.29,4.61
Te4Ta,화합물,2,38.81,3.9,7.63,27.1,9.18,7.99
ScTe3,화합물,2,23.04,4.9,8.22,17.39,3.59,17.69
OsRb,합금,2,55.53,2.2,7.46,130.29,1.75,3.44
Er3InNb,화합물,3,129.67,4.4,5.96,10.06,11.63,15.05
Ho2Dy2UH3As,고온,5,42.11,3.9,4.16,14.74,10.32,142.96
Yb,원소,1,96.22,3.0,20.19,370.58,5.48,6.29
Yb3Bi2Ir2,화합물,3,158.46,5.5,7.71,27.22,4.56,9.56
Gd2,원소,1,230.68,1.0,17.48,285.95,5.81,20.09
Zn,원소,1,109.53,2.0,21.65,270.25,6.02,6.27
ONdV,합금,3,113.99,3.3,5.31,124.98,6.06,8.36
HoSr4,화합물,2,137.57,3.6,2.95,10.48,8.61,4.25
ReTb3Nd4NaHf4Cd3,고온,6,64.84,1.9,3.75,9.64,4.18,110.63
Rb3Li2,화합물,2,70.31,5.5,8.85,8.95,8.02,6.15
Ti2HgSm3,화합물,3,106.72,4.2,12.23,3.85,8.43,6.89
MgTeCu,화합물,3,121.64,3.8,5.04,36.4,6.17,3.09
SiMo2,합금,2,53.97,2.2,9.89,73.7,6.16,0.0
CuRe4,화합물,2,77.17,1.6,1.68,45.79,5.55,8.29
RhHf3Yb3LaEr3,고온,5,69.04,5.5,7.92,6.41,2.34,45.21
Ho2IrGaMo3Mg4Lu2,고온,6,111.85,1.8,4.14,9.28,11.26,61.74
Bi4Ni3CaSb3Nd,고온,5,128.7,4.2,4.21,2.31,8.07,142.7
Ta4CoPr4,화합물,3,25.19,1.5,12.32,0.52,9.09,1.41
V2TeTi4In2Tb,고온,5,40.33,4.4,8.32,5.79,3.75,47.89
Tl2Te2Gd,합금,3,96.96,3.5,7.19,132.59,2.77,6.53
Re3SLi2HfU2Hg,고온,6,104.08,3.3,7.38,6.64,13.6,50.12
Ho2GaScSb2,고온,4,123.34,5.5,6.66,7.15,14.88,90.52
Tl,원소,1,37.15,3.0,3.66,332.95,8.81,4.99
Zr2Sc,화합물,2,65.29,2.9,13.85,12.68,5.85,0.09
HAg4Pr2,화합물,3,17.69,3.7,6.16,0.94,9.03,8.47
SiC,화합물,2,39.81,2.8,5.12,1.92,8.34,13.26
O2Au2,합금,2,161.51,1.7,9.62,76.36,3.44,0.0
Nb3Os2Fe,수소화물,3,6.35,5.3,6.64,55.26,12.87,207.29
NaF4H,화합물,3,116.15,4.7,2.58,30.21,5.4,12.03
HfIn4,합금,2,118.29,5.6,14.09,141.56,4.23,7.86
Sb,원소,1,135.54,3.0,2.05,374.81,8.74,0.0
LaTmTe4Gd2,고온,4,106.21,5.5,6.39,10.01,2.3,127.59
Er3,원소,1,157.34,4.0,16.17,49.8,2.41,6.63
P3Li,합금,2,116.34,2.6,5.29,92.87,10.2,6.91
Ta2C2,화합물,2,112.47,3.1,2.58,48.71,4.24,23.46
MgKTa4Dy2,화합물,4,96.39,5.9,2.97,22.86,10.99,6.33
Hg3Pd2Fe2Li4,화합물,4,121.77,2.8,10.68,43.75,8.64,24.67
N2Os2Li4,화합물,3,22.24,5.7,6.41,48.87,2.51,12.36
Ag2Te2Re2Rh2,고온,4,41.9,4.3,4.22,6.12,5.83,115.41
ZnSe2Sm,수소화물,3,22.87,2.8,5.21,10.26,2.23,207.38
TmW2,합금,2,136.65,3.5,13.08,41.8,2.77,6.83
Hf3Ge2,화합물,2,159.65,1.5,10.17,33.31,1.46,13.76
Pd4W2TeK3Hg,고온,5,102.58,2.3,6.58,8.29,9.23,50.12
Au2P2Bi3,화합물,3,98.73,4.3,3.49,46.25,12.59,22.93
YbEuLa,화합물,3,88.99,5.7,5.03,27.62,10.3,32.61
KNbSn,합금,3,48.24,3.9,3.27,106.14,9.48,2.02
Hg4Th3,화합물,2,63.18,5.1,2.92,7.95,7.93,9.54
NaCoPb3,화합물,3,23.66,6.0,12.7,33.55,14.13,14.47
UCsCr2Mg,화합물,4,130.54,5.6,5.05,33.6,1.31,43.51
Pr2InTl,수소화물,3,49.6,4.5,2.25,74.63,1.04,274.05
N3,원소,1,33.32,5.0,4.95,107.96,9.52,1.3
P3,원소,1,149.52,1.0,20.54,17.62,6.19,3.59
Eu4,원소,1,197.16,4.0,16.22,334.64,6.64,1.16
TmTaThDy4,고온,4,97.42,3.6,8.21,2.97,13.31,32.08
MoFe2Se,합금,3,150.75,4.3,2.5,21.14,10.54,4.06
Pb2Li,화합물,2,22.99,1.6,10.58,35.84,0.68,25.58
CsGe,화합물,2,49.25,5.1,7.84,3.6,14.85,2.2
Hg2Th3Er2,화합물,3,142.72,3.8,13.17,16.19,8.6,6.04
MnGd4Sb3,합금,3,153.11,5.6,2.75,70.21,0.2,10.58
Ho3TiMoBNi,고온,5,111.6,3.6,4.67,8.04,3.66,98.34
HoPr4BaBi2,화합물,4,155.92,1.8,11.7,26.13,1.74,7.83
Ni4Mn2Cs2Mg2B2,고온,5,79.7,4.1,7.02,11.1,13.41,70.18
CoAl2C2,화합물,3,131.32,1.9,7.08,30.96,10.67,4.91
DySb2,합금,2,165.86,2.8,14.7,65.38,2.55,5.77
RhCs,합금,2,171.13,5.1,11.6,8.9,2.67,3.29
Ce2La2Bi2,수소화물,3,45.16,5.1,2.29,56.53,9.48,238.42
AgTh3BiTl,화합물,4,40.59,3.6,7.02,34.22,9.39,14.61
Ho2,원소,1,189.26,4.0,7.77,200.94,2.91,0.37
LiTmNi3,화합물,3,22.2,2.6,9.28,32.93,4.39,6.75
TaHgH3Eu2,화합물,4,22.99,5.1,12.07,48.07,13.37,5.6
Be2Pd3,화합물,2,113.28,1.9,5.96,9.24,3.62,17.1
GaB4Rb2,합금,3,155.14,1.9,2.66,59.36,1.01,14.48
Ga2O2ScS2Tl3,고온,5,117.46,5.6,5.86,1.72,8.4,122.08
Ir3,원소,1,227.87,2.0,4.69,138.38,8.93,2.66
K2PrCe2Co,화합물,4,23.57,5.3,10.96,2.27,8.09,17.54
Hg4Mo3Ca3,화합물,3,24.32,3.0,9.02,19.5,5.28,23.6
Co3Tm,합금,2,64.31,5.5,7.69,23.19,5.48,9.08
InPdMn2,화합물,3,84.25,4.4,13.34,44.37,8.94,9.93
Pr4,원소,1,115.49,3.0,21.02,8.3,5.78,8.75
K2Ba2Cd2,화합물,3,90.15,4.4,5.76,26.18,5.22,19.71
Se2PdHf3MgTl2,고온,5,76.25,4.3,7.58,14.36,10.01,102.8
Al3Dy,화합물,2,89.29,4.2,2.94,0.62,14.03,13.07
Ir2Y,화합물,2,72.96,5.4,8.77,36.62,7.85,7.71
CRu2Mo2,화합물,3,114.08,3.7,6.11,30.59,13.9,43.82
Ba3Eu2Ge2,화합물,3,140.96,5.8,13.99,26.97,8.25,8.5
Ba4O2F3Te2MnH3,고온,6,69.8,4.3,4.53,11.0,9.13,145.52
BYb2Ru,합금,3,134.87,4.1,4.17,127.49,6.44,3.69
Sb3YbSc3Mg3Se2Ca,고온,6,30.2,4.6,5.49,12.33,14.11,129.04
SeY3PbBaP,고온,5,36.93,1.7,6.33,3.64,9.35,103.99
Rb3HgPb,화합물,3,133.67,5.4,6.75,40.25,12.55,31.56
Te2Cr2,합금,2,157.18,3.3,6.11,129.34,0.54,7.85
Eu,원소,1,133.83,5.0,8.5,198.42,7.49,4.22
H2Ge,화합물,2,128.68,2.2,6.62,18.35,5.83,8.08
Sb3Al4B2Tb,고온,4,136.95,2.5,6.65,13.43,8.79,119.8
TiB2Ca,화합물,3,35.56,2.2,5.49,3.01,2.16,16.58
LuS2Sn2,합금,3,90.64,5.3,6.49,22.78,0.41,2.96
Na2Ge2Pb,합금,3,74.82,2.7,9.13,131.51,6.21,0.11
CeAl2Lu2,화합물,3,51.68,5.8,7.77,39.9,9.59,42.14
La2Pb4,화합물,2,116.31,5.0,4.91,20.99,2.79,14.28
Cu2Dy4,합금,2,56.73,5.3,2.42,14.58,8.51,5.0
Li,원소,1,86.5,3.0,11.82,268.06,0.97,0.0
Pd2Be2Ru,화합물,3,137.97,5.7,6.89,36.83,5.03,11.66
ReF3C,화합물,3,157.29,3.8,4.28,12.34,5.54,11.88
NdLiInRb,화합물,4,31.99,5.9,11.46,1.06,9.68,7.36
S2Rb2Bi4Cr3Ga2Te,고온,6,96.98,2.1,8.1,11.22,3.62,48.25
ErTb,화합물,2,40.52,5.1,3.18,22.91,6.84,7.55
N3Pt3,합금,2,55.1,2.5,8.42,41.29,1.99,1.31
Rb2YSrTl,화합물,4,26.45,2.3,2.16,34.93,13.53,3.15
Al2Rb4Re3,수소화물,3,8.67,5.3,3.37,37.86,9.81,114.61
CoInMgMn2,고온,4,71.34,5.9,7.52,1.37,6.28,74.69
Th2TiLa4Au,고온,4,132.88,4.4,8.88,2.08,13.13,102.99
Sn3EuO2As2,화합물,4,27.73,4.2,11.0,5.85,7.89,16.13
Dy2Bi2Zn2Ge2Hg,고온,5,34.4,2.4,3.54,11.11,4.58,92.73
ErCDy3NiHg2,고온,5,135.7,2.0,4.24,3.0,13.28,124.55
Re2Lu3,화합물,2,110.71,3.7,6.83,32.54,12.29,7.48
Sr2Cu,합금,2,145.17,3.0,3.2,139.92,9.44,0.63
Zn3Mn2,수소화물,2,18.71,2.1,6.73,54.7,8.43,287.88
Cs3NdCo2,화합물,3,14.17,5.4,13.93,32.08,9.89,20.28
O2Pd4,합금,2,73.01,4.4,6.96,73.39,5.4,6.18
Ta2Nd2,합금,2,139.25,3.0,3.07,18.86,5.92,0.0
PGd3,화합물,2,30.92,4.4,11.09,29.11,10.34,5.36
TiGaCeCu2,화합물,4,109.59,2.7,9.64,35.27,2.76,21.15
Os2Zr,합금,2,148.93,4.0,5.55,118.12,3.92,8.44
Rb2SrPTe3Gd2Nb,고온,6,62.63,4.7,4.91,5.41,8.86,151.62
Au3TlGa2Cu3Yb2,고온,5,74.64,3.4,4.48,11.13,11.3,38.56
EuSZn4,화합물,3,146.69,2.2,1.68,44.2,3.83,2.3
Pb2Ni,합금,2,139.73,5.7,9.27,8.42,7.27,13.43
ScNaTb,화합물,3,158.44,3.4,1.77,8.98,12.7,4.19
Dy,원소,1,226.25,4.0,21.24,81.32,7.73,12.57
LiYb3,화합물,2,36.25,3.1,4.06,7.27,10.98,6.05
Se2Zn3,화합물,2,55.1,1.9,9.43,48.46,12.27,4.98
RhIr4Se3GeLi3,고온,5,40.44,1.6,8.37,9.55,8.48,150.38
Ir2ZnZr3,화합물,3,24.08,4.0,11.38,12.35,1.0,8.33
Eu2,원소,1,50.2,1.0,4.0,302.85,3.72,0.0
CCdInEu2,화합물,4,82.27,2.0,12.85,8.2,12.5,15.14
Cr4B2Cs3Te,화합물,4,28.12,3.9,3.38,47.03,5.41,12.16
Ni4V3Cu2SmLa3O,고온,6,119.4,5.5,4.03,4.27,6.35,94.97
Nb2CsTi2P2Ga2,고온,5,69.73,3.1,8.83,9.81,2.83,152.04
MoEr3,합금,2,136.61,1.7,7.95,127.6,7.16,2.36
Na2N4,합금,2,111.84,2.8,15.29,147.6,6.04,10.46
Al3Tb,합금,2,179.72,4.0,7.28,37.12,4.37,7.1
CdRh4Y3LuSm2,고온,5,108.24,4.9,5.72,7.31,13.05,141.3
Gd3,원소,1,194.78,3.0,4.35,343.41,6.21,5.09
Pd2Ga3Yb,합금,3,111.43,3.0,10.06,80.44,1.77,0.2
Pt3P,화합물,2,17.62,1.7,11.65,29.66,0.39,21.31
UMn,합금,2,34.96,3.7,3.28,110.98,8.18,6.91
TiRbSn3,합금,3,107.69,4.9,15.58,106.01,4.54,13.36
Sm3Hg,화합물,2,56.09,3.9,8.61,22.29,6.97,4.67
Tl2GdAl2,합금,3,130.57,4.4,14.5,83.39,1.43,5.23
In4Tm3P3,화합물,3,126.66,5.5,5.29,10.12,12.93,17.18
Co3Sm2Er2,수소화물,3,32.11,4.8,1.94,44.51,7.15,149.56
Cd2Dy2,합금,2,94.65,3.3,3.2,140.51,5.67,4.1
Ba3Zr2Mo3Sn,화합물,4,119.51,3.3,7.07,13.85,13.11,5.41
OP4NGd4Cs2Lu,고온,6,102.11,5.6,6.98,2.12,11.02,148.76
